{
  "type": "FeatureCollection",
  "features": [
    {
      "type": "Feature",
      "geometry": {
        "type": "Point",
        "coordinates": [
          127.00487810861458,
          37.55903820309533
        ]
      },
      "properties": {
        "tls_id": "10299171845",
        "node_id": "10299171845",
        "junction_id": "10299171845",
        "lon": 127.00487810861458,
        "lat": 37.55903820309533,
        "controlled_link_count": 11,
        "program_count": 1,
        "phase_count": 4,
        "inside_analysis_bbox": true
      }
    },
    {
      "type": "Feature",
      "geometry": {
        "type": "Point",
        "coordinates": [
          126.96710629853358,
          37.565875474806866
        ]
      },
      "properties": {
        "tls_id": "10974501535",
        "node_id": "10974501535",
        "junction_id": "10974501535",
        "lon": 126.96710629853358,
        "lat": 37.565875474806866,
        "controlled_link_count": 1,
        "program_count": 1,
        "phase_count": 3,
        "inside_analysis_bbox": true
      }
    },
    {
      "type": "Feature",
      "geometry": {
        "type": "Point",
        "coordinates": [
          126.97671253331248,
          37.55515969302053
        ]
      },
      "properties": {
        "tls_id": "11059693772",
        "node_id": "11059693772",
        "junction_id": "11059693772",
        "lon": 126.97671253331248,
        "lat": 37.55515969302053,
        "controlled_link_count": 1,
        "program_count": 1,
        "phase_count": 3,
        "inside_analysis_bbox": true
      }
    },
    {
      "type": "Feature",
      "geometry": {
        "type": "Point",
        "coordinates": [
          127.02561203975942,
          37.56510845102352
        ]
      },
      "properties": {
        "tls_id": "11125407493",
        "node_id": "11125407493",
        "junction_id": "11125407493",
        "lon": 127.02561203975942,
        "lat": 37.56510845102352,
        "controlled_link_count": 2,
        "program_count": 1,
        "phase_count": 3,
        "inside_analysis_bbox": false
      }
    },
    {
      "type": "Feature",
      "geometry": {
        "type": "Point",
        "coordinates": [
          127.02384815417064,
          37.56517634971527
        ]
      },
      "properties": {
        "tls_id": "11125407497",
        "node_id": "11125407497",
        "junction_id": "11125407497",
        "lon": 127.02384815417064,
        "lat": 37.56517634971527,
        "controlled_link_count": 2,
        "program_count": 1,
        "phase_count": 3,
        "inside_analysis_bbox": true
      }
    },
    {
      "type": "Feature",
      "geometry": {
        "type": "Point",
        "coordinates": [
          127.02568231296367,
          37.56746387828516
        ]
      },
      "properties": {
        "tls_id": "11125409423",
        "node_id": "11125409423",
        "junction_id": "11125409423",
        "lon": 127.02568231296367,
        "lat": 37.56746387828516,
        "controlled_link_count": 1,
        "program_count": 1,
        "phase_count": 3,
        "inside_analysis_bbox": false
      }
    },
    {
      "type": "Feature",
      "geometry": {
        "type": "Point",
        "coordinates": [
          126.97239320244596,
          37.55707940800642
        ]
      },
      "properties": {
        "tls_id": "11139302899",
        "node_id": "11139302899",
        "junction_id": "11139302899",
        "lon": 126.97239320244596,
        "lat": 37.55707940800642,
        "controlled_link_count": 0,
        "program_count": 0,
        "phase_count": 0,
        "inside_analysis_bbox": true
      }
    },
    {
      "type": "Feature",
      "geometry": {
        "type": "Point",
        "coordinates": [
          126.97316607002524,
          37.55671056959695
        ]
      },
      "properties": {
        "tls_id": "11139302904",
        "node_id": "11139302904",
        "junction_id": "11139302904",
        "lon": 126.97316607002524,
        "lat": 37.55671056959695,
        "controlled_link_count": 0,
        "program_count": 0,
        "phase_count": 0,
        "inside_analysis_bbox": true
      }
    },
    {
      "type": "Feature",
      "geometry": {
        "type": "Point",
        "coordinates": [
          126.97337580690092,
          37.5544093217784
        ]
      },
      "properties": {
        "tls_id": "11177412832",
        "node_id": "11177412832",
        "junction_id": "11177412832",
        "lon": 126.97337580690092,
        "lat": 37.5544093217784,
        "controlled_link_count": 0,
        "program_count": 0,
        "phase_count": 0,
        "inside_analysis_bbox": true
      }
    },
    {
      "type": "Feature",
      "geometry": {
        "type": "Point",
        "coordinates": [
          126.97337208764313,
          37.55417890809913
        ]
      },
      "properties": {
        "tls_id": "11178710193",
        "node_id": "11178710193",
        "junction_id": "11178710193",
        "lon": 126.97337208764313,
        "lat": 37.55417890809913,
        "controlled_link_count": 1,
        "program_count": 1,
        "phase_count": 3,
        "inside_analysis_bbox": true
      }
    },
    {
      "type": "Feature",
      "geometry": {
        "type": "Point",
        "coordinates": [
          126.97263317815901,
          37.55490385975861
        ]
      },
      "properties": {
        "tls_id": "11178710195",
        "node_id": "11178710195",
        "junction_id": "11178710195",
        "lon": 126.97263317815901,
        "lat": 37.55490385975861,
        "controlled_link_count": 1,
        "program_count": 1,
        "phase_count": 3,
        "inside_analysis_bbox": true
      }
    },
    {
      "type": "Feature",
      "geometry": {
        "type": "Point",
        "coordinates": [
          126.97255866642875,
          37.554650060216105
        ]
      },
      "properties": {
        "tls_id": "11178710196",
        "node_id": "11178710196",
        "junction_id": "11178710196",
        "lon": 126.97255866642875,
        "lat": 37.554650060216105,
        "controlled_link_count": 0,
        "program_count": 0,
        "phase_count": 0,
        "inside_analysis_bbox": true
      }
    },
    {
      "type": "Feature",
      "geometry": {
        "type": "Point",
        "coordinates": [
          126.97263776232607,
          37.55465952982657
        ]
      },
      "properties": {
        "tls_id": "11178710197",
        "node_id": "11178710197",
        "junction_id": "11178710197",
        "lon": 126.97263776232607,
        "lat": 37.55465952982657,
        "controlled_link_count": 1,
        "program_count": 1,
        "phase_count": 3,
        "inside_analysis_bbox": true
      }
    },
    {
      "type": "Feature",
      "geometry": {
        "type": "Point",
        "coordinates": [
          126.97270619041174,
          37.55490808791518
        ]
      },
      "properties": {
        "tls_id": "11178710199",
        "node_id": "11178710199",
        "junction_id": "11178710199",
        "lon": 126.97270619041174,
        "lat": 37.55490808791518,
        "controlled_link_count": 1,
        "program_count": 1,
        "phase_count": 3,
        "inside_analysis_bbox": true
      }
    },
    {
      "type": "Feature",
      "geometry": {
        "type": "Point",
        "coordinates": [
          126.97293197359464,
          37.55575793360187
        ]
      },
      "properties": {
        "tls_id": "11178710200",
        "node_id": "11178710200",
        "junction_id": "11178710200",
        "lon": 126.97293197359464,
        "lat": 37.55575793360187,
        "controlled_link_count": 1,
        "program_count": 1,
        "phase_count": 3,
        "inside_analysis_bbox": true
      }
    },
    {
      "type": "Feature",
      "geometry": {
        "type": "Point",
        "coordinates": [
          126.97259177411811,
          37.5571958312449
        ]
      },
      "properties": {
        "tls_id": "11178710208",
        "node_id": "11178710208",
        "junction_id": "11178710208",
        "lon": 126.97259177411811,
        "lat": 37.5571958312449,
        "controlled_link_count": 0,
        "program_count": 0,
        "phase_count": 0,
        "inside_analysis_bbox": true
      }
    },
    {
      "type": "Feature",
      "geometry": {
        "type": "Point",
        "coordinates": [
          126.97705800343824,
          37.570047140618094
        ]
      },
      "properties": {
        "tls_id": "11197929742",
        "node_id": "11197929742",
        "junction_id": "11197929742",
        "lon": 126.97705800343824,
        "lat": 37.570047140618094,
        "controlled_link_count": 0,
        "program_count": 0,
        "phase_count": 0,
        "inside_analysis_bbox": true
      }
    },
    {
      "type": "Feature",
      "geometry": {
        "type": "Point",
        "coordinates": [
          126.97720831024122,
          37.570049086311805
        ]
      },
      "properties": {
        "tls_id": "11197929743",
        "node_id": "11197929743",
        "junction_id": "11197929743",
        "lon": 126.97720831024122,
        "lat": 37.570049086311805,
        "controlled_link_count": 0,
        "program_count": 0,
        "phase_count": 0,
        "inside_analysis_bbox": true
      }
    },
    {
      "type": "Feature",
      "geometry": {
        "type": "Point",
        "coordinates": [
          126.97735912008586,
          37.57014125161357
        ]
      },
      "properties": {
        "tls_id": "11197929744",
        "node_id": "11197929744",
        "junction_id": "11197929744",
        "lon": 126.97735912008586,
        "lat": 37.57014125161357,
        "controlled_link_count": 0,
        "program_count": 0,
        "phase_count": 0,
        "inside_analysis_bbox": true
      }
    },
    {
      "type": "Feature",
      "geometry": {
        "type": "Point",
        "coordinates": [
          126.97737122562033,
          37.57027970480008
        ]
      },
      "properties": {
        "tls_id": "11197929745",
        "node_id": "11197929745",
        "junction_id": "11197929745",
        "lon": 126.97737122562033,
        "lat": 37.57027970480008,
        "controlled_link_count": 0,
        "program_count": 0,
        "phase_count": 0,
        "inside_analysis_bbox": true
      }
    },
    {
      "type": "Feature",
      "geometry": {
        "type": "Point",
        "coordinates": [
          126.97725366798831,
          37.570485959565
        ]
      },
      "properties": {
        "tls_id": "11197929746",
        "node_id": "11197929746",
        "junction_id": "11197929746",
        "lon": 126.97725366798831,
        "lat": 37.570485959565,
        "controlled_link_count": 0,
        "program_count": 0,
        "phase_count": 0,
        "inside_analysis_bbox": true
      }
    },
    {
      "type": "Feature",
      "geometry": {
        "type": "Point",
        "coordinates": [
          126.97709451454894,
          37.5704887288042
        ]
      },
      "properties": {
        "tls_id": "11197929747",
        "node_id": "11197929747",
        "junction_id": "11197929747",
        "lon": 126.97709451454894,
        "lat": 37.5704887288042,
        "controlled_link_count": 0,
        "program_count": 0,
        "phase_count": 0,
        "inside_analysis_bbox": true
      }
    },
    {
      "type": "Feature",
      "geometry": {
        "type": "Point",
        "coordinates": [
          126.976838525216,
          37.570279224787754
        ]
      },
      "properties": {
        "tls_id": "11197929748",
        "node_id": "11197929748",
        "junction_id": "11197929748",
        "lon": 126.976838525216,
        "lat": 37.570279224787754,
        "controlled_link_count": 0,
        "program_count": 0,
        "phase_count": 0,
        "inside_analysis_bbox": true
      }
    },
    {
      "type": "Feature",
      "geometry": {
        "type": "Point",
        "coordinates": [
          126.9768396594913,
          37.57013270741094
        ]
      },
      "properties": {
        "tls_id": "11197929749",
        "node_id": "11197929749",
        "junction_id": "11197929749",
        "lon": 126.9768396594913,
        "lat": 37.57013270741094,
        "controlled_link_count": 0,
        "program_count": 0,
        "phase_count": 0,
        "inside_analysis_bbox": true
      }
    },
    {
      "type": "Feature",
      "geometry": {
        "type": "Point",
        "coordinates": [
          126.97705426350238,
          37.569997059321665
        ]
      },
      "properties": {
        "tls_id": "11197929750",
        "node_id": "11197929750",
        "junction_id": "11197929750",
        "lon": 126.97705426350238,
        "lat": 37.569997059321665,
        "controlled_link_count": 0,
        "program_count": 0,
        "phase_count": 0,
        "inside_analysis_bbox": true
      }
    },
    {
      "type": "Feature",
      "geometry": {
        "type": "Point",
        "coordinates": [
          126.97720865300809,
          37.56999456894879
        ]
      },
      "properties": {
        "tls_id": "11197929751",
        "node_id": "11197929751",
        "junction_id": "11197929751",
        "lon": 126.97720865300809,
        "lat": 37.56999456894879,
        "controlled_link_count": 0,
        "program_count": 0,
        "phase_count": 0,
        "inside_analysis_bbox": true
      }
    },
    {
      "type": "Feature",
      "geometry": {
        "type": "Point",
        "coordinates": [
          126.977302985259,
          37.5701403795716
        ]
      },
      "properties": {
        "tls_id": "11197929752",
        "node_id": "11197929752",
        "junction_id": "11197929752",
        "lon": 126.977302985259,
        "lat": 37.5701403795716,
        "controlled_link_count": 0,
        "program_count": 0,
        "phase_count": 0,
        "inside_analysis_bbox": true
      }
    },
    {
      "type": "Feature",
      "geometry": {
        "type": "Point",
        "coordinates": [
          126.97730735367583,
          37.57028023220323
        ]
      },
      "properties": {
        "tls_id": "11197929753",
        "node_id": "11197929753",
        "junction_id": "11197929753",
        "lon": 126.97730735367583,
        "lat": 37.57028023220323,
        "controlled_link_count": 0,
        "program_count": 0,
        "phase_count": 0,
        "inside_analysis_bbox": true
      }
    },
    {
      "type": "Feature",
      "geometry": {
        "type": "Point",
        "coordinates": [
          126.98321133210611,
          37.57551079410808
        ]
      },
      "properties": {
        "tls_id": "11197972368",
        "node_id": "11197972368",
        "junction_id": "11197972368",
        "lon": 126.98321133210611,
        "lat": 37.57551079410808,
        "controlled_link_count": 0,
        "program_count": 0,
        "phase_count": 0,
        "inside_analysis_bbox": true
      }
    },
    {
      "type": "Feature",
      "geometry": {
        "type": "Point",
        "coordinates": [
          126.98277876163871,
          37.57549087334604
        ]
      },
      "properties": {
        "tls_id": "11197972373",
        "node_id": "11197972373",
        "junction_id": "11197972373",
        "lon": 126.98277876163871,
        "lat": 37.57549087334604,
        "controlled_link_count": 0,
        "program_count": 0,
        "phase_count": 0,
        "inside_analysis_bbox": true
      }
    },
    {
      "type": "Feature",
      "geometry": {
        "type": "Point",
        "coordinates": [
          126.98310212098949,
          37.57027108909939
        ]
      },
      "properties": {
        "tls_id": "11198015026",
        "node_id": "11198015026",
        "junction_id": "11198015026",
        "lon": 126.98310212098949,
        "lat": 37.57027108909939,
        "controlled_link_count": 0,
        "program_count": 0,
        "phase_count": 0,
        "inside_analysis_bbox": true
      }
    },
    {
      "type": "Feature",
      "geometry": {
        "type": "Point",
        "coordinates": [
          126.98307281225527,
          37.57015298008804
        ]
      },
      "properties": {
        "tls_id": "11198015027",
        "node_id": "11198015027",
        "junction_id": "11198015027",
        "lon": 126.98307281225527,
        "lat": 37.57015298008804,
        "controlled_link_count": 0,
        "program_count": 0,
        "phase_count": 0,
        "inside_analysis_bbox": true
      }
    },
    {
      "type": "Feature",
      "geometry": {
        "type": "Point",
        "coordinates": [
          126.9828379943511,
          37.57027865077026
        ]
      },
      "properties": {
        "tls_id": "11198015028",
        "node_id": "11198015028",
        "junction_id": "11198015028",
        "lon": 126.9828379943511,
        "lat": 37.57027865077026,
        "controlled_link_count": 0,
        "program_count": 0,
        "phase_count": 0,
        "inside_analysis_bbox": true
      }
    },
    {
      "type": "Feature",
      "geometry": {
        "type": "Point",
        "coordinates": [
          126.98283030964281,
          37.57014802401011
        ]
      },
      "properties": {
        "tls_id": "11198015029",
        "node_id": "11198015029",
        "junction_id": "11198015029",
        "lon": 126.98283030964281,
        "lat": 37.57014802401011,
        "controlled_link_count": 0,
        "program_count": 0,
        "phase_count": 0,
        "inside_analysis_bbox": true
      }
    },
    {
      "type": "Feature",
      "geometry": {
        "type": "Point",
        "coordinates": [
          126.97718495517802,
          37.574933605844414
        ]
      },
      "properties": {
        "tls_id": "11202819041",
        "node_id": "11202819041",
        "junction_id": "11202819041",
        "lon": 126.97718495517802,
        "lat": 37.574933605844414,
        "controlled_link_count": 0,
        "program_count": 0,
        "phase_count": 0,
        "inside_analysis_bbox": true
      }
    },
    {
      "type": "Feature",
      "geometry": {
        "type": "Point",
        "coordinates": [
          126.97707820697089,
          37.57493258698525
        ]
      },
      "properties": {
        "tls_id": "11202819042",
        "node_id": "11202819042",
        "junction_id": "11202819042",
        "lon": 126.97707820697089,
        "lat": 37.57493258698525,
        "controlled_link_count": 0,
        "program_count": 0,
        "phase_count": 0,
        "inside_analysis_bbox": true
      }
    },
    {
      "type": "Feature",
      "geometry": {
        "type": "Point",
        "coordinates": [
          126.97677285064904,
          37.57514084843865
        ]
      },
      "properties": {
        "tls_id": "11202819043",
        "node_id": "11202819043",
        "junction_id": "11202819043",
        "lon": 126.97677285064904,
        "lat": 37.57514084843865,
        "controlled_link_count": 0,
        "program_count": 0,
        "phase_count": 0,
        "inside_analysis_bbox": true
      }
    },
    {
      "type": "Feature",
      "geometry": {
        "type": "Point",
        "coordinates": [
          126.97678110615934,
          37.57525418193579
        ]
      },
      "properties": {
        "tls_id": "11202819044",
        "node_id": "11202819044",
        "junction_id": "11202819044",
        "lon": 126.97678110615934,
        "lat": 37.57525418193579,
        "controlled_link_count": 0,
        "program_count": 0,
        "phase_count": 0,
        "inside_analysis_bbox": true
      }
    },
    {
      "type": "Feature",
      "geometry": {
        "type": "Point",
        "coordinates": [
          126.9771777056741,
          37.57511363342638
        ]
      },
      "properties": {
        "tls_id": "11202819045",
        "node_id": "11202819045",
        "junction_id": "11202819045",
        "lon": 126.9771777056741,
        "lat": 37.57511363342638,
        "controlled_link_count": 0,
        "program_count": 0,
        "phase_count": 0,
        "inside_analysis_bbox": true
      }
    },
    {
      "type": "Feature",
      "geometry": {
        "type": "Point",
        "coordinates": [
          126.97673256144469,
          37.57514844877396
        ]
      },
      "properties": {
        "tls_id": "11202819046",
        "node_id": "11202819046",
        "junction_id": "11202819046",
        "lon": 126.97673256144469,
        "lat": 37.57514844877396,
        "controlled_link_count": 0,
        "program_count": 0,
        "phase_count": 0,
        "inside_analysis_bbox": true
      }
    },
    {
      "type": "Feature",
      "geometry": {
        "type": "Point",
        "coordinates": [
          126.9797126656316,
          37.57592777615615
        ]
      },
      "properties": {
        "tls_id": "11202894930",
        "node_id": "11202894930",
        "junction_id": "11202894930",
        "lon": 126.9797126656316,
        "lat": 37.57592777615615,
        "controlled_link_count": 0,
        "program_count": 0,
        "phase_count": 0,
        "inside_analysis_bbox": true
      }
    },
    {
      "type": "Feature",
      "geometry": {
        "type": "Point",
        "coordinates": [
          126.97970497777726,
          37.575793274102544
        ]
      },
      "properties": {
        "tls_id": "11202894931",
        "node_id": "11202894931",
        "junction_id": "11202894931",
        "lon": 126.97970497777726,
        "lat": 37.575793274102544,
        "controlled_link_count": 0,
        "program_count": 0,
        "phase_count": 0,
        "inside_analysis_bbox": true
      }
    },
    {
      "type": "Feature",
      "geometry": {
        "type": "Point",
        "coordinates": [
          126.97959881251923,
          37.57590888408088
        ]
      },
      "properties": {
        "tls_id": "11202894933",
        "node_id": "11202894933",
        "junction_id": "11202894933",
        "lon": 126.97959881251923,
        "lat": 37.57590888408088,
        "controlled_link_count": 0,
        "program_count": 0,
        "phase_count": 0,
        "inside_analysis_bbox": true
      }
    },
    {
      "type": "Feature",
      "geometry": {
        "type": "Point",
        "coordinates": [
          126.97955380801099,
          37.57597363148425
        ]
      },
      "properties": {
        "tls_id": "11202894934",
        "node_id": "11202894934",
        "junction_id": "11202894934",
        "lon": 126.97955380801099,
        "lat": 37.57597363148425,
        "controlled_link_count": 0,
        "program_count": 0,
        "phase_count": 0,
        "inside_analysis_bbox": true
      }
    },
    {
      "type": "Feature",
      "geometry": {
        "type": "Point",
        "coordinates": [
          126.97960068914608,
          37.57576823731305
        ]
      },
      "properties": {
        "tls_id": "11202894935",
        "node_id": "11202894935",
        "junction_id": "11202894935",
        "lon": 126.97960068914608,
        "lat": 37.57576823731305,
        "controlled_link_count": 0,
        "program_count": 0,
        "phase_count": 0,
        "inside_analysis_bbox": true
      }
    },
    {
      "type": "Feature",
      "geometry": {
        "type": "Point",
        "coordinates": [
          126.96926945680437,
          37.57580673450479
        ]
      },
      "properties": {
        "tls_id": "11202908600",
        "node_id": "11202908600",
        "junction_id": "11202908600",
        "lon": 126.96926945680437,
        "lat": 37.57580673450479,
        "controlled_link_count": 0,
        "program_count": 0,
        "phase_count": 0,
        "inside_analysis_bbox": true
      }
    },
    {
      "type": "Feature",
      "geometry": {
        "type": "Point",
        "coordinates": [
          126.97467444357613,
          37.57565999607623
        ]
      },
      "properties": {
        "tls_id": "11202943790",
        "node_id": "11202943790",
        "junction_id": "11202943790",
        "lon": 126.97467444357613,
        "lat": 37.57565999607623,
        "controlled_link_count": 3,
        "program_count": 1,
        "phase_count": 3,
        "inside_analysis_bbox": true
      }
    },
    {
      "type": "Feature",
      "geometry": {
        "type": "Point",
        "coordinates": [
          126.98239710559231,
          37.56039689501259
        ]
      },
      "properties": {
        "tls_id": "11203052957",
        "node_id": "11203052957",
        "junction_id": "11203052957",
        "lon": 126.98239710559231,
        "lat": 37.56039689501259,
        "controlled_link_count": 0,
        "program_count": 0,
        "phase_count": 0,
        "inside_analysis_bbox": true
      }
    },
    {
      "type": "Feature",
      "geometry": {
        "type": "Point",
        "coordinates": [
          126.98895560702981,
          37.56146123739034
        ]
      },
      "properties": {
        "tls_id": "11203059755",
        "node_id": "11203059755",
        "junction_id": "11203059755",
        "lon": 126.98895560702981,
        "lat": 37.56146123739034,
        "controlled_link_count": 2,
        "program_count": 1,
        "phase_count": 3,
        "inside_analysis_bbox": true
      }
    },
    {
      "type": "Feature",
      "geometry": {
        "type": "Point",
        "coordinates": [
          126.98906860015369,
          37.56146929102096
        ]
      },
      "properties": {
        "tls_id": "11203059756",
        "node_id": "11203059756",
        "junction_id": "11203059756",
        "lon": 126.98906860015369,
        "lat": 37.56146929102096,
        "controlled_link_count": 2,
        "program_count": 1,
        "phase_count": 3,
        "inside_analysis_bbox": true
      }
    },
    {
      "type": "Feature",
      "geometry": {
        "type": "Point",
        "coordinates": [
          126.98915098176676,
          37.56109164434715
        ]
      },
      "properties": {
        "tls_id": "11203059757",
        "node_id": "11203059757",
        "junction_id": "11203059757",
        "lon": 126.98915098176676,
        "lat": 37.56109164434715,
        "controlled_link_count": 2,
        "program_count": 1,
        "phase_count": 3,
        "inside_analysis_bbox": true
      }
    },
    {
      "type": "Feature",
      "geometry": {
        "type": "Point",
        "coordinates": [
          126.98750011584578,
          37.56640679553234
        ]
      },
      "properties": {
        "tls_id": "11203083989",
        "node_id": "11203083989",
        "junction_id": "11203083989",
        "lon": 126.98750011584578,
        "lat": 37.56640679553234,
        "controlled_link_count": 0,
        "program_count": 0,
        "phase_count": 0,
        "inside_analysis_bbox": true
      }
    },
    {
      "type": "Feature",
      "geometry": {
        "type": "Point",
        "coordinates": [
          126.98767460932588,
          37.566410041472025
        ]
      },
      "properties": {
        "tls_id": "11203083990",
        "node_id": "11203083990",
        "junction_id": "11203083990",
        "lon": 126.98767460932588,
        "lat": 37.566410041472025,
        "controlled_link_count": 0,
        "program_count": 0,
        "phase_count": 0,
        "inside_analysis_bbox": true
      }
    },
    {
      "type": "Feature",
      "geometry": {
        "type": "Point",
        "coordinates": [
          126.98723212482483,
          37.566205129901924
        ]
      },
      "properties": {
        "tls_id": "11203083991",
        "node_id": "11203083991",
        "junction_id": "11203083991",
        "lon": 126.98723212482483,
        "lat": 37.566205129901924,
        "controlled_link_count": 0,
        "program_count": 0,
        "phase_count": 0,
        "inside_analysis_bbox": true
      }
    },
    {
      "type": "Feature",
      "geometry": {
        "type": "Point",
        "coordinates": [
          126.98723772692553,
          37.56606851151118
        ]
      },
      "properties": {
        "tls_id": "11203083992",
        "node_id": "11203083992",
        "junction_id": "11203083992",
        "lon": 126.98723772692553,
        "lat": 37.56606851151118,
        "controlled_link_count": 0,
        "program_count": 0,
        "phase_count": 0,
        "inside_analysis_bbox": true
      }
    },
    {
      "type": "Feature",
      "geometry": {
        "type": "Point",
        "coordinates": [
          126.97135195064892,
          37.55935464679739
        ]
      },
      "properties": {
        "tls_id": "11209914859",
        "node_id": "11209914859",
        "junction_id": "11209914859",
        "lon": 126.97135195064892,
        "lat": 37.55935464679739,
        "controlled_link_count": 0,
        "program_count": 0,
        "phase_count": 0,
        "inside_analysis_bbox": true
      }
    },
    {
      "type": "Feature",
      "geometry": {
        "type": "Point",
        "coordinates": [
          126.96903497503806,
          37.5573362785172
        ]
      },
      "properties": {
        "tls_id": "11225407063",
        "node_id": "11225407063",
        "junction_id": "11225407063",
        "lon": 126.96903497503806,
        "lat": 37.5573362785172,
        "controlled_link_count": 2,
        "program_count": 1,
        "phase_count": 3,
        "inside_analysis_bbox": true
      }
    },
    {
      "type": "Feature",
      "geometry": {
        "type": "Point",
        "coordinates": [
          126.96008005791663,
          37.572276634023225
        ]
      },
      "properties": {
        "tls_id": "11252413240",
        "node_id": "11252413240",
        "junction_id": "11252413240",
        "lon": 126.96008005791663,
        "lat": 37.572276634023225,
        "controlled_link_count": 8,
        "program_count": 1,
        "phase_count": 3,
        "inside_analysis_bbox": false
      }
    },
    {
      "type": "Feature",
      "geometry": {
        "type": "Point",
        "coordinates": [
          126.96626283032239,
          37.56637949793268
        ]
      },
      "properties": {
        "tls_id": "11252413276",
        "node_id": "11252413276",
        "junction_id": "11252413276",
        "lon": 126.96626283032239,
        "lat": 37.56637949793268,
        "controlled_link_count": 2,
        "program_count": 1,
        "phase_count": 3,
        "inside_analysis_bbox": true
      }
    },
    {
      "type": "Feature",
      "geometry": {
        "type": "Point",
        "coordinates": [
          126.96617574406663,
          37.56633870436782
        ]
      },
      "properties": {
        "tls_id": "11257338976",
        "node_id": "11257338976",
        "junction_id": "11257338976",
        "lon": 126.96617574406663,
        "lat": 37.56633870436782,
        "controlled_link_count": 1,
        "program_count": 1,
        "phase_count": 3,
        "inside_analysis_bbox": true
      }
    },
    {
      "type": "Feature",
      "geometry": {
        "type": "Point",
        "coordinates": [
          126.97108833847635,
          37.56977225304945
        ]
      },
      "properties": {
        "tls_id": "11270477003",
        "node_id": "11270477003",
        "junction_id": "11270477003",
        "lon": 126.97108833847635,
        "lat": 37.56977225304945,
        "controlled_link_count": 7,
        "program_count": 1,
        "phase_count": 4,
        "inside_analysis_bbox": true
      }
    },
    {
      "type": "Feature",
      "geometry": {
        "type": "Point",
        "coordinates": [
          126.98551076954514,
          37.546482980124885
        ]
      },
      "properties": {
        "tls_id": "11271477720",
        "node_id": "11271477720",
        "junction_id": "11271477720",
        "lon": 126.98551076954514,
        "lat": 37.546482980124885,
        "controlled_link_count": 0,
        "program_count": 0,
        "phase_count": 0,
        "inside_analysis_bbox": true
      }
    },
    {
      "type": "Feature",
      "geometry": {
        "type": "Point",
        "coordinates": [
          126.99344521650752,
          37.56102468508188
        ]
      },
      "properties": {
        "tls_id": "11346754524",
        "node_id": "11346754524",
        "junction_id": "11346754524",
        "lon": 126.99344521650752,
        "lat": 37.56102468508188,
        "controlled_link_count": 0,
        "program_count": 0,
        "phase_count": 0,
        "inside_analysis_bbox": true
      }
    },
    {
      "type": "Feature",
      "geometry": {
        "type": "Point",
        "coordinates": [
          126.99332155117938,
          37.560823684495475
        ]
      },
      "properties": {
        "tls_id": "11346754527",
        "node_id": "11346754527",
        "junction_id": "11346754527",
        "lon": 126.99332155117938,
        "lat": 37.560823684495475,
        "controlled_link_count": 0,
        "program_count": 0,
        "phase_count": 0,
        "inside_analysis_bbox": true
      }
    },
    {
      "type": "Feature",
      "geometry": {
        "type": "Point",
        "coordinates": [
          126.96024996089392,
          37.5720875236043
        ]
      },
      "properties": {
        "tls_id": "1149547145",
        "node_id": "1149547145",
        "junction_id": "1149547145",
        "lon": 126.96024996089392,
        "lat": 37.5720875236043,
        "controlled_link_count": 8,
        "program_count": 1,
        "phase_count": 3,
        "inside_analysis_bbox": false
      }
    },
    {
      "type": "Feature",
      "geometry": {
        "type": "Point",
        "coordinates": [
          127.01223692505928,
          37.572013264909906
        ]
      },
      "properties": {
        "tls_id": "12234274233",
        "node_id": "12234274233",
        "junction_id": "12234274233",
        "lon": 127.01223692505928,
        "lat": 37.572013264909906,
        "controlled_link_count": 1,
        "program_count": 1,
        "phase_count": 3,
        "inside_analysis_bbox": true
      }
    },
    {
      "type": "Feature",
      "geometry": {
        "type": "Point",
        "coordinates": [
          127.0067054933492,
          37.54778800683275
        ]
      },
      "properties": {
        "tls_id": "12857535999",
        "node_id": "12857535999",
        "junction_id": "12857535999",
        "lon": 127.0067054933492,
        "lat": 37.54778800683275,
        "controlled_link_count": 2,
        "program_count": 1,
        "phase_count": 3,
        "inside_analysis_bbox": true
      }
    },
    {
      "type": "Feature",
      "geometry": {
        "type": "Point",
        "coordinates": [
          127.01563057730402,
          37.573257371504816
        ]
      },
      "properties": {
        "tls_id": "13199890300",
        "node_id": "13199890300",
        "junction_id": "13199890300",
        "lon": 127.01563057730402,
        "lat": 37.573257371504816,
        "controlled_link_count": 0,
        "program_count": 0,
        "phase_count": 0,
        "inside_analysis_bbox": true
      }
    },
    {
      "type": "Feature",
      "geometry": {
        "type": "Point",
        "coordinates": [
          127.01580506098473,
          37.573146481939894
        ]
      },
      "properties": {
        "tls_id": "13199967202",
        "node_id": "13199967202",
        "junction_id": "13199967202",
        "lon": 127.01580506098473,
        "lat": 37.573146481939894,
        "controlled_link_count": 0,
        "program_count": 0,
        "phase_count": 0,
        "inside_analysis_bbox": true
      }
    },
    {
      "type": "Feature",
      "geometry": {
        "type": "Point",
        "coordinates": [
          127.01586800716997,
          37.5730102851822
        ]
      },
      "properties": {
        "tls_id": "13199967203",
        "node_id": "13199967203",
        "junction_id": "13199967203",
        "lon": 127.01586800716997,
        "lat": 37.5730102851822,
        "controlled_link_count": 0,
        "program_count": 0,
        "phase_count": 0,
        "inside_analysis_bbox": true
      }
    },
    {
      "type": "Feature",
      "geometry": {
        "type": "Point",
        "coordinates": [
          127.01547817516645,
          37.572903244430606
        ]
      },
      "properties": {
        "tls_id": "13199967208",
        "node_id": "13199967208",
        "junction_id": "13199967208",
        "lon": 127.01547817516645,
        "lat": 37.572903244430606,
        "controlled_link_count": 0,
        "program_count": 0,
        "phase_count": 0,
        "inside_analysis_bbox": true
      }
    },
    {
      "type": "Feature",
      "geometry": {
        "type": "Point",
        "coordinates": [
          127.01541261495652,
          37.57303552178623
        ]
      },
      "properties": {
        "tls_id": "13199967209",
        "node_id": "13199967209",
        "junction_id": "13199967209",
        "lon": 127.01541261495652,
        "lat": 37.57303552178623,
        "controlled_link_count": 0,
        "program_count": 0,
        "phase_count": 0,
        "inside_analysis_bbox": true
      }
    },
    {
      "type": "Feature",
      "geometry": {
        "type": "Point",
        "coordinates": [
          127.01732990940242,
          37.5733980462715
        ]
      },
      "properties": {
        "tls_id": "13199967250",
        "node_id": "13199967250",
        "junction_id": "13199967250",
        "lon": 127.01732990940242,
        "lat": 37.5733980462715,
        "controlled_link_count": 3,
        "program_count": 1,
        "phase_count": 3,
        "inside_analysis_bbox": true
      }
    },
    {
      "type": "Feature",
      "geometry": {
        "type": "Point",
        "coordinates": [
          127.01729075472096,
          37.57351247366451
        ]
      },
      "properties": {
        "tls_id": "13199967251",
        "node_id": "13199967251",
        "junction_id": "13199967251",
        "lon": 127.01729075472096,
        "lat": 37.57351247366451,
        "controlled_link_count": 3,
        "program_count": 1,
        "phase_count": 3,
        "inside_analysis_bbox": true
      }
    },
    {
      "type": "Feature",
      "geometry": {
        "type": "Point",
        "coordinates": [
          127.01925980999225,
          37.57418720677513
        ]
      },
      "properties": {
        "tls_id": "13199967256",
        "node_id": "13199967256",
        "junction_id": "13199967256",
        "lon": 127.01925980999225,
        "lat": 37.57418720677513,
        "controlled_link_count": 3,
        "program_count": 1,
        "phase_count": 3,
        "inside_analysis_bbox": true
      }
    },
    {
      "type": "Feature",
      "geometry": {
        "type": "Point",
        "coordinates": [
          127.01933177875344,
          37.57403079208971
        ]
      },
      "properties": {
        "tls_id": "13199967257",
        "node_id": "13199967257",
        "junction_id": "13199967257",
        "lon": 127.01933177875344,
        "lat": 37.57403079208971,
        "controlled_link_count": 0,
        "program_count": 0,
        "phase_count": 0,
        "inside_analysis_bbox": true
      }
    },
    {
      "type": "Feature",
      "geometry": {
        "type": "Point",
        "coordinates": [
          127.01930222441078,
          37.57409067749943
        ]
      },
      "properties": {
        "tls_id": "13199967260",
        "node_id": "13199967260",
        "junction_id": "13199967260",
        "lon": 127.01930222441078,
        "lat": 37.57409067749943,
        "controlled_link_count": 1,
        "program_count": 1,
        "phase_count": 3,
        "inside_analysis_bbox": true
      }
    },
    {
      "type": "Feature",
      "geometry": {
        "type": "Point",
        "coordinates": [
          127.0187769552861,
          37.573911169461034
        ]
      },
      "properties": {
        "tls_id": "13199967262",
        "node_id": "13199967262",
        "junction_id": "13199967262",
        "lon": 127.0187769552861,
        "lat": 37.573911169461034,
        "controlled_link_count": 1,
        "program_count": 1,
        "phase_count": 3,
        "inside_analysis_bbox": true
      }
    },
    {
      "type": "Feature",
      "geometry": {
        "type": "Point",
        "coordinates": [
          127.02134028561444,
          37.57487179647908
        ]
      },
      "properties": {
        "tls_id": "13199967263",
        "node_id": "13199967263",
        "junction_id": "13199967263",
        "lon": 127.02134028561444,
        "lat": 37.57487179647908,
        "controlled_link_count": 0,
        "program_count": 0,
        "phase_count": 0,
        "inside_analysis_bbox": true
      }
    },
    {
      "type": "Feature",
      "geometry": {
        "type": "Point",
        "coordinates": [
          127.02339181237642,
          37.57138963050598
        ]
      },
      "properties": {
        "tls_id": "13202101917",
        "node_id": "13202101917",
        "junction_id": "13202101917",
        "lon": 127.02339181237642,
        "lat": 37.57138963050598,
        "controlled_link_count": 0,
        "program_count": 0,
        "phase_count": 0,
        "inside_analysis_bbox": true
      }
    },
    {
      "type": "Feature",
      "geometry": {
        "type": "Point",
        "coordinates": [
          127.01564343512669,
          37.57000870474712
        ]
      },
      "properties": {
        "tls_id": "13204036884",
        "node_id": "13204036884",
        "junction_id": "13204036884",
        "lon": 127.01564343512669,
        "lat": 37.57000870474712,
        "controlled_link_count": 0,
        "program_count": 0,
        "phase_count": 0,
        "inside_analysis_bbox": true
      }
    },
    {
      "type": "Feature",
      "geometry": {
        "type": "Point",
        "coordinates": [
          127.01567734787031,
          37.56961400163291
        ]
      },
      "properties": {
        "tls_id": "13204036887",
        "node_id": "13204036887",
        "junction_id": "13204036887",
        "lon": 127.01567734787031,
        "lat": 37.56961400163291,
        "controlled_link_count": 0,
        "program_count": 0,
        "phase_count": 0,
        "inside_analysis_bbox": true
      }
    },
    {
      "type": "Feature",
      "geometry": {
        "type": "Point",
        "coordinates": [
          127.01219710955196,
          37.57210118369228
        ]
      },
      "properties": {
        "tls_id": "13204084924",
        "node_id": "13204084924",
        "junction_id": "13204084924",
        "lon": 127.01219710955196,
        "lat": 37.57210118369228,
        "controlled_link_count": 2,
        "program_count": 1,
        "phase_count": 3,
        "inside_analysis_bbox": true
      }
    },
    {
      "type": "Feature",
      "geometry": {
        "type": "Point",
        "coordinates": [
          126.98945858625547,
          37.570384244314994
        ]
      },
      "properties": {
        "tls_id": "1326151571",
        "node_id": "1326151571",
        "junction_id": "1326151571",
        "lon": 126.98945858625547,
        "lat": 37.570384244314994,
        "controlled_link_count": 0,
        "program_count": 0,
        "phase_count": 0,
        "inside_analysis_bbox": true
      }
    },
    {
      "type": "Feature",
      "geometry": {
        "type": "Point",
        "coordinates": [
          127.00276375228482,
          37.5611071400007
        ]
      },
      "properties": {
        "tls_id": "1327210743",
        "node_id": "1327210743",
        "junction_id": "1327210743",
        "lon": 127.00276375228482,
        "lat": 37.5611071400007,
        "controlled_link_count": 11,
        "program_count": 1,
        "phase_count": 4,
        "inside_analysis_bbox": true
      }
    },
    {
      "type": "Feature",
      "geometry": {
        "type": "Point",
        "coordinates": [
          126.98107857128055,
          37.552184753896164
        ]
      },
      "properties": {
        "tls_id": "13339947044",
        "node_id": "13339947044",
        "junction_id": "13339947044",
        "lon": 126.98107857128055,
        "lat": 37.552184753896164,
        "controlled_link_count": 4,
        "program_count": 1,
        "phase_count": 3,
        "inside_analysis_bbox": true
      }
    },
    {
      "type": "Feature",
      "geometry": {
        "type": "Point",
        "coordinates": [
          126.98107836375546,
          37.552205027650025
        ]
      },
      "properties": {
        "tls_id": "13339947045",
        "node_id": "13339947045",
        "junction_id": "13339947045",
        "lon": 126.98107836375546,
        "lat": 37.552205027650025,
        "controlled_link_count": 4,
        "program_count": 1,
        "phase_count": 3,
        "inside_analysis_bbox": true
      }
    },
    {
      "type": "Feature",
      "geometry": {
        "type": "Point",
        "coordinates": [
          126.98437393611368,
          37.54823878471046
        ]
      },
      "properties": {
        "tls_id": "13339947071",
        "node_id": "13339947071",
        "junction_id": "13339947071",
        "lon": 126.98437393611368,
        "lat": 37.54823878471046,
        "controlled_link_count": 4,
        "program_count": 1,
        "phase_count": 3,
        "inside_analysis_bbox": true
      }
    },
    {
      "type": "Feature",
      "geometry": {
        "type": "Point",
        "coordinates": [
          126.98440796047566,
          37.548244682907104
        ]
      },
      "properties": {
        "tls_id": "13339947072",
        "node_id": "13339947072",
        "junction_id": "13339947072",
        "lon": 126.98440796047566,
        "lat": 37.548244682907104,
        "controlled_link_count": 4,
        "program_count": 1,
        "phase_count": 3,
        "inside_analysis_bbox": true
      }
    },
    {
      "type": "Feature",
      "geometry": {
        "type": "Point",
        "coordinates": [
          126.9853006336226,
          37.54654410074553
        ]
      },
      "properties": {
        "tls_id": "13339947086",
        "node_id": "13339947086",
        "junction_id": "13339947086",
        "lon": 126.9853006336226,
        "lat": 37.54654410074553,
        "controlled_link_count": 0,
        "program_count": 0,
        "phase_count": 0,
        "inside_analysis_bbox": true
      }
    },
    {
      "type": "Feature",
      "geometry": {
        "type": "Point",
        "coordinates": [
          126.98549544561855,
          37.54645937712233
        ]
      },
      "properties": {
        "tls_id": "13339947092",
        "node_id": "13339947092",
        "junction_id": "13339947092",
        "lon": 126.98549544561855,
        "lat": 37.54645937712233,
        "controlled_link_count": 0,
        "program_count": 0,
        "phase_count": 0,
        "inside_analysis_bbox": true
      }
    },
    {
      "type": "Feature",
      "geometry": {
        "type": "Point",
        "coordinates": [
          127.02315791090311,
          37.575743455225336
        ]
      },
      "properties": {
        "tls_id": "13344994608",
        "node_id": "13344994608",
        "junction_id": "13344994608",
        "lon": 127.02315791090311,
        "lat": 37.575743455225336,
        "controlled_link_count": 0,
        "program_count": 0,
        "phase_count": 0,
        "inside_analysis_bbox": true
      }
    },
    {
      "type": "Feature",
      "geometry": {
        "type": "Point",
        "coordinates": [
          127.02319593537706,
          37.57518335540878
        ]
      },
      "properties": {
        "tls_id": "13344994612",
        "node_id": "13344994612",
        "junction_id": "13344994612",
        "lon": 127.02319593537706,
        "lat": 37.57518335540878,
        "controlled_link_count": 0,
        "program_count": 0,
        "phase_count": 0,
        "inside_analysis_bbox": true
      }
    },
    {
      "type": "Feature",
      "geometry": {
        "type": "Point",
        "coordinates": [
          127.02319300733751,
          37.57524269651779
        ]
      },
      "properties": {
        "tls_id": "13344994615",
        "node_id": "13344994615",
        "junction_id": "13344994615",
        "lon": 127.02319300733751,
        "lat": 37.57524269651779,
        "controlled_link_count": 0,
        "program_count": 0,
        "phase_count": 0,
        "inside_analysis_bbox": true
      }
    },
    {
      "type": "Feature",
      "geometry": {
        "type": "Point",
        "coordinates": [
          127.0233321401967,
          37.571479653903715
        ]
      },
      "properties": {
        "tls_id": "13345282177",
        "node_id": "13345282177",
        "junction_id": "13345282177",
        "lon": 127.0233321401967,
        "lat": 37.571479653903715,
        "controlled_link_count": 0,
        "program_count": 0,
        "phase_count": 0,
        "inside_analysis_bbox": true
      }
    },
    {
      "type": "Feature",
      "geometry": {
        "type": "Point",
        "coordinates": [
          127.02333508319234,
          37.571406884873326
        ]
      },
      "properties": {
        "tls_id": "13345282183",
        "node_id": "13345282183",
        "junction_id": "13345282183",
        "lon": 127.02333508319234,
        "lat": 37.571406884873326,
        "controlled_link_count": 0,
        "program_count": 0,
        "phase_count": 0,
        "inside_analysis_bbox": true
      }
    },
    {
      "type": "Feature",
      "geometry": {
        "type": "Point",
        "coordinates": [
          126.96224082166876,
          37.559664958934114
        ]
      },
      "properties": {
        "tls_id": "13381864728",
        "node_id": "13381864728",
        "junction_id": "13381864728",
        "lon": 126.96224082166876,
        "lat": 37.559664958934114,
        "controlled_link_count": 2,
        "program_count": 1,
        "phase_count": 3,
        "inside_analysis_bbox": false
      }
    },
    {
      "type": "Feature",
      "geometry": {
        "type": "Point",
        "coordinates": [
          126.96195394640804,
          37.55957808527534
        ]
      },
      "properties": {
        "tls_id": "13381864824",
        "node_id": "13381864824",
        "junction_id": "13381864824",
        "lon": 126.96195394640804,
        "lat": 37.55957808527534,
        "controlled_link_count": 2,
        "program_count": 1,
        "phase_count": 3,
        "inside_analysis_bbox": false
      }
    },
    {
      "type": "Feature",
      "geometry": {
        "type": "Point",
        "coordinates": [
          126.96344861835615,
          37.561149281907284
        ]
      },
      "properties": {
        "tls_id": "13381886424",
        "node_id": "13381886424",
        "junction_id": "13381886424",
        "lon": 126.96344861835615,
        "lat": 37.561149281907284,
        "controlled_link_count": 1,
        "program_count": 1,
        "phase_count": 3,
        "inside_analysis_bbox": true
      }
    },
    {
      "type": "Feature",
      "geometry": {
        "type": "Point",
        "coordinates": [
          126.96338163003277,
          37.561177234976675
        ]
      },
      "properties": {
        "tls_id": "13381886425",
        "node_id": "13381886425",
        "junction_id": "13381886425",
        "lon": 126.96338163003277,
        "lat": 37.561177234976675,
        "controlled_link_count": 2,
        "program_count": 1,
        "phase_count": 3,
        "inside_analysis_bbox": true
      }
    },
    {
      "type": "Feature",
      "geometry": {
        "type": "Point",
        "coordinates": [
          126.96357284664325,
          37.56109798385185
        ]
      },
      "properties": {
        "tls_id": "13381886428",
        "node_id": "13381886428",
        "junction_id": "13381886428",
        "lon": 126.96357284664325,
        "lat": 37.56109798385185,
        "controlled_link_count": 2,
        "program_count": 1,
        "phase_count": 3,
        "inside_analysis_bbox": true
      }
    },
    {
      "type": "Feature",
      "geometry": {
        "type": "Point",
        "coordinates": [
          126.96689461747614,
          37.56599502349806
        ]
      },
      "properties": {
        "tls_id": "13401740447",
        "node_id": "13401740447",
        "junction_id": "13401740447",
        "lon": 126.96689461747614,
        "lat": 37.56599502349806,
        "controlled_link_count": 0,
        "program_count": 0,
        "phase_count": 0,
        "inside_analysis_bbox": true
      }
    },
    {
      "type": "Feature",
      "geometry": {
        "type": "Point",
        "coordinates": [
          126.9825425605854,
          37.56498862498077
        ]
      },
      "properties": {
        "tls_id": "13732389937",
        "node_id": "13732389937",
        "junction_id": "13732389937",
        "lon": 126.9825425605854,
        "lat": 37.56498862498077,
        "controlled_link_count": 6,
        "program_count": 1,
        "phase_count": 4,
        "inside_analysis_bbox": true
      }
    },
    {
      "type": "Feature",
      "geometry": {
        "type": "Point",
        "coordinates": [
          126.98239871655404,
          37.56447896373171
        ]
      },
      "properties": {
        "tls_id": "13732389938",
        "node_id": "13732389938",
        "junction_id": "13732389938",
        "lon": 126.98239871655404,
        "lat": 37.56447896373171,
        "controlled_link_count": 7,
        "program_count": 1,
        "phase_count": 4,
        "inside_analysis_bbox": true
      }
    },
    {
      "type": "Feature",
      "geometry": {
        "type": "Point",
        "coordinates": [
          126.99482421711075,
          37.570490498796694
        ]
      },
      "properties": {
        "tls_id": "1815458113",
        "node_id": "1815458113",
        "junction_id": "1815458113",
        "lon": 126.99482421711075,
        "lat": 37.570490498796694,
        "controlled_link_count": 0,
        "program_count": 0,
        "phase_count": 0,
        "inside_analysis_bbox": true
      }
    },
    {
      "type": "Feature",
      "geometry": {
        "type": "Point",
        "coordinates": [
          126.98900705124808,
          37.56108477594498
        ]
      },
      "properties": {
        "tls_id": "1908148229",
        "node_id": "1908148229",
        "junction_id": "1908148229",
        "lon": 126.98900705124808,
        "lat": 37.56108477594498,
        "controlled_link_count": 3,
        "program_count": 1,
        "phase_count": 3,
        "inside_analysis_bbox": true
      }
    },
    {
      "type": "Feature",
      "geometry": {
        "type": "Point",
        "coordinates": [
          127.01608761722198,
          37.569628650024946
        ]
      },
      "properties": {
        "tls_id": "1936511565",
        "node_id": "1936511565",
        "junction_id": "1936511565",
        "lon": 127.01608761722198,
        "lat": 37.569628650024946,
        "controlled_link_count": 0,
        "program_count": 0,
        "phase_count": 0,
        "inside_analysis_bbox": true
      }
    },
    {
      "type": "Feature",
      "geometry": {
        "type": "Point",
        "coordinates": [
          126.97445512289322,
          37.57007675169114
        ]
      },
      "properties": {
        "tls_id": "1936511583",
        "node_id": "1936511583",
        "junction_id": "1936511583",
        "lon": 126.97445512289322,
        "lat": 37.57007675169114,
        "controlled_link_count": 7,
        "program_count": 1,
        "phase_count": 4,
        "inside_analysis_bbox": true
      }
    },
    {
      "type": "Feature",
      "geometry": {
        "type": "Point",
        "coordinates": [
          126.97551091308918,
          37.57011055023781
        ]
      },
      "properties": {
        "tls_id": "1936511585",
        "node_id": "1936511585",
        "junction_id": "1936511585",
        "lon": 126.97551091308918,
        "lat": 37.57011055023781,
        "controlled_link_count": 6,
        "program_count": 1,
        "phase_count": 4,
        "inside_analysis_bbox": true
      }
    },
    {
      "type": "Feature",
      "geometry": {
        "type": "Point",
        "coordinates": [
          126.97853268966703,
          37.5651194453219
        ]
      },
      "properties": {
        "tls_id": "1945254547",
        "node_id": "1945254547",
        "junction_id": "1945254547",
        "lon": 126.97853268966703,
        "lat": 37.5651194453219,
        "controlled_link_count": 10,
        "program_count": 1,
        "phase_count": 6,
        "inside_analysis_bbox": true
      }
    },
    {
      "type": "Feature",
      "geometry": {
        "type": "Point",
        "coordinates": [
          126.98332255055075,
          37.57015832968461
        ]
      },
      "properties": {
        "tls_id": "1945254893",
        "node_id": "1945254893",
        "junction_id": "1945254893",
        "lon": 126.98332255055075,
        "lat": 37.57015832968461,
        "controlled_link_count": 0,
        "program_count": 0,
        "phase_count": 0,
        "inside_analysis_bbox": true
      }
    },
    {
      "type": "Feature",
      "geometry": {
        "type": "Point",
        "coordinates": [
          126.97195607083209,
          37.570185503602104
        ]
      },
      "properties": {
        "tls_id": "1945254913",
        "node_id": "1945254913",
        "junction_id": "1945254913",
        "lon": 126.97195607083209,
        "lat": 37.570185503602104,
        "controlled_link_count": 7,
        "program_count": 1,
        "phase_count": 4,
        "inside_analysis_bbox": true
      }
    },
    {
      "type": "Feature",
      "geometry": {
        "type": "Point",
        "coordinates": [
          126.97707626577191,
          37.57028023635506
        ]
      },
      "properties": {
        "tls_id": "1945254921",
        "node_id": "1945254921",
        "junction_id": "1945254921",
        "lon": 126.97707626577191,
        "lat": 37.57028023635506,
        "controlled_link_count": 0,
        "program_count": 0,
        "phase_count": 0,
        "inside_analysis_bbox": true
      }
    },
    {
      "type": "Feature",
      "geometry": {
        "type": "Point",
        "coordinates": [
          126.98240504641211,
          37.57029062540838
        ]
      },
      "properties": {
        "tls_id": "1945254934",
        "node_id": "1945254934",
        "junction_id": "1945254934",
        "lon": 126.98240504641211,
        "lat": 37.57029062540838,
        "controlled_link_count": 0,
        "program_count": 0,
        "phase_count": 0,
        "inside_analysis_bbox": true
      }
    },
    {
      "type": "Feature",
      "geometry": {
        "type": "Point",
        "coordinates": [
          126.98879819300157,
          37.57034496338463
        ]
      },
      "properties": {
        "tls_id": "1949249830",
        "node_id": "1949249830",
        "junction_id": "1949249830",
        "lon": 126.98879819300157,
        "lat": 37.57034496338463,
        "controlled_link_count": 7,
        "program_count": 1,
        "phase_count": 4,
        "inside_analysis_bbox": true
      }
    },
    {
      "type": "Feature",
      "geometry": {
        "type": "Point",
        "coordinates": [
          126.98855730520825,
          37.570183145564016
        ]
      },
      "properties": {
        "tls_id": "2252763467",
        "node_id": "2252763467",
        "junction_id": "2252763467",
        "lon": 126.98855730520825,
        "lat": 37.570183145564016,
        "controlled_link_count": 6,
        "program_count": 1,
        "phase_count": 4,
        "inside_analysis_bbox": true
      }
    },
    {
      "type": "Feature",
      "geometry": {
        "type": "Point",
        "coordinates": [
          127.00259950831797,
          37.5469458913661
        ]
      },
      "properties": {
        "tls_id": "2281134374",
        "node_id": "2281134374",
        "junction_id": "2281134374",
        "lon": 127.00259950831797,
        "lat": 37.5469458913661,
        "controlled_link_count": 4,
        "program_count": 1,
        "phase_count": 4,
        "inside_analysis_bbox": true
      }
    },
    {
      "type": "Feature",
      "geometry": {
        "type": "Point",
        "coordinates": [
          126.96780039929604,
          37.5769020061068
        ]
      },
      "properties": {
        "tls_id": "2323311266",
        "node_id": "2323311266",
        "junction_id": "2323311266",
        "lon": 126.96780039929604,
        "lat": 37.5769020061068,
        "controlled_link_count": 3,
        "program_count": 1,
        "phase_count": 4,
        "inside_analysis_bbox": true
      }
    },
    {
      "type": "Feature",
      "geometry": {
        "type": "Point",
        "coordinates": [
          127.00392937142249,
          37.57110754470428
        ]
      },
      "properties": {
        "tls_id": "2376659673",
        "node_id": "2376659673",
        "junction_id": "2376659673",
        "lon": 127.00392937142249,
        "lat": 37.57110754470428,
        "controlled_link_count": 7,
        "program_count": 1,
        "phase_count": 4,
        "inside_analysis_bbox": true
      }
    },
    {
      "type": "Feature",
      "geometry": {
        "type": "Point",
        "coordinates": [
          126.97326832695897,
          37.57019362912549
        ]
      },
      "properties": {
        "tls_id": "2420018402",
        "node_id": "2420018402",
        "junction_id": "2420018402",
        "lon": 126.97326832695897,
        "lat": 37.57019362912549,
        "controlled_link_count": 7,
        "program_count": 1,
        "phase_count": 4,
        "inside_analysis_bbox": true
      }
    },
    {
      "type": "Feature",
      "geometry": {
        "type": "Point",
        "coordinates": [
          126.9840779611919,
          37.57026793677804
        ]
      },
      "properties": {
        "tls_id": "2420018403",
        "node_id": "2420018403",
        "junction_id": "2420018403",
        "lon": 126.9840779611919,
        "lat": 37.57026793677804,
        "controlled_link_count": 7,
        "program_count": 1,
        "phase_count": 4,
        "inside_analysis_bbox": true
      }
    },
    {
      "type": "Feature",
      "geometry": {
        "type": "Point",
        "coordinates": [
          126.98566918529022,
          37.57028095992378
        ]
      },
      "properties": {
        "tls_id": "2420018405",
        "node_id": "2420018405",
        "junction_id": "2420018405",
        "lon": 126.98566918529022,
        "lat": 37.57028095992378,
        "controlled_link_count": 7,
        "program_count": 1,
        "phase_count": 4,
        "inside_analysis_bbox": true
      }
    },
    {
      "type": "Feature",
      "geometry": {
        "type": "Point",
        "coordinates": [
          126.99119520103847,
          37.570350643932
        ]
      },
      "properties": {
        "tls_id": "2420018407",
        "node_id": "2420018407",
        "junction_id": "2420018407",
        "lon": 126.99119520103847,
        "lat": 37.570350643932,
        "controlled_link_count": 7,
        "program_count": 1,
        "phase_count": 4,
        "inside_analysis_bbox": true
      }
    },
    {
      "type": "Feature",
      "geometry": {
        "type": "Point",
        "coordinates": [
          126.99267654169552,
          37.570433438488095
        ]
      },
      "properties": {
        "tls_id": "2420018409",
        "node_id": "2420018409",
        "junction_id": "2420018409",
        "lon": 126.99267654169552,
        "lat": 37.570433438488095,
        "controlled_link_count": 7,
        "program_count": 1,
        "phase_count": 4,
        "inside_analysis_bbox": true
      }
    },
    {
      "type": "Feature",
      "geometry": {
        "type": "Point",
        "coordinates": [
          126.97499433997595,
          37.57022533300187
        ]
      },
      "properties": {
        "tls_id": "2429209318",
        "node_id": "2429209318",
        "junction_id": "2429209318",
        "lon": 126.97499433997595,
        "lat": 37.57022533300187,
        "controlled_link_count": 7,
        "program_count": 1,
        "phase_count": 4,
        "inside_analysis_bbox": true
      }
    },
    {
      "type": "Feature",
      "geometry": {
        "type": "Point",
        "coordinates": [
          126.97704129318704,
          37.55497868741338
        ]
      },
      "properties": {
        "tls_id": "2457731125",
        "node_id": "2457731125",
        "junction_id": "2457731125",
        "lon": 126.97704129318704,
        "lat": 37.55497868741338,
        "controlled_link_count": 3,
        "program_count": 1,
        "phase_count": 3,
        "inside_analysis_bbox": true
      }
    },
    {
      "type": "Feature",
      "geometry": {
        "type": "Point",
        "coordinates": [
          127.00284115754195,
          37.559815205675854
        ]
      },
      "properties": {
        "tls_id": "2471514433",
        "node_id": "2471514433",
        "junction_id": "2471514433",
        "lon": 127.00284115754195,
        "lat": 37.559815205675854,
        "controlled_link_count": 16,
        "program_count": 1,
        "phase_count": 6,
        "inside_analysis_bbox": true
      }
    },
    {
      "type": "Feature",
      "geometry": {
        "type": "Point",
        "coordinates": [
          126.97689986842047,
          37.570133649519384
        ]
      },
      "properties": {
        "tls_id": "2597444284",
        "node_id": "2597444284",
        "junction_id": "2597444284",
        "lon": 126.97689986842047,
        "lat": 37.570133649519384,
        "controlled_link_count": 0,
        "program_count": 0,
        "phase_count": 0,
        "inside_analysis_bbox": true
      }
    },
    {
      "type": "Feature",
      "geometry": {
        "type": "Point",
        "coordinates": [
          126.97721275697948,
          37.57014000455716
        ]
      },
      "properties": {
        "tls_id": "2697100729",
        "node_id": "2697100729",
        "junction_id": "2697100729",
        "lon": 126.97721275697948,
        "lat": 37.57014000455716,
        "controlled_link_count": 0,
        "program_count": 0,
        "phase_count": 0,
        "inside_analysis_bbox": true
      }
    },
    {
      "type": "Feature",
      "geometry": {
        "type": "Point",
        "coordinates": [
          127.02087223933532,
          37.55173068141541
        ]
      },
      "properties": {
        "tls_id": "2718296828",
        "node_id": "2718296828",
        "junction_id": "2718296828",
        "lon": 127.02087223933532,
        "lat": 37.55173068141541,
        "controlled_link_count": 20,
        "program_count": 1,
        "phase_count": 6,
        "inside_analysis_bbox": true
      }
    },
    {
      "type": "Feature",
      "geometry": {
        "type": "Point",
        "coordinates": [
          126.9873636754633,
          37.57028535892129
        ]
      },
      "properties": {
        "tls_id": "3112252730",
        "node_id": "3112252730",
        "junction_id": "3112252730",
        "lon": 126.9873636754633,
        "lat": 37.57028535892129,
        "controlled_link_count": 0,
        "program_count": 0,
        "phase_count": 0,
        "inside_analysis_bbox": true
      }
    },
    {
      "type": "Feature",
      "geometry": {
        "type": "Point",
        "coordinates": [
          126.988175969943,
          37.570174752538286
        ]
      },
      "properties": {
        "tls_id": "3112252732",
        "node_id": "3112252732",
        "junction_id": "3112252732",
        "lon": 126.988175969943,
        "lat": 37.570174752538286,
        "controlled_link_count": 0,
        "program_count": 0,
        "phase_count": 0,
        "inside_analysis_bbox": true
      }
    },
    {
      "type": "Feature",
      "geometry": {
        "type": "Point",
        "coordinates": [
          126.98737706173706,
          37.57016662724376
        ]
      },
      "properties": {
        "tls_id": "3112255529",
        "node_id": "3112255529",
        "junction_id": "3112255529",
        "lon": 126.98737706173706,
        "lat": 37.57016662724376,
        "controlled_link_count": 0,
        "program_count": 0,
        "phase_count": 0,
        "inside_analysis_bbox": true
      }
    },
    {
      "type": "Feature",
      "geometry": {
        "type": "Point",
        "coordinates": [
          126.98816827758314,
          37.57030493666554
        ]
      },
      "properties": {
        "tls_id": "3112255629",
        "node_id": "3112255629",
        "junction_id": "3112255629",
        "lon": 126.98816827758314,
        "lat": 37.57030493666554,
        "controlled_link_count": 4,
        "program_count": 1,
        "phase_count": 3,
        "inside_analysis_bbox": true
      }
    },
    {
      "type": "Feature",
      "geometry": {
        "type": "Point",
        "coordinates": [
          127.01096582729032,
          37.57178853296618
        ]
      },
      "properties": {
        "tls_id": "3274291965",
        "node_id": "3274291965",
        "junction_id": "3274291965",
        "lon": 127.01096582729032,
        "lat": 37.57178853296618,
        "controlled_link_count": 2,
        "program_count": 1,
        "phase_count": 3,
        "inside_analysis_bbox": true
      }
    },
    {
      "type": "Feature",
      "geometry": {
        "type": "Point",
        "coordinates": [
          127.00886541153655,
          37.57147265324656
        ]
      },
      "properties": {
        "tls_id": "3274291984",
        "node_id": "3274291984",
        "junction_id": "3274291984",
        "lon": 127.00886541153655,
        "lat": 37.57147265324656,
        "controlled_link_count": 6,
        "program_count": 1,
        "phase_count": 3,
        "inside_analysis_bbox": true
      }
    },
    {
      "type": "Feature",
      "geometry": {
        "type": "Point",
        "coordinates": [
          126.98933384127882,
          37.56111170268137
        ]
      },
      "properties": {
        "tls_id": "3285441969",
        "node_id": "3285441969",
        "junction_id": "3285441969",
        "lon": 126.98933384127882,
        "lat": 37.56111170268137,
        "controlled_link_count": 1,
        "program_count": 1,
        "phase_count": 3,
        "inside_analysis_bbox": true
      }
    },
    {
      "type": "Feature",
      "geometry": {
        "type": "Point",
        "coordinates": [
          126.99053395659814,
          37.570427254145926
        ]
      },
      "properties": {
        "tls_id": "3514139394",
        "node_id": "3514139394",
        "junction_id": "3514139394",
        "lon": 126.99053395659814,
        "lat": 37.570427254145926,
        "controlled_link_count": 7,
        "program_count": 1,
        "phase_count": 4,
        "inside_analysis_bbox": true
      }
    },
    {
      "type": "Feature",
      "geometry": {
        "type": "Point",
        "coordinates": [
          126.97294183993326,
          37.5545541740406
        ]
      },
      "properties": {
        "tls_id": "3535110993",
        "node_id": "3535110993",
        "junction_id": "3535110993",
        "lon": 126.97294183993326,
        "lat": 37.5545541740406,
        "controlled_link_count": 1,
        "program_count": 1,
        "phase_count": 3,
        "inside_analysis_bbox": true
      }
    },
    {
      "type": "Feature",
      "geometry": {
        "type": "Point",
        "coordinates": [
          127.0188034226391,
          37.54800521018836
        ]
      },
      "properties": {
        "tls_id": "3807096487",
        "node_id": "3807096487",
        "junction_id": "3807096487",
        "lon": 127.0188034226391,
        "lat": 37.54800521018836,
        "controlled_link_count": 20,
        "program_count": 1,
        "phase_count": 8,
        "inside_analysis_bbox": true
      }
    },
    {
      "type": "Feature",
      "geometry": {
        "type": "Point",
        "coordinates": [
          126.96812660446605,
          37.55210290023882
        ]
      },
      "properties": {
        "tls_id": "3807475570",
        "node_id": "3807475570",
        "junction_id": "3807475570",
        "lon": 126.96812660446605,
        "lat": 37.55210290023882,
        "controlled_link_count": 20,
        "program_count": 1,
        "phase_count": 8,
        "inside_analysis_bbox": true
      }
    },
    {
      "type": "Feature",
      "geometry": {
        "type": "Point",
        "coordinates": [
          127.01123607715024,
          37.57501547192849
        ]
      },
      "properties": {
        "tls_id": "3830592009",
        "node_id": "3830592009",
        "junction_id": "3830592009",
        "lon": 127.01123607715024,
        "lat": 37.57501547192849,
        "controlled_link_count": 20,
        "program_count": 1,
        "phase_count": 6,
        "inside_analysis_bbox": true
      }
    },
    {
      "type": "Feature",
      "geometry": {
        "type": "Point",
        "coordinates": [
          127.00157450870313,
          37.57104894395275
        ]
      },
      "properties": {
        "tls_id": "3844547097",
        "node_id": "3844547097",
        "junction_id": "3844547097",
        "lon": 127.00157450870313,
        "lat": 37.57104894395275,
        "controlled_link_count": 7,
        "program_count": 1,
        "phase_count": 4,
        "inside_analysis_bbox": true
      }
    },
    {
      "type": "Feature",
      "geometry": {
        "type": "Point",
        "coordinates": [
          127.00570665749582,
          37.57116697331581
        ]
      },
      "properties": {
        "tls_id": "3844547098",
        "node_id": "3844547098",
        "junction_id": "3844547098",
        "lon": 127.00570665749582,
        "lat": 37.57116697331581,
        "controlled_link_count": 7,
        "program_count": 1,
        "phase_count": 4,
        "inside_analysis_bbox": true
      }
    },
    {
      "type": "Feature",
      "geometry": {
        "type": "Point",
        "coordinates": [
          127.00772715957811,
          37.57118794419457
        ]
      },
      "properties": {
        "tls_id": "3844547099",
        "node_id": "3844547099",
        "junction_id": "3844547099",
        "lon": 127.00772715957811,
        "lat": 37.57118794419457,
        "controlled_link_count": 7,
        "program_count": 1,
        "phase_count": 4,
        "inside_analysis_bbox": true
      }
    },
    {
      "type": "Feature",
      "geometry": {
        "type": "Point",
        "coordinates": [
          127.00393657123945,
          37.55897884416689
        ]
      },
      "properties": {
        "tls_id": "3846493836",
        "node_id": "3846493836",
        "junction_id": "3846493836",
        "lon": 127.00393657123945,
        "lat": 37.55897884416689,
        "controlled_link_count": 11,
        "program_count": 1,
        "phase_count": 4,
        "inside_analysis_bbox": true
      }
    },
    {
      "type": "Feature",
      "geometry": {
        "type": "Point",
        "coordinates": [
          127.00288289686992,
          37.55939675660856
        ]
      },
      "properties": {
        "tls_id": "3846493837",
        "node_id": "3846493837",
        "junction_id": "3846493837",
        "lon": 127.00288289686992,
        "lat": 37.55939675660856,
        "controlled_link_count": 0,
        "program_count": 0,
        "phase_count": 0,
        "inside_analysis_bbox": true
      }
    },
    {
      "type": "Feature",
      "geometry": {
        "type": "Point",
        "coordinates": [
          127.0026353856819,
          37.56242497760609
        ]
      },
      "properties": {
        "tls_id": "3846495798",
        "node_id": "3846495798",
        "junction_id": "3846495798",
        "lon": 127.0026353856819,
        "lat": 37.56242497760609,
        "controlled_link_count": 11,
        "program_count": 1,
        "phase_count": 4,
        "inside_analysis_bbox": true
      }
    },
    {
      "type": "Feature",
      "geometry": {
        "type": "Point",
        "coordinates": [
          127.0122074162066,
          37.559353835608654
        ]
      },
      "properties": {
        "tls_id": "3846533327",
        "node_id": "3846533327",
        "junction_id": "3846533327",
        "lon": 127.0122074162066,
        "lat": 37.559353835608654,
        "controlled_link_count": 20,
        "program_count": 1,
        "phase_count": 6,
        "inside_analysis_bbox": true
      }
    },
    {
      "type": "Feature",
      "geometry": {
        "type": "Point",
        "coordinates": [
          127.02338951514638,
          37.571463672058776
        ]
      },
      "properties": {
        "tls_id": "414685910",
        "node_id": "414685910",
        "junction_id": "414685910",
        "lon": 127.02338951514638,
        "lat": 37.571463672058776,
        "controlled_link_count": 0,
        "program_count": 0,
        "phase_count": 0,
        "inside_analysis_bbox": true
      }
    },
    {
      "type": "Feature",
      "geometry": {
        "type": "Point",
        "coordinates": [
          127.00215252161883,
          37.5761203072913
        ]
      },
      "properties": {
        "tls_id": "414685959",
        "node_id": "414685959",
        "junction_id": "414685959",
        "lon": 127.00215252161883,
        "lat": 37.5761203072913,
        "controlled_link_count": 19,
        "program_count": 1,
        "phase_count": 6,
        "inside_analysis_bbox": true
      }
    },
    {
      "type": "Feature",
      "geometry": {
        "type": "Point",
        "coordinates": [
          126.99895810571957,
          37.56540166984608
        ]
      },
      "properties": {
        "tls_id": "4202879197",
        "node_id": "4202879197",
        "junction_id": "4202879197",
        "lon": 126.99895810571957,
        "lat": 37.56540166984608,
        "controlled_link_count": 20,
        "program_count": 1,
        "phase_count": 7,
        "inside_analysis_bbox": true
      }
    },
    {
      "type": "Feature",
      "geometry": {
        "type": "Point",
        "coordinates": [
          126.99831856305958,
          37.56415345678938
        ]
      },
      "properties": {
        "tls_id": "4276255151",
        "node_id": "4276255151",
        "junction_id": "4276255151",
        "lon": 126.99831856305958,
        "lat": 37.56415345678938,
        "controlled_link_count": 0,
        "program_count": 0,
        "phase_count": 0,
        "inside_analysis_bbox": true
      }
    },
    {
      "type": "Feature",
      "geometry": {
        "type": "Point",
        "coordinates": [
          126.97959085915005,
          37.55394874514798
        ]
      },
      "properties": {
        "tls_id": "4276317241",
        "node_id": "4276317241",
        "junction_id": "4276317241",
        "lon": 126.97959085915005,
        "lat": 37.55394874514798,
        "controlled_link_count": 1,
        "program_count": 1,
        "phase_count": 3,
        "inside_analysis_bbox": true
      }
    },
    {
      "type": "Feature",
      "geometry": {
        "type": "Point",
        "coordinates": [
          126.99327681014971,
          37.570456084332456
        ]
      },
      "properties": {
        "tls_id": "436718748",
        "node_id": "436718748",
        "junction_id": "436718748",
        "lon": 126.99327681014971,
        "lat": 37.570456084332456,
        "controlled_link_count": 7,
        "program_count": 1,
        "phase_count": 4,
        "inside_analysis_bbox": true
      }
    },
    {
      "type": "Feature",
      "geometry": {
        "type": "Point",
        "coordinates": [
          126.98204255574228,
          37.56368142972735
        ]
      },
      "properties": {
        "tls_id": "436849185",
        "node_id": "436849185",
        "junction_id": "436849185",
        "lon": 126.98204255574228,
        "lat": 37.56368142972735,
        "controlled_link_count": 7,
        "program_count": 1,
        "phase_count": 4,
        "inside_analysis_bbox": true
      }
    },
    {
      "type": "Feature",
      "geometry": {
        "type": "Point",
        "coordinates": [
          127.0238188530758,
          37.56508555703978
        ]
      },
      "properties": {
        "tls_id": "436864128",
        "node_id": "436864128",
        "junction_id": "436864128",
        "lon": 127.0238188530758,
        "lat": 37.56508555703978,
        "controlled_link_count": 2,
        "program_count": 1,
        "phase_count": 3,
        "inside_analysis_bbox": true
      }
    },
    {
      "type": "Feature",
      "geometry": {
        "type": "Point",
        "coordinates": [
          126.98619580874693,
          37.57683706828788
        ]
      },
      "properties": {
        "tls_id": "436867523",
        "node_id": "436867523",
        "junction_id": "436867523",
        "lon": 126.98619580874693,
        "lat": 37.57683706828788,
        "controlled_link_count": 16,
        "program_count": 1,
        "phase_count": 8,
        "inside_analysis_bbox": true
      }
    },
    {
      "type": "Feature",
      "geometry": {
        "type": "Point",
        "coordinates": [
          126.96163105097364,
          37.5708719566873
        ]
      },
      "properties": {
        "tls_id": "436868025",
        "node_id": "436868025",
        "junction_id": "436868025",
        "lon": 126.96163105097364,
        "lat": 37.5708719566873,
        "controlled_link_count": 10,
        "program_count": 1,
        "phase_count": 3,
        "inside_analysis_bbox": false
      }
    },
    {
      "type": "Feature",
      "geometry": {
        "type": "Point",
        "coordinates": [
          127.00643990693194,
          37.562129990819216
        ]
      },
      "properties": {
        "tls_id": "436870729",
        "node_id": "436870729",
        "junction_id": "436870729",
        "lon": 127.00643990693194,
        "lat": 37.562129990819216,
        "controlled_link_count": 22,
        "program_count": 1,
        "phase_count": 8,
        "inside_analysis_bbox": true
      }
    },
    {
      "type": "Feature",
      "geometry": {
        "type": "Point",
        "coordinates": [
          126.97082411680421,
          37.569328640598094
        ]
      },
      "properties": {
        "tls_id": "445343549",
        "node_id": "445343549",
        "junction_id": "445343549",
        "lon": 126.97082411680421,
        "lat": 37.569328640598094,
        "controlled_link_count": 0,
        "program_count": 0,
        "phase_count": 0,
        "inside_analysis_bbox": true
      }
    },
    {
      "type": "Feature",
      "geometry": {
        "type": "Point",
        "coordinates": [
          126.96832450791365,
          37.567571171721404
        ]
      },
      "properties": {
        "tls_id": "4584805138",
        "node_id": "4584805138",
        "junction_id": "4584805138",
        "lon": 126.96832450791365,
        "lat": 37.567571171721404,
        "controlled_link_count": 6,
        "program_count": 1,
        "phase_count": 4,
        "inside_analysis_bbox": true
      }
    },
    {
      "type": "Feature",
      "geometry": {
        "type": "Point",
        "coordinates": [
          127.0232616119202,
          37.57578700885987
        ]
      },
      "properties": {
        "tls_id": "5172891752",
        "node_id": "5172891752",
        "junction_id": "5172891752",
        "lon": 127.0232616119202,
        "lat": 37.57578700885987,
        "controlled_link_count": 0,
        "program_count": 0,
        "phase_count": 0,
        "inside_analysis_bbox": true
      }
    },
    {
      "type": "Feature",
      "geometry": {
        "type": "Point",
        "coordinates": [
          127.02303520451858,
          37.575570799286936
        ]
      },
      "properties": {
        "tls_id": "5172891758",
        "node_id": "5172891758",
        "junction_id": "5172891758",
        "lon": 127.02303520451858,
        "lat": 37.575570799286936,
        "controlled_link_count": 0,
        "program_count": 0,
        "phase_count": 0,
        "inside_analysis_bbox": true
      }
    },
    {
      "type": "Feature",
      "geometry": {
        "type": "Point",
        "coordinates": [
          127.0230457286351,
          37.57542975500374
        ]
      },
      "properties": {
        "tls_id": "5172891759",
        "node_id": "5172891759",
        "junction_id": "5172891759",
        "lon": 127.0230457286351,
        "lat": 37.57542975500374,
        "controlled_link_count": 0,
        "program_count": 0,
        "phase_count": 0,
        "inside_analysis_bbox": true
      }
    },
    {
      "type": "Feature",
      "geometry": {
        "type": "Point",
        "coordinates": [
          126.98774724775191,
          37.56431659142322
        ]
      },
      "properties": {
        "tls_id": "5172891764",
        "node_id": "5172891764",
        "junction_id": "5172891764",
        "lon": 126.98774724775191,
        "lat": 37.56431659142322,
        "controlled_link_count": 2,
        "program_count": 1,
        "phase_count": 3,
        "inside_analysis_bbox": true
      }
    },
    {
      "type": "Feature",
      "geometry": {
        "type": "Point",
        "coordinates": [
          126.988022306169,
          37.56462147511347
        ]
      },
      "properties": {
        "tls_id": "5172891765",
        "node_id": "5172891765",
        "junction_id": "5172891765",
        "lon": 126.988022306169,
        "lat": 37.56462147511347,
        "controlled_link_count": 1,
        "program_count": 1,
        "phase_count": 3,
        "inside_analysis_bbox": true
      }
    },
    {
      "type": "Feature",
      "geometry": {
        "type": "Point",
        "coordinates": [
          127.02346110605902,
          37.57576637817184
        ]
      },
      "properties": {
        "tls_id": "5191899940",
        "node_id": "5191899940",
        "junction_id": "5191899940",
        "lon": 127.02346110605902,
        "lat": 37.57576637817184,
        "controlled_link_count": 0,
        "program_count": 0,
        "phase_count": 0,
        "inside_analysis_bbox": true
      }
    },
    {
      "type": "Feature",
      "geometry": {
        "type": "Point",
        "coordinates": [
          127.02324553879232,
          37.57523870994694
        ]
      },
      "properties": {
        "tls_id": "5191899943",
        "node_id": "5191899943",
        "junction_id": "5191899943",
        "lon": 127.02324553879232,
        "lat": 37.57523870994694,
        "controlled_link_count": 0,
        "program_count": 0,
        "phase_count": 0,
        "inside_analysis_bbox": true
      }
    },
    {
      "type": "Feature",
      "geometry": {
        "type": "Point",
        "coordinates": [
          127.02409519497859,
          37.57518417716702
        ]
      },
      "properties": {
        "tls_id": "5191899945",
        "node_id": "5191899945",
        "junction_id": "5191899945",
        "lon": 127.02409519497859,
        "lat": 37.57518417716702,
        "controlled_link_count": 3,
        "program_count": 1,
        "phase_count": 3,
        "inside_analysis_bbox": true
      }
    },
    {
      "type": "Feature",
      "geometry": {
        "type": "Point",
        "coordinates": [
          127.0236679989515,
          37.5756757564256
        ]
      },
      "properties": {
        "tls_id": "5191899946",
        "node_id": "5191899946",
        "junction_id": "5191899946",
        "lon": 127.0236679989515,
        "lat": 37.5756757564256,
        "controlled_link_count": 0,
        "program_count": 0,
        "phase_count": 0,
        "inside_analysis_bbox": true
      }
    },
    {
      "type": "Feature",
      "geometry": {
        "type": "Point",
        "coordinates": [
          126.98307900562091,
          37.575639388204046
        ]
      },
      "properties": {
        "tls_id": "5194567149",
        "node_id": "5194567149",
        "junction_id": "5194567149",
        "lon": 126.98307900562091,
        "lat": 37.575639388204046,
        "controlled_link_count": 0,
        "program_count": 0,
        "phase_count": 0,
        "inside_analysis_bbox": true
      }
    },
    {
      "type": "Feature",
      "geometry": {
        "type": "Point",
        "coordinates": [
          126.97724832496107,
          37.57041142799302
        ]
      },
      "properties": {
        "tls_id": "5194567161",
        "node_id": "5194567161",
        "junction_id": "5194567161",
        "lon": 126.97724832496107,
        "lat": 37.57041142799302,
        "controlled_link_count": 0,
        "program_count": 0,
        "phase_count": 0,
        "inside_analysis_bbox": true
      }
    },
    {
      "type": "Feature",
      "geometry": {
        "type": "Point",
        "coordinates": [
          126.97292892180496,
          37.55442516897384
        ]
      },
      "properties": {
        "tls_id": "5348913446",
        "node_id": "5348913446",
        "junction_id": "5348913446",
        "lon": 126.97292892180496,
        "lat": 37.55442516897384,
        "controlled_link_count": 1,
        "program_count": 1,
        "phase_count": 3,
        "inside_analysis_bbox": true
      }
    },
    {
      "type": "Feature",
      "geometry": {
        "type": "Point",
        "coordinates": [
          127.01608973055784,
          37.57001837139931
        ]
      },
      "properties": {
        "tls_id": "5502673613",
        "node_id": "5502673613",
        "junction_id": "5502673613",
        "lon": 127.01608973055784,
        "lat": 37.57001837139931,
        "controlled_link_count": 0,
        "program_count": 0,
        "phase_count": 0,
        "inside_analysis_bbox": true
      }
    },
    {
      "type": "Feature",
      "geometry": {
        "type": "Point",
        "coordinates": [
          126.97403646938994,
          37.55875477260571
        ]
      },
      "properties": {
        "tls_id": "5593950698",
        "node_id": "5593950698",
        "junction_id": "5593950698",
        "lon": 126.97403646938994,
        "lat": 37.55875477260571,
        "controlled_link_count": 1,
        "program_count": 1,
        "phase_count": 3,
        "inside_analysis_bbox": true
      }
    },
    {
      "type": "Feature",
      "geometry": {
        "type": "Point",
        "coordinates": [
          126.97391952949647,
          37.55881323641191
        ]
      },
      "properties": {
        "tls_id": "5593950705",
        "node_id": "5593950705",
        "junction_id": "5593950705",
        "lon": 126.97391952949647,
        "lat": 37.55881323641191,
        "controlled_link_count": 2,
        "program_count": 1,
        "phase_count": 3,
        "inside_analysis_bbox": true
      }
    },
    {
      "type": "Feature",
      "geometry": {
        "type": "Point",
        "coordinates": [
          126.99806141010245,
          37.570844933688605
        ]
      },
      "properties": {
        "tls_id": "5702191562",
        "node_id": "5702191562",
        "junction_id": "5702191562",
        "lon": 126.99806141010245,
        "lat": 37.570844933688605,
        "controlled_link_count": 0,
        "program_count": 0,
        "phase_count": 0,
        "inside_analysis_bbox": true
      }
    },
    {
      "type": "Feature",
      "geometry": {
        "type": "Point",
        "coordinates": [
          126.99707439800639,
          37.570749148977214
        ]
      },
      "properties": {
        "tls_id": "5702191564",
        "node_id": "5702191564",
        "junction_id": "5702191564",
        "lon": 126.99707439800639,
        "lat": 37.570749148977214,
        "controlled_link_count": 6,
        "program_count": 1,
        "phase_count": 4,
        "inside_analysis_bbox": true
      }
    },
    {
      "type": "Feature",
      "geometry": {
        "type": "Point",
        "coordinates": [
          126.99806958485028,
          37.57069186608525
        ]
      },
      "properties": {
        "tls_id": "5768277854",
        "node_id": "5768277854",
        "junction_id": "5768277854",
        "lon": 126.99806958485028,
        "lat": 37.57069186608525,
        "controlled_link_count": 0,
        "program_count": 0,
        "phase_count": 0,
        "inside_analysis_bbox": true
      }
    },
    {
      "type": "Feature",
      "geometry": {
        "type": "Point",
        "coordinates": [
          126.9772036489356,
          37.56470545658184
        ]
      },
      "properties": {
        "tls_id": "5851251281",
        "node_id": "5851251281",
        "junction_id": "5851251281",
        "lon": 126.9772036489356,
        "lat": 37.56470545658184,
        "controlled_link_count": 14,
        "program_count": 1,
        "phase_count": 4,
        "inside_analysis_bbox": true
      }
    },
    {
      "type": "Feature",
      "geometry": {
        "type": "Point",
        "coordinates": [
          126.97014910312123,
          37.569098848765684
        ]
      },
      "properties": {
        "tls_id": "5863307380",
        "node_id": "5863307380",
        "junction_id": "5863307380",
        "lon": 126.97014910312123,
        "lat": 37.569098848765684,
        "controlled_link_count": 7,
        "program_count": 1,
        "phase_count": 4,
        "inside_analysis_bbox": true
      }
    },
    {
      "type": "Feature",
      "geometry": {
        "type": "Point",
        "coordinates": [
          126.97047537549037,
          37.56924595043593
        ]
      },
      "properties": {
        "tls_id": "5871218815",
        "node_id": "5871218815",
        "junction_id": "5871218815",
        "lon": 126.97047537549037,
        "lat": 37.56924595043593,
        "controlled_link_count": 1,
        "program_count": 1,
        "phase_count": 3,
        "inside_analysis_bbox": true
      }
    },
    {
      "type": "Feature",
      "geometry": {
        "type": "Point",
        "coordinates": [
          126.97040796750763,
          37.56931003869984
        ]
      },
      "properties": {
        "tls_id": "5871218824",
        "node_id": "5871218824",
        "junction_id": "5871218824",
        "lon": 126.97040796750763,
        "lat": 37.56931003869984,
        "controlled_link_count": 4,
        "program_count": 1,
        "phase_count": 3,
        "inside_analysis_bbox": true
      }
    },
    {
      "type": "Feature",
      "geometry": {
        "type": "Point",
        "coordinates": [
          126.970510941478,
          37.56921204577087
        ]
      },
      "properties": {
        "tls_id": "5871218826",
        "node_id": "5871218826",
        "junction_id": "5871218826",
        "lon": 126.970510941478,
        "lat": 37.56921204577087,
        "controlled_link_count": 1,
        "program_count": 1,
        "phase_count": 3,
        "inside_analysis_bbox": true
      }
    },
    {
      "type": "Feature",
      "geometry": {
        "type": "Point",
        "coordinates": [
          126.97057161193071,
          37.56915424016627
        ]
      },
      "properties": {
        "tls_id": "5871218827",
        "node_id": "5871218827",
        "junction_id": "5871218827",
        "lon": 126.97057161193071,
        "lat": 37.56915424016627,
        "controlled_link_count": 0,
        "program_count": 0,
        "phase_count": 0,
        "inside_analysis_bbox": true
      }
    },
    {
      "type": "Feature",
      "geometry": {
        "type": "Point",
        "coordinates": [
          126.97559234064865,
          37.560809197307485
        ]
      },
      "properties": {
        "tls_id": "7121587905",
        "node_id": "7121587905",
        "junction_id": "7121587905",
        "lon": 126.97559234064865,
        "lat": 37.560809197307485,
        "controlled_link_count": 0,
        "program_count": 0,
        "phase_count": 0,
        "inside_analysis_bbox": true
      }
    },
    {
      "type": "Feature",
      "geometry": {
        "type": "Point",
        "coordinates": [
          126.99532575655549,
          37.57064402502595
        ]
      },
      "properties": {
        "tls_id": "7199553987",
        "node_id": "7199553987",
        "junction_id": "7199553987",
        "lon": 126.99532575655549,
        "lat": 37.57064402502595,
        "controlled_link_count": 6,
        "program_count": 1,
        "phase_count": 4,
        "inside_analysis_bbox": true
      }
    },
    {
      "type": "Feature",
      "geometry": {
        "type": "Point",
        "coordinates": [
          126.98061814519012,
          37.555319497757914
        ]
      },
      "properties": {
        "tls_id": "7265413652",
        "node_id": "7265413652",
        "junction_id": "7265413652",
        "lon": 126.98061814519012,
        "lat": 37.555319497757914,
        "controlled_link_count": 1,
        "program_count": 1,
        "phase_count": 3,
        "inside_analysis_bbox": true
      }
    },
    {
      "type": "Feature",
      "geometry": {
        "type": "Point",
        "coordinates": [
          126.98793619898433,
          37.564295660568305
        ]
      },
      "properties": {
        "tls_id": "7311080426",
        "node_id": "7311080426",
        "junction_id": "7311080426",
        "lon": 126.98793619898433,
        "lat": 37.564295660568305,
        "controlled_link_count": 3,
        "program_count": 1,
        "phase_count": 3,
        "inside_analysis_bbox": true
      }
    },
    {
      "type": "Feature",
      "geometry": {
        "type": "Point",
        "coordinates": [
          126.99356431805077,
          37.56112575343075
        ]
      },
      "properties": {
        "tls_id": "7335400049",
        "node_id": "7335400049",
        "junction_id": "7335400049",
        "lon": 126.99356431805077,
        "lat": 37.56112575343075,
        "controlled_link_count": 0,
        "program_count": 0,
        "phase_count": 0,
        "inside_analysis_bbox": true
      }
    },
    {
      "type": "Feature",
      "geometry": {
        "type": "Point",
        "coordinates": [
          127.00198938223977,
          37.562985052479284
        ]
      },
      "properties": {
        "tls_id": "7335400058",
        "node_id": "7335400058",
        "junction_id": "7335400058",
        "lon": 127.00198938223977,
        "lat": 37.562985052479284,
        "controlled_link_count": 0,
        "program_count": 0,
        "phase_count": 0,
        "inside_analysis_bbox": true
      }
    },
    {
      "type": "Feature",
      "geometry": {
        "type": "Point",
        "coordinates": [
          127.0091053138173,
          37.56807614581427
        ]
      },
      "properties": {
        "tls_id": "8209566040",
        "node_id": "8209566040",
        "junction_id": "8209566040",
        "lon": 127.0091053138173,
        "lat": 37.56807614581427,
        "controlled_link_count": 2,
        "program_count": 1,
        "phase_count": 3,
        "inside_analysis_bbox": true
      }
    },
    {
      "type": "Feature",
      "geometry": {
        "type": "Point",
        "coordinates": [
          127.00919394816519,
          37.568042764044584
        ]
      },
      "properties": {
        "tls_id": "8209566041",
        "node_id": "8209566041",
        "junction_id": "8209566041",
        "lon": 127.00919394816519,
        "lat": 37.568042764044584,
        "controlled_link_count": 4,
        "program_count": 1,
        "phase_count": 3,
        "inside_analysis_bbox": true
      }
    },
    {
      "type": "Feature",
      "geometry": {
        "type": "Point",
        "coordinates": [
          127.02570046254765,
          37.56753546824761
        ]
      },
      "properties": {
        "tls_id": "8360681764",
        "node_id": "8360681764",
        "junction_id": "8360681764",
        "lon": 127.02570046254765,
        "lat": 37.56753546824761,
        "controlled_link_count": 1,
        "program_count": 1,
        "phase_count": 3,
        "inside_analysis_bbox": false
      }
    },
    {
      "type": "Feature",
      "geometry": {
        "type": "Point",
        "coordinates": [
          126.97755456493981,
          37.57014460137205
        ]
      },
      "properties": {
        "tls_id": "8380350230",
        "node_id": "8380350230",
        "junction_id": "8380350230",
        "lon": 126.97755456493981,
        "lat": 37.57014460137205,
        "controlled_link_count": 0,
        "program_count": 0,
        "phase_count": 0,
        "inside_analysis_bbox": true
      }
    },
    {
      "type": "Feature",
      "geometry": {
        "type": "Point",
        "coordinates": [
          127.00266780471203,
          37.56206738334141
        ]
      },
      "properties": {
        "tls_id": "8487751470",
        "node_id": "8487751470",
        "junction_id": "8487751470",
        "lon": 127.00266780471203,
        "lat": 37.56206738334141,
        "controlled_link_count": 11,
        "program_count": 1,
        "phase_count": 4,
        "inside_analysis_bbox": true
      }
    },
    {
      "type": "Feature",
      "geometry": {
        "type": "Point",
        "coordinates": [
          126.97708794874058,
          37.57041336517619
        ]
      },
      "properties": {
        "tls_id": "8573233710",
        "node_id": "8573233710",
        "junction_id": "8573233710",
        "lon": 126.97708794874058,
        "lat": 37.57041336517619,
        "controlled_link_count": 0,
        "program_count": 0,
        "phase_count": 0,
        "inside_analysis_bbox": true
      }
    },
    {
      "type": "Feature",
      "geometry": {
        "type": "Point",
        "coordinates": [
          126.99528281001956,
          37.5705144219882
        ]
      },
      "properties": {
        "tls_id": "871804265",
        "node_id": "871804265",
        "junction_id": "871804265",
        "lon": 126.99528281001956,
        "lat": 37.5705144219882,
        "controlled_link_count": 7,
        "program_count": 1,
        "phase_count": 4,
        "inside_analysis_bbox": true
      }
    },
    {
      "type": "Feature",
      "geometry": {
        "type": "Point",
        "coordinates": [
          126.9769010147322,
          37.57027957514899
        ]
      },
      "properties": {
        "tls_id": "9680103619",
        "node_id": "9680103619",
        "junction_id": "9680103619",
        "lon": 126.9769010147322,
        "lat": 37.57027957514899,
        "controlled_link_count": 0,
        "program_count": 0,
        "phase_count": 0,
        "inside_analysis_bbox": true
      }
    },
    {
      "type": "Feature",
      "geometry": {
        "type": "Point",
        "coordinates": [
          126.9831560005039,
          37.55106960144604
        ]
      },
      "properties": {
        "tls_id": "9913921973",
        "node_id": "9913921973",
        "junction_id": "9913921973",
        "lon": 126.9831560005039,
        "lat": 37.55106960144604,
        "controlled_link_count": 4,
        "program_count": 1,
        "phase_count": 3,
        "inside_analysis_bbox": true
      }
    },
    {
      "type": "Feature",
      "geometry": {
        "type": "Point",
        "coordinates": [
          126.97723650050023,
          37.57530506693383
        ]
      },
      "properties": {
        "tls_id": "9935071276",
        "node_id": "9935071276",
        "junction_id": "9935071276",
        "lon": 126.97723650050023,
        "lat": 37.57530506693383,
        "controlled_link_count": 0,
        "program_count": 0,
        "phase_count": 0,
        "inside_analysis_bbox": true
      }
    },
    {
      "type": "Feature",
      "geometry": {
        "type": "Point",
        "coordinates": [
          126.97721670932468,
          37.57529580569776
        ]
      },
      "properties": {
        "tls_id": "9935071300",
        "node_id": "9935071300",
        "junction_id": "9935071300",
        "lon": 126.97721670932468,
        "lat": 37.57529580569776,
        "controlled_link_count": 0,
        "program_count": 0,
        "phase_count": 0,
        "inside_analysis_bbox": true
      }
    },
    {
      "type": "Feature",
      "geometry": {
        "type": "Point",
        "coordinates": [
          126.97729263974486,
          37.57523059798422
        ]
      },
      "properties": {
        "tls_id": "9935096219",
        "node_id": "9935096219",
        "junction_id": "9935096219",
        "lon": 126.97729263974486,
        "lat": 37.57523059798422,
        "controlled_link_count": 0,
        "program_count": 0,
        "phase_count": 0,
        "inside_analysis_bbox": true
      }
    },
    {
      "type": "Feature",
      "geometry": {
        "type": "Point",
        "coordinates": [
          127.00102737792483,
          37.570838345992875
        ]
      },
      "properties": {
        "tls_id": "cluster_10069290442_9357313748",
        "node_id": "cluster_10069290442_9357313748",
        "junction_id": "cluster_10069290442_9357313748",
        "lon": 127.00102737792483,
        "lat": 37.570838345992875,
        "controlled_link_count": 0,
        "program_count": 0,
        "phase_count": 0,
        "inside_analysis_bbox": true
      }
    },
    {
      "type": "Feature",
      "geometry": {
        "type": "Point",
        "coordinates": [
          126.96900468936457,
          37.55523305134281
        ]
      },
      "properties": {
        "tls_id": "cluster_10185125540_10185125578_10185125581_11139376903_#18more",
        "node_id": "cluster_10185125540_10185125578_10185125581_11139376903_#18more",
        "junction_id": "cluster_10185125540_10185125578_10185125581_11139376903_#18more",
        "lon": 126.96900468936457,
        "lat": 37.55523305134281,
        "controlled_link_count": 13,
        "program_count": 1,
        "phase_count": 6,
        "inside_analysis_bbox": true
      }
    },
    {
      "type": "Feature",
      "geometry": {
        "type": "Point",
        "coordinates": [
          126.97729661326963,
          37.57312534939432
        ]
      },
      "properties": {
        "tls_id": "cluster_10210149038_4141081204",
        "node_id": "cluster_10210149038_4141081204",
        "junction_id": "cluster_10210149038_4141081204",
        "lon": 126.97729661326963,
        "lat": 37.57312534939432,
        "controlled_link_count": 16,
        "program_count": 1,
        "phase_count": 4,
        "inside_analysis_bbox": true
      }
    },
    {
      "type": "Feature",
      "geometry": {
        "type": "Point",
        "coordinates": [
          126.99982627120784,
          37.57099165777824
        ]
      },
      "properties": {
        "tls_id": "cluster_10300422191_11175869503_8299072704",
        "node_id": "cluster_10300422191_11175869503_8299072704",
        "junction_id": "cluster_10300422191_11175869503_8299072704",
        "lon": 126.99982627120784,
        "lat": 37.57099165777824,
        "controlled_link_count": 7,
        "program_count": 1,
        "phase_count": 4,
        "inside_analysis_bbox": true
      }
    },
    {
      "type": "Feature",
      "geometry": {
        "type": "Point",
        "coordinates": [
          127.0002720447578,
          37.571029403262806
        ]
      },
      "properties": {
        "tls_id": "cluster_10300422193_2376659695",
        "node_id": "cluster_10300422193_2376659695",
        "junction_id": "cluster_10300422193_2376659695",
        "lon": 127.0002720447578,
        "lat": 37.571029403262806,
        "controlled_link_count": 7,
        "program_count": 1,
        "phase_count": 4,
        "inside_analysis_bbox": true
      }
    },
    {
      "type": "Feature",
      "geometry": {
        "type": "Point",
        "coordinates": [
          126.99873394265724,
          37.57091329765016
        ]
      },
      "properties": {
        "tls_id": "cluster_10300433336_10300433337_10300433338_10300433339_#1more",
        "node_id": "cluster_10300433336_10300433337_10300433338_10300433339_#1more",
        "junction_id": "cluster_10300433336_10300433337_10300433338_10300433339_#1more",
        "lon": 126.99873394265724,
        "lat": 37.57091329765016,
        "controlled_link_count": 10,
        "program_count": 1,
        "phase_count": 6,
        "inside_analysis_bbox": true
      }
    },
    {
      "type": "Feature",
      "geometry": {
        "type": "Point",
        "coordinates": [
          126.97412890203735,
          37.57696747833343
        ]
      },
      "properties": {
        "tls_id": "cluster_10678236510_10678236517_10678236518",
        "node_id": "cluster_10678236510_10678236517_10678236518",
        "junction_id": "cluster_10678236510_10678236517_10678236518",
        "lon": 126.97412890203735,
        "lat": 37.57696747833343,
        "controlled_link_count": 15,
        "program_count": 1,
        "phase_count": 4,
        "inside_analysis_bbox": true
      }
    },
    {
      "type": "Feature",
      "geometry": {
        "type": "Point",
        "coordinates": [
          126.97295942441491,
          37.57594479931926
        ]
      },
      "properties": {
        "tls_id": "cluster_10678236547_11202852326_3100323901",
        "node_id": "cluster_10678236547_11202852326_3100323901",
        "junction_id": "cluster_10678236547_11202852326_3100323901",
        "lon": 126.97295942441491,
        "lat": 37.57594479931926,
        "controlled_link_count": 0,
        "program_count": 0,
        "phase_count": 0,
        "inside_analysis_bbox": true
      }
    },
    {
      "type": "Feature",
      "geometry": {
        "type": "Point",
        "coordinates": [
          127.02334848687823,
          37.57199623486075
        ]
      },
      "properties": {
        "tls_id": "cluster_10716511577_13345282176_13345282187_8357165099_#4more",
        "node_id": "cluster_10716511577_13345282176_13345282187_8357165099_#4more",
        "junction_id": "cluster_10716511577_13345282176_13345282187_8357165099_#4more",
        "lon": 127.02334848687823,
        "lat": 37.57199623486075,
        "controlled_link_count": 36,
        "program_count": 1,
        "phase_count": 6,
        "inside_analysis_bbox": true
      }
    },
    {
      "type": "Feature",
      "geometry": {
        "type": "Point",
        "coordinates": [
          126.96885553565716,
          37.57561315035378
        ]
      },
      "properties": {
        "tls_id": "cluster_10726078215_11202908599_2064388666_2930525581",
        "node_id": "cluster_10726078215_11202908599_2064388666_2930525581",
        "junction_id": "cluster_10726078215_11202908599_2064388666_2930525581",
        "lon": 126.96885553565716,
        "lat": 37.57561315035378,
        "controlled_link_count": 0,
        "program_count": 0,
        "phase_count": 0,
        "inside_analysis_bbox": true
      }
    },
    {
      "type": "Feature",
      "geometry": {
        "type": "Point",
        "coordinates": [
          126.96672548607823,
          37.565811326923566
        ]
      },
      "properties": {
        "tls_id": "cluster_10974491704_10974501405_10974501472_10974501473_#7more",
        "node_id": "cluster_10974491704_10974501405_10974501472_10974501473_#7more",
        "junction_id": "cluster_10974491704_10974501405_10974501472_10974501473_#7more",
        "lon": 126.96672548607823,
        "lat": 37.565811326923566,
        "controlled_link_count": 0,
        "program_count": 0,
        "phase_count": 0,
        "inside_analysis_bbox": true
      }
    },
    {
      "type": "Feature",
      "geometry": {
        "type": "Point",
        "coordinates": [
          126.9669360021648,
          37.56531820704842
        ]
      },
      "properties": {
        "tls_id": "cluster_10974501411_11252413258",
        "node_id": "cluster_10974501411_11252413258",
        "junction_id": "cluster_10974501411_11252413258",
        "lon": 126.9669360021648,
        "lat": 37.56531820704842,
        "controlled_link_count": 14,
        "program_count": 1,
        "phase_count": 4,
        "inside_analysis_bbox": true
      }
    },
    {
      "type": "Feature",
      "geometry": {
        "type": "Point",
        "coordinates": [
          126.96721964896237,
          37.56659100513503
        ]
      },
      "properties": {
        "tls_id": "cluster_10974501448_2463698174",
        "node_id": "cluster_10974501448_2463698174",
        "junction_id": "cluster_10974501448_2463698174",
        "lon": 126.96721964896237,
        "lat": 37.56659100513503,
        "controlled_link_count": 7,
        "program_count": 1,
        "phase_count": 4,
        "inside_analysis_bbox": true
      }
    },
    {
      "type": "Feature",
      "geometry": {
        "type": "Point",
        "coordinates": [
          126.96599567382955,
          37.566336592189494
        ]
      },
      "properties": {
        "tls_id": "cluster_10974501502_10974501506_3967108625",
        "node_id": "cluster_10974501502_10974501506_3967108625",
        "junction_id": "cluster_10974501502_10974501506_3967108625",
        "lon": 126.96599567382955,
        "lat": 37.566336592189494,
        "controlled_link_count": 15,
        "program_count": 1,
        "phase_count": 4,
        "inside_analysis_bbox": true
      }
    },
    {
      "type": "Feature",
      "geometry": {
        "type": "Point",
        "coordinates": [
          126.98766072860151,
          37.5660928483223
        ]
      },
      "properties": {
        "tls_id": "cluster_11059719419_11203083979_11203083980_11203083983_#10more",
        "node_id": "cluster_11059719419_11203083979_11203083980_11203083983_#10more",
        "junction_id": "cluster_11059719419_11203083979_11203083980_11203083983_#10more",
        "lon": 126.98766072860151,
        "lat": 37.5660928483223,
        "controlled_link_count": 0,
        "program_count": 0,
        "phase_count": 0,
        "inside_analysis_bbox": true
      }
    },
    {
      "type": "Feature",
      "geometry": {
        "type": "Point",
        "coordinates": [
          126.97298477482278,
          37.554076728325796
        ]
      },
      "properties": {
        "tls_id": "cluster_11059756892_11178710192_436879516",
        "node_id": "cluster_11059756892_11178710192_436879516",
        "junction_id": "cluster_11059756892_11178710192_436879516",
        "lon": 126.97298477482278,
        "lat": 37.554076728325796,
        "controlled_link_count": 0,
        "program_count": 0,
        "phase_count": 0,
        "inside_analysis_bbox": true
      }
    },
    {
      "type": "Feature",
      "geometry": {
        "type": "Point",
        "coordinates": [
          126.96977464858867,
          37.56194031382482
        ]
      },
      "properties": {
        "tls_id": "cluster_11059760990_11252413263_11252413264_11432129898_#5more",
        "node_id": "cluster_11059760990_11252413263_11252413264_11432129898_#5more",
        "junction_id": "cluster_11059760990_11252413263_11252413264_11432129898_#5more",
        "lon": 126.96977464858867,
        "lat": 37.56194031382482,
        "controlled_link_count": 49,
        "program_count": 1,
        "phase_count": 10,
        "inside_analysis_bbox": true
      }
    },
    {
      "type": "Feature",
      "geometry": {
        "type": "Point",
        "coordinates": [
          127.02365057383541,
          37.56782433319963
        ]
      },
      "properties": {
        "tls_id": "cluster_11125409419_11125409456_436830067_8111813374_#1more",
        "node_id": "cluster_11125409419_11125409456_436830067_8111813374_#1more",
        "junction_id": "cluster_11125409419_11125409456_436830067_8111813374_#1more",
        "lon": 127.02365057383541,
        "lat": 37.56782433319963,
        "controlled_link_count": 31,
        "program_count": 1,
        "phase_count": 8,
        "inside_analysis_bbox": true
      }
    },
    {
      "type": "Feature",
      "geometry": {
        "type": "Point",
        "coordinates": [
          126.97255075568887,
          37.55670027129956
        ]
      },
      "properties": {
        "tls_id": "cluster_11139302901_4704751520_5593950663_5593950669_#1more",
        "node_id": "cluster_11139302901_4704751520_5593950663_5593950669_#1more",
        "junction_id": "cluster_11139302901_4704751520_5593950663_5593950669_#1more",
        "lon": 126.97255075568887,
        "lat": 37.55670027129956,
        "controlled_link_count": 0,
        "program_count": 0,
        "phase_count": 0,
        "inside_analysis_bbox": true
      }
    },
    {
      "type": "Feature",
      "geometry": {
        "type": "Point",
        "coordinates": [
          126.97303815413754,
          37.55611726796951
        ]
      },
      "properties": {
        "tls_id": "cluster_11177413157_11178710207",
        "node_id": "cluster_11177413157_11178710207",
        "junction_id": "cluster_11177413157_11178710207",
        "lon": 126.97303815413754,
        "lat": 37.55611726796951,
        "controlled_link_count": 2,
        "program_count": 1,
        "phase_count": 3,
        "inside_analysis_bbox": true
      }
    },
    {
      "type": "Feature",
      "geometry": {
        "type": "Point",
        "coordinates": [
          126.97312440145676,
          37.556146957115715
        ]
      },
      "properties": {
        "tls_id": "cluster_11177413160_11177413161",
        "node_id": "cluster_11177413160_11177413161",
        "junction_id": "cluster_11177413160_11177413161",
        "lon": 126.97312440145676,
        "lat": 37.556146957115715,
        "controlled_link_count": 0,
        "program_count": 0,
        "phase_count": 0,
        "inside_analysis_bbox": true
      }
    },
    {
      "type": "Feature",
      "geometry": {
        "type": "Point",
        "coordinates": [
          126.97250816853368,
          37.554842592818275
        ]
      },
      "properties": {
        "tls_id": "cluster_11178710194_3390512493",
        "node_id": "cluster_11178710194_3390512493",
        "junction_id": "cluster_11178710194_3390512493",
        "lon": 126.97250816853368,
        "lat": 37.554842592818275,
        "controlled_link_count": 5,
        "program_count": 1,
        "phase_count": 3,
        "inside_analysis_bbox": true
      }
    },
    {
      "type": "Feature",
      "geometry": {
        "type": "Point",
        "coordinates": [
          126.97298601936023,
          37.554323231199895
        ]
      },
      "properties": {
        "tls_id": "cluster_11178710198_3390980819",
        "node_id": "cluster_11178710198_3390980819",
        "junction_id": "cluster_11178710198_3390980819",
        "lon": 126.97298601936023,
        "lat": 37.554323231199895,
        "controlled_link_count": 0,
        "program_count": 0,
        "phase_count": 0,
        "inside_analysis_bbox": true
      }
    },
    {
      "type": "Feature",
      "geometry": {
        "type": "Point",
        "coordinates": [
          126.98289455481421,
          37.575437878907124
        ]
      },
      "properties": {
        "tls_id": "cluster_11197972374_5853280339",
        "node_id": "cluster_11197972374_5853280339",
        "junction_id": "cluster_11197972374_5853280339",
        "lon": 126.98289455481421,
        "lat": 37.575437878907124,
        "controlled_link_count": 0,
        "program_count": 0,
        "phase_count": 0,
        "inside_analysis_bbox": true
      }
    },
    {
      "type": "Feature",
      "geometry": {
        "type": "Point",
        "coordinates": [
          126.97245868820241,
          37.57592493139407
        ]
      },
      "properties": {
        "tls_id": "cluster_11202852325_11202852327_13711390965_2064388667_#4more",
        "node_id": "cluster_11202852325_11202852327_13711390965_2064388667_#4more",
        "junction_id": "cluster_11202852325_11202852327_13711390965_2064388667_#4more",
        "lon": 126.97245868820241,
        "lat": 37.57592493139407,
        "controlled_link_count": 0,
        "program_count": 0,
        "phase_count": 0,
        "inside_analysis_bbox": true
      }
    },
    {
      "type": "Feature",
      "geometry": {
        "type": "Point",
        "coordinates": [
          126.9769376845118,
          37.56905410683658
        ]
      },
      "properties": {
        "tls_id": "cluster_11202869271_436877020",
        "node_id": "cluster_11202869271_436877020",
        "junction_id": "cluster_11202869271_436877020",
        "lon": 126.9769376845118,
        "lat": 37.56905410683658,
        "controlled_link_count": 15,
        "program_count": 1,
        "phase_count": 4,
        "inside_analysis_bbox": true
      }
    },
    {
      "type": "Feature",
      "geometry": {
        "type": "Point",
        "coordinates": [
          126.97894406874254,
          37.57587685386419
        ]
      },
      "properties": {
        "tls_id": "cluster_11202894932_5194567153",
        "node_id": "cluster_11202894932_5194567153",
        "junction_id": "cluster_11202894932_5194567153",
        "lon": 126.97894406874254,
        "lat": 37.57587685386419,
        "controlled_link_count": 0,
        "program_count": 0,
        "phase_count": 0,
        "inside_analysis_bbox": true
      }
    },
    {
      "type": "Feature",
      "geometry": {
        "type": "Point",
        "coordinates": [
          126.97427336180144,
          37.57580271213681
        ]
      },
      "properties": {
        "tls_id": "cluster_11202943786_11202943791_436850150_436850158_#1more",
        "node_id": "cluster_11202943786_11202943791_436850150_436850158_#1more",
        "junction_id": "cluster_11202943786_11202943791_436850150_436850158_#1more",
        "lon": 126.97427336180144,
        "lat": 37.57580271213681,
        "controlled_link_count": 14,
        "program_count": 1,
        "phase_count": 4,
        "inside_analysis_bbox": true
      }
    },
    {
      "type": "Feature",
      "geometry": {
        "type": "Point",
        "coordinates": [
          126.97592347395631,
          37.560612645050185
        ]
      },
      "properties": {
        "tls_id": "cluster_11203001806_11203001809_11203001810_11203001814_#12more",
        "node_id": "cluster_11203001806_11203001809_11203001810_11203001814_#12more",
        "junction_id": "cluster_11203001806_11203001809_11203001810_11203001814_#12more",
        "lon": 126.97592347395631,
        "lat": 37.560612645050185,
        "controlled_link_count": 0,
        "program_count": 0,
        "phase_count": 0,
        "inside_analysis_bbox": true
      }
    },
    {
      "type": "Feature",
      "geometry": {
        "type": "Point",
        "coordinates": [
          126.97567920995458,
          37.5602096693667
        ]
      },
      "properties": {
        "tls_id": "cluster_11203001812_13639573216_13721232723_13721232725_#1more",
        "node_id": "cluster_11203001812_13639573216_13721232723_13721232725_#1more",
        "junction_id": "cluster_11203001812_13639573216_13721232723_13721232725_#1more",
        "lon": 126.97567920995458,
        "lat": 37.5602096693667,
        "controlled_link_count": 0,
        "program_count": 0,
        "phase_count": 0,
        "inside_analysis_bbox": true
      }
    },
    {
      "type": "Feature",
      "geometry": {
        "type": "Point",
        "coordinates": [
          126.97580895629532,
          37.560209281277096
        ]
      },
      "properties": {
        "tls_id": "cluster_11203001813_13721232726",
        "node_id": "cluster_11203001813_13721232726",
        "junction_id": "cluster_11203001813_13721232726",
        "lon": 126.97580895629532,
        "lat": 37.560209281277096,
        "controlled_link_count": 0,
        "program_count": 0,
        "phase_count": 0,
        "inside_analysis_bbox": true
      }
    },
    {
      "type": "Feature",
      "geometry": {
        "type": "Point",
        "coordinates": [
          126.97536690536077,
          37.56055965982295
        ]
      },
      "properties": {
        "tls_id": "cluster_11203001815_1936511434_5851251259",
        "node_id": "cluster_11203001815_1936511434_5851251259",
        "junction_id": "cluster_11203001815_1936511434_5851251259",
        "lon": 126.97536690536077,
        "lat": 37.56055965982295,
        "controlled_link_count": 0,
        "program_count": 0,
        "phase_count": 0,
        "inside_analysis_bbox": true
      }
    },
    {
      "type": "Feature",
      "geometry": {
        "type": "Point",
        "coordinates": [
          126.98121610167797,
          37.56193678762406
        ]
      },
      "properties": {
        "tls_id": "cluster_11203041632_11203041633_11203041634_11203041635_#5more",
        "node_id": "cluster_11203041632_11203041633_11203041634_11203041635_#5more",
        "junction_id": "cluster_11203041632_11203041633_11203041634_11203041635_#5more",
        "lon": 126.98121610167797,
        "lat": 37.56193678762406,
        "controlled_link_count": 25,
        "program_count": 1,
        "phase_count": 8,
        "inside_analysis_bbox": true
      }
    },
    {
      "type": "Feature",
      "geometry": {
        "type": "Point",
        "coordinates": [
          126.98204014944584,
          37.56036375567233
        ]
      },
      "properties": {
        "tls_id": "cluster_11203052955_11203052956_11203052960_11203052961_#11more",
        "node_id": "cluster_11203052955_11203052956_11203052960_11203052961_#11more",
        "junction_id": "cluster_11203052955_11203052956_11203052960_11203052961_#11more",
        "lon": 126.98204014944584,
        "lat": 37.56036375567233,
        "controlled_link_count": 0,
        "program_count": 0,
        "phase_count": 0,
        "inside_analysis_bbox": true
      }
    },
    {
      "type": "Feature",
      "geometry": {
        "type": "Point",
        "coordinates": [
          126.9713730643142,
          37.559665567075456
        ]
      },
      "properties": {
        "tls_id": "cluster_11209914851_11209914852_11209914857_11209914858_#9more",
        "node_id": "cluster_11209914851_11209914852_11209914857_11209914858_#9more",
        "junction_id": "cluster_11209914851_11209914852_11209914857_11209914858_#9more",
        "lon": 126.9713730643142,
        "lat": 37.559665567075456,
        "controlled_link_count": 0,
        "program_count": 0,
        "phase_count": 0,
        "inside_analysis_bbox": true
      }
    },
    {
      "type": "Feature",
      "geometry": {
        "type": "Point",
        "coordinates": [
          126.96919449549647,
          37.557281436137096
        ]
      },
      "properties": {
        "tls_id": "cluster_11225407064_11225407065",
        "node_id": "cluster_11225407064_11225407065",
        "junction_id": "cluster_11225407064_11225407065",
        "lon": 126.96919449549647,
        "lat": 37.557281436137096,
        "controlled_link_count": 2,
        "program_count": 1,
        "phase_count": 3,
        "inside_analysis_bbox": true
      }
    },
    {
      "type": "Feature",
      "geometry": {
        "type": "Point",
        "coordinates": [
          126.96875839652648,
          37.55705367530752
        ]
      },
      "properties": {
        "tls_id": "cluster_11225407068_11225407069",
        "node_id": "cluster_11225407068_11225407069",
        "junction_id": "cluster_11225407068_11225407069",
        "lon": 126.96875839652648,
        "lat": 37.55705367530752,
        "controlled_link_count": 2,
        "program_count": 1,
        "phase_count": 3,
        "inside_analysis_bbox": true
      }
    },
    {
      "type": "Feature",
      "geometry": {
        "type": "Point",
        "coordinates": [
          126.96835231482747,
          37.5637850369801
        ]
      },
      "properties": {
        "tls_id": "cluster_11252413259_11252413260",
        "node_id": "cluster_11252413259_11252413260",
        "junction_id": "cluster_11252413259_11252413260",
        "lon": 126.96835231482747,
        "lat": 37.5637850369801,
        "controlled_link_count": 25,
        "program_count": 1,
        "phase_count": 6,
        "inside_analysis_bbox": true
      }
    },
    {
      "type": "Feature",
      "geometry": {
        "type": "Point",
        "coordinates": [
          126.97683569854725,
          37.56386030172602
        ]
      },
      "properties": {
        "tls_id": "cluster_11277565406_11277565407_11277565408_11277565409_#6more",
        "node_id": "cluster_11277565406_11277565407_11277565408_11277565409_#6more",
        "junction_id": "cluster_11277565406_11277565407_11277565408_11277565409_#6more",
        "lon": 126.97683569854725,
        "lat": 37.56386030172602,
        "controlled_link_count": 43,
        "program_count": 1,
        "phase_count": 8,
        "inside_analysis_bbox": true
      }
    },
    {
      "type": "Feature",
      "geometry": {
        "type": "Point",
        "coordinates": [
          126.9931796120411,
          37.56099574604017
        ]
      },
      "properties": {
        "tls_id": "cluster_11346754525_11346754526_2784736947_414685366_#2more",
        "node_id": "cluster_11346754525_11346754526_2784736947_414685366_#2more",
        "junction_id": "cluster_11346754525_11346754526_2784736947_414685366_#2more",
        "lon": 126.9931796120411,
        "lat": 37.56099574604017,
        "controlled_link_count": 0,
        "program_count": 0,
        "phase_count": 0,
        "inside_analysis_bbox": true
      }
    },
    {
      "type": "Feature",
      "geometry": {
        "type": "Point",
        "coordinates": [
          126.97730030309938,
          37.569469472431
        ]
      },
      "properties": {
        "tls_id": "cluster_11346791387_2697100727_436877046",
        "node_id": "cluster_11346791387_2697100727_436877046",
        "junction_id": "cluster_11346791387_2697100727_436877046",
        "lon": 126.97730030309938,
        "lat": 37.569469472431,
        "controlled_link_count": 15,
        "program_count": 1,
        "phase_count": 4,
        "inside_analysis_bbox": true
      }
    },
    {
      "type": "Feature",
      "geometry": {
        "type": "Point",
        "coordinates": [
          126.97596005438567,
          37.56189632730419
        ]
      },
      "properties": {
        "tls_id": "cluster_11347624895_11414286294",
        "node_id": "cluster_11347624895_11414286294",
        "junction_id": "cluster_11347624895_11414286294",
        "lon": 126.97596005438567,
        "lat": 37.56189632730419,
        "controlled_link_count": 20,
        "program_count": 1,
        "phase_count": 8,
        "inside_analysis_bbox": true
      }
    },
    {
      "type": "Feature",
      "geometry": {
        "type": "Point",
        "coordinates": [
          126.97621408815147,
          37.56256604826543
        ]
      },
      "properties": {
        "tls_id": "cluster_11414286309_7666741014",
        "node_id": "cluster_11414286309_7666741014",
        "junction_id": "cluster_11414286309_7666741014",
        "lon": 126.97621408815147,
        "lat": 37.56256604826543,
        "controlled_link_count": 0,
        "program_count": 0,
        "phase_count": 0,
        "inside_analysis_bbox": true
      }
    },
    {
      "type": "Feature",
      "geometry": {
        "type": "Point",
        "coordinates": [
          126.9769924042987,
          37.56713213146394
        ]
      },
      "properties": {
        "tls_id": "cluster_11414286330_13721232750_5851251267",
        "node_id": "cluster_11414286330_13721232750_5851251267",
        "junction_id": "cluster_11414286330_13721232750_5851251267",
        "lon": 126.9769924042987,
        "lat": 37.56713213146394,
        "controlled_link_count": 15,
        "program_count": 1,
        "phase_count": 4,
        "inside_analysis_bbox": true
      }
    },
    {
      "type": "Feature",
      "geometry": {
        "type": "Point",
        "coordinates": [
          126.97697205710594,
          37.56664134366497
        ]
      },
      "properties": {
        "tls_id": "cluster_11414286332_13012013152_13012013153_5851251266",
        "node_id": "cluster_11414286332_13012013152_13012013153_5851251266",
        "junction_id": "cluster_11414286332_13012013152_13012013153_5851251266",
        "lon": 126.97697205710594,
        "lat": 37.56664134366497,
        "controlled_link_count": 0,
        "program_count": 0,
        "phase_count": 0,
        "inside_analysis_bbox": true
      }
    },
    {
      "type": "Feature",
      "geometry": {
        "type": "Point",
        "coordinates": [
          126.96750962122545,
          37.561462527503906
        ]
      },
      "properties": {
        "tls_id": "cluster_11462447644_11462447645_11462447646_414685371_#1more",
        "node_id": "cluster_11462447644_11462447645_11462447646_414685371_#1more",
        "junction_id": "cluster_11462447644_11462447645_11462447646_414685371_#1more",
        "lon": 126.96750962122545,
        "lat": 37.561462527503906,
        "controlled_link_count": 8,
        "program_count": 1,
        "phase_count": 4,
        "inside_analysis_bbox": true
      }
    },
    {
      "type": "Feature",
      "geometry": {
        "type": "Point",
        "coordinates": [
          127.00637221443057,
          37.57120435438614
        ]
      },
      "properties": {
        "tls_id": "cluster_11821957963_2323328015",
        "node_id": "cluster_11821957963_2323328015",
        "junction_id": "cluster_11821957963_2323328015",
        "lon": 127.00637221443057,
        "lat": 37.57120435438614,
        "controlled_link_count": 7,
        "program_count": 1,
        "phase_count": 4,
        "inside_analysis_bbox": true
      }
    },
    {
      "type": "Feature",
      "geometry": {
        "type": "Point",
        "coordinates": [
          126.99008193639418,
          37.57736447511347
        ]
      },
      "properties": {
        "tls_id": "cluster_11987095811_11987095818_13735062345_13735062361_#2more",
        "node_id": "cluster_11987095811_11987095818_13735062345_13735062361_#2more",
        "junction_id": "cluster_11987095811_11987095818_13735062345_13735062361_#2more",
        "lon": 126.99008193639418,
        "lat": 37.57736447511347,
        "controlled_link_count": 11,
        "program_count": 1,
        "phase_count": 4,
        "inside_analysis_bbox": true
      }
    },
    {
      "type": "Feature",
      "geometry": {
        "type": "Point",
        "coordinates": [
          126.99678605298013,
          37.57900404921394
        ]
      },
      "properties": {
        "tls_id": "cluster_12194128597_7062515349",
        "node_id": "cluster_12194128597_7062515349",
        "junction_id": "cluster_12194128597_7062515349",
        "lon": 126.99678605298013,
        "lat": 37.57900404921394,
        "controlled_link_count": 3,
        "program_count": 1,
        "phase_count": 3,
        "inside_analysis_bbox": false
      }
    },
    {
      "type": "Feature",
      "geometry": {
        "type": "Point",
        "coordinates": [
          126.96903027153627,
          37.56797282299765
        ]
      },
      "properties": {
        "tls_id": "cluster_12234253870_5768158588",
        "node_id": "cluster_12234253870_5768158588",
        "junction_id": "cluster_12234253870_5768158588",
        "lon": 126.96903027153627,
        "lat": 37.56797282299765,
        "controlled_link_count": 0,
        "program_count": 0,
        "phase_count": 0,
        "inside_analysis_bbox": true
      }
    },
    {
      "type": "Feature",
      "geometry": {
        "type": "Point",
        "coordinates": [
          126.98212149617409,
          37.552275046738224
        ]
      },
      "properties": {
        "tls_id": "cluster_12628032829_12628032830_436830981_436856276",
        "node_id": "cluster_12628032829_12628032830_436830981_436856276",
        "junction_id": "cluster_12628032829_12628032830_436830981_436856276",
        "lon": 126.98212149617409,
        "lat": 37.552275046738224,
        "controlled_link_count": 17,
        "program_count": 1,
        "phase_count": 6,
        "inside_analysis_bbox": true
      }
    },
    {
      "type": "Feature",
      "geometry": {
        "type": "Point",
        "coordinates": [
          126.99925816305583,
          37.566538592227346
        ]
      },
      "properties": {
        "tls_id": "cluster_12785870414_3337522189",
        "node_id": "cluster_12785870414_3337522189",
        "junction_id": "cluster_12785870414_3337522189",
        "lon": 126.99925816305583,
        "lat": 37.566538592227346,
        "controlled_link_count": 9,
        "program_count": 1,
        "phase_count": 6,
        "inside_analysis_bbox": true
      }
    },
    {
      "type": "Feature",
      "geometry": {
        "type": "Point",
        "coordinates": [
          127.00666131835553,
          37.54763621671786
        ]
      },
      "properties": {
        "tls_id": "cluster_12857535717_12857535989",
        "node_id": "cluster_12857535717_12857535989",
        "junction_id": "cluster_12857535717_12857535989",
        "lon": 127.00666131835553,
        "lat": 37.54763621671786,
        "controlled_link_count": 4,
        "program_count": 1,
        "phase_count": 4,
        "inside_analysis_bbox": true
      }
    },
    {
      "type": "Feature",
      "geometry": {
        "type": "Point",
        "coordinates": [
          127.0033100054419,
          37.547085254497894
        ]
      },
      "properties": {
        "tls_id": "cluster_12997876952_12997876953",
        "node_id": "cluster_12997876952_12997876953",
        "junction_id": "cluster_12997876952_12997876953",
        "lon": 127.0033100054419,
        "lat": 37.547085254497894,
        "controlled_link_count": 1,
        "program_count": 1,
        "phase_count": 3,
        "inside_analysis_bbox": true
      }
    },
    {
      "type": "Feature",
      "geometry": {
        "type": "Point",
        "coordinates": [
          127.00311759857955,
          37.547373182840964
        ]
      },
      "properties": {
        "tls_id": "cluster_12997876954_287521281",
        "node_id": "cluster_12997876954_287521281",
        "junction_id": "cluster_12997876954_287521281",
        "lon": 127.00311759857955,
        "lat": 37.547373182840964,
        "controlled_link_count": 6,
        "program_count": 1,
        "phase_count": 4,
        "inside_analysis_bbox": true
      }
    },
    {
      "type": "Feature",
      "geometry": {
        "type": "Point",
        "coordinates": [
          126.97694683432658,
          37.568473253167
        ]
      },
      "properties": {
        "tls_id": "cluster_13012013150_1936511551",
        "node_id": "cluster_13012013150_1936511551",
        "junction_id": "cluster_13012013150_1936511551",
        "lon": 126.97694683432658,
        "lat": 37.568473253167,
        "controlled_link_count": 15,
        "program_count": 1,
        "phase_count": 4,
        "inside_analysis_bbox": true
      }
    },
    {
      "type": "Feature",
      "geometry": {
        "type": "Point",
        "coordinates": [
          126.962276064425,
          37.559476673875764
        ]
      },
      "properties": {
        "tls_id": "cluster_13088728331_13088728333_13381864786_5863307819",
        "node_id": "cluster_13088728331_13088728333_13381864786_5863307819",
        "junction_id": "cluster_13088728331_13088728333_13381864786_5863307819",
        "lon": 126.962276064425,
        "lat": 37.559476673875764,
        "controlled_link_count": 4,
        "program_count": 1,
        "phase_count": 3,
        "inside_analysis_bbox": false
      }
    },
    {
      "type": "Feature",
      "geometry": {
        "type": "Point",
        "coordinates": [
          127.0156386704769,
          37.57289702135494
        ]
      },
      "properties": {
        "tls_id": "cluster_13199967206_1939143751",
        "node_id": "cluster_13199967206_1939143751",
        "junction_id": "cluster_13199967206_1939143751",
        "lon": 127.0156386704769,
        "lat": 37.57289702135494,
        "controlled_link_count": 0,
        "program_count": 0,
        "phase_count": 0,
        "inside_analysis_bbox": true
      }
    },
    {
      "type": "Feature",
      "geometry": {
        "type": "Point",
        "coordinates": [
          127.01881322499518,
          37.57402515136291
        ]
      },
      "properties": {
        "tls_id": "cluster_13199967218_13199967253_3829174135",
        "node_id": "cluster_13199967218_13199967253_3829174135",
        "junction_id": "cluster_13199967218_13199967253_3829174135",
        "lon": 127.01881322499518,
        "lat": 37.57402515136291,
        "controlled_link_count": 6,
        "program_count": 1,
        "phase_count": 6,
        "inside_analysis_bbox": true
      }
    },
    {
      "type": "Feature",
      "geometry": {
        "type": "Point",
        "coordinates": [
          127.02129609495209,
          37.574697571381456
        ]
      },
      "properties": {
        "tls_id": "cluster_13199967236_13199967266_1939143893",
        "node_id": "cluster_13199967236_13199967266_1939143893",
        "junction_id": "cluster_13199967236_13199967266_1939143893",
        "lon": 127.02129609495209,
        "lat": 37.574697571381456,
        "controlled_link_count": 0,
        "program_count": 0,
        "phase_count": 0,
        "inside_analysis_bbox": true
      }
    },
    {
      "type": "Feature",
      "geometry": {
        "type": "Point",
        "coordinates": [
          127.01887075343299,
          37.57385822066316
        ]
      },
      "properties": {
        "tls_id": "cluster_13199967239_13199967254_1939143820",
        "node_id": "cluster_13199967239_13199967254_1939143820",
        "junction_id": "cluster_13199967239_13199967254_1939143820",
        "lon": 127.01887075343299,
        "lat": 37.57385822066316,
        "controlled_link_count": 0,
        "program_count": 0,
        "phase_count": 0,
        "inside_analysis_bbox": true
      }
    },
    {
      "type": "Feature",
      "geometry": {
        "type": "Point",
        "coordinates": [
          127.02330929292714,
          37.572960421017996
        ]
      },
      "properties": {
        "tls_id": "cluster_13202049287_13202101911_13345282173_13345282174_#2more",
        "node_id": "cluster_13202049287_13202101911_13345282173_13345282174_#2more",
        "junction_id": "cluster_13202049287_13202101911_13345282173_13345282174_#2more",
        "lon": 127.02330929292714,
        "lat": 37.572960421017996,
        "controlled_link_count": 12,
        "program_count": 1,
        "phase_count": 4,
        "inside_analysis_bbox": true
      }
    },
    {
      "type": "Feature",
      "geometry": {
        "type": "Point",
        "coordinates": [
          127.02321946668286,
          37.57453757742017
        ]
      },
      "properties": {
        "tls_id": "cluster_13202101906_13345282172_13345282186_2463632371_#1more",
        "node_id": "cluster_13202101906_13345282172_13345282186_2463632371_#1more",
        "junction_id": "cluster_13202101906_13345282172_13345282186_2463632371_#1more",
        "lon": 127.02321946668286,
        "lat": 37.57453757742017,
        "controlled_link_count": 12,
        "program_count": 1,
        "phase_count": 4,
        "inside_analysis_bbox": true
      }
    },
    {
      "type": "Feature",
      "geometry": {
        "type": "Point",
        "coordinates": [
          127.01585640782264,
          37.57005563424008
        ]
      },
      "properties": {
        "tls_id": "cluster_13204036881_414685903",
        "node_id": "cluster_13204036881_414685903",
        "junction_id": "cluster_13204036881_414685903",
        "lon": 127.01585640782264,
        "lat": 37.57005563424008,
        "controlled_link_count": 0,
        "program_count": 0,
        "phase_count": 0,
        "inside_analysis_bbox": true
      }
    },
    {
      "type": "Feature",
      "geometry": {
        "type": "Point",
        "coordinates": [
          127.0123570123608,
          37.571955356838515
        ]
      },
      "properties": {
        "tls_id": "cluster_13204036899_13204084925_1939143717",
        "node_id": "cluster_13204036899_13204084925_1939143717",
        "junction_id": "cluster_13204036899_13204084925_1939143717",
        "lon": 127.0123570123608,
        "lat": 37.571955356838515,
        "controlled_link_count": 5,
        "program_count": 1,
        "phase_count": 4,
        "inside_analysis_bbox": true
      }
    },
    {
      "type": "Feature",
      "geometry": {
        "type": "Point",
        "coordinates": [
          127.010924861735,
          37.57162598423884
        ]
      },
      "properties": {
        "tls_id": "cluster_13204084902_13204084903_2376668250_3274291454",
        "node_id": "cluster_13204084902_13204084903_2376668250_3274291454",
        "junction_id": "cluster_13204084902_13204084903_2376668250_3274291454",
        "lon": 127.010924861735,
        "lat": 37.57162598423884,
        "controlled_link_count": 12,
        "program_count": 1,
        "phase_count": 4,
        "inside_analysis_bbox": true
      }
    },
    {
      "type": "Feature",
      "geometry": {
        "type": "Point",
        "coordinates": [
          127.01926817583222,
          37.563229363121295
        ]
      },
      "properties": {
        "tls_id": "cluster_1326096594_1326096599",
        "node_id": "cluster_1326096594_1326096599",
        "junction_id": "cluster_1326096594_1326096599",
        "lon": 127.01926817583222,
        "lat": 37.563229363121295,
        "controlled_link_count": 20,
        "program_count": 1,
        "phase_count": 6,
        "inside_analysis_bbox": true
      }
    },
    {
      "type": "Feature",
      "geometry": {
        "type": "Point",
        "coordinates": [
          127.01357232855351,
          37.56463145133679
        ]
      },
      "properties": {
        "tls_id": "cluster_1326096615_3849700763",
        "node_id": "cluster_1326096615_3849700763",
        "junction_id": "cluster_1326096615_3849700763",
        "lon": 127.01357232855351,
        "lat": 37.56463145133679,
        "controlled_link_count": 20,
        "program_count": 1,
        "phase_count": 6,
        "inside_analysis_bbox": true
      }
    },
    {
      "type": "Feature",
      "geometry": {
        "type": "Point",
        "coordinates": [
          126.98307161114131,
          37.551109615225876
        ]
      },
      "properties": {
        "tls_id": "cluster_13339947047_13339947051_13339947055",
        "node_id": "cluster_13339947047_13339947051_13339947055",
        "junction_id": "cluster_13339947047_13339947051_13339947055",
        "lon": 126.98307161114131,
        "lat": 37.551109615225876,
        "controlled_link_count": 5,
        "program_count": 1,
        "phase_count": 3,
        "inside_analysis_bbox": true
      }
    },
    {
      "type": "Feature",
      "geometry": {
        "type": "Point",
        "coordinates": [
          127.00257205211726,
          37.56318552262348
        ]
      },
      "properties": {
        "tls_id": "cluster_13348213189_13348213190_13348213191_4273893706_#1more",
        "node_id": "cluster_13348213189_13348213190_13348213191_4273893706_#1more",
        "junction_id": "cluster_13348213189_13348213190_13348213191_4273893706_#1more",
        "lon": 127.00257205211726,
        "lat": 37.56318552262348,
        "controlled_link_count": 0,
        "program_count": 0,
        "phase_count": 0,
        "inside_analysis_bbox": true
      }
    },
    {
      "type": "Feature",
      "geometry": {
        "type": "Point",
        "coordinates": [
          127.00236469714469,
          37.564569523512084
        ]
      },
      "properties": {
        "tls_id": "cluster_13348293702_13348293703_414685829",
        "node_id": "cluster_13348293702_13348293703_414685829",
        "junction_id": "cluster_13348293702_13348293703_414685829",
        "lon": 127.00236469714469,
        "lat": 37.564569523512084,
        "controlled_link_count": 14,
        "program_count": 1,
        "phase_count": 4,
        "inside_analysis_bbox": true
      }
    },
    {
      "type": "Feature",
      "geometry": {
        "type": "Point",
        "coordinates": [
          126.99729894995723,
          37.576014331507636
        ]
      },
      "properties": {
        "tls_id": "cluster_13372915938_13735062364_414685953_5194567130_#1more",
        "node_id": "cluster_13372915938_13735062364_414685953_5194567130_#1more",
        "junction_id": "cluster_13372915938_13735062364_414685953_5194567130_#1more",
        "lon": 126.99729894995723,
        "lat": 37.576014331507636,
        "controlled_link_count": 21,
        "program_count": 1,
        "phase_count": 8,
        "inside_analysis_bbox": true
      }
    },
    {
      "type": "Feature",
      "geometry": {
        "type": "Point",
        "coordinates": [
          126.97407278891217,
          37.558621746391104
        ]
      },
      "properties": {
        "tls_id": "cluster_13721232721_5161705573_7195225083",
        "node_id": "cluster_13721232721_5161705573_7195225083",
        "junction_id": "cluster_13721232721_5161705573_7195225083",
        "lon": 126.97407278891217,
        "lat": 37.558621746391104,
        "controlled_link_count": 13,
        "program_count": 1,
        "phase_count": 8,
        "inside_analysis_bbox": true
      }
    },
    {
      "type": "Feature",
      "geometry": {
        "type": "Point",
        "coordinates": [
          127.01587110773248,
          37.56957850723782
        ]
      },
      "properties": {
        "tls_id": "cluster_1636410225_8508478937",
        "node_id": "cluster_1636410225_8508478937",
        "junction_id": "cluster_1636410225_8508478937",
        "lon": 127.01587110773248,
        "lat": 37.56957850723782,
        "controlled_link_count": 0,
        "program_count": 0,
        "phase_count": 0,
        "inside_analysis_bbox": true
      }
    },
    {
      "type": "Feature",
      "geometry": {
        "type": "Point",
        "coordinates": [
          127.02389955153839,
          37.57518342448182
        ]
      },
      "properties": {
        "tls_id": "cluster_1939143915_5191899944",
        "node_id": "cluster_1939143915_5191899944",
        "junction_id": "cluster_1939143915_5191899944",
        "lon": 127.02389955153839,
        "lat": 37.57518342448182,
        "controlled_link_count": 3,
        "program_count": 1,
        "phase_count": 3,
        "inside_analysis_bbox": true
      }
    },
    {
      "type": "Feature",
      "geometry": {
        "type": "Point",
        "coordinates": [
          126.9844488023427,
          37.5701280046423
        ]
      },
      "properties": {
        "tls_id": "cluster_1945254891_5973693848",
        "node_id": "cluster_1945254891_5973693848",
        "junction_id": "cluster_1945254891_5973693848",
        "lon": 126.9844488023427,
        "lat": 37.5701280046423,
        "controlled_link_count": 12,
        "program_count": 1,
        "phase_count": 6,
        "inside_analysis_bbox": true
      }
    },
    {
      "type": "Feature",
      "geometry": {
        "type": "Point",
        "coordinates": [
          126.9964258387349,
          37.57076652750064
        ]
      },
      "properties": {
        "tls_id": "cluster_1945255000_7199553977",
        "node_id": "cluster_1945255000_7199553977",
        "junction_id": "cluster_1945255000_7199553977",
        "lon": 126.9964258387349,
        "lat": 37.57076652750064,
        "controlled_link_count": 9,
        "program_count": 1,
        "phase_count": 4,
        "inside_analysis_bbox": true
      }
    },
    {
      "type": "Feature",
      "geometry": {
        "type": "Point",
        "coordinates": [
          126.97730753958153,
          37.572721524158474
        ]
      },
      "properties": {
        "tls_id": "cluster_2309502788_9935096228",
        "node_id": "cluster_2309502788_9935096228",
        "junction_id": "cluster_2309502788_9935096228",
        "lon": 126.97730753958153,
        "lat": 37.572721524158474,
        "controlled_link_count": 14,
        "program_count": 1,
        "phase_count": 8,
        "inside_analysis_bbox": true
      }
    },
    {
      "type": "Feature",
      "geometry": {
        "type": "Point",
        "coordinates": [
          126.9809997551372,
          37.57034815008336
        ]
      },
      "properties": {
        "tls_id": "cluster_2309513944_2309513946",
        "node_id": "cluster_2309513944_2309513946",
        "junction_id": "cluster_2309513944_2309513946",
        "lon": 126.9809997551372,
        "lat": 37.57034815008336,
        "controlled_link_count": 7,
        "program_count": 1,
        "phase_count": 4,
        "inside_analysis_bbox": true
      }
    },
    {
      "type": "Feature",
      "geometry": {
        "type": "Point",
        "coordinates": [
          126.96930341305828,
          37.57707009229875
        ]
      },
      "properties": {
        "tls_id": "cluster_2320929928_7863643231",
        "node_id": "cluster_2320929928_7863643231",
        "junction_id": "cluster_2320929928_7863643231",
        "lon": 126.96930341305828,
        "lat": 37.57707009229875,
        "controlled_link_count": 9,
        "program_count": 1,
        "phase_count": 6,
        "inside_analysis_bbox": true
      }
    },
    {
      "type": "Feature",
      "geometry": {
        "type": "Point",
        "coordinates": [
          127.00488614175065,
          37.5725110536184
        ]
      },
      "properties": {
        "tls_id": "cluster_2323328011_3844548459",
        "node_id": "cluster_2323328011_3844548459",
        "junction_id": "cluster_2323328011_3844548459",
        "lon": 127.00488614175065,
        "lat": 37.5725110536184,
        "controlled_link_count": 20,
        "program_count": 1,
        "phase_count": 9,
        "inside_analysis_bbox": true
      }
    },
    {
      "type": "Feature",
      "geometry": {
        "type": "Point",
        "coordinates": [
          126.99130142001269,
          37.56292402341828
        ]
      },
      "properties": {
        "tls_id": "cluster_2374692784_2374692803",
        "node_id": "cluster_2374692784_2374692803",
        "junction_id": "cluster_2374692784_2374692803",
        "lon": 126.99130142001269,
        "lat": 37.56292402341828,
        "controlled_link_count": 20,
        "program_count": 1,
        "phase_count": 8,
        "inside_analysis_bbox": true
      }
    },
    {
      "type": "Feature",
      "geometry": {
        "type": "Point",
        "coordinates": [
          127.0103144717035,
          37.57664555378025
        ]
      },
      "properties": {
        "tls_id": "cluster_2376663976_4170209776",
        "node_id": "cluster_2376663976_4170209776",
        "junction_id": "cluster_2376663976_4170209776",
        "lon": 127.0103144717035,
        "lat": 37.57664555378025,
        "controlled_link_count": 20,
        "program_count": 1,
        "phase_count": 9,
        "inside_analysis_bbox": true
      }
    },
    {
      "type": "Feature",
      "geometry": {
        "type": "Point",
        "coordinates": [
          127.02190394191591,
          37.56894943838731
        ]
      },
      "properties": {
        "tls_id": "cluster_2376668224_3849749079",
        "node_id": "cluster_2376668224_3849749079",
        "junction_id": "cluster_2376668224_3849749079",
        "lon": 127.02190394191591,
        "lat": 37.56894943838731,
        "controlled_link_count": 20,
        "program_count": 1,
        "phase_count": 7,
        "inside_analysis_bbox": true
      }
    },
    {
      "type": "Feature",
      "geometry": {
        "type": "Point",
        "coordinates": [
          126.97993971743568,
          37.57009416209596
        ]
      },
      "properties": {
        "tls_id": "cluster_2420018399_5973693844",
        "node_id": "cluster_2420018399_5973693844",
        "junction_id": "cluster_2420018399_5973693844",
        "lon": 126.97993971743568,
        "lat": 37.57009416209596,
        "controlled_link_count": 10,
        "program_count": 1,
        "phase_count": 6,
        "inside_analysis_bbox": true
      }
    },
    {
      "type": "Feature",
      "geometry": {
        "type": "Point",
        "coordinates": [
          126.98689759087715,
          37.57013195325435
        ]
      },
      "properties": {
        "tls_id": "cluster_2420018400_5973693850",
        "node_id": "cluster_2420018400_5973693850",
        "junction_id": "cluster_2420018400_5973693850",
        "lon": 126.98689759087715,
        "lat": 37.57013195325435,
        "controlled_link_count": 10,
        "program_count": 1,
        "phase_count": 6,
        "inside_analysis_bbox": true
      }
    },
    {
      "type": "Feature",
      "geometry": {
        "type": "Point",
        "coordinates": [
          126.98220165118231,
          37.57034689804745
        ]
      },
      "properties": {
        "tls_id": "cluster_2420018401_2420018414",
        "node_id": "cluster_2420018401_2420018414",
        "junction_id": "cluster_2420018401_2420018414",
        "lon": 126.98220165118231,
        "lat": 37.57034689804745,
        "controlled_link_count": 7,
        "program_count": 1,
        "phase_count": 4,
        "inside_analysis_bbox": true
      }
    },
    {
      "type": "Feature",
      "geometry": {
        "type": "Point",
        "coordinates": [
          127.00295336111841,
          37.55910658594475
        ]
      },
      "properties": {
        "tls_id": "cluster_2515564080_436883154",
        "node_id": "cluster_2515564080_436883154",
        "junction_id": "cluster_2515564080_436883154",
        "lon": 127.00295336111841,
        "lat": 37.55910658594475,
        "controlled_link_count": 0,
        "program_count": 0,
        "phase_count": 0,
        "inside_analysis_bbox": true
      }
    },
    {
      "type": "Feature",
      "geometry": {
        "type": "Point",
        "coordinates": [
          126.97254874892337,
          37.57012025649964
        ]
      },
      "properties": {
        "tls_id": "cluster_287631232_287712330",
        "node_id": "cluster_287631232_287712330",
        "junction_id": "cluster_287631232_287712330",
        "lon": 126.97254874892337,
        "lat": 37.57012025649964,
        "controlled_link_count": 18,
        "program_count": 1,
        "phase_count": 4,
        "inside_analysis_bbox": true
      }
    },
    {
      "type": "Feature",
      "geometry": {
        "type": "Point",
        "coordinates": [
          126.99376537242694,
          37.570628952802046
        ]
      },
      "properties": {
        "tls_id": "cluster_3251228208_3361809853",
        "node_id": "cluster_3251228208_3361809853",
        "junction_id": "cluster_3251228208_3361809853",
        "lon": 126.99376537242694,
        "lat": 37.570628952802046,
        "controlled_link_count": 7,
        "program_count": 1,
        "phase_count": 4,
        "inside_analysis_bbox": true
      }
    },
    {
      "type": "Feature",
      "geometry": {
        "type": "Point",
        "coordinates": [
          126.97553691799286,
          37.54704141504232
        ]
      },
      "properties": {
        "tls_id": "cluster_3516297744_3516297750_3873291097",
        "node_id": "cluster_3516297744_3516297750_3873291097",
        "junction_id": "cluster_3516297744_3516297750_3873291097",
        "lon": 126.97553691799286,
        "lat": 37.54704141504232,
        "controlled_link_count": 20,
        "program_count": 1,
        "phase_count": 9,
        "inside_analysis_bbox": true
      }
    },
    {
      "type": "Feature",
      "geometry": {
        "type": "Point",
        "coordinates": [
          127.02399018362107,
          37.54783999499586
        ]
      },
      "properties": {
        "tls_id": "cluster_3807096446_3807096479",
        "node_id": "cluster_3807096446_3807096479",
        "junction_id": "cluster_3807096446_3807096479",
        "lon": 127.02399018362107,
        "lat": 37.54783999499586,
        "controlled_link_count": 20,
        "program_count": 1,
        "phase_count": 8,
        "inside_analysis_bbox": true
      }
    },
    {
      "type": "Feature",
      "geometry": {
        "type": "Point",
        "coordinates": [
          126.9685090555563,
          37.54704323009287
        ]
      },
      "properties": {
        "tls_id": "cluster_3807474898_3807474900_4595021038",
        "node_id": "cluster_3807474898_3807474900_4595021038",
        "junction_id": "cluster_3807474898_3807474900_4595021038",
        "lon": 126.9685090555563,
        "lat": 37.54704323009287,
        "controlled_link_count": 20,
        "program_count": 1,
        "phase_count": 9,
        "inside_analysis_bbox": true
      }
    },
    {
      "type": "Feature",
      "geometry": {
        "type": "Point",
        "coordinates": [
          126.99285975235644,
          37.5706015668302
        ]
      },
      "properties": {
        "tls_id": "cluster_3833429844_4197560899",
        "node_id": "cluster_3833429844_4197560899",
        "junction_id": "cluster_3833429844_4197560899",
        "lon": 126.99285975235644,
        "lat": 37.5706015668302,
        "controlled_link_count": 7,
        "program_count": 1,
        "phase_count": 4,
        "inside_analysis_bbox": true
      }
    },
    {
      "type": "Feature",
      "geometry": {
        "type": "Point",
        "coordinates": [
          127.003037074319,
          37.5603511392736
        ]
      },
      "properties": {
        "tls_id": "cluster_3846493853_3846493855_3846493856",
        "node_id": "cluster_3846493853_3846493855_3846493856",
        "junction_id": "cluster_3846493853_3846493855_3846493856",
        "lon": 127.003037074319,
        "lat": 37.5603511392736,
        "controlled_link_count": 24,
        "program_count": 1,
        "phase_count": 13,
        "inside_analysis_bbox": true
      }
    },
    {
      "type": "Feature",
      "geometry": {
        "type": "Point",
        "coordinates": [
          127.00930228843075,
          37.56452192000724
        ]
      },
      "properties": {
        "tls_id": "cluster_3846534041_436877431",
        "node_id": "cluster_3846534041_436877431",
        "junction_id": "cluster_3846534041_436877431",
        "lon": 127.00930228843075,
        "lat": 37.56452192000724,
        "controlled_link_count": 8,
        "program_count": 1,
        "phase_count": 4,
        "inside_analysis_bbox": true
      }
    },
    {
      "type": "Feature",
      "geometry": {
        "type": "Point",
        "coordinates": [
          127.00913505566335,
          37.5536515986681
        ]
      },
      "properties": {
        "tls_id": "cluster_3846601851_3846603466_3846603471",
        "node_id": "cluster_3846601851_3846603466_3846603471",
        "junction_id": "cluster_3846601851_3846603466_3846603471",
        "lon": 127.00913505566335,
        "lat": 37.5536515986681,
        "controlled_link_count": 20,
        "program_count": 1,
        "phase_count": 9,
        "inside_analysis_bbox": true
      }
    },
    {
      "type": "Feature",
      "geometry": {
        "type": "Point",
        "coordinates": [
          127.02145047371896,
          37.55140845682306
        ]
      },
      "properties": {
        "tls_id": "cluster_3848968388_3848968392_3848968399",
        "node_id": "cluster_3848968388_3848968392_3848968399",
        "junction_id": "cluster_3848968388_3848968392_3848968399",
        "lon": 127.02145047371896,
        "lat": 37.55140845682306,
        "controlled_link_count": 20,
        "program_count": 1,
        "phase_count": 10,
        "inside_analysis_bbox": true
      }
    },
    {
      "type": "Feature",
      "geometry": {
        "type": "Point",
        "coordinates": [
          127.0205773360952,
          37.553306203966535
        ]
      },
      "properties": {
        "tls_id": "cluster_3848968635_3848968643_3848968649",
        "node_id": "cluster_3848968635_3848968643_3848968649",
        "junction_id": "cluster_3848968635_3848968643_3848968649",
        "lon": 127.0205773360952,
        "lat": 37.553306203966535,
        "controlled_link_count": 20,
        "program_count": 1,
        "phase_count": 6,
        "inside_analysis_bbox": true
      }
    },
    {
      "type": "Feature",
      "geometry": {
        "type": "Point",
        "coordinates": [
          127.01613634837209,
          37.55786101801969
        ]
      },
      "properties": {
        "tls_id": "cluster_3849146372_3849146377",
        "node_id": "cluster_3849146372_3849146377",
        "junction_id": "cluster_3849146372_3849146377",
        "lon": 127.01613634837209,
        "lat": 37.55786101801969,
        "controlled_link_count": 20,
        "program_count": 1,
        "phase_count": 7,
        "inside_analysis_bbox": true
      }
    },
    {
      "type": "Feature",
      "geometry": {
        "type": "Point",
        "coordinates": [
          127.01894894396604,
          37.566741185096745
        ]
      },
      "properties": {
        "tls_id": "cluster_3849741666_4200656387",
        "node_id": "cluster_3849741666_4200656387",
        "junction_id": "cluster_3849741666_4200656387",
        "lon": 127.01894894396604,
        "lat": 37.566741185096745,
        "controlled_link_count": 0,
        "program_count": 0,
        "phase_count": 0,
        "inside_analysis_bbox": true
      }
    },
    {
      "type": "Feature",
      "geometry": {
        "type": "Point",
        "coordinates": [
          127.01888747109915,
          37.56917244705475
        ]
      },
      "properties": {
        "tls_id": "cluster_3849749098_4200656354",
        "node_id": "cluster_3849749098_4200656354",
        "junction_id": "cluster_3849749098_4200656354",
        "lon": 127.01888747109915,
        "lat": 37.56917244705475,
        "controlled_link_count": 0,
        "program_count": 0,
        "phase_count": 0,
        "inside_analysis_bbox": true
      }
    },
    {
      "type": "Feature",
      "geometry": {
        "type": "Point",
        "coordinates": [
          126.98044680655177,
          37.54685137696938
        ]
      },
      "properties": {
        "tls_id": "cluster_4068191474_4068191477_4598460530",
        "node_id": "cluster_4068191474_4068191477_4598460530",
        "junction_id": "cluster_4068191474_4068191477_4598460530",
        "lon": 126.98044680655177,
        "lat": 37.54685137696938,
        "controlled_link_count": 20,
        "program_count": 1,
        "phase_count": 8,
        "inside_analysis_bbox": true
      }
    },
    {
      "type": "Feature",
      "geometry": {
        "type": "Point",
        "coordinates": [
          127.01703410643232,
          37.57282368782764
        ]
      },
      "properties": {
        "tls_id": "cluster_4170064698_4170064700_4170064708",
        "node_id": "cluster_4170064698_4170064700_4170064708",
        "junction_id": "cluster_4170064698_4170064700_4170064708",
        "lon": 127.01703410643232,
        "lat": 37.57282368782764,
        "controlled_link_count": 20,
        "program_count": 1,
        "phase_count": 9,
        "inside_analysis_bbox": true
      }
    },
    {
      "type": "Feature",
      "geometry": {
        "type": "Point",
        "coordinates": [
          127.02082108681026,
          37.56446250698838
        ]
      },
      "properties": {
        "tls_id": "cluster_4200733952_7305083230",
        "node_id": "cluster_4200733952_7305083230",
        "junction_id": "cluster_4200733952_7305083230",
        "lon": 127.02082108681026,
        "lat": 37.56446250698838,
        "controlled_link_count": 20,
        "program_count": 1,
        "phase_count": 6,
        "inside_analysis_bbox": true
      }
    },
    {
      "type": "Feature",
      "geometry": {
        "type": "Point",
        "coordinates": [
          126.99830118015699,
          37.564379907479626
        ]
      },
      "properties": {
        "tls_id": "cluster_4276255149_4276255150_4276255152_436839431",
        "node_id": "cluster_4276255149_4276255150_4276255152_436839431",
        "junction_id": "cluster_4276255149_4276255150_4276255152_436839431",
        "lon": 126.99830118015699,
        "lat": 37.564379907479626,
        "controlled_link_count": 0,
        "program_count": 0,
        "phase_count": 0,
        "inside_analysis_bbox": true
      }
    },
    {
      "type": "Feature",
      "geometry": {
        "type": "Point",
        "coordinates": [
          126.97651155255424,
          37.554910486776095
        ]
      },
      "properties": {
        "tls_id": "cluster_4276316582_436883143",
        "node_id": "cluster_4276316582_436883143",
        "junction_id": "cluster_4276316582_436883143",
        "lon": 126.97651155255424,
        "lat": 37.554910486776095,
        "controlled_link_count": 8,
        "program_count": 1,
        "phase_count": 6,
        "inside_analysis_bbox": true
      }
    },
    {
      "type": "Feature",
      "geometry": {
        "type": "Point",
        "coordinates": [
          126.97938909142133,
          37.5701495322088
        ]
      },
      "properties": {
        "tls_id": "cluster_436718740_5973693842_7068953034_8380350240",
        "node_id": "cluster_436718740_5973693842_7068953034_8380350240",
        "junction_id": "cluster_436718740_5973693842_7068953034_8380350240",
        "lon": 126.97938909142133,
        "lat": 37.5701495322088,
        "controlled_link_count": 0,
        "program_count": 0,
        "phase_count": 0,
        "inside_analysis_bbox": true
      }
    },
    {
      "type": "Feature",
      "geometry": {
        "type": "Point",
        "coordinates": [
          126.98575011480398,
          37.57010957903081
        ]
      },
      "properties": {
        "tls_id": "cluster_436718743_5973693849",
        "node_id": "cluster_436718743_5973693849",
        "junction_id": "cluster_436718743_5973693849",
        "lon": 126.98575011480398,
        "lat": 37.57010957903081,
        "controlled_link_count": 10,
        "program_count": 1,
        "phase_count": 4,
        "inside_analysis_bbox": true
      }
    },
    {
      "type": "Feature",
      "geometry": {
        "type": "Point",
        "coordinates": [
          127.01885852306377,
          37.571222048262506
        ]
      },
      "properties": {
        "tls_id": "cluster_436875645_6146661436_8482825440_8482825441_#4more",
        "node_id": "cluster_436875645_6146661436_8482825440_8482825441_#4more",
        "junction_id": "cluster_436875645_6146661436_8482825440_8482825441_#4more",
        "lon": 127.01885852306377,
        "lat": 37.571222048262506,
        "controlled_link_count": 8,
        "program_count": 1,
        "phase_count": 4,
        "inside_analysis_bbox": true
      }
    },
    {
      "type": "Feature",
      "geometry": {
        "type": "Point",
        "coordinates": [
          126.96904534849686,
          37.56828057520174
        ]
      },
      "properties": {
        "tls_id": "cluster_445343545_5863307383_7068953107_7206456760",
        "node_id": "cluster_445343545_5863307383_7068953107_7206456760",
        "junction_id": "cluster_445343545_5863307383_7068953107_7206456760",
        "lon": 126.96904534849686,
        "lat": 37.56828057520174,
        "controlled_link_count": 0,
        "program_count": 0,
        "phase_count": 0,
        "inside_analysis_bbox": true
      }
    },
    {
      "type": "Feature",
      "geometry": {
        "type": "Point",
        "coordinates": [
          126.96743737276987,
          37.555697860683786
        ]
      },
      "properties": {
        "tls_id": "cluster_4593771266_8382909951",
        "node_id": "cluster_4593771266_8382909951",
        "junction_id": "cluster_4593771266_8382909951",
        "lon": 126.96743737276987,
        "lat": 37.555697860683786,
        "controlled_link_count": 20,
        "program_count": 1,
        "phase_count": 8,
        "inside_analysis_bbox": true
      }
    },
    {
      "type": "Feature",
      "geometry": {
        "type": "Point",
        "coordinates": [
          126.97843138830659,
          37.57009753197448
        ]
      },
      "properties": {
        "tls_id": "cluster_4636388802_5973693841",
        "node_id": "cluster_4636388802_5973693841",
        "junction_id": "cluster_4636388802_5973693841",
        "lon": 126.97843138830659,
        "lat": 37.57009753197448,
        "controlled_link_count": 8,
        "program_count": 1,
        "phase_count": 4,
        "inside_analysis_bbox": true
      }
    },
    {
      "type": "Feature",
      "geometry": {
        "type": "Point",
        "coordinates": [
          127.02355237785603,
          37.566232219958806
        ]
      },
      "properties": {
        "tls_id": "cluster_8111813384_8568435853_8568435854",
        "node_id": "cluster_8111813384_8568435853_8568435854",
        "junction_id": "cluster_8111813384_8568435853_8568435854",
        "lon": 127.02355237785603,
        "lat": 37.566232219958806,
        "controlled_link_count": 4,
        "program_count": 1,
        "phase_count": 3,
        "inside_analysis_bbox": true
      }
    },
    {
      "type": "Feature",
      "geometry": {
        "type": "Point",
        "coordinates": [
          127.01481547932907,
          37.56803265197914
        ]
      },
      "properties": {
        "tls_id": "cluster_8453967389_8453967391_8453967392",
        "node_id": "cluster_8453967389_8453967391_8453967392",
        "junction_id": "cluster_8453967389_8453967391_8453967392",
        "lon": 127.01481547932907,
        "lat": 37.56803265197914,
        "controlled_link_count": 8,
        "program_count": 1,
        "phase_count": 4,
        "inside_analysis_bbox": true
      }
    },
    {
      "type": "Feature",
      "geometry": {
        "type": "Point",
        "coordinates": [
          126.98296834032118,
          37.5702183186106
        ]
      },
      "properties": {
        "tls_id": "joinedS_10911257064_11198015009_11198015018_11198015019_#6more",
        "node_id": null,
        "junction_id": "joinedS_10911257064_11198015009_11198015018_11198015019_#6more",
        "lon": 126.98296834032118,
        "lat": 37.5702183186106,
        "controlled_link_count": 28,
        "program_count": 1,
        "phase_count": 4,
        "inside_analysis_bbox": true
      }
    },
    {
      "type": "Feature",
      "geometry": {
        "type": "Point",
        "coordinates": [
          126.97259232505428,
          37.55680614271756
        ]
      },
      "properties": {
        "tls_id": "joinedS_11139302899_11139302904_11178710208_cluster_11139302901_4704751520_5593950663_5593950669_#1more_#1more",
        "node_id": null,
        "junction_id": "joinedS_11139302899_11139302904_11178710208_cluster_11139302901_4704751520_5593950663_5593950669_#1more_#1more",
        "lon": 126.97259232505428,
        "lat": 37.55680614271756,
        "controlled_link_count": 32,
        "program_count": 1,
        "phase_count": 16,
        "inside_analysis_bbox": true
      }
    },
    {
      "type": "Feature",
      "geometry": {
        "type": "Point",
        "coordinates": [
          126.97303028004795,
          37.55426799103428
        ]
      },
      "properties": {
        "tls_id": "joinedS_11177412832_11178710196_cluster_11059756892_11178710192_436879516_cluster_11178710198_3390980819",
        "node_id": null,
        "junction_id": "joinedS_11177412832_11178710196_cluster_11059756892_11178710192_436879516_cluster_11178710198_3390980819",
        "lon": 126.97303028004795,
        "lat": 37.55426799103428,
        "controlled_link_count": 18,
        "program_count": 1,
        "phase_count": 14,
        "inside_analysis_bbox": true
      }
    },
    {
      "type": "Feature",
      "geometry": {
        "type": "Point",
        "coordinates": [
          126.97716479744165,
          37.570206912059106
        ]
      },
      "properties": {
        "tls_id": "joinedS_11197929742_11197929743_11197929744_11197929745_#15more",
        "node_id": null,
        "junction_id": "joinedS_11197929742_11197929743_11197929744_11197929745_#15more",
        "lon": 126.97716479744165,
        "lat": 37.570206912059106,
        "controlled_link_count": 87,
        "program_count": 1,
        "phase_count": 20,
        "inside_analysis_bbox": true
      }
    },
    {
      "type": "Feature",
      "geometry": {
        "type": "Point",
        "coordinates": [
          126.98294262923183,
          37.57552057566158
        ]
      },
      "properties": {
        "tls_id": "joinedS_11197972368_11197972373_5194567149_cluster_11197972374_5853280339",
        "node_id": null,
        "junction_id": "joinedS_11197972368_11197972373_5194567149_cluster_11197972374_5853280339",
        "lon": 126.98294262923183,
        "lat": 37.57552057566158,
        "controlled_link_count": 18,
        "program_count": 1,
        "phase_count": 10,
        "inside_analysis_bbox": true
      }
    },
    {
      "type": "Feature",
      "geometry": {
        "type": "Point",
        "coordinates": [
          126.97704507455578,
          37.57514076172118
        ]
      },
      "properties": {
        "tls_id": "joinedS_11202819041_11202819042_11202819043_11202819044_#5more",
        "node_id": null,
        "junction_id": "joinedS_11202819041_11202819042_11202819043_11202819044_#5more",
        "lon": 126.97704507455578,
        "lat": 37.57514076172118,
        "controlled_link_count": 28,
        "program_count": 1,
        "phase_count": 4,
        "inside_analysis_bbox": true
      }
    },
    {
      "type": "Feature",
      "geometry": {
        "type": "Point",
        "coordinates": [
          126.9794932738273,
          37.57587541133549
        ]
      },
      "properties": {
        "tls_id": "joinedS_11202894930_11202894931_11202894933_11202894934_#2more",
        "node_id": null,
        "junction_id": "joinedS_11202894930_11202894931_11202894933_11202894934_#2more",
        "lon": 126.9794932738273,
        "lat": 37.57587541133549,
        "controlled_link_count": 19,
        "program_count": 1,
        "phase_count": 4,
        "inside_analysis_bbox": true
      }
    },
    {
      "type": "Feature",
      "geometry": {
        "type": "Point",
        "coordinates": [
          126.96901812216427,
          37.575706418165964
        ]
      },
      "properties": {
        "tls_id": "joinedS_11202908600_cluster_10726078215_11202908599_2064388666_2930525581",
        "node_id": null,
        "junction_id": "joinedS_11202908600_cluster_10726078215_11202908599_2064388666_2930525581",
        "lon": 126.96901812216427,
        "lat": 37.575706418165964,
        "controlled_link_count": 15,
        "program_count": 1,
        "phase_count": 8,
        "inside_analysis_bbox": true
      }
    },
    {
      "type": "Feature",
      "geometry": {
        "type": "Point",
        "coordinates": [
          126.98211498266593,
          37.56035590522646
        ]
      },
      "properties": {
        "tls_id": "joinedS_11203052957_cluster_11203052955_11203052956_11203052960_11203052961_#11more",
        "node_id": null,
        "junction_id": "joinedS_11203052957_cluster_11203052955_11203052956_11203052960_11203052961_#11more",
        "lon": 126.98211498266593,
        "lat": 37.56035590522646,
        "controlled_link_count": 26,
        "program_count": 1,
        "phase_count": 8,
        "inside_analysis_bbox": true
      }
    },
    {
      "type": "Feature",
      "geometry": {
        "type": "Point",
        "coordinates": [
          126.98752707113894,
          37.56618488702433
        ]
      },
      "properties": {
        "tls_id": "joinedS_11203083989_11203083990_11203083991_11203083992_#1more",
        "node_id": null,
        "junction_id": "joinedS_11203083989_11203083990_11203083991_11203083992_#1more",
        "lon": 126.98752707113894,
        "lat": 37.56618488702433,
        "controlled_link_count": 30,
        "program_count": 1,
        "phase_count": 4,
        "inside_analysis_bbox": true
      }
    },
    {
      "type": "Feature",
      "geometry": {
        "type": "Point",
        "coordinates": [
          126.97136960805983,
          37.55957448534381
        ]
      },
      "properties": {
        "tls_id": "joinedS_11209914859_cluster_11209914851_11209914852_11209914857_11209914858_#9more",
        "node_id": null,
        "junction_id": "joinedS_11209914859_cluster_11209914851_11209914852_11209914857_11209914858_#9more",
        "lon": 126.97136960805983,
        "lat": 37.55957448534381,
        "controlled_link_count": 17,
        "program_count": 1,
        "phase_count": 6,
        "inside_analysis_bbox": true
      }
    },
    {
      "type": "Feature",
      "geometry": {
        "type": "Point",
        "coordinates": [
          126.98538351855397,
          37.54651111722847
        ]
      },
      "properties": {
        "tls_id": "joinedS_11271477720_13339947086_13339947092",
        "node_id": null,
        "junction_id": "joinedS_11271477720_13339947086_13339947092",
        "lon": 126.98538351855397,
        "lat": 37.54651111722847,
        "controlled_link_count": 16,
        "program_count": 1,
        "phase_count": 4,
        "inside_analysis_bbox": true
      }
    },
    {
      "type": "Feature",
      "geometry": {
        "type": "Point",
        "coordinates": [
          126.99327106505045,
          37.56096027247344
        ]
      },
      "properties": {
        "tls_id": "joinedS_11346754524_11346754527_7335400049_cluster_11346754525_11346754526_2784736947_414685366_#2more",
        "node_id": null,
        "junction_id": "joinedS_11346754524_11346754527_7335400049_cluster_11346754525_11346754526_2784736947_414685366_#2more",
        "lon": 126.99327106505045,
        "lat": 37.56096027247344,
        "controlled_link_count": 24,
        "program_count": 1,
        "phase_count": 10,
        "inside_analysis_bbox": true
      }
    },
    {
      "type": "Feature",
      "geometry": {
        "type": "Point",
        "coordinates": [
          126.97618477756248,
          37.562591901055974
        ]
      },
      "properties": {
        "tls_id": "joinedS_11414286323_cluster_11414286309_7666741014",
        "node_id": null,
        "junction_id": "joinedS_11414286323_cluster_11414286309_7666741014",
        "lon": 126.97618477756248,
        "lat": 37.562591901055974,
        "controlled_link_count": 18,
        "program_count": 1,
        "phase_count": 8,
        "inside_analysis_bbox": true
      }
    },
    {
      "type": "Feature",
      "geometry": {
        "type": "Point",
        "coordinates": [
          127.01563068267846,
          37.5729992077787
        ]
      },
      "properties": {
        "tls_id": "joinedS_13199890300_13199967202_13199967203_13199967208_#2more",
        "node_id": null,
        "junction_id": "joinedS_13199890300_13199967202_13199967203_13199967208_#2more",
        "lon": 127.01563068267846,
        "lat": 37.5729992077787,
        "controlled_link_count": 22,
        "program_count": 1,
        "phase_count": 14,
        "inside_analysis_bbox": true
      }
    },
    {
      "type": "Feature",
      "geometry": {
        "type": "Point",
        "coordinates": [
          127.0188892540617,
          37.57387506356544
        ]
      },
      "properties": {
        "tls_id": "joinedS_13199967257_cluster_13199967239_13199967254_1939143820",
        "node_id": null,
        "junction_id": "joinedS_13199967257_cluster_13199967239_13199967254_1939143820",
        "lon": 127.0188892540617,
        "lat": 37.57387506356544,
        "controlled_link_count": 9,
        "program_count": 1,
        "phase_count": 6,
        "inside_analysis_bbox": true
      }
    },
    {
      "type": "Feature",
      "geometry": {
        "type": "Point",
        "coordinates": [
          127.02127167041462,
          37.574750322316405
        ]
      },
      "properties": {
        "tls_id": "joinedS_13199967263_cluster_13199967236_13199967266_1939143893",
        "node_id": null,
        "junction_id": "joinedS_13199967263_cluster_13199967236_13199967266_1939143893",
        "lon": 127.02127167041462,
        "lat": 37.574750322316405,
        "controlled_link_count": 8,
        "program_count": 1,
        "phase_count": 4,
        "inside_analysis_bbox": true
      }
    },
    {
      "type": "Feature",
      "geometry": {
        "type": "Point",
        "coordinates": [
          127.02334406585906,
          37.571464550998314
        ]
      },
      "properties": {
        "tls_id": "joinedS_13202101917_13345282177_13345282183_414685910",
        "node_id": null,
        "junction_id": "joinedS_13202101917_13345282177_13345282183_414685910",
        "lon": 127.02334406585906,
        "lat": 37.571464550998314,
        "controlled_link_count": 10,
        "program_count": 1,
        "phase_count": 4,
        "inside_analysis_bbox": true
      }
    },
    {
      "type": "Feature",
      "geometry": {
        "type": "Point",
        "coordinates": [
          127.01591540892355,
          37.570032149210505
        ]
      },
      "properties": {
        "tls_id": "joinedS_13204036884_5502673613_cluster_13204036881_414685903",
        "node_id": null,
        "junction_id": "joinedS_13204036884_5502673613_cluster_13204036881_414685903",
        "lon": 127.01591540892355,
        "lat": 37.570032149210505,
        "controlled_link_count": 10,
        "program_count": 1,
        "phase_count": 4,
        "inside_analysis_bbox": true
      }
    },
    {
      "type": "Feature",
      "geometry": {
        "type": "Point",
        "coordinates": [
          127.01580350427123,
          37.56958953700042
        ]
      },
      "properties": {
        "tls_id": "joinedS_13204036887_1936511565_cluster_1636410225_8508478937",
        "node_id": null,
        "junction_id": "joinedS_13204036887_1936511565_cluster_1636410225_8508478937",
        "lon": 127.01580350427123,
        "lat": 37.56958953700042,
        "controlled_link_count": 12,
        "program_count": 1,
        "phase_count": 6,
        "inside_analysis_bbox": true
      }
    },
    {
      "type": "Feature",
      "geometry": {
        "type": "Point",
        "coordinates": [
          126.98950637369602,
          37.570420064138176
        ]
      },
      "properties": {
        "tls_id": "joinedS_1326151571_3514085495",
        "node_id": null,
        "junction_id": "joinedS_1326151571_3514085495",
        "lon": 126.98950637369602,
        "lat": 37.570420064138176,
        "controlled_link_count": 7,
        "program_count": 1,
        "phase_count": 4,
        "inside_analysis_bbox": true
      }
    },
    {
      "type": "Feature",
      "geometry": {
        "type": "Point",
        "coordinates": [
          127.02323938133998,
          37.57554199227673
        ]
      },
      "properties": {
        "tls_id": "joinedS_13344994608_13344994612_13344994615_5172891752_#5more",
        "node_id": null,
        "junction_id": "joinedS_13344994608_13344994612_13344994615_5172891752_#5more",
        "lon": 127.02323938133998,
        "lat": 37.57554199227673,
        "controlled_link_count": 40,
        "program_count": 1,
        "phase_count": 30,
        "inside_analysis_bbox": true
      }
    },
    {
      "type": "Feature",
      "geometry": {
        "type": "Point",
        "coordinates": [
          126.9666864713135,
          37.5658503054996
        ]
      },
      "properties": {
        "tls_id": "joinedS_13401740447_cluster_10974491704_10974501405_10974501472_10974501473_#7more",
        "node_id": null,
        "junction_id": "joinedS_13401740447_cluster_10974491704_10974501405_10974501472_10974501473_#7more",
        "lon": 126.9666864713135,
        "lat": 37.5658503054996,
        "controlled_link_count": 37,
        "program_count": 1,
        "phase_count": 10,
        "inside_analysis_bbox": true
      }
    },
    {
      "type": "Feature",
      "geometry": {
        "type": "Point",
        "coordinates": [
          126.99477971846397,
          37.570456191798606
        ]
      },
      "properties": {
        "tls_id": "joinedS_1815458113_7121587897",
        "node_id": null,
        "junction_id": "joinedS_1815458113_7121587897",
        "lon": 126.99477971846397,
        "lat": 37.570456191798606,
        "controlled_link_count": 7,
        "program_count": 1,
        "phase_count": 4,
        "inside_analysis_bbox": true
      }
    },
    {
      "type": "Feature",
      "geometry": {
        "type": "Point",
        "coordinates": [
          126.98766523796711,
          37.570209739267774
        ]
      },
      "properties": {
        "tls_id": "joinedS_3112252730_3112252732_3112255529",
        "node_id": null,
        "junction_id": "joinedS_3112252730_3112252732_3112255529",
        "lon": 126.98766523796711,
        "lat": 37.570209739267774,
        "controlled_link_count": 13,
        "program_count": 1,
        "phase_count": 1,
        "inside_analysis_bbox": true
      }
    },
    {
      "type": "Feature",
      "geometry": {
        "type": "Point",
        "coordinates": [
          127.00295083498337,
          37.55926248218787
        ]
      },
      "properties": {
        "tls_id": "joinedS_3846493837_cluster_2515564080_436883154",
        "node_id": null,
        "junction_id": "joinedS_3846493837_cluster_2515564080_436883154",
        "lon": 127.00295083498337,
        "lat": 37.55926248218787,
        "controlled_link_count": 22,
        "program_count": 1,
        "phase_count": 6,
        "inside_analysis_bbox": true
      }
    },
    {
      "type": "Feature",
      "geometry": {
        "type": "Point",
        "coordinates": [
          126.99830099698292,
          37.56437237022096
        ]
      },
      "properties": {
        "tls_id": "joinedS_4276255151_cluster_4276255149_4276255150_4276255152_436839431",
        "node_id": null,
        "junction_id": "joinedS_4276255151_cluster_4276255149_4276255150_4276255152_436839431",
        "lon": 126.99830099698292,
        "lat": 37.56437237022096,
        "controlled_link_count": 10,
        "program_count": 1,
        "phase_count": 4,
        "inside_analysis_bbox": true
      }
    },
    {
      "type": "Feature",
      "geometry": {
        "type": "Point",
        "coordinates": [
          126.97071529718565,
          37.56922600592533
        ]
      },
      "properties": {
        "tls_id": "joinedS_445343549_5871218827",
        "node_id": null,
        "junction_id": "joinedS_445343549_5871218827",
        "lon": 126.97071529718565,
        "lat": 37.56922600592533,
        "controlled_link_count": 11,
        "program_count": 1,
        "phase_count": 4,
        "inside_analysis_bbox": true
      }
    },
    {
      "type": "Feature",
      "geometry": {
        "type": "Point",
        "coordinates": [
          126.97933598851819,
          37.570128259659825
        ]
      },
      "properties": {
        "tls_id": "joinedS_4960162834_cluster_436718740_5973693842_7068953034_8380350240",
        "node_id": null,
        "junction_id": "joinedS_4960162834_cluster_436718740_5973693842_7068953034_8380350240",
        "lon": 126.97933598851819,
        "lat": 37.570128259659825,
        "controlled_link_count": 22,
        "program_count": 1,
        "phase_count": 8,
        "inside_analysis_bbox": true
      }
    },
    {
      "type": "Feature",
      "geometry": {
        "type": "Point",
        "coordinates": [
          126.9769930842912,
          37.56665588918679
        ]
      },
      "properties": {
        "tls_id": "joinedS_5194567167_cluster_11414286332_13012013152_13012013153_5851251266",
        "node_id": null,
        "junction_id": "joinedS_5194567167_cluster_11414286332_13012013152_13012013153_5851251266",
        "lon": 126.9769930842912,
        "lat": 37.56665588918679,
        "controlled_link_count": 20,
        "program_count": 1,
        "phase_count": 8,
        "inside_analysis_bbox": true
      }
    },
    {
      "type": "Feature",
      "geometry": {
        "type": "Point",
        "coordinates": [
          126.99806520884937,
          37.57075568788167
        ]
      },
      "properties": {
        "tls_id": "joinedS_5702191562_5768277854",
        "node_id": null,
        "junction_id": "joinedS_5702191562_5768277854",
        "lon": 126.99806520884937,
        "lat": 37.57075568788167,
        "controlled_link_count": 9,
        "program_count": 1,
        "phase_count": 3,
        "inside_analysis_bbox": true
      }
    },
    {
      "type": "Feature",
      "geometry": {
        "type": "Point",
        "coordinates": [
          126.9757574496714,
          37.56049628427246
        ]
      },
      "properties": {
        "tls_id": "joinedS_7121587905_cluster_11203001806_11203001809_11203001810_11203001814_#12more_cluster_11203001812_13639573216_13721232723_13721232725_#1more_cluster_11203001813_13721232726_#1more",
        "node_id": null,
        "junction_id": "joinedS_7121587905_cluster_11203001806_11203001809_11203001810_11203001814_#12more_cluster_11203001812_13639573216_13721232723_13721232725_#1more_cluster_11203001813_13721232726_#1more",
        "lon": 126.9757574496714,
        "lat": 37.56049628427246,
        "controlled_link_count": 64,
        "program_count": 1,
        "phase_count": 22,
        "inside_analysis_bbox": true
      }
    },
    {
      "type": "Feature",
      "geometry": {
        "type": "Point",
        "coordinates": [
          127.00248639295224,
          37.56315893839082
        ]
      },
      "properties": {
        "tls_id": "joinedS_7335400058_cluster_13348213189_13348213190_13348213191_4273893706_#1more",
        "node_id": null,
        "junction_id": "joinedS_7335400058_cluster_13348213189_13348213190_13348213191_4273893706_#1more",
        "lon": 127.00248639295224,
        "lat": 37.56315893839082,
        "controlled_link_count": 19,
        "program_count": 1,
        "phase_count": 4,
        "inside_analysis_bbox": true
      }
    },
    {
      "type": "Feature",
      "geometry": {
        "type": "Point",
        "coordinates": [
          127.00099086579941,
          37.570825966654795
        ]
      },
      "properties": {
        "tls_id": "joinedS_9357313765_cluster_10069290442_9357313748",
        "node_id": null,
        "junction_id": "joinedS_9357313765_cluster_10069290442_9357313748",
        "lon": 127.00099086579941,
        "lat": 37.570825966654795,
        "controlled_link_count": 10,
        "program_count": 1,
        "phase_count": 6,
        "inside_analysis_bbox": true
      }
    },
    {
      "type": "Feature",
      "geometry": {
        "type": "Point",
        "coordinates": [
          126.97264767924032,
          37.5759255855469
        ]
      },
      "properties": {
        "tls_id": "joinedS_cluster_10678236547_11202852326_3100323901_cluster_11202852325_11202852327_13711390965_2064388667_#4more",
        "node_id": null,
        "junction_id": "joinedS_cluster_10678236547_11202852326_3100323901_cluster_11202852325_11202852327_13711390965_2064388667_#4more",
        "lon": 126.97264767924032,
        "lat": 37.5759255855469,
        "controlled_link_count": 22,
        "program_count": 1,
        "phase_count": 8,
        "inside_analysis_bbox": true
      }
    },
    {
      "type": "Feature",
      "geometry": {
        "type": "Point",
        "coordinates": [
          126.96908696872735,
          37.5682276675551
        ]
      },
      "properties": {
        "tls_id": "joinedS_cluster_12234253870_5768158588_cluster_445343545_5863307383_7068953107_7206456760",
        "node_id": null,
        "junction_id": "joinedS_cluster_12234253870_5768158588_cluster_445343545_5863307383_7068953107_7206456760",
        "lon": 126.96908696872735,
        "lat": 37.5682276675551,
        "controlled_link_count": 46,
        "program_count": 1,
        "phase_count": 8,
        "inside_analysis_bbox": true
      }
    },
    {
      "type": "Feature",
      "geometry": {
        "type": "Point",
        "coordinates": [
          127.01892703046305,
          37.567962290498954
        ]
      },
      "properties": {
        "tls_id": "joinedS_cluster_3849741666_4200656387_cluster_3849749098_4200656354",
        "node_id": null,
        "junction_id": "joinedS_cluster_3849741666_4200656387_cluster_3849749098_4200656354",
        "lon": 127.01892703046305,
        "lat": 37.567962290498954,
        "controlled_link_count": 40,
        "program_count": 1,
        "phase_count": 14,
        "inside_analysis_bbox": true
      }
    }
  ]
}
