edge_id,speed_mps,speed_kmh,entered,left,sampled_seconds,is_spine_edge,is_emergency_route_edge
-1002205277,6.38,22.968,12.0,13.0,86.09,False,False
-1002205278,5.95,21.42,0.0,6.0,47.83,False,False
-1002205279,5.46,19.656,0.0,6.0,31.73,False,False
-1002205302,7.28,26.208,7.0,40.0,338.5,False,False
-1002205303#1,0.0,0.0,0.0,0.0,0.0,False,False
-1002205328,11.18,40.248,3.0,4.0,85.31,False,False
-1004718837,0.0,0.0,0.0,0.0,0.0,False,False
-1004836024,0.0,0.0,0.0,0.0,0.0,False,False
-1016508136#2,6.47,23.292,0.0,8.0,57.23,False,False
-1099004169,10.21,36.756,1.0,1.0,6.69,False,False
-1125773040,8.49,30.564,2.0,0.0,6.54,False,False
-1125773041,0.0,0.0,0.0,0.0,0.0,False,False
-1125773044,9.03,32.508,1.0,0.0,2.34,False,False
-1126339777#1,0.16,0.576,21.0,21.0,1687.92,False,False
-1126339784,5.47,19.692,0.0,1.0,6.95,False,False
-1149179293,0.0,0.0,0.0,0.0,0.0,False,False
-117770531#4,12.49,44.964,1.0,0.0,3.74,False,False
-117770531#5,6.12,22.032,1.0,8.0,46.94,False,False
-117770531#7,9.99,35.964,2.0,2.0,10.51,False,False
-117770543#0,0.0,0.0,0.0,0.0,0.0,False,False
-117770543#1,11.49,41.364,2.0,0.0,13.25,False,False
-117770543#2,8.12,29.232,2.0,1.0,24.32,False,False
-117770551#0,0.31,1.116,4.0,4.0,1026.15,False,False
-117770551#2,8.64,31.104,3.0,4.0,14.21,False,False
-117770551#3,7.87,28.332,1.0,1.0,1.32,False,False
-117770551#4,13.75,49.5,1.0,0.0,0.38,False,False
-117784411#0,2.56,9.216,0.0,2.0,86.09,False,False
-117784411#1,10.47,37.692,1.0,0.0,9.38,False,False
-117784411#2,0.0,0.0,0.0,0.0,0.0,False,False
-117784415,0.0,0.0,0.0,0.0,0.0,False,False
-117784417#0,11.08,39.888,6.0,1.0,19.77,False,False
-117784417#2,9.54,34.344,7.0,7.0,8.02,False,False
-117784417#3,10.5,37.8,8.0,8.0,7.72,False,False
-117784417#4,11.02,39.672,8.0,8.0,47.73,False,False
-117784418#0,0.0,0.0,0.0,0.0,0.0,False,False
-117784418#1,0.0,0.0,0.0,0.0,0.0,False,False
-117784418#2,0.0,0.0,0.0,0.0,0.0,False,False
-117784418#3,0.0,0.0,0.0,0.0,0.0,False,False
-117784418#4,8.3,29.88,1.0,1.0,5.39,False,False
-117784419#0,0.0,0.0,0.0,0.0,0.0,False,False
-117784419#1,11.75,42.3,2.0,1.0,19.51,False,False
-117784421#0,8.53,30.708,2.0,2.0,10.07,False,False
-117784421#1,9.22,33.192,5.0,6.0,20.47,False,False
-117784421#2,12.81,46.116,6.0,5.0,16.76,False,False
-117784421#3,10.46,37.656,7.0,8.0,26.99,False,False
-117784421#4,10.31,37.116,9.0,7.0,38.57,False,False
-117914343#0,0.07,0.252,38.0,38.0,9385.79,False,False
-117914343#1,0.07,0.252,30.0,30.0,2726.93,False,False
-117914343#2,0.13,0.468,12.0,10.0,3264.53,False,False
-117914344#0,0.05,0.18,55.0,55.0,32410.99,False,False
-117914344#1,0.05,0.18,50.0,54.0,50159.44,False,False
-117914344#2,0.06,0.216,35.0,40.0,29361.0,False,False
-117914345#0,0.2,0.72,10.0,12.0,2395.38,False,False
-117914345#1,13.03,46.908,7.0,7.0,72.61,False,False
-117914345#2,13.35,48.06,8.0,7.0,21.52,False,False
-117914345#3,11.33,40.788,19.0,18.0,100.51,False,False
-117914345#4,13.1,47.16,20.0,19.0,40.47,False,False
-117914348#0,8.14,29.304,14.0,36.0,310.25,False,False
-117914348#1,9.16,32.976,14.0,14.0,21.66,False,False
-117914348#3,8.84,31.824,2.0,2.0,8.81,False,False
-117914348#4,11.97,43.092,2.0,2.0,8.44,False,False
-117914351#0,8.02,28.872,13.0,14.0,47.23,False,False
-117914351#2,9.05,32.58,2.0,13.0,121.03,False,False
-117914352#0,9.79,35.244,1.0,1.0,3.58,False,False
-117914353#0,14.58,52.488,1.0,1.0,2.1,False,False
-117914353#1,12.75,45.9,1.0,1.0,1.71,False,False
-117914353#2,6.65,23.94,1.0,2.0,8.43,False,False
-117914354,0.09,0.324,22.0,28.0,31845.41,False,False
-117914840,0.0,0.0,0.0,0.0,0.0,False,False
-117914844,5.95,21.42,0.0,1.0,5.6,False,False
-117914847#0,9.93,35.748,2.0,2.0,13.3,False,False
-117914847#2,13.0,46.8,2.0,1.0,10.33,False,False
-117914848#1,0.0,0.0,0.0,0.0,0.0,False,False
-117914848#3,5.49,19.764,1.0,2.0,7.72,False,False
-117914848#4,12.88,46.368,5.0,1.0,7.08,False,False
-117914848#5,8.77,31.572,20.0,20.0,52.83,False,False
-117914848#6,11.68,42.048,22.0,21.0,21.76,False,False
-117914848#7,4.62,16.632,23.0,52.0,107.89,False,False
-1205679418#0,9.68,34.848,41.0,43.0,79.79,False,False
-1205679418#1,17.8,64.08,41.0,41.0,98.19,False,False
-1205679418#10,13.14,47.304,40.0,40.0,225.93,False,False
-1205679418#12,0.43,1.548,145.0,147.0,49831.14,False,False
-1205679418#14,1.21,4.356,32.0,34.0,1216.55,False,False
-1205679418#2,18.68,67.248,44.0,44.0,72.24,False,False
-1205679418#3,18.64,67.104,45.0,45.0,70.14,False,False
-1205679418#4,19.95,71.82,43.0,43.0,77.57,False,False
-1205679418#5,19.51,70.236,43.0,43.0,72.25,False,False
-1205679418#7,20.35,73.26,40.0,40.0,101.01,False,False
-1274416500,5.85,21.06,0.0,2.0,17.47,False,False
-1283636934#0,1.68,6.048,2.0,2.0,112.74,False,False
-1291318446,7.29,26.244,30.0,30.0,182.78,False,False
-1339655670#2,24.04,86.544,6.0,0.0,21.99,False,False
-1380482780,0.0,0.0,0.0,0.0,0.0,False,False
-1380857657#0,8.47,30.492,2.0,2.0,8.86,False,False
-1380857657#1,2.51,9.036,0.0,2.0,3.98,False,False
-1380857658,0.0,0.0,0.0,0.0,0.0,False,False
-1381133418,1.26,4.536,1.0,3.0,184.33,False,False
-1384048167,0.0,0.0,0.0,0.0,0.0,False,False
-1424068313#0,20.47,73.692,128.0,128.0,464.9,False,False
-1424068313#5,22.81,82.116,133.0,136.0,1081.17,False,False
-1424068314#4,0.0,0.0,0.0,0.0,0.0,True,False
-1455497346,16.35,58.86,18.0,16.0,116.51,False,False
-1455512067,11.76,42.336,23.0,27.0,42.39,False,False
-1455512069,0.2,0.72,691.0,649.0,39815.34,False,True
-1455512070,0.1,0.36,590.0,564.0,407750.56,True,True
-1455512074,0.06,0.216,66.0,66.0,17273.0,False,False
-1455518726,1.29,4.644,259.0,259.0,4102.98,False,False
-1455518727#0,0.85,3.06,40.0,40.0,4365.1,False,False
-1455518727#2,21.26,76.536,40.0,37.0,135.96,False,False
-1455518728,9.45,34.02,62.0,76.0,221.09,False,False
-1455518729#0,1.73,6.228,257.0,256.0,13637.22,True,False
-1455518729#1,2.33,8.388,255.0,253.0,5916.17,True,False
-1455518729#2,2.58,9.288,252.0,264.0,2647.52,False,False
-1455518729#4,3.36,12.096,245.0,250.0,2315.2,False,False
-1455518729#5,4.15,14.94,242.0,242.0,967.26,False,False
-1455518729#6,4.25,15.3,242.0,242.0,1879.94,False,False
-1455518729#7,5.15,18.54,255.0,255.0,1148.8,False,False
-1455524945,13.88,49.968,31.0,36.0,23.73,False,False
-1455524946,18.27,65.772,38.0,36.0,67.3,False,False
-1455524947#0,8.56,30.816,4.0,4.0,26.38,False,False
-1455524947#1,0.0,0.0,0.0,0.0,0.0,False,False
-1455524947#2,9.81,35.316,1.0,0.0,2.1,False,False
-1455526421,21.41,77.076,50.0,50.0,57.75,False,False
-1455526422,19.85,71.46,50.0,48.0,81.95,False,False
-1455526423,22.69,81.684,51.0,51.0,240.66,False,False
-1455526425#1,11.57,41.652,51.0,50.0,291.08,False,False
-1455527229,0.0,0.0,0.0,0.0,0.0,False,False
-1456115794,11.36,40.896,4.0,1.0,29.25,False,False
-1456115802,10.22,36.792,10.0,1.0,57.36,False,False
-1456115806#0,0.77,2.772,7.0,20.0,386.65,False,False
-1456115806#2,2.92,10.512,8.0,8.0,71.43,False,False
-1499619438#0,5.69,20.484,332.0,332.0,235.34,False,False
-1506939325#7,18.14,65.304,3.0,0.0,8.12,False,False
-1506939325#9,8.76,31.536,16.0,17.0,32.48,False,False
-156570776,5.16,18.576,2.0,14.0,52.58,False,False
-170207585#0,4.02,14.472,0.0,4.0,63.72,False,False
-170207585#1,0.0,0.0,0.0,0.0,0.0,False,False
-170207585#2,6.4,23.04,1.0,2.0,10.6,False,False
-170207591#0,7.14,25.704,0.0,2.0,17.31,False,False
-170207591#1,0.0,0.0,0.0,0.0,0.0,False,False
-170403779,7.1,25.56,14.0,15.0,87.93,False,False
-170403787#0,9.38,33.768,2.0,1.0,4.07,False,False
-170403787#1,10.99,39.564,3.0,2.0,9.09,False,False
-170403791#3,0.0,0.0,0.0,0.0,0.0,False,False
-170403792,0.0,0.0,0.0,0.0,0.0,False,False
-170403804#3,0.0,0.0,0.0,0.0,0.0,False,False
-170403805,9.31,33.516,3.0,3.0,25.28,False,False
-170403810#3,0.0,0.0,0.0,0.0,0.0,False,False
-170403818#1,4.67,16.812,3.0,3.0,17.08,False,False
-170403818#2,7.44,26.784,2.0,2.0,17.75,False,False
-170403818#5,15.62,56.232,1.0,0.0,3.1,False,False
-170403831#4,10.1,36.36,0.0,3.0,57.34,False,False
-174870621#0,0.05,0.18,183.0,181.0,256039.69,True,True
-174870621#10,10.83,38.988,60.0,61.0,194.94,True,False
-174870621#2,0.07,0.252,183.0,182.0,189921.27,True,True
-174870621#5,1.24,4.464,110.0,110.0,5159.07,True,False
-174870621#7,1.59,5.724,69.0,68.0,2140.97,True,False
-174870621#8,18.16,65.376,65.0,65.0,216.05,True,False
-176728949#1,9.51,34.236,0.0,6.0,109.08,False,False
-176728950#0,0.0,0.0,0.0,0.0,0.0,True,False
-176728950#2,11.17,40.212,14.0,2.0,60.35,False,False
-176728951#0,10.09,36.324,113.0,118.0,869.3,False,False
-176728951#1,12.18,43.848,92.0,100.0,262.6,False,False
-176728951#4,15.84,57.024,83.0,60.0,1035.64,False,True
-176728952#0,2.62,9.432,9.0,13.0,266.39,False,False
-176728952#3,9.62,34.632,10.0,13.0,79.38,False,False
-176728952#6,9.96,35.856,13.0,19.0,265.51,False,False
-176728955#1,0.14,0.504,0.0,1.0,324.09,False,False
-176728955#2,0.12,0.432,18.0,21.0,11341.28,False,False
-176728955#4,11.92,42.912,13.0,16.0,133.92,False,False
-176728955#6,9.37,33.732,8.0,12.0,35.91,False,False
-176728955#7,9.05,32.58,9.0,14.0,75.94,False,False
-176728955#8,8.6,30.96,6.0,6.0,22.77,False,False
-180368918#0,21.82,78.552,120.0,120.0,294.01,True,False
-180368918#3,14.88,53.568,245.0,243.0,489.1,True,False
-180368918#5,2.46,8.856,247.0,245.0,2466.67,True,False
-180368918#6,15.42,55.512,249.0,248.0,413.7,True,False
-180368918#7,20.08,72.288,254.0,254.0,665.64,True,False
-180368918#8,14.28,51.408,254.0,254.0,398.97,True,False
-183272309#0,0.03,0.108,69.0,69.0,240042.14,False,False
-183272309#11,19.72,70.992,5.0,5.0,4.46,False,False
-183272309#13,11.9,42.84,7.0,5.0,44.97,False,False
-183272309#2,0.03,0.108,69.0,69.0,160449.49,False,False
-183272309#3,0.05,0.18,66.0,66.0,30092.75,False,False
-183272309#4,0.07,0.252,53.0,53.0,21835.54,False,False
-183272309#6,0.09,0.324,47.0,47.0,20656.97,False,False
-183272309#7,0.2,0.72,41.0,41.0,10786.02,False,False
-183272309#8,14.43,51.948,33.0,35.0,55.73,False,False
-183272309#9,10.42,37.512,32.0,32.0,97.95,False,False
-183272580#1,6.16,22.176,1.0,1.0,6.6,False,False
-183272613#2,11.86,42.696,3.0,0.0,23.82,False,False
-183272625#1,0.07,0.252,72.0,73.0,27096.82,False,True
-183272625#3,0.06,0.216,64.0,64.0,29134.97,False,False
-198564928#10,0.26,0.936,255.0,274.0,34762.57,False,False
-198564928#11,0.22,0.792,233.0,217.0,46179.77,False,False
-198564928#12,0.21,0.756,236.0,236.0,26483.23,False,False
-198564928#13,5.44,19.584,250.0,249.0,461.64,False,False
-198564928#14,0.24,0.864,252.0,251.0,50600.97,False,False
-198564928#15,1.27,4.572,255.0,253.0,1141.35,False,False
-198564928#16,0.52,1.872,255.0,255.0,18291.71,False,False
-198564928#17,1.17,4.212,256.0,255.0,2511.61,False,False
-198564928#18,1.02,3.672,255.0,255.0,7441.41,False,False
-198564928#20,1.7,6.12,255.0,255.0,10414.13,True,False
-198564928#21,3.03,10.908,251.0,255.0,3699.77,False,False
-198564928#22,4.83,17.388,251.0,251.0,845.41,False,False
-198564928#23,2.07,7.452,273.0,274.0,2209.45,False,False
-198564928#24,1.42,5.112,273.0,273.0,6207.01,False,False
-198564928#25,9.9,35.64,274.0,273.0,143.82,False,False
-198564928#26,1.92,6.912,272.0,273.0,16381.98,True,False
-198564928#27,2.06,7.416,241.0,241.0,11644.79,True,False
-198564928#28,2.41,8.676,244.0,244.0,5190.0,True,False
-198564928#4,0.12,0.432,78.0,77.0,76062.6,False,False
-198564928#5,0.14,0.504,158.0,158.0,59087.68,False,False
-198564928#6,0.15,0.54,160.0,156.0,64632.1,False,False
-198564928#7,0.14,0.504,161.0,161.0,71763.79,False,False
-198564928#8,0.15,0.54,158.0,158.0,35567.2,False,False
-198564930,9.4,33.84,164.0,164.0,1512.28,False,False
-198564935#3,6.61,23.796,211.0,212.0,2352.49,False,False
-198691053#2,0.0,0.0,0.0,0.0,0.0,False,False
-198691055#0,4.91,17.676,6.0,8.0,10.64,False,False
-198691055#1,10.61,38.196,9.0,6.0,9.54,False,False
-198691059,8.42,30.312,30.0,1.0,45.57,False,False
-198691062#0,0.0,0.0,0.0,0.0,0.0,False,False
-198691062#1,6.33,22.788,0.0,1.0,10.32,False,False
-198691063#1,7.3,26.28,0.0,3.0,29.88,False,False
-198691066,10.03,36.108,7.0,7.0,46.22,False,False
-198691067#1,18.96,68.256,7.0,6.0,20.2,False,False
-198691067#2,8.08,29.088,469.0,469.0,3579.08,False,False
-198691068,9.99,35.964,9.0,10.0,60.35,False,False
-198691070#0,2.54,9.144,8.0,6.0,173.54,False,False
-198691070#1,8.67,31.212,15.0,16.0,39.08,False,False
-198691071#0,7.59,27.324,2.0,3.0,9.61,False,False
-198691071#1,7.09,25.524,0.0,2.0,18.49,False,False
-198691072#0,0.0,0.0,0.0,0.0,0.0,False,False
-198691072#1,13.68,49.248,1.0,0.0,2.21,False,False
-198691075#1,9.41,33.876,14.0,11.0,74.3,False,False
-198691076#0,13.42,48.312,2.0,0.0,10.2,False,False
-198691076#1,13.45,48.42,2.0,2.0,1.95,False,False
-198691076#2,10.55,37.98,2.0,2.0,11.91,False,False
-198691080#0,4.04,14.544,3.0,4.0,5.1,False,False
-198691080#1,0.0,0.0,0.0,0.0,0.0,False,False
-198691080#2,8.79,31.644,2.0,0.0,6.95,False,False
-198691081,8.19,29.484,2.0,3.0,39.27,False,False
-198691083,10.97,39.492,2.0,0.0,10.51,False,False
-198691084,7.01,25.236,0.0,3.0,19.53,False,False
-198691085#0,8.2,29.52,12.0,14.0,82.07,False,False
-198691085#1,11.24,40.464,9.0,9.0,50.67,False,False
-198691085#2,12.93,46.548,2.0,2.0,10.87,False,False
-198691085#3,8.64,31.104,4.0,3.0,25.36,False,False
-198691086#2,4.95,17.82,4.0,7.0,207.68,False,False
-198691086#3,10.8,38.88,4.0,1.0,33.8,False,False
-198691087#1,10.57,38.052,2.0,0.0,13.13,False,False
-198691088,8.73,31.428,2.0,1.0,17.48,False,False
-198691090,13.33,47.988,9.0,9.0,20.98,False,False
-198691091,11.46,41.256,3.0,3.0,16.87,False,False
-198691093,0.0,0.0,0.0,0.0,0.0,False,False
-203501044,4.62,16.632,0.0,1.0,4.32,False,False
-215843535#2,0.0,0.0,0.0,0.0,0.0,False,False
-215843535#5,12.45,44.82,1.0,0.0,7.22,False,False
-218662402#1,2.04,7.344,459.0,458.0,11587.66,False,False
-218684408#1,12.29,44.244,2.0,2.0,16.78,False,False
-218684408#2,8.26,29.736,3.0,2.0,11.44,False,False
-218684408#4,0.0,0.0,0.0,0.0,0.0,False,False
-218684408#5,0.0,0.0,0.0,0.0,0.0,False,False
-218684411#1,11.25,40.5,3.0,4.0,17.11,True,False
-218684411#2,12.22,43.992,1.0,1.0,1.42,True,False
-218684411#3,6.87,24.732,1.0,1.0,1.6,False,False
-218684411#4,0.0,0.0,0.0,0.0,0.0,True,False
-218773868#0,1.41,5.076,629.0,629.0,9631.83,True,False
-218773868#2,12.31,44.316,64.0,64.0,280.82,True,False
-218773868#3,20.42,73.512,65.0,64.0,90.52,True,False
-218773868#4,21.51,77.436,60.0,59.0,183.3,True,False
-218773868#5,17.3,62.28,60.0,62.0,192.34,True,False
-218773868#6,20.56,74.016,45.0,45.0,37.2,True,False
-218923171#1,13.7,49.32,23.0,23.0,35.85,True,False
-218923171#3,23.08,83.088,27.0,26.0,38.01,True,False
-218923171#4,18.64,67.104,28.0,28.0,119.1,True,False
-218923171#5,4.41,15.876,250.0,246.0,1233.43,True,False
-218923177,8.3,29.88,24.0,25.0,479.47,True,False
-218960891#0,0.0,0.0,0.0,0.0,0.0,False,False
-218960891#1,13.12,47.232,5.0,0.0,40.61,False,False
-218960895#0,0.0,0.0,0.0,0.0,0.0,False,False
-223418965#1,11.66,41.976,4.0,4.0,21.98,False,False
-223418965#13,19.2,69.12,4.0,4.0,55.37,False,False
-223418965#14,16.98,61.128,2.0,2.0,5.49,False,False
-223418965#15,11.21,40.356,1.0,1.0,6.06,False,False
-223418965#17,0.0,0.0,0.0,0.0,0.0,False,False
-223418965#2,16.07,57.852,4.0,4.0,15.52,False,False
-223418965#4,13.11,47.196,12.0,12.0,59.91,False,False
-223418965#9,14.99,53.964,12.0,12.0,69.88,False,False
-228795463#1,2.61,9.396,3.0,4.0,128.96,False,False
-228795463#3,13.04,46.944,5.0,3.0,3.65,False,False
-228795463#4,10.43,37.548,4.0,5.0,27.09,False,False
-228795467#0,10.9,39.24,1.0,0.0,5.13,False,False
-228795467#2,11.67,42.012,1.0,0.0,8.71,False,False
-228795468#0,7.14,25.704,10.0,12.0,69.81,False,False
-228795468#1,8.39,30.204,8.0,9.0,42.05,False,False
-228795468#2,10.13,36.468,8.0,9.0,26.6,False,False
-228795468#3,8.36,30.096,7.0,9.0,46.94,False,False
-228795471,5.74,20.664,25.0,39.0,96.21,False,False
-228795474#0,8.0,28.8,2.0,6.0,56.4,False,False
-228795474#2,0.0,0.0,0.0,0.0,0.0,False,False
-228795477#1,0.07,0.252,7.0,7.0,10014.2,False,False
-228795477#2,12.42,44.712,1.0,0.0,2.25,False,False
-228795477#3,10.12,36.432,3.0,1.0,9.19,False,False
-228795477#5,0.17,0.612,0.0,2.0,126.01,False,False
-228795477#6,11.32,40.752,1.0,0.0,3.07,False,False
-228795477#7,9.58,34.488,4.0,3.0,20.86,False,False
-228795477#8,9.8,35.28,3.0,3.0,10.29,False,False
-228795478#0,7.12,25.632,3.0,5.0,37.36,False,False
-228795478#1,11.91,42.876,6.0,3.0,24.53,False,False
-228795478#2,10.53,37.908,5.0,5.0,25.85,False,False
-228795480,11.56,41.616,1.0,1.0,7.09,False,False
-228795481#0,0.0,0.0,0.0,0.0,0.0,False,False
-228795481#1,6.7,24.12,1.0,2.0,12.41,False,False
-228795483,9.02,32.472,5.0,5.0,21.75,False,False
-228795484#0,7.77,27.972,9.0,11.0,70.46,False,False
-228795484#1,9.88,35.568,7.0,7.0,38.19,False,False
-228796091#0,12.15,43.74,1.0,0.0,1.13,False,False
-228796091#1,10.55,37.98,2.0,1.0,6.44,False,False
-228796091#4,11.45,41.22,2.0,0.0,18.84,False,False
-228797633#1,9.83,35.388,10.0,10.0,48.33,False,False
-228797635#1,1.84,6.624,5.0,11.0,580.71,False,False
-228797635#2,8.8,31.68,3.0,3.0,35.96,False,False
-228797638#1,8.12,29.232,6.0,6.0,54.45,False,False
-228950039,0.0,0.0,0.0,0.0,0.0,False,False
-228950040#2,9.99,35.964,6.0,5.0,30.24,False,False
-229028338#0,0.0,0.0,0.0,0.0,0.0,False,False
-229028344#1,7.72,27.792,3.0,1.0,16.39,False,False
-229028634#1,11.26,40.536,7.0,8.0,88.07,False,False
-233651273,10.41,37.476,193.0,193.0,1301.91,False,False
-233651275,7.82,28.152,0.0,1.0,9.14,False,False
-233651280#0,11.14,40.104,3.0,6.0,63.76,False,False
-233651280#1,8.42,30.312,8.0,7.0,62.67,False,False
-233651284#0,8.34,30.024,13.0,11.0,109.66,False,False
-233651284#1,9.63,34.668,3.0,5.0,42.43,False,False
-233651288#0,12.04,43.344,4.0,0.0,34.78,False,False
-233651289#1,0.0,0.0,0.0,0.0,0.0,False,False
-233651326#2,0.0,0.0,0.0,0.0,0.0,False,False
-233651326#3,11.98,43.128,1.0,0.0,8.85,False,False
-233651327#5,0.0,0.0,0.0,0.0,0.0,False,False
-233651328#2,12.21,43.956,5.0,2.0,58.47,False,False
-233651333#5,9.21,33.156,1.0,1.0,11.26,False,False
-233651338#2,10.65,38.34,31.0,31.0,718.76,False,False
-233652295#2,9.52,34.272,6.0,0.0,19.64,False,False
-238535895#0,0.0,0.0,0.0,0.0,0.0,False,False
-238535896#2,11.03,39.708,1.0,0.0,5.94,False,False
-238536650#0,8.86,31.896,8.0,7.0,33.75,False,False
-238536650#1,9.6,34.56,4.0,8.0,38.23,False,False
-238536650#2,10.96,39.456,6.0,6.0,41.87,False,False
-239357573#19,12.62,45.432,9.0,0.0,84.14,False,False
-239357573#21,11.96,43.056,36.0,26.0,230.17,False,False
-243542153#3,4.72,16.992,16.0,17.0,256.85,False,False
-243542153#5,12.01,43.236,16.0,16.0,76.13,False,False
-243542153#6,5.72,20.592,9.0,18.0,67.7,False,False
-243542154#0,3.83,13.788,17.0,17.0,339.38,False,False
-243542154#1,8.78,31.608,12.0,12.0,43.78,False,False
-243542154#2,13.06,47.016,13.0,12.0,29.26,False,False
-243542154#3,7.8,28.08,16.0,17.0,18.13,False,False
-243542154#5,6.73,24.228,19.0,21.0,34.75,False,False
-243542154#7,10.76,38.736,6.0,8.0,60.38,False,False
-243542154#8,6.19,22.284,1.0,1.0,5.8,False,False
-243542154#9,0.0,0.0,0.0,0.0,0.0,False,False
-243542155#0,9.38,33.768,7.0,6.0,42.62,False,False
-243542155#1,10.8,38.88,6.0,6.0,33.42,False,False
-243542156#1,10.49,37.764,8.0,6.0,74.02,False,False
-243542157,0.0,0.0,0.0,0.0,0.0,False,False
-244215399,9.18,33.048,0.0,1.0,9.65,False,False
-244217578#0,8.86,31.896,2.0,2.0,11.28,False,False
-244217578#1,7.64,27.504,6.0,6.0,56.47,False,False
-244217578#3,7.37,26.532,6.0,6.0,30.9,False,False
-244221646#1,8.46,30.456,8.0,8.0,75.1,False,False
-244221646#2,8.97,32.292,4.0,5.0,12.73,False,False
-244384770#11,26.25,94.5,99.0,0.0,142.94,False,False
-244384770#15,24.02,86.472,228.0,179.0,3412.02,False,False
-268782232#0,8.53,30.708,15.0,15.0,53.68,False,False
-268782232#1,12.41,44.676,14.0,15.0,39.11,False,False
-268782232#2,9.07,32.652,15.0,14.0,56.61,False,False
-268782233#0,6.9,24.84,1.0,1.0,5.01,False,False
-268782233#2,6.9,24.84,5.0,3.0,9.72,False,False
-268782233#3,5.59,20.124,4.0,6.0,12.76,False,False
-268782233#4,6.88,24.768,15.0,15.0,179.5,False,False
-268782234#0,6.87,24.732,14.0,15.0,84.14,False,False
-268782234#1,8.31,29.916,1.0,1.0,7.2,False,False
-268782329#0,5.92,21.312,5.0,5.0,25.32,False,False
-268782329#1,7.82,28.152,5.0,4.0,21.19,False,False
-268782331,6.14,22.104,4.0,3.0,22.75,False,False
-268782333#0,0.0,0.0,0.0,0.0,0.0,False,False
-268782333#1,6.6,23.76,10.0,10.0,55.74,False,False
-268782334#0,0.0,0.0,0.0,0.0,0.0,False,False
-268782334#1,6.3,22.68,12.0,10.0,63.3,False,False
-268783056#1,11.69,42.084,53.0,52.0,61.21,False,False
-270279684#0,0.0,0.0,0.0,0.0,0.0,False,False
-270279684#1,9.31,33.516,4.0,4.0,20.15,False,False
-270279686#0,7.64,27.504,1.0,2.0,13.1,False,False
-270279686#1,10.0,36.0,2.0,2.0,5.04,False,False
-272228144#0,7.58,27.288,2.0,1.0,10.05,False,False
-272228144#1,11.9,42.84,1.0,0.0,5.38,False,False
-272228144#2,0.0,0.0,0.0,0.0,0.0,False,False
-272228144#3,8.4,30.24,2.0,0.0,5.18,False,False
-272228338,8.19,29.484,2.0,1.0,8.09,False,False
-272228339#0,8.7,31.32,2.0,1.0,6.99,False,False
-272228339#1,9.1,32.76,5.0,3.0,11.83,False,False
-272228339#2,8.56,30.816,4.0,5.0,4.13,False,False
-272228339#3,8.58,30.888,4.0,4.0,5.74,False,False
-272228340,8.69,31.284,3.0,2.0,27.55,False,False
-272228440#2,6.66,23.976,4.0,8.0,52.29,False,False
-272228442,0.0,0.0,0.0,0.0,0.0,False,False
-272228567,0.0,0.0,0.0,0.0,0.0,False,False
-272228670#1,0.0,0.0,0.0,0.0,0.0,False,False
-272229587#1,9.14,32.904,9.0,9.0,60.06,False,False
-272229587#2,11.34,40.824,12.0,11.0,29.18,False,False
-272229587#3,12.88,46.368,12.0,12.0,16.02,False,False
-272229587#5,8.97,32.292,11.0,14.0,53.19,False,False
-272229587#7,10.79,38.844,17.0,17.0,47.93,False,False
-272229587#8,11.51,41.436,17.0,17.0,139.52,False,False
-272229587#9,8.79,31.644,4.0,4.0,10.7,False,False
-272229588#0,10.61,38.196,5.0,3.0,28.9,False,False
-272229588#1,10.32,37.152,2.0,2.0,4.13,False,False
-272229589,9.56,34.416,1.0,1.0,7.07,False,False
-272231354,10.0,36.0,5.0,4.0,24.27,False,False
-272231356,6.87,24.732,5.0,5.0,16.21,False,False
-272231357#1,11.62,41.832,3.0,1.0,16.0,False,False
-272231357#2,11.71,42.156,4.0,4.0,20.24,False,False
-272232099#1,7.32,26.352,0.0,1.0,8.02,False,False
-272263605#1,0.0,0.0,0.0,0.0,0.0,False,False
-272263605#2,10.81,38.916,4.0,2.0,20.02,False,False
-272263606,11.18,40.248,2.0,0.0,44.12,False,False
-273028084#11,10.92,39.312,3.0,2.0,22.84,False,False
-273028084#5,0.0,0.0,0.0,0.0,0.0,False,False
-273028084#8,11.38,40.968,6.0,5.0,50.62,False,False
-273028084#9,11.34,40.824,7.0,7.0,21.09,False,False
-273638833#5,0.0,0.0,0.0,0.0,0.0,False,False
-273638834#1,0.01,0.036,23.0,23.0,14952.66,False,False
-273638834#4,0.02,0.072,17.0,23.0,135570.17,False,False
-273638834#6,12.55,45.18,16.0,16.0,44.25,False,False
-273638834#9,11.94,42.984,16.0,16.0,71.4,False,False
-273639040#2,9.06,32.616,1.0,1.0,10.91,False,False
-273639055#1,5.76,20.736,13.0,13.0,75.92,False,False
-273639055#2,9.47,34.092,3.0,4.0,9.61,False,False
-273639055#5,10.86,39.096,1.0,3.0,24.46,False,False
-273639055#6,7.77,27.972,8.0,8.0,30.94,False,False
-273639056#2,6.83,24.588,0.0,13.0,122.99,False,False
-273639456,0.0,0.0,0.0,0.0,0.0,False,False
-273639501#1,6.44,23.184,14.0,14.0,39.21,False,False
-273639501#2,9.43,33.948,17.0,14.0,62.87,False,False
-273639766,0.0,0.0,0.0,0.0,0.0,False,False
-273640070#3,10.33,37.188,6.0,6.0,95.57,False,False
-273640076#1,11.98,43.128,1.0,1.0,19.36,False,False
-273640078#1,9.55,34.38,1.0,1.0,7.35,False,False
-273640078#4,11.05,39.78,1.0,1.0,18.47,False,False
-273647554#1,10.28,37.008,3.0,2.0,16.77,False,False
-273647554#4,0.0,0.0,0.0,0.0,0.0,False,False
-273647556#1,6.39,23.004,0.0,1.0,8.97,False,False
-273647557,0.0,0.0,0.0,0.0,0.0,False,False
-273647638#0,0.0,0.0,0.0,0.0,0.0,False,False
-273647638#2,0.0,0.0,0.0,0.0,0.0,False,False
-273648116#1,0.0,0.0,0.0,0.0,0.0,False,False
-273896133#2,0.0,0.0,0.0,0.0,0.0,False,False
-273896156#0,0.0,0.0,0.0,0.0,0.0,False,False
-273896156#2,0.0,0.0,0.0,0.0,0.0,False,False
-277257944#1,0.0,0.0,0.0,0.0,0.0,False,False
-277257944#3,0.0,0.0,0.0,0.0,0.0,False,False
-301285277#1,0.0,0.0,0.0,0.0,0.0,False,False
-301285279#0,10.06,36.216,1.0,3.0,61.43,False,False
-301285279#2,11.61,41.796,2.0,0.0,16.22,False,False
-315658884#5,7.84,28.224,28.0,27.0,440.54,False,False
-315658896#1,8.4,30.24,5.0,4.0,29.92,False,False
-315658896#2,12.15,43.74,2.0,1.0,3.66,False,False
-315658896#5,10.54,37.944,3.0,3.0,21.46,False,False
-315658896#6,7.36,26.496,2.0,2.0,12.34,False,False
-315658896#7,0.0,0.0,0.0,0.0,0.0,False,False
-315658897#1,0.0,0.0,0.0,0.0,0.0,False,False
-315658897#2,9.07,32.652,42.0,42.0,346.63,False,False
-315658897#5,11.92,42.912,2.0,2.0,26.26,False,False
-315658899#1,0.0,0.0,0.0,0.0,0.0,False,False
-315658900#2,0.0,0.0,0.0,0.0,0.0,False,False
-315658900#3,0.0,0.0,0.0,0.0,0.0,False,False
-315658900#5,9.83,35.388,1.0,0.0,9.74,False,False
-315658900#8,0.0,0.0,0.0,0.0,0.0,False,False
-318747848#2,4.65,16.74,39.0,17.0,281.53,False,False
-318747848#7,12.57,45.252,40.0,39.0,644.38,False,False
-318747850#0,7.29,26.244,1.0,1.0,9.04,False,False
-318747850#1,10.27,36.972,1.0,2.0,19.19,False,False
-318747850#2,8.28,29.808,1.0,1.0,3.78,False,False
-318747850#3,8.03,28.908,1.0,2.0,9.95,False,False
-322977445,5.96,21.456,0.0,1.0,7.86,False,False
-322977650,3.63,13.068,0.0,1.0,3.74,False,False
-327035698#0,7.24,26.064,3.0,3.0,12.91,False,False
-327035698#1,12.64,45.504,2.0,2.0,6.55,False,False
-327035698#3,10.43,37.548,5.0,5.0,36.53,False,False
-327035699#1,5.57,20.052,0.0,3.0,21.11,False,False
-327035700#0,10.3,37.08,5.0,6.0,43.97,False,False
-327035700#1,10.28,37.008,19.0,19.0,70.87,False,False
-327035702#0,8.62,31.032,4.0,4.0,8.3,False,False
-327035702#1,9.35,33.66,4.0,4.0,11.26,False,False
-327035702#5,11.02,39.672,14.0,4.0,85.36,False,False
-327040896,8.53,30.708,1.0,0.0,6.99,False,False
-329612996,0.41,1.476,3.0,4.0,1237.18,False,False
-329995227#0,6.97,25.092,4.0,6.0,28.99,False,False
-329995227#1,10.86,39.096,7.0,8.0,63.84,False,False
-329995227#2,8.46,30.456,6.0,9.0,51.83,False,False
-329995230#0,15.36,55.296,26.0,26.0,67.93,False,False
-329995230#1,11.22,40.392,19.0,21.0,61.75,False,False
-329995230#2,8.91,32.076,7.0,8.0,31.63,False,False
-329995231#0,9.05,32.58,3.0,1.0,17.86,False,False
-329995231#1,8.27,29.772,6.0,5.0,30.12,False,False
-333554714#1,7.49,26.964,1.0,13.0,80.33,True,False
-344645186,9.22,33.192,6.0,7.0,63.74,False,False
-344645187,9.69,34.884,17.0,19.0,160.27,False,False
-344663874,9.95,35.82,0.0,1.0,16.92,False,False
-344663901#3,0.0,0.0,0.0,0.0,0.0,False,False
-344663909#1,12.63,45.468,190.0,0.0,719.38,False,False
-344663909#5,0.71,2.556,0.0,2.0,206.6,False,False
-345046979#3,23.63,85.068,475.0,469.0,2952.96,False,False
-345046979#5,17.68,63.648,478.0,476.0,2386.68,True,False
-348626442,9.51,34.236,2.0,1.0,23.59,False,False
-348626444#0,0.23,0.828,19.0,19.0,1868.54,False,False
-348626444#2,3.16,11.376,0.0,7.0,60.64,False,False
-348626444#3,4.97,17.892,0.0,1.0,5.19,False,False
-348648522,0.0,0.0,0.0,0.0,0.0,False,False
-348659730,9.61,34.596,2.0,2.0,30.87,False,False
-351672095#1,0.0,0.0,0.0,0.0,0.0,False,False
-351672100#2,11.58,41.688,5.0,2.0,66.74,False,False
-351672100#4,10.37,37.332,22.0,22.0,127.49,False,False
-37399598#1,16.89,60.804,9.0,8.0,27.52,False,False
-37399598#2,10.93,39.348,7.0,7.0,35.51,False,False
-37399598#3,0.0,0.0,0.0,0.0,0.0,False,False
-37399924#1,8.21,29.556,52.0,54.0,216.97,False,False
-37399924#11,11.37,40.932,3.0,3.0,13.7,False,False
-37399924#2,17.44,62.784,50.0,52.0,238.2,False,False
-37399924#4,16.69,60.084,34.0,37.0,144.21,False,False
-37399924#5,22.9,82.44,23.0,23.0,30.36,False,False
-37399924#7,20.12,72.432,22.0,21.0,130.43,False,False
-37399924#8,11.89,42.804,8.0,16.0,108.58,False,False
-37399924#9,20.07,72.252,3.0,3.0,9.4,False,False
-37402180#2,26.14,94.104,1.0,0.0,0.71,False,False
-37403486#2,12.02,43.272,36.0,35.0,142.56,False,False
-37403487#1,1.98,7.128,53.0,53.0,441.03,False,False
-375125209,10.98,39.528,36.0,47.0,246.42,False,False
-37928420#2,0.19,0.684,279.0,273.0,98441.49,False,False
-381226320,3.92,14.112,3.0,2.0,12.53,False,False
-381226321,8.03,28.908,1.0,0.0,2.18,False,False
-381226322#1,8.24,29.664,35.0,35.0,265.15,False,False
-381226322#3,12.05,43.38,34.0,33.0,114.28,False,False
-381226322#4,9.42,33.912,33.0,33.0,241.71,False,False
-381226323,10.96,39.456,2.0,1.0,6.69,False,False
-381226325,9.58,34.488,8.0,7.0,37.38,False,False
-381230507#0,10.1,36.36,14.0,13.0,110.49,False,False
-381230507#4,11.71,42.156,11.0,6.0,62.03,False,False
-381447817#0,9.78,35.208,2.0,2.0,15.55,False,False
-381447817#1,0.0,0.0,0.0,0.0,0.0,False,False
-381447818,0.0,0.0,0.0,0.0,0.0,False,False
-381447820,10.61,38.196,1.0,0.0,3.29,False,False
-381447822,1.63,5.868,1.0,1.0,22.65,False,False
-381447823#1,3.37,12.132,3.0,2.0,96.46,False,False
-381447824,0.0,0.0,0.0,0.0,0.0,False,False
-381447826,0.0,0.0,0.0,0.0,0.0,False,False
-381447829#0,12.58,45.288,2.0,0.0,18.32,False,False
-381447831#0,11.66,41.976,1.0,0.0,3.56,False,False
-381447831#1,10.43,37.548,3.0,1.0,6.57,False,False
-381447832,1.04,3.744,11.0,9.0,856.43,False,False
-381447833#0,0.0,0.0,0.0,0.0,0.0,False,False
-381447833#1,11.44,41.184,51.0,51.0,456.85,False,False
-381447834#0,0.0,0.0,0.0,0.0,0.0,False,False
-381447834#1,0.0,0.0,0.0,0.0,0.0,False,False
-381447836#0,0.0,0.0,0.0,0.0,0.0,False,False
-381447836#2,6.93,24.948,4.0,3.0,11.74,False,False
-381447836#3,0.0,0.0,0.0,0.0,0.0,False,False
-381452097#1,5.03,18.108,2.0,3.0,50.74,False,False
-381452097#2,0.0,0.0,0.0,0.0,0.0,False,False
-381452097#3,0.0,0.0,0.0,0.0,0.0,False,False
-381452098#0,9.48,34.128,0.0,7.0,108.38,False,False
-381452099,0.0,0.0,0.0,0.0,0.0,False,False
-381452101#0,9.16,32.976,6.0,6.0,27.79,False,False
-381452101#1,9.25,33.3,2.0,6.0,40.79,False,False
-381452101#2,6.87,24.732,2.0,2.0,4.72,False,False
-381452101#3,6.38,22.968,4.0,3.0,8.13,False,False
-381452103#0,0.1,0.36,97.0,99.0,104040.08,False,False
-381452103#2,0.46,1.656,46.0,56.0,18078.33,False,False
-381452104#0,0.32,1.152,8.0,8.0,2157.25,False,False
-381452104#1,10.46,37.656,7.0,7.0,12.58,False,False
-381452104#2,13.67,49.212,3.0,3.0,46.31,False,False
-381452106#0,8.09,29.124,2.0,4.0,30.99,False,False
-381452106#1,9.87,35.532,2.0,2.0,1.05,False,False
-381452106#3,14.08,50.688,3.0,2.0,1.06,False,False
-381452106#4,13.45,48.42,5.0,3.0,15.39,False,False
-381452106#6,12.33,44.388,8.0,8.0,64.34,False,False
-381452108#0,0.03,0.108,20.0,20.0,19666.11,False,False
-381452108#1,0.18,0.648,4.0,7.0,4259.83,False,False
-381452108#3,13.15,47.34,4.0,4.0,25.61,False,False
-381452108#4,5.13,18.468,2.0,4.0,4.94,False,False
-381452108#5,9.95,35.82,4.0,3.0,17.34,False,False
-381452110,0.0,0.0,0.0,0.0,0.0,False,False
-381452111,0.0,0.0,0.0,0.0,0.0,False,False
-381452112,9.72,34.992,2.0,0.0,4.14,False,False
-381452116,6.44,23.184,0.0,3.0,24.69,False,False
-381452117,11.99,43.164,1.0,0.0,1.31,False,False
-381452120#0,0.67,2.412,14.0,19.0,1112.62,False,False
-381452120#1,7.53,27.108,5.0,13.0,70.19,False,False
-381452120#2,10.19,36.684,11.0,10.0,103.64,False,False
-381452120#3,12.1,43.56,15.0,14.0,85.78,False,False
-381452120#5,11.93,42.948,15.0,16.0,48.43,False,False
-381452120#6,12.58,45.288,20.0,20.0,102.69,False,False
-381452122#3,5.74,20.664,33.0,32.0,292.83,False,False
-381452128,6.94,24.984,0.0,1.0,8.43,False,False
-381452129,9.2,33.12,2.0,0.0,4.23,False,False
-381452130,8.89,32.004,3.0,3.0,26.94,False,False
-381452132,9.66,34.776,4.0,4.0,22.81,False,False
-381452133,8.97,32.292,2.0,0.0,8.57,False,False
-381452134,0.0,0.0,0.0,0.0,0.0,False,False
-381452136,0.0,0.0,0.0,0.0,0.0,False,False
-381452137,10.41,37.476,1.0,0.0,2.64,False,False
-381452138#0,4.25,15.3,1.0,12.0,51.55,False,False
-381452138#1,0.0,0.0,0.0,0.0,0.0,False,False
-381452140#0,7.73,27.828,2.0,2.0,6.92,False,False
-381452140#1,1.16,4.176,1.0,1.0,62.85,False,False
-381452141,9.62,34.632,1.0,1.0,6.41,False,False
-381452143#0,6.48,23.328,1.0,1.0,2.04,False,False
-381452143#1,0.0,0.0,0.0,0.0,0.0,False,False
-381452147,0.0,0.0,0.0,0.0,0.0,False,False
-381452149#0,0.0,0.0,0.0,0.0,0.0,False,False
-381452151,0.0,0.0,0.0,0.0,0.0,False,False
-381452152,11.71,42.156,2.0,1.0,14.35,False,False
-381452153,0.0,0.0,0.0,0.0,0.0,False,False
-381452155,0.0,0.0,0.0,0.0,0.0,False,False
-381452156#0,7.6,27.36,2.0,2.0,8.33,False,False
-381452156#2,11.48,41.328,1.0,1.0,9.53,False,False
-381452158,0.0,0.0,0.0,0.0,0.0,False,False
-381452159,6.62,23.832,0.0,1.0,7.95,False,False
-381452160#0,0.0,0.0,0.0,0.0,0.0,False,False
-381452160#1,12.94,46.584,1.0,0.0,3.21,False,False
-381452160#2,13.6,48.96,1.0,1.0,1.36,False,False
-381452162,0.0,0.0,0.0,0.0,0.0,False,False
-381452163#0,5.78,20.808,1.0,2.0,5.27,False,False
-381452163#1,9.01,32.436,1.0,1.0,1.66,False,False
-381452163#2,0.0,0.0,0.0,0.0,0.0,False,False
-381452163#3,0.0,0.0,0.0,0.0,0.0,False,False
-381452163#4,0.0,0.0,0.0,0.0,0.0,False,False
-381452163#5,0.0,0.0,0.0,0.0,0.0,False,False
-381452166#0,0.0,0.0,0.0,0.0,0.0,False,False
-381452166#1,11.99,43.164,1.0,0.0,5.02,False,False
-381452166#3,8.82,31.752,1.0,1.0,4.21,False,False
-381452167,8.07,29.052,1.0,1.0,4.76,False,False
-381452169,0.0,0.0,0.0,0.0,0.0,False,False
-381452170#0,5.08,18.288,19.0,22.0,163.36,False,False
-381452170#1,0.39,1.404,46.0,29.0,3233.08,False,False
-381452172,10.9,39.24,1.0,0.0,8.57,False,False
-381452174#0,7.67,27.612,0.0,1.0,8.84,False,False
-381452174#1,0.0,0.0,0.0,0.0,0.0,False,False
-381452175#0,6.25,22.5,2.0,2.0,4.14,False,False
-381452175#1,7.85,28.26,3.0,4.0,12.1,False,False
-381452175#2,10.77,38.772,5.0,5.0,12.73,False,False
-381452175#3,12.31,44.316,6.0,5.0,19.41,False,False
-381452176#0,0.0,0.0,0.0,0.0,0.0,False,False
-381452176#1,0.0,0.0,0.0,0.0,0.0,False,False
-381452178#0,10.25,36.9,15.0,23.0,117.11,False,False
-381452178#1,7.38,26.568,8.0,13.0,46.68,False,False
-381452179#0,7.26,26.136,11.0,11.0,40.93,False,False
-381452179#1,5.39,19.404,2.0,3.0,6.44,False,False
-381452179#3,10.58,38.088,4.0,2.0,13.52,False,False
-381452180#0,0.0,0.0,0.0,0.0,0.0,False,False
-381452180#2,0.0,0.0,0.0,0.0,0.0,False,False
-381452180#4,8.79,31.644,0.0,2.0,17.74,False,False
-381452182#0,0.05,0.18,6.0,12.0,28202.51,False,False
-381452182#1,5.35,19.26,1.0,5.0,41.16,False,False
-381452186#0,5.21,18.756,3.0,13.0,63.29,False,False
-381452186#2,8.73,31.428,0.0,3.0,23.68,False,False
-381453320#0,0.19,0.684,10.0,10.0,1848.35,False,False
-381453320#1,0.0,0.0,0.0,0.0,0.0,False,False
-381453320#2,11.32,40.752,5.0,1.0,9.66,False,False
-381453320#3,9.36,33.696,5.0,5.0,12.1,False,False
-381453321#1,0.0,0.0,0.0,0.0,0.0,False,False
-381453321#2,0.0,0.0,0.0,0.0,0.0,False,False
-381453321#4,6.9,24.84,4.0,4.0,12.93,False,False
-381453321#5,0.0,0.0,0.0,0.0,0.0,False,False
-381453322,9.45,34.02,2.0,0.0,7.08,False,False
-381453323,0.0,0.0,0.0,0.0,0.0,False,False
-381453324,0.0,0.0,0.0,0.0,0.0,False,False
-381453325#1,9.06,32.616,16.0,16.0,70.11,False,False
-381453326#0,7.63,27.468,6.0,10.0,66.83,False,False
-381453326#2,7.11,25.596,2.0,5.0,19.13,False,False
-381453326#3,9.12,32.832,6.0,4.0,28.12,False,False
-381453327,8.48,30.528,0.0,1.0,10.99,False,False
-381453328#0,2.06,7.416,2.0,2.0,26.33,False,False
-381453328#1,6.9,24.84,6.0,8.0,30.1,False,False
-381453328#2,13.18,47.448,7.0,6.0,17.35,False,False
-381453328#3,9.05,32.58,5.0,7.0,31.5,False,False
-381453329,0.0,0.0,0.0,0.0,0.0,False,False
-381453331,0.0,0.0,0.0,0.0,0.0,False,False
-381453798,12.24,44.064,1.0,0.0,5.95,False,False
-381453800,0.53,1.908,3.0,3.0,483.7,False,False
-381456417#0,0.0,0.0,0.0,0.0,0.0,False,False
-381456417#1,0.0,0.0,0.0,0.0,0.0,False,False
-381456417#2,0.0,0.0,0.0,0.0,0.0,False,False
-381456418#0,0.0,0.0,0.0,0.0,0.0,False,False
-381456418#1,12.9,46.44,2.0,0.0,6.47,False,False
-381456418#2,8.05,28.98,4.0,4.0,8.67,False,False
-381456418#4,10.0,36.0,8.0,9.0,53.33,False,False
-381456418#6,8.09,29.124,9.0,10.0,33.11,False,False
-381456419#0,0.0,0.0,0.0,0.0,0.0,False,False
-381456419#1,5.14,18.504,1.0,2.0,19.0,False,False
-381456420#0,0.11,0.396,9.0,9.0,2077.0,False,False
-381456420#2,11.66,41.976,6.0,6.0,12.7,False,False
-381456420#4,7.71,27.756,5.0,7.0,24.24,False,False
-381456420#5,9.52,34.272,5.0,6.0,7.07,False,False
-381456420#6,10.55,37.98,9.0,10.0,40.9,False,False
-381456420#7,10.93,39.348,10.0,9.0,21.9,False,False
-381456422#1,0.16,0.576,2.0,2.0,742.83,False,False
-381456422#3,8.46,30.456,3.0,3.0,11.29,False,False
-381456422#4,6.5,23.4,2.0,3.0,3.21,False,False
-381456422#6,5.86,21.096,0.0,2.0,10.31,False,False
-381456422#7,0.0,0.0,0.0,0.0,0.0,False,False
-381456424#0,0.0,0.0,0.0,0.0,0.0,False,False
-381456424#1,6.49,23.364,1.0,0.0,1.19,False,False
-381456424#2,11.75,42.3,2.0,2.0,3.62,False,False
-381456424#3,9.67,34.812,3.0,3.0,5.44,False,False
-381456424#5,12.11,43.596,3.0,3.0,4.6,False,False
-381456424#6,9.12,32.832,13.0,8.0,23.61,False,False
-381456424#8,8.56,30.816,12.0,11.0,58.6,False,False
-381456429,8.6,30.96,2.0,1.0,5.88,False,False
-381456432,6.99,25.164,0.0,3.0,27.46,False,False
-381456433,7.83,28.188,1.0,1.0,4.32,False,False
-381456440#1,6.58,23.688,3.0,3.0,14.68,False,False
-381456441,8.31,29.916,30.0,29.0,226.91,False,False
-381456443,8.81,31.716,2.0,1.0,12.32,False,False
-381456444,0.0,0.0,0.0,0.0,0.0,False,False
-381456445,0.0,0.0,0.0,0.0,0.0,False,False
-381456446#0,9.52,34.272,2.0,0.0,5.92,False,False
-381456446#1,0.0,0.0,0.0,0.0,0.0,False,False
-381456447,0.0,0.0,0.0,0.0,0.0,False,False
-381456448,10.46,37.656,1.0,0.0,5.63,False,False
-381456449,7.69,27.684,14.0,13.0,61.16,False,False
-381456451,0.53,1.908,0.0,1.0,110.16,False,False
-381456452#2,0.0,0.0,0.0,0.0,0.0,False,False
-381456453#0,0.0,0.0,0.0,0.0,0.0,False,False
-381456453#1,0.0,0.0,0.0,0.0,0.0,False,False
-381456455#0,6.35,22.86,4.0,4.0,3.28,False,False
-381456455#1,8.4,30.24,5.0,5.0,14.66,False,False
-381456456,0.0,0.0,0.0,0.0,0.0,False,False
-381456457#1,0.0,0.0,0.0,0.0,0.0,False,False
-381456457#2,0.0,0.0,0.0,0.0,0.0,False,False
-381456458,8.9,32.04,1.0,1.0,5.05,False,False
-381456459,8.01,28.836,1.0,1.0,5.73,False,False
-381456460,7.29,26.244,2.0,3.0,26.3,False,False
-381456461,0.0,0.0,0.0,0.0,0.0,False,False
-381456462#0,0.0,0.0,0.0,0.0,0.0,False,False
-381456462#1,0.0,0.0,0.0,0.0,0.0,False,False
-381456462#3,8.8,31.68,3.0,3.0,19.01,False,False
-381456463#0,6.88,24.768,12.0,13.0,38.13,False,False
-381456463#2,10.21,36.756,13.0,12.0,62.59,False,False
-381456464#1,7.5,27.0,0.0,1.0,9.21,False,False
-381456465,0.0,0.0,0.0,0.0,0.0,False,False
-381456466#0,10.77,38.772,4.0,1.0,10.62,False,False
-381456466#1,6.33,22.788,3.0,4.0,5.63,False,False
-381456466#2,4.66,16.776,0.0,3.0,15.08,False,False
-381456468#0,0.0,0.0,0.0,0.0,0.0,False,False
-381456468#1,0.0,0.0,0.0,0.0,0.0,False,False
-381456469#0,8.27,29.772,2.0,1.0,2.76,False,False
-381456469#1,8.1,29.16,4.0,5.0,14.36,False,False
-381456469#2,12.54,45.144,4.0,4.0,10.09,False,False
-381458589#0,11.78,42.408,10.0,0.0,26.46,False,False
-381458589#1,2.84,10.224,0.0,11.0,19.35,False,False
-381802843#0,10.23,36.828,5.0,1.0,28.69,False,False
-381802843#1,0.0,0.0,0.0,0.0,0.0,False,False
-381802844#0,0.02,0.072,11.0,10.0,4187.49,False,False
-381802844#1,6.28,22.608,1.0,1.0,2.36,False,False
-381802844#2,6.57,23.652,1.0,1.0,0.79,False,False
-381802844#3,0.0,0.0,0.0,0.0,0.0,False,False
-381802844#5,0.0,0.0,0.0,0.0,0.0,False,False
-381802844#6,3.14,11.304,0.0,1.0,1.59,False,False
-381802844#7,0.0,0.0,0.0,0.0,0.0,False,False
-381802844#8,3.93,14.148,0.0,1.0,3.61,False,False
-381802845#1,8.24,29.664,11.0,11.0,67.04,False,False
-381802845#2,7.04,25.344,8.0,11.0,58.26,False,False
-381802845#3,0.0,0.0,0.0,0.0,0.0,False,False
-381802847#0,0.85,3.06,2.0,2.0,367.4,False,False
-381802847#1,10.21,36.756,2.0,2.0,8.18,False,False
-381802847#2,0.37,1.332,2.0,4.0,1246.22,False,True
-381802847#3,9.27,33.372,3.0,3.0,10.22,False,False
-381802847#4,10.2,36.72,3.0,3.0,7.31,False,False
-381802847#6,9.64,34.704,1.0,1.0,3.35,False,False
-381802848#0,0.0,0.0,0.0,0.0,0.0,False,False
-381802848#1,7.75,27.9,1.0,1.0,4.96,False,False
-381802848#2,8.19,29.484,1.0,1.0,8.3,False,False
-381802853,0.0,0.0,0.0,0.0,0.0,False,False
-381802858,8.59,30.924,1.0,1.0,2.45,False,False
-381802860#0,0.0,0.0,0.0,0.0,0.0,False,False
-381802860#1,0.0,0.0,0.0,0.0,0.0,False,False
-381802860#2,12.59,45.324,4.0,0.0,28.38,False,False
-381802863,9.22,33.192,2.0,2.0,16.33,False,False
-381802870#0,10.9,39.24,1.0,0.0,3.92,False,False
-381802870#1,8.3,29.88,1.0,1.0,4.67,False,False
-381802874#0,6.25,22.5,2.0,4.0,33.6,False,False
-381802874#1,10.06,36.216,1.0,0.0,3.89,False,False
-381802876#0,0.0,0.0,0.0,0.0,0.0,False,False
-381802876#1,9.63,34.668,6.0,5.0,48.12,False,False
-381802879#0,13.2,47.52,1.0,0.0,5.61,False,False
-381802879#1,10.18,36.648,1.0,1.0,7.07,False,False
-381802879#3,9.75,35.1,6.0,6.0,39.6,False,False
-381802881#0,0.0,0.0,0.0,0.0,0.0,False,False
-381802881#2,11.0,39.6,2.0,2.0,17.37,False,True
-381802882,0.0,0.0,0.0,0.0,0.0,False,False
-381802883#0,12.4,44.64,1.0,0.0,6.07,False,False
-381802883#1,10.26,36.936,9.0,7.0,62.71,False,False
-381802883#3,8.82,31.752,16.0,16.0,103.32,False,False
-381802884#0,9.82,35.352,1.0,0.0,2.15,False,False
-381802884#1,0.0,0.0,0.0,0.0,0.0,False,False
-381802888,9.61,34.596,1.0,1.0,7.96,False,False
-381807690#1,9.79,35.244,2.0,2.0,17.69,False,False
-381807690#2,7.16,25.776,0.0,2.0,13.79,False,False
-381807690#3,0.0,0.0,0.0,0.0,0.0,False,False
-381807694#1,8.07,29.052,3.0,1.0,22.61,False,False
-381807698#3,12.71,45.756,2.0,2.0,23.72,False,False
-381807721#0,7.32,26.352,33.0,32.0,515.69,False,False
-381807721#2,10.68,38.448,7.0,3.0,67.15,False,False
-381807721#3,0.0,0.0,0.0,0.0,0.0,False,False
-381809843#0,9.7,34.92,2.0,2.0,11.71,False,False
-381809843#1,10.61,38.196,0.0,1.0,10.73,False,False
-381809844#1,0.0,0.0,0.0,0.0,0.0,False,False
-381809845,0.0,0.0,0.0,0.0,0.0,False,False
-381809847,0.0,0.0,0.0,0.0,0.0,False,False
-381809849#0,0.0,0.0,0.0,0.0,0.0,False,False
-381809849#4,8.23,29.628,5.0,6.0,33.03,False,False
-381809850#2,8.05,28.98,0.0,1.0,12.04,False,False
-383097714,0.12,0.432,332.0,332.0,61419.08,True,False
-383097722#0,0.11,0.396,762.0,757.0,223687.44,True,True
-384030398#1,11.8,42.48,10.0,3.0,82.9,False,False
-384030401#1,13.36,48.096,2.0,0.0,11.54,False,False
-384030401#2,12.91,46.476,7.0,4.0,51.17,False,False
-395564622#0,9.83,35.388,16.0,17.0,34.06,False,False
-395564622#1,14.54,52.344,1.0,0.0,2.03,False,False
-395564622#2,9.58,34.488,3.0,3.0,13.82,False,False
-420086350,0.0,0.0,0.0,0.0,0.0,False,False
-420089386#1,10.47,37.692,2.0,2.0,9.81,False,False
-420089386#2,12.86,46.296,2.0,2.0,5.95,False,False
-420089386#3,5.96,21.456,0.0,2.0,13.88,False,False
-420092888#0,0.0,0.0,0.0,0.0,0.0,False,False
-420092888#1,7.69,27.684,0.0,1.0,10.56,False,False
-420092889#1,11.08,39.888,9.0,4.0,41.7,False,False
-420092889#2,6.57,23.652,5.0,9.0,32.92,False,False
-420092889#3,0.0,0.0,0.0,0.0,0.0,False,False
-420092889#4,0.0,0.0,0.0,0.0,0.0,False,False
-420097204#3,0.0,0.0,0.0,0.0,0.0,False,False
-420187959#0,0.22,0.792,227.0,239.0,17994.25,False,False
-420187959#11,9.19,33.084,7.0,8.0,25.81,False,False
-420187959#12,0.0,0.0,0.0,0.0,0.0,False,False
-420187959#2,1.64,5.904,117.0,128.0,2051.88,False,False
-420187959#3,2.42,8.712,106.0,112.0,2048.02,False,False
-420187959#4,2.2,7.92,32.0,38.0,624.25,False,False
-420187959#5,10.37,37.332,13.0,15.0,24.18,False,False
-420187959#7,12.9,46.44,13.0,12.0,75.5,False,False
-420187959#8,11.7,42.12,12.0,12.0,21.45,False,False
-420317538#1,12.26,44.136,1.0,0.0,11.76,False,False
-420317538#2,2.92,10.512,3.0,3.0,141.71,False,False
-420317540,8.73,31.428,0.0,4.0,60.71,False,False
-420317541#0,5.63,20.268,8.0,14.0,79.49,False,False
-420317541#1,7.16,25.776,5.0,8.0,42.16,False,False
-420317543#0,8.55,30.78,2.0,2.0,10.35,False,False
-420317543#1,6.56,23.616,2.0,3.0,27.89,False,False
-420317544#1,11.68,42.048,1.0,0.0,7.84,False,False
-420317544#3,11.83,42.588,17.0,11.0,230.67,False,False
-420319840#0,11.92,42.912,3.0,0.0,8.41,False,False
-420319840#1,6.98,25.128,3.0,3.0,3.06,False,False
-420319841#1,0.03,0.108,23.0,23.0,28757.82,False,False
-420319841#10,0.0,0.0,0.0,0.0,0.0,False,False
-420319841#2,0.16,0.576,17.0,17.0,3461.5,False,False
-420319841#3,9.97,35.892,18.0,16.0,40.09,False,False
-420319841#4,13.9,50.04,8.0,8.0,12.01,False,False
-420319841#5,10.74,38.664,8.0,8.0,18.69,False,False
-420319841#6,7.71,27.756,7.0,5.0,35.76,False,False
-420319841#7,9.77,35.172,6.0,0.0,17.08,False,False
-420319841#8,9.7,34.92,1.0,0.0,2.61,False,False
-420319844,12.01,43.236,1.0,1.0,5.31,False,False
-420319845,0.23,0.828,5.0,5.0,2867.07,False,False
-420319846,9.72,34.992,4.0,2.0,7.75,False,False
-420319847,0.0,0.0,0.0,0.0,0.0,False,False
-420319848#0,13.07,47.052,11.0,11.0,18.5,False,False
-420319848#1,12.81,46.116,11.0,11.0,43.58,False,False
-420319848#2,9.91,35.676,36.0,36.0,117.96,False,False
-420319848#3,10.78,38.808,33.0,33.0,66.59,False,False
-420319848#4,10.9,39.24,22.0,21.0,46.46,False,False
-420319848#5,12.34,44.424,14.0,14.0,23.27,False,False
-420319848#7,8.16,29.376,12.0,12.0,51.72,False,False
-420331801#0,0.0,0.0,0.0,0.0,0.0,False,False
-420331801#2,7.21,25.956,1.0,0.0,13.91,False,False
-420331802#0,0.24,0.864,28.0,28.0,8355.88,False,False
-420331802#1,10.95,39.42,1.0,1.0,6.62,False,False
-420331802#3,8.9,32.04,3.0,3.0,24.0,False,False
-420331803,0.0,0.0,0.0,0.0,0.0,False,False
-420331804,0.0,0.0,0.0,0.0,0.0,False,False
-420331805,11.5,41.4,4.0,1.0,31.16,False,False
-420331806,11.97,43.092,2.0,1.0,13.79,False,False
-420331807#0,11.49,41.364,1.0,0.0,3.22,False,False
-420331807#1,0.0,0.0,0.0,0.0,0.0,False,False
-420331808,0.0,0.0,0.0,0.0,0.0,False,False
-420331809,11.01,39.636,10.0,9.0,35.84,False,False
-420331810,11.91,42.876,3.0,2.0,18.76,False,False
-420331811#0,9.31,33.516,5.0,4.0,21.86,False,False
-420331812#0,0.06,0.216,1.0,1.0,623.84,False,False
-420331812#1,3.15,11.34,0.0,1.0,1.59,False,False
-420331812#2,10.47,37.692,1.0,1.0,1.41,False,False
-420331812#3,10.58,38.088,23.0,23.0,14.91,False,False
-420331812#4,10.3,37.08,25.0,23.0,105.35,False,False
-420331813#0,8.97,32.292,18.0,18.0,75.53,False,False
-420331814#0,10.02,36.072,3.0,3.0,17.87,False,False
-420331814#1,11.47,41.292,4.0,3.0,2.15,False,False
-420331814#2,7.28,26.208,4.0,4.0,8.4,False,False
-420331815,0.0,0.0,0.0,0.0,0.0,False,False
-420331816#1,0.01,0.036,2.0,5.0,2780.76,False,False
-420331816#2,0.0,0.0,0.0,0.0,0.0,False,False
-420331817,0.0,0.0,0.0,0.0,0.0,False,False
-420331818#0,13.5,48.6,1.0,0.0,3.5,False,False
-420331823,7.19,25.884,0.0,1.0,9.29,False,False
-420331825#0,15.48,55.728,1.0,1.0,6.39,False,False
-420331825#1,9.41,33.876,1.0,2.0,8.98,False,False
-420331825#2,10.27,36.972,3.0,3.0,20.16,False,False
-420331825#3,11.75,42.3,5.0,2.0,25.75,False,False
-420331825#4,10.59,38.124,29.0,27.0,72.88,False,False
-420331827,13.25,47.7,6.0,6.0,23.83,False,False
-420331830,7.96,28.656,2.0,4.0,43.25,False,False
-420331831,0.0,0.0,0.0,0.0,0.0,False,False
-420331835#1,8.15,29.34,1.0,1.0,5.17,False,False
-420331836,7.37,26.532,1.0,1.0,5.5,False,False
-420331837#0,8.69,31.284,1.0,0.0,2.91,False,False
-420331837#1,0.0,0.0,0.0,0.0,0.0,False,False
-420331838#0,0.0,0.0,0.0,0.0,0.0,False,False
-420331838#1,6.92,24.912,3.0,1.0,22.15,False,False
-420331839,0.2,0.72,8.0,8.0,3208.87,False,False
-420334155#3,0.0,0.0,0.0,0.0,0.0,False,False
-420335669,0.0,0.0,0.0,0.0,0.0,False,False
-420348545,11.73,42.228,2.0,1.0,21.12,False,False
-420348552#1,8.64,31.104,2.0,2.0,20.92,False,False
-420348553,0.0,0.0,0.0,0.0,0.0,False,False
-420348555#1,10.46,37.656,26.0,0.0,195.8,False,False
-420348556#1,11.65,41.94,4.0,4.0,8.27,False,False
-420348556#2,11.36,40.896,4.0,4.0,13.12,False,False
-420348556#3,9.78,35.208,4.0,3.0,24.47,False,False
-420348560,0.0,0.0,0.0,0.0,0.0,False,False
-420348561#0,4.4,15.84,0.0,1.0,4.21,False,False
-420348561#1,0.0,0.0,0.0,0.0,0.0,False,False
-420348561#2,4.56,16.416,1.0,6.0,20.13,False,False
-420361194#3,10.87,39.132,2.0,2.0,17.38,False,False
-420361205#3,0.0,0.0,0.0,0.0,0.0,False,False
-420383139#0,0.0,0.0,0.0,0.0,0.0,False,False
-420383139#1,11.8,42.48,1.0,1.0,5.72,False,False
-420383139#2,3.78,13.608,5.0,3.0,103.13,False,False
-420383140#2,13.69,49.284,2.0,2.0,8.81,False,False
-420383140#4,10.37,37.332,10.0,10.0,34.48,False,False
-420383140#5,10.5,37.8,9.0,8.0,10.39,False,False
-420383143#1,0.0,0.0,0.0,0.0,0.0,False,False
-420383143#2,0.0,0.0,0.0,0.0,0.0,False,False
-420383144#0,0.0,0.0,0.0,0.0,0.0,False,False
-420383144#1,0.0,0.0,0.0,0.0,0.0,False,False
-420383145,0.0,0.0,0.0,0.0,0.0,False,False
-420383146#1,0.0,0.0,0.0,0.0,0.0,False,False
-420383147,0.0,0.0,0.0,0.0,0.0,False,False
-420383151,12.2,43.92,4.0,4.0,24.79,False,False
-420383152,6.97,25.092,3.0,3.0,9.09,False,False
-420383153,5.35,19.26,1.0,12.0,73.21,False,False
-420383159#1,11.23,40.428,13.0,13.0,123.64,False,False
-420383159#2,12.92,46.512,1.0,0.0,6.75,False,False
-420383160#0,0.1,0.36,2.0,10.0,1402.63,False,False
-420383161,6.4,23.04,0.0,2.0,17.12,False,False
-420391187#1,10.13,36.468,3.0,2.0,22.14,False,False
-420391195,0.0,0.0,0.0,0.0,0.0,False,False
-420393496#4,7.31,26.316,1.0,0.0,1.44,False,False
-422584938,13.17,47.412,0.0,2.0,37.86,False,False
-428260116#0,0.68,2.448,87.0,93.0,9409.76,False,False
-428260116#1,12.09,43.524,84.0,85.0,109.5,False,False
-431903251#0,6.44,23.184,8.0,16.0,120.68,False,False
-431903251#1,7.4,26.64,1.0,2.0,13.3,False,False
-464233655,0.0,0.0,0.0,0.0,0.0,False,False
-464445691#1,0.0,0.0,0.0,0.0,0.0,False,False
-464445691#3,6.15,22.14,0.0,5.0,35.15,False,False
-464459665,7.14,25.704,7.0,7.0,31.33,False,False
-464459667,6.32,22.752,0.0,1.0,6.94,False,False
-464459668#1,7.52,27.072,0.0,5.0,56.04,False,False
-464459668#2,12.65,45.54,11.0,0.0,43.78,False,False
-464461045,10.56,38.016,10.0,11.0,151.59,False,False
-464461048#0,10.86,39.096,3.0,3.0,10.83,False,False
-464461048#1,9.0,32.4,0.0,1.0,10.06,False,False
-464461048#2,7.0,25.2,7.0,8.0,21.8,False,False
-464461049#0,0.0,0.0,0.0,0.0,0.0,False,False
-464461049#1,10.35,37.26,11.0,3.0,26.87,False,False
-464461049#3,6.77,24.372,11.0,11.0,12.24,False,False
-464461050,8.51,30.636,3.0,3.0,8.96,False,False
-464461051,0.0,0.0,0.0,0.0,0.0,False,False
-464461052#1,5.22,18.792,0.0,2.0,10.1,False,False
-464461053#1,10.08,36.288,7.0,7.0,68.12,False,False
-464461053#2,13.17,47.412,1.0,0.0,14.66,False,False
-464461053#3,9.82,35.352,3.0,3.0,14.55,False,False
-464461053#4,12.54,45.144,2.0,2.0,10.32,False,False
-464461053#5,13.42,48.312,5.0,4.0,23.3,False,False
-464461054#0,10.45,37.62,13.0,14.0,31.29,False,False
-464461054#1,12.1,43.56,10.0,10.0,103.83,False,False
-464461055,0.0,0.0,0.0,0.0,0.0,False,False
-464461056,4.43,15.948,1.0,3.0,9.14,False,False
-464461057#0,8.89,32.004,3.0,2.0,17.22,False,False
-464461057#1,12.33,44.388,3.0,2.0,10.53,False,False
-464461057#4,10.85,39.06,3.0,3.0,33.48,False,False
-464461060,8.48,30.528,5.0,4.0,32.05,False,False
-464461063,12.69,45.684,1.0,0.0,7.69,False,False
-470453019#2,10.38,37.368,4.0,2.0,5.64,False,False
-470453019#4,11.27,40.572,4.0,3.0,7.68,False,False
-470453019#5,12.96,46.656,4.0,4.0,10.19,False,False
-470453019#7,10.45,37.62,6.0,6.0,26.09,False,False
-480233462#1,24.55,88.38,131.0,50.0,412.8,False,False
-482167260,0.0,0.0,0.0,0.0,0.0,False,False
-506162633,7.66,27.576,189.0,189.0,798.66,False,False
-516948900#2,1.57,5.652,140.0,131.0,1715.25,False,False
-516948900#3,17.8,64.08,143.0,129.0,662.29,True,False
-516948900#4,25.48,91.728,138.0,138.0,301.07,True,False
-516948900#6,22.68,81.648,133.0,138.0,168.46,True,False
-516948900#8,23.48,84.528,131.0,133.0,167.17,True,False
-520307305#2,0.11,0.396,278.0,271.0,373948.77,False,False
-520307305#3,11.01,39.636,10.0,13.0,63.52,False,False
-520307305#4,6.03,21.708,0.0,3.0,15.18,False,False
-520307306,3.05,10.98,455.0,456.0,5097.82,False,False
-531796031,6.31,22.716,0.0,2.0,11.44,False,False
-578313748#0,23.75,85.5,94.0,96.0,88.47,True,False
-578313748#2,16.18,58.248,122.0,122.0,126.33,True,False
-581906883#0,10.46,37.656,12.0,13.0,68.46,False,False
-581906883#1,7.18,25.848,1.0,1.0,1.46,False,False
-591142208#0,9.71,34.956,2.0,2.0,3.12,False,False
-591142208#2,10.75,38.7,4.0,2.0,28.92,False,False
-591142220,9.15,32.94,4.0,13.0,92.49,False,False
-601902513#0,8.66,31.176,23.0,23.0,213.82,False,False
-601902513#1,10.82,38.952,22.0,23.0,85.22,False,False
-607077076#0,18.54,66.744,6.0,5.0,12.65,False,False
-607077076#1,12.61,45.396,8.0,6.0,27.59,False,False
-607077076#3,10.24,36.864,0.0,2.0,18.65,False,False
-608946832,6.33,22.788,1.0,3.0,10.79,False,False
-628816136#3,12.63,45.468,15.0,1.0,155.73,False,False
-628816140#2,11.16,40.176,3.0,5.0,168.91,False,False
-631259843,5.19,18.684,0.0,4.0,27.75,False,False
-631259844,5.32,19.152,0.0,7.0,41.26,False,False
-634096163,10.46,37.656,32.0,29.0,209.97,False,False
-651696631#2,0.0,0.0,0.0,0.0,0.0,False,False
-651817398#5,9.21,33.156,0.0,1.0,17.17,False,False
-651818430#1,0.07,0.252,12.0,17.0,8941.62,False,False
-651818430#3,0.56,2.016,2.0,6.0,1335.83,False,False
-656122998#0,0.0,0.0,0.0,0.0,0.0,False,False
-656122998#1,6.19,22.284,0.0,1.0,8.28,False,False
-701497860#0,14.47,52.092,1.0,0.0,3.5,False,False
-701497860#1,6.44,23.184,1.0,2.0,7.1,False,False
-711239223#2,0.0,0.0,0.0,0.0,0.0,False,False
-712288152#2,11.34,40.824,20.0,20.0,391.87,False,False
-73550864#2,9.19,33.084,0.0,1.0,16.15,False,False
-766904027#11,0.0,0.0,0.0,0.0,0.0,False,False
-767111811#2,6.89,24.804,0.0,3.0,26.86,False,False
-767524334#2,0.0,0.0,0.0,0.0,0.0,False,False
-767644534#0,8.42,30.312,1.0,0.0,2.13,False,False
-767644534#1,0.0,0.0,0.0,0.0,0.0,False,False
-767644535,9.23,33.228,2.0,1.0,10.77,False,False
-768399563#0,1.52,5.472,46.0,47.0,1665.39,False,False
-768952297,9.32,33.552,1.0,0.0,4.44,False,False
-769110715#2,11.2,40.32,1.0,1.0,43.38,False,False
-769423158,2.14,7.704,4.0,3.0,216.51,False,False
-769488211,12.78,46.008,1.0,0.0,3.33,False,False
-770860542#1,0.12,0.432,1.0,7.0,4318.33,False,False
-770860548#1,0.29,1.044,121.0,134.0,24356.37,False,False
-770860548#2,0.31,1.116,97.0,110.0,9278.43,False,False
-770860548#3,0.41,1.476,123.0,125.0,15510.59,False,False
-770860548#4,0.42,1.512,102.0,115.0,10852.69,False,False
-770860549,0.15,0.54,7.0,8.0,3804.18,False,False
-770860550,0.16,0.576,0.0,2.0,62.55,False,False
-770860551,9.35,33.66,19.0,17.0,129.65,False,False
-770860552#0,8.92,32.112,9.0,8.0,50.61,False,False
-770860552#2,0.05,0.18,4.0,12.0,15746.1,False,False
-770860565#0,0.05,0.18,16.0,21.0,7745.06,False,False
-770860565#1,0.27,0.972,7.0,9.0,3973.81,False,False
-771678026,0.0,0.0,0.0,0.0,0.0,False,False
-771923366,0.0,0.0,0.0,0.0,0.0,False,False
-772279128#0,0.0,0.0,0.0,0.0,0.0,False,False
-772279128#4,10.68,38.448,7.0,7.0,121.61,False,False
-772279128#8,0.0,0.0,0.0,0.0,0.0,False,False
-772527390#2,0.0,0.0,0.0,0.0,0.0,False,False
-772527390#3,11.24,40.464,2.0,0.0,0.91,False,False
-772527390#5,0.0,0.0,2.0,2.0,1202.02,False,False
-772873181#2,9.0,32.4,3.0,5.0,27.46,False,False
-772873182#1,10.14,36.504,1.0,1.0,15.79,False,False
-772873184,0.0,0.0,0.0,0.0,0.0,False,False
-775222468#16,20.2,72.72,42.0,41.0,1017.45,False,False
-775222468#3,17.34,62.424,38.0,37.0,370.53,False,False
-775222468#4,20.52,73.872,39.0,39.0,263.29,False,False
-775222468#5,11.59,41.724,40.0,42.0,22.28,False,False
-775222468#6,20.68,74.448,39.0,39.0,98.46,False,False
-775222468#8,20.71,74.556,39.0,39.0,142.65,False,False
-776781830,0.0,0.0,0.0,0.0,0.0,False,False
-776781838,0.0,0.0,0.0,0.0,0.0,False,False
-777422408,0.0,0.0,0.0,0.0,0.0,False,False
-778973690,0.0,0.0,0.0,0.0,0.0,False,False
-781985788#0,13.16,47.376,763.0,763.0,264.75,False,True
-781985790#1,10.62,38.232,1.0,0.0,4.24,False,False
-781985790#4,0.0,0.0,0.0,0.0,0.0,False,False
-782616914#1,0.0,0.0,0.0,0.0,0.0,False,False
-785130601#1,0.0,0.0,0.0,0.0,0.0,False,False
-785130602#0,0.0,0.0,0.0,0.0,0.0,False,False
-785130602#1,9.71,34.956,1.0,0.0,5.17,False,False
-785130602#2,10.0,36.0,1.0,0.0,4.76,False,False
-788296723#0,14.8,53.28,2.0,0.0,15.55,False,False
-788296723#2,10.67,38.412,4.0,4.0,31.73,False,False
-788296724#1,8.83,31.788,1.0,1.0,7.22,False,False
-788296725,12.26,44.136,3.0,1.0,15.04,False,False
-788296726#1,0.05,0.18,4.0,6.0,8534.52,False,False
-788296727#1,8.46,30.456,1.0,1.0,7.58,False,False
-788411954#1,5.25,18.9,7.0,7.0,59.34,False,False
-788411956,10.63,38.268,15.0,15.0,157.45,False,False
-788411958,0.92,3.312,18.0,19.0,2435.33,False,False
-788411959,0.0,0.0,0.0,0.0,0.0,False,False
-800229255,21.08,75.888,120.0,120.0,77.49,False,False
-800229257#1,22.61,81.396,27.0,27.0,338.1,True,False
-800229257#2,19.41,69.876,25.0,25.0,54.43,False,False
-821107999#1,2.17,7.812,0.0,4.0,101.02,False,False
-821108006#1,5.69,20.484,0.0,4.0,20.64,False,False
-821108007,8.58,30.888,10.0,15.0,153.74,False,False
-824132486,0.0,0.0,0.0,0.0,0.0,False,False
-870977308#1,9.49,34.164,1.0,1.0,3.89,False,False
-870977310#1,9.71,34.956,1.0,1.0,5.05,False,False
-870977311,0.0,0.0,0.0,0.0,0.0,False,False
-871052109#0,0.0,0.0,0.0,0.0,0.0,False,False
-871052109#1,0.0,0.0,0.0,0.0,0.0,False,False
-892932178#1,0.0,0.0,0.0,0.0,0.0,False,False
-910451393#1,7.83,28.188,3.0,2.0,16.02,False,False
-911522748#1,12.2,43.92,23.0,25.0,103.29,False,False
-911522751#0,20.27,72.972,1.0,1.0,3.94,False,False
-911522751#1,13.66,49.176,1.0,1.0,6.13,False,False
-911522751#3,4.69,16.884,0.0,1.0,4.17,False,False
-913006752#1,13.6,48.96,230.0,228.0,326.94,False,False
-913006753,2.38,8.568,53.0,53.0,260.0,False,False
-913006754#0,6.53,23.508,53.0,53.0,204.2,False,False
-913006754#1,6.45,23.22,41.0,52.0,594.76,False,False
-913006754#2,5.32,19.152,39.0,41.0,637.93,False,False
-913006754#3,10.25,36.9,22.0,22.0,50.32,False,False
-913006754#4,0.99,3.564,27.0,25.0,782.13,False,False
-913006754#5,11.46,41.256,10.0,10.0,39.75,False,False
-913006754#6,5.22,18.792,13.0,13.0,178.57,False,False
-913006754#8,12.08,43.488,13.0,12.0,147.92,True,False
-913006754#9,1.34,4.824,27.0,28.0,769.74,False,False
-913009310#1,0.0,0.0,0.0,0.0,0.0,False,False
-913009311,5.88,21.168,454.0,455.0,1373.16,False,False
-913009312#10,4.91,17.676,473.0,472.0,1902.18,True,False
-913009312#3,3.97,14.292,437.0,437.0,15562.27,True,False
-913009312#4,2.21,7.956,459.0,459.0,6184.65,True,False
-913009312#5,0.56,2.016,464.0,464.0,17603.59,True,False
-913009312#8,1.85,6.66,464.0,464.0,31053.25,True,False
-913009312#9,3.5,12.6,471.0,470.0,5152.51,True,False
-913009313#1,12.07,43.452,2.0,0.0,14.23,False,False
-913570918,10.7,38.52,24.0,24.0,69.69,False,False
-913811577#1,4.59,16.524,3.0,12.0,57.17,False,False
-913811578,11.45,41.22,2.0,0.0,6.66,False,False
-913826317,7.36,26.496,3.0,3.0,11.78,False,False
-913833410,10.47,37.692,1.0,0.0,5.61,False,False
-913839558#3,0.0,0.0,0.0,0.0,0.0,False,False
-914660214#0,4.01,14.436,0.0,1.0,3.26,False,False
-914660214#2,6.29,22.644,0.0,2.0,14.94,False,False
-914660215#1,7.91,28.476,4.0,4.0,25.57,False,False
-921796625,0.0,0.0,0.0,0.0,0.0,False,False
-955312947#0,5.95,21.42,0.0,5.0,75.76,False,False
-955312947#1,0.0,0.0,0.0,0.0,0.0,False,False
-955312948,0.0,0.0,0.0,0.0,0.0,False,False
1002205277,0.0,0.0,0.0,0.0,0.0,False,False
1002205278,0.0,0.0,0.0,0.0,0.0,False,False
1002205279,0.0,0.0,0.0,0.0,0.0,False,False
1002205302,0.0,0.0,0.0,0.0,0.0,False,False
1002205303#1,8.86,31.896,13.0,15.0,143.16,False,False
1004718837,0.0,0.0,0.0,0.0,0.0,False,False
1011331960,10.1,36.36,6.0,1.0,36.26,False,False
1016508136#0,0.0,0.0,0.0,0.0,0.0,False,False
1017504130,0.33,1.188,3.0,4.0,641.56,False,False
1084408283#2,5.2,18.72,0.0,280.0,10276.85,False,False
1099004169,0.0,0.0,0.0,0.0,0.0,False,False
1109231376,17.89,64.404,28.0,27.0,23.92,False,False
1109231377#0,7.31,26.316,16.0,16.0,63.31,False,False
1109231377#1,6.61,23.796,16.0,16.0,38.37,True,False
1120540512,1.01,3.636,12.0,12.0,139.25,False,False
1125640020,10.65,38.34,10.0,7.0,139.72,False,False
1125773042,0.0,0.0,0.0,0.0,0.0,False,False
1125773043,1.32,4.752,28.0,31.0,118.2,False,False
1126339777#0,11.89,42.804,1.0,0.0,1.13,False,False
1126339784,10.33,37.188,4.0,0.0,16.7,False,False
1149179293,12.31,44.316,3.0,0.0,26.27,False,False
1160841705,10.29,37.044,9.0,12.0,62.19,False,False
117770531#4,0.0,0.0,0.0,0.0,0.0,False,False
117770531#5,8.88,31.968,1.0,1.0,4.55,False,False
117770531#6,4.77,17.172,1.0,13.0,130.34,False,False
117770536#0,6.49,23.364,1.0,1.0,3.49,False,False
117770536#1,0.0,0.0,0.0,0.0,0.0,False,False
117770543#0,9.28,33.408,1.0,1.0,10.33,False,False
117770543#1,9.02,32.472,7.0,7.0,60.44,False,False
117770543#2,12.01,43.236,1.0,0.0,5.51,False,False
117770551#0,11.39,41.004,9.0,9.0,62.64,False,False
117770551#2,10.69,38.484,3.0,3.0,8.97,False,False
117770551#3,7.83,28.188,2.0,1.0,2.65,False,False
117770551#4,0.0,0.0,0.0,0.0,0.0,False,False
117784411#0,9.17,33.012,0.0,2.0,24.15,False,False
117784411#1,0.0,0.0,0.0,0.0,0.0,False,False
117784411#2,8.22,29.592,1.0,1.0,6.61,False,False
117784413#0,8.46,30.456,2.0,2.0,42.26,False,False
117784414,0.0,0.0,0.0,0.0,0.0,False,False
117784415,0.0,0.0,0.0,0.0,0.0,False,False
117784416,10.82,38.952,3.0,0.0,15.44,False,False
117784417#0,7.0,25.2,1.0,2.0,10.26,False,False
117784417#2,9.32,33.552,5.0,5.0,5.87,False,False
117784417#3,10.75,38.7,6.0,5.0,5.09,False,False
117784417#4,9.24,33.264,5.0,5.0,34.3,False,False
117784418#0,9.41,33.876,1.0,0.0,4.25,False,False
117784418#1,0.0,0.0,0.0,0.0,0.0,False,False
117784418#2,0.0,0.0,0.0,0.0,0.0,False,False
117784418#3,7.66,27.576,2.0,2.0,9.31,False,False
117784418#4,0.24,0.864,3.0,13.0,2342.93,False,False
117784419#0,0.0,0.0,0.0,0.0,0.0,False,False
117784419#1,12.94,46.584,1.0,0.0,8.81,False,False
117784420,10.15,36.54,13.0,14.0,84.58,False,False
117784421#0,0.0,0.0,0.0,0.0,0.0,False,False
117784421#1,0.0,0.0,0.0,0.0,0.0,False,False
117784421#2,0.0,0.0,0.0,0.0,0.0,False,False
117784421#3,0.0,0.0,0.0,0.0,0.0,False,False
117784421#4,0.1,0.36,0.0,2.0,775.88,False,False
117784422,9.72,34.992,1.0,1.0,6.81,False,False
117784423#0,0.0,0.0,0.0,0.0,0.0,False,False
117914343#0,7.06,25.416,56.0,77.0,190.9,False,False
117914343#1,8.98,32.328,44.0,45.0,39.22,False,False
117914343#2,8.87,31.932,34.0,35.0,138.91,False,False
117914344#1,11.51,41.436,9.0,9.0,43.74,False,False
117914344#2,10.33,37.188,4.0,4.0,16.35,False,False
117914345#0,12.44,44.784,12.0,0.0,37.99,False,False
117914345#1,0.0,0.0,0.0,0.0,0.0,False,False
117914345#2,0.0,0.0,0.0,0.0,0.0,False,False
117914345#3,0.0,0.0,0.0,0.0,0.0,False,False
117914345#4,1.03,3.708,0.0,1.0,20.94,False,False
117914348#0,12.46,44.856,2.0,1.0,11.62,False,False
117914348#1,5.48,19.728,2.0,3.0,6.82,False,False
117914348#3,8.71,31.356,4.0,7.0,29.53,False,False
117914348#4,2.77,9.972,21.0,21.0,382.76,False,False
117914351#0,5.66,20.376,0.0,1.0,4.07,False,False
117914351#2,0.0,0.0,0.0,0.0,0.0,False,False
117914352#0,7.89,28.404,2.0,2.0,8.95,False,False
117914352#1,0.0,0.0,0.0,0.0,0.0,False,False
117914353#0,10.16,36.576,9.0,8.0,27.08,False,False
117914353#1,12.88,46.368,8.0,8.0,13.38,False,False
117914353#2,0.42,1.512,8.0,7.0,577.25,False,False
117914354,4.1,14.76,57.0,64.0,1482.32,False,False
117914840,9.78,35.208,15.0,7.0,165.27,False,False
117914842#0,8.33,29.988,2.0,3.0,26.14,False,False
117914842#2,10.2,36.72,6.0,6.0,32.32,False,False
117914842#3,1.31,4.716,19.0,19.0,510.16,False,False
117914842#4,10.59,38.124,18.0,23.0,137.07,False,False
117914842#7,0.22,0.792,19.0,25.0,4500.72,False,False
117914842#9,0.02,0.072,38.0,38.0,123319.12,False,False
117914844,6.35,22.86,1.0,3.0,21.81,False,False
117914847#0,11.07,39.852,3.0,1.0,17.53,False,False
117914847#1,9.5,34.2,3.0,4.0,27.74,False,False
117914848#0,9.86,35.496,1.0,1.0,8.62,False,False
117914848#3,8.2,29.52,6.0,8.0,21.17,False,False
117914848#4,12.84,46.224,8.0,8.0,12.45,False,False
117914848#5,13.13,47.268,8.0,7.0,14.04,False,False
117914848#6,8.13,29.268,9.0,9.0,12.78,False,False
117914848#7,0.15,0.54,9.0,9.0,734.12,False,False
117914849#0,3.9,14.04,463.0,455.0,8392.52,False,False
117914849#1,1.09,3.924,453.0,467.0,28181.79,False,False
1205679413,1.99,7.164,4.0,3.0,24.5,False,False
1205679414,7.55,27.18,11.0,13.0,22.17,False,False
1205679415,18.92,68.112,3.0,0.0,3.62,False,False
1205679418#0,11.43,41.148,13.0,13.0,20.7,False,False
1205679418#1,10.41,37.476,13.0,19.0,71.68,False,False
1205679418#11,0.06,0.216,68.0,72.0,166961.06,False,False
1205679418#14,11.06,39.816,3.0,3.0,11.57,False,False
1205679418#2,11.94,42.984,20.0,20.0,51.38,False,False
1205679418#3,16.15,58.14,15.0,15.0,27.0,False,False
1205679418#4,11.05,39.78,14.0,19.0,59.68,False,False
1205679418#5,14.47,52.092,17.0,17.0,38.41,False,False
1205679418#6,17.31,62.316,16.0,16.0,47.58,False,False
1205679418#8,1.58,5.688,16.0,17.0,793.37,False,False
1206223939,0.07,0.252,62.0,67.0,3509.42,False,False
1206223940,2.79,10.044,87.0,94.0,195.66,False,False
1206223943,0.01,0.036,90.0,90.0,36065.42,False,False
1206223944,1.97,7.092,166.0,72.0,974.04,False,False
1206223945,0.01,0.036,23.0,21.0,69493.59,False,False
1206223946#0,12.36,44.496,182.0,190.0,589.57,True,False
1206223947,0.98,3.528,14.0,14.0,497.67,False,False
1212424782#0,22.14,79.704,52.0,48.0,918.94,False,False
1212424783#0,15.43,55.548,123.0,99.0,700.13,False,False
1212424783#1,22.78,82.008,101.0,101.0,225.84,False,False
1212424783#2,23.6,84.96,101.0,100.0,127.73,False,False
1212424783#3,23.44,84.384,97.0,99.0,531.63,False,False
1212424784,8.36,30.096,15.0,15.0,9.33,False,False
1212424785#0,17.31,62.316,18.0,18.0,371.57,False,False
1212424791#0,17.89,64.404,19.0,18.0,88.27,False,False
1212424791#2,14.99,53.964,211.0,212.0,2037.66,False,False
1212424791#7,8.29,29.844,214.0,213.0,1443.83,False,False
1212424791#8,1.05,3.78,214.0,214.0,17892.56,False,False
1274416500,8.61,30.996,13.0,14.0,90.75,False,False
1279010544#0,1.65,5.94,193.0,181.0,1999.69,False,False
1283636934#1,12.63,45.468,5.0,0.0,49.06,False,False
1283636940#0,13.71,49.356,13.0,11.0,58.79,False,False
1283636940#1,11.44,41.184,12.0,12.0,13.38,False,False
1283637455,5.94,21.384,7.0,5.0,11.93,False,False
1283637457,7.72,27.792,3.0,3.0,9.67,False,False
1283637467,3.91,14.076,3.0,6.0,178.33,False,False
1283637468#0,8.07,29.052,3.0,3.0,7.15,False,False
1283637469#0,0.0,0.0,0.0,0.0,0.0,False,False
1283637469#5,9.71,34.956,2.0,3.0,18.21,False,False
1283637470#0,9.74,35.064,6.0,6.0,20.48,False,False
1283637470#2,4.3,15.48,0.0,1.0,4.3,False,False
1283637484,0.0,0.0,0.0,0.0,0.0,False,False
1283637487,0.0,0.0,0.0,0.0,0.0,False,False
1305791485#0,0.0,0.0,0.0,0.0,0.0,False,False
1339655667#0,13.99,50.364,41.0,40.0,153.92,False,False
1339655670#1,9.52,34.272,0.0,1.0,8.77,False,False
1339697074#0,24.37,87.732,52.0,52.0,46.93,False,False
1339697074#1,14.99,53.964,71.0,71.0,254.38,False,False
1339697075#0,6.11,21.996,67.0,67.0,95.25,False,False
1339697075#1,20.26,72.936,67.0,67.0,593.82,False,False
1339697076#0,11.65,41.94,31.0,31.0,83.87,False,False
1339697076#1,14.74,53.064,31.0,31.0,69.71,False,False
135131177,24.07,86.652,0.0,49.0,3121.99,False,False
135131180#0,16.53,59.508,49.0,114.0,1182.77,False,False
135131180#2,23.12,83.232,111.0,109.0,107.17,False,False
135131181,27.03,97.308,131.0,130.0,1838.63,True,False
1379887973#0,5.81,20.916,20.0,19.0,17.2,False,False
1380482780,8.63,31.068,1.0,0.0,2.31,False,False
1380857657#0,6.8,24.48,1.0,1.0,8.15,False,False
1380857657#1,6.42,23.112,1.0,1.0,1.46,False,False
1380857658,0.0,0.0,0.0,0.0,0.0,False,False
1381133418,9.39,33.804,6.0,2.0,45.23,False,False
1384048167,3.19,11.484,0.0,2.0,6.25,False,False
1395426737#0,8.77,31.572,4.0,3.0,15.43,False,False
1395426737#1,15.42,55.512,1.0,0.0,0.53,False,False
1395426738#0,12.22,43.992,3.0,1.0,10.3,False,False
1424068313#1,13.68,49.248,165.0,164.0,2218.12,False,False
1424068314#4,5.16,18.576,0.0,2.0,12.31,True,False
1455497343#0,12.12,43.632,102.0,102.0,435.67,True,False
1455497343#1,11.29,40.644,101.0,100.0,765.64,True,False
1455497343#2,12.41,44.676,64.0,64.0,186.4,True,False
1455497343#3,10.11,36.396,61.0,60.0,300.75,True,False
1455497343#4,12.55,45.18,39.0,39.0,229.56,True,False
1455497345,0.13,0.468,848.0,825.0,521284.41,True,True
1455512066,1.33,4.788,35.0,34.0,655.47,True,False
1455512067,0.08,0.288,67.0,66.0,16161.59,False,False
1455512069,0.35,1.26,34.0,36.0,1275.53,False,False
1455512070,16.22,58.392,45.0,45.0,220.22,True,False
1455512071,1.76,6.336,23.0,23.0,910.01,False,False
1455512074,15.97,57.492,24.0,23.0,24.41,False,False
1455518726,2.26,8.136,577.0,576.0,5197.79,False,False
1455518727#0,12.9,46.44,46.0,46.0,323.65,False,False
1455518727#1,19.97,71.892,42.0,42.0,152.09,False,False
1455518728,0.24,0.864,20.0,20.0,2357.19,False,False
1455518729#0,1.9,6.84,577.0,578.0,27914.17,True,False
1455518729#1,1.88,6.768,577.0,576.0,16486.1,True,False
1455518729#2,1.77,6.372,581.0,599.0,8777.41,False,False
1455518729#4,1.53,5.508,589.0,587.0,12002.91,False,False
1455518729#5,1.81,6.516,573.0,572.0,5188.0,False,False
1455518729#6,1.44,5.184,574.0,574.0,13161.77,False,False
1455518729#7,1.24,4.464,570.0,569.0,10875.3,False,False
1455524944,17.07,61.452,35.0,35.0,66.37,False,False
1455524945,8.62,31.032,35.0,34.0,40.42,False,False
1455524947#1,8.25,29.7,0.0,1.0,10.93,False,False
1455524947#2,5.36,19.296,1.0,2.0,7.25,False,False
1455524948,2.75,9.9,15.0,14.0,40.13,False,False
1455524949#0,14.7,52.92,33.0,33.0,312.25,False,False
1455524949#2,13.53,48.708,35.0,40.0,166.29,False,False
1455524949#3,15.3,55.08,40.0,41.0,239.72,False,False
1455524949#4,15.12,54.432,43.0,43.0,183.84,True,False
1455524949#5,14.93,53.748,43.0,42.0,125.3,True,False
1455524949#6,7.77,27.972,25.0,25.0,64.0,True,False
1455524950#0,19.76,71.136,17.0,17.0,92.11,False,False
1455524951#0,14.47,52.092,42.0,42.0,375.78,False,False
1455524951#2,13.25,47.7,37.0,37.0,14.53,False,False
1455524951#3,15.68,56.448,34.0,34.0,222.85,False,False
1455524951#6,15.58,56.088,34.0,33.0,74.28,False,False
1455524951#7,4.39,15.804,32.0,30.0,329.56,False,False
1455524953,2.87,10.332,3.0,3.0,8.54,False,False
1455526421,24.31,87.516,17.0,16.0,17.3,False,False
1455526422,24.57,88.452,16.0,16.0,21.19,False,False
1455526425#0,21.26,76.536,16.0,16.0,49.73,False,False
1455526426#0,8.33,29.988,105.0,105.0,473.04,False,False
1455526427#2,23.0,82.8,36.0,35.0,373.28,False,False
1455526427#3,7.6,27.36,1.0,1.0,1.02,False,False
1455527229,0.0,0.0,0.0,0.0,0.0,False,False
1456115789,12.4,44.64,134.0,135.0,56.32,False,False
1456115790#0,10.12,36.432,3.0,23.0,299.01,False,False
1456115790#8,5.01,18.036,21.0,22.0,379.53,False,False
1456115796,13.25,47.7,1.0,1.0,9.21,False,False
1456115800,1.07,3.852,139.0,141.0,3089.82,False,False
1456115801#0,0.7,2.52,135.0,134.0,23377.3,False,False
1456115801#3,0.52,1.872,116.0,123.0,7432.69,False,False
1456115801#5,0.23,0.828,139.0,134.0,11655.78,False,False
1456115801#6,0.1,0.36,136.0,136.0,118577.84,False,False
1456115801#7,0.12,0.432,137.0,132.0,21494.15,False,False
1456115804#0,12.91,46.476,14.0,15.0,76.07,False,False
1456115804#1,12.68,45.648,15.0,15.0,14.21,False,False
1456115804#2,13.93,50.148,14.0,15.0,101.0,False,False
1456115804#3,9.41,33.876,17.0,17.0,77.9,False,False
1456115805,1.19,4.284,2.0,5.0,93.94,False,False
1456115806#0,10.04,36.144,8.0,6.0,13.83,False,False
1456115806#2,11.05,39.78,6.0,6.0,14.14,False,False
1465558140,0.1,0.36,63.0,63.0,3297.5,False,False
1465558143,1.06,3.816,62.0,63.0,5626.39,True,False
1465558144,0.18,0.648,63.0,63.0,16143.28,True,False
1465558145,0.38,1.368,56.0,57.0,761.25,False,False
1465558146#0,18.08,65.088,36.0,35.0,8.76,False,False
1465558146#1,20.1,72.36,35.0,35.0,9.06,False,False
1465558147,0.0,0.0,0.0,0.0,0.0,False,False
1467498054,0.08,0.288,206.0,206.0,120306.01,True,False
1473526512,16.08,57.888,30.0,30.0,76.9,False,False
1499619437,1.77,6.372,105.0,108.0,785.19,False,False
1499619438#0,0.06,0.216,773.0,759.0,62877.75,False,True
1499619439#0,13.41,48.276,24.0,21.0,95.56,False,False
1499619439#1,9.04,32.544,26.0,28.0,41.95,False,False
1499619439#2,7.28,26.208,14.0,14.0,18.06,False,False
1499619439#3,23.98,86.328,4.0,0.0,30.24,False,False
1499619440#2,7.53,27.108,0.0,4.0,26.15,False,False
1499619440#3,12.5,45.0,17.0,19.0,116.89,False,False
1499619440#4,12.17,43.812,34.0,35.0,80.88,False,False
1499619440#5,1.28,4.608,35.0,35.0,858.51,False,False
1499619442,0.69,2.484,59.0,62.0,2125.25,False,False
1499619443#4,8.08,29.088,39.0,39.0,416.77,False,False
1499619443#8,2.09,7.524,92.0,104.0,2528.29,False,False
1499619443#9,4.58,16.488,108.0,108.0,1009.86,False,False
1499619445#2,12.46,44.856,70.0,70.0,1080.41,False,False
1499619446#0,0.28,1.008,252.0,252.0,9308.53,False,False
1499619447#0,0.29,1.044,257.0,257.0,41933.36,True,False
1499619447#1,0.22,0.792,257.0,257.0,82373.41,True,False
1499619449#0,0.69,2.484,252.0,252.0,82415.18,True,False
1499619449#2,0.43,1.548,251.0,256.0,42647.82,True,False
1501824266,0.09,0.324,164.0,163.0,121718.56,False,False
1506939325#7,6.91,24.876,0.0,1.0,6.39,False,False
1506939325#9,10.8,38.88,5.0,1.0,7.92,False,False
156570776,0.0,0.0,0.0,0.0,0.0,False,False
170207582#0,12.04,43.344,6.0,6.0,12.08,False,False
170207582#1,8.99,32.364,6.0,5.0,63.21,False,False
170207585#0,12.54,45.144,2.0,1.0,10.83,False,False
170207585#1,13.29,47.844,1.0,0.0,5.19,False,False
170207585#2,10.87,39.132,1.0,0.0,3.16,False,False
170207591#0,9.65,34.74,1.0,1.0,6.94,False,False
170207591#1,7.33,26.388,2.0,3.0,19.06,False,False
170403779,6.67,24.012,3.0,5.0,28.29,False,False
170403787#0,9.14,32.904,9.0,9.0,21.26,False,False
170403787#1,3.31,11.916,38.0,38.0,387.05,False,False
170403791#0,11.15,40.14,1.0,1.0,23.3,False,False
170403792,0.0,0.0,0.0,0.0,0.0,False,False
170403804#0,13.68,49.248,1.0,0.0,9.94,False,False
170403805,0.0,0.0,0.0,0.0,0.0,False,False
170403810#1,0.0,0.0,0.0,0.0,0.0,False,False
170403814#0,12.19,43.884,2.0,0.0,38.52,False,False
170403818#0,9.29,33.444,2.0,1.0,6.38,False,False
170403818#2,11.37,40.932,1.0,1.0,3.05,False,False
170403818#3,10.28,37.008,2.0,1.0,9.56,False,False
170403818#6,0.0,0.0,0.0,0.0,0.0,False,False
170403826#3,0.0,0.0,0.0,0.0,0.0,False,False
170403831#0,0.0,0.0,0.0,0.0,0.0,False,False
174870621#0,23.51,84.636,94.0,95.0,302.34,True,False
174870621#1,21.16,76.176,89.0,90.0,320.43,True,False
174870621#4,25.93,93.348,54.0,53.0,121.44,True,False
174870621#6,25.08,90.288,53.0,53.0,104.15,True,False
174870621#8,23.09,83.124,51.0,51.0,133.31,True,False
174870621#9,11.0,39.6,48.0,46.0,151.24,True,False
176728949#0,9.82,35.352,2.0,5.0,89.05,False,False
176728950#0,12.31,44.316,54.0,51.0,417.49,True,False
176728950#1,9.05,32.58,57.0,59.0,316.92,False,False
176728951#0,6.93,24.948,0.0,10.0,101.41,False,False
176728951#1,6.39,23.004,4.0,13.0,58.54,False,False
176728951#2,16.53,59.508,10.0,9.0,143.13,False,False
176728952#0,8.65,31.14,12.0,9.0,71.76,False,False
176728952#1,12.46,44.856,5.0,3.0,21.28,False,False
176728952#4,9.82,35.352,1.0,4.0,69.42,False,False
176728954,7.33,26.388,0.0,1.0,12.33,False,False
176728955#0,0.23,0.828,27.0,30.0,6519.09,False,False
176728955#2,10.76,38.736,24.0,29.0,177.23,False,False
176728955#3,12.41,44.676,18.0,18.0,144.07,False,False
176728955#5,9.51,34.236,32.0,32.0,100.19,False,False
176728955#7,6.28,22.608,28.0,31.0,224.02,False,False
176728955#8,2.36,8.496,45.0,45.0,622.3,False,False
176728956#2,3.84,13.824,0.0,4.0,154.46,False,False
180368915#0,12.03,43.308,138.0,138.0,105.87,False,False
180368915#1,15.95,57.42,127.0,128.0,137.56,True,False
180368915#2,16.04,57.744,171.0,173.0,510.14,True,False
180368915#3,4.88,17.568,172.0,170.0,1616.59,True,False
180368918#0,0.06,0.216,280.0,237.0,207265.31,True,True
180368918#3,0.06,0.216,283.0,247.0,114494.24,True,True
180368918#5,0.07,0.252,285.0,259.0,77624.24,True,True
180368918#6,0.07,0.252,286.0,268.0,90053.73,True,True
180368918#7,0.06,0.216,294.0,284.0,230319.34,True,True
180368918#8,0.06,0.216,263.0,230.0,84397.65,True,True
183272309#0,16.08,57.888,97.0,97.0,734.43,False,False
183272309#1,20.05,72.18,96.0,95.0,421.81,False,False
183272309#10,8.89,32.004,8.0,10.0,18.65,False,False
183272309#12,12.43,44.748,6.0,5.0,36.95,False,False
183272309#3,17.47,62.892,89.0,89.0,135.08,False,False
183272309#4,19.18,69.048,78.0,77.0,122.31,False,False
183272309#6,18.41,66.276,57.0,56.0,141.0,False,False
183272309#7,18.63,67.068,35.0,34.0,102.1,False,False
183272309#8,15.48,55.728,30.0,30.0,45.07,False,False
183272309#9,11.37,40.932,24.0,24.0,67.29,False,False
183272313#0,0.0,0.0,0.0,0.0,0.0,True,False
183272314#2,9.07,32.652,0.0,1.0,9.85,True,False
183272383,10.34,37.224,26.0,26.0,20.55,False,False
183272387#0,13.38,48.168,2.0,2.0,18.95,True,False
183272574#0,0.15,0.54,9.0,10.0,1234.04,False,False
183272579#0,0.22,0.792,2.0,5.0,429.47,False,False
183272579#1,0.0,0.0,0.0,0.0,0.0,False,False
183272579#2,8.81,31.716,1.0,0.0,2.59,False,False
183272579#3,7.05,25.38,5.0,4.0,10.44,False,False
183272579#4,8.35,30.06,4.0,1.0,3.06,False,False
183272579#5,6.08,21.888,4.0,4.0,7.8,False,False
183272579#6,10.35,37.26,7.0,5.0,24.44,False,False
183272579#7,0.05,0.18,7.0,7.0,17462.81,False,False
183272580#0,8.91,32.076,2.0,3.0,13.11,False,False
183272584#0,0.01,0.036,18.0,17.0,40744.05,False,False
183272587,0.95,3.42,569.0,567.0,25031.66,False,False
183272604,11.45,41.22,97.0,97.0,207.48,False,False
183272613#0,4.22,15.192,11.0,14.0,380.35,False,False
183272621,10.04,36.144,255.0,255.0,1466.09,False,False
183272625#0,1.16,4.176,36.0,26.0,789.07,False,False
183272625#3,12.82,46.152,11.0,11.0,25.33,False,False
183272625#4,12.63,45.468,11.0,11.0,29.61,False,False
183272647,0.03,0.108,76.0,76.0,116008.46,True,False
183272654,18.74,67.464,89.0,76.0,213.84,True,False
183272713#0,0.02,0.072,27.0,34.0,59612.12,False,False
183521074#0,14.02,50.472,4.0,1.0,17.79,False,False
183521074#2,21.06,75.816,1.0,0.0,2.82,False,False
183521074#3,5.17,18.612,2.0,3.0,8.46,False,False
184083104#0,11.41,41.076,2.0,3.0,34.31,False,False
184083104#6,0.0,0.0,0.0,0.0,0.0,False,False
184083106,9.67,34.812,11.0,10.0,186.15,False,False
184083172,4.57,16.452,0.0,1.0,9.63,False,False
184083174,0.0,0.0,0.0,0.0,0.0,False,False
184083175,5.75,20.7,49.0,49.0,497.64,False,False
184083181#0,13.74,49.464,19.0,23.0,261.24,False,False
184083181#1,13.65,49.14,20.0,22.0,48.87,False,False
184083181#3,15.22,54.792,22.0,21.0,19.25,False,False
184083181#4,12.46,44.856,23.0,27.0,85.47,False,False
184083181#6,15.05,54.18,26.0,27.0,157.7,False,False
184083181#7,11.59,41.724,30.0,36.0,185.86,False,False
184083183#0,11.09,39.924,8.0,7.0,52.32,False,False
184083183#1,14.54,52.344,5.0,6.0,46.2,False,False
184083183#2,16.34,58.824,5.0,5.0,6.93,False,False
184083183#3,12.57,45.252,5.0,6.0,15.88,False,False
184083183#5,13.81,49.716,6.0,7.0,28.02,False,False
184083183#6,9.93,35.748,8.0,8.0,106.4,False,False
184083187#0,14.07,50.652,37.0,35.0,122.42,False,False
184083187#1,0.06,0.216,38.0,39.0,62483.06,False,False
184083187#2,0.04,0.144,51.0,51.0,108342.94,False,False
184083187#3,0.07,0.252,148.0,146.0,228859.37,False,False
184083187#4,0.05,0.18,155.0,143.0,112754.31,False,False
184083187#5,0.05,0.18,146.0,129.0,24826.36,False,False
184083191#1,10.04,36.144,35.0,8.0,86.6,True,False
184083252,1.31,4.716,116.0,115.0,3843.82,False,False
198564925#0,0.12,0.432,206.0,208.0,22340.02,False,False
198564925#1,0.09,0.324,199.0,200.0,105186.72,False,False
198564925#2,0.05,0.18,197.0,192.0,552725.08,False,False
198564925#4,0.05,0.18,199.0,193.0,444886.43,False,False
198564925#5,0.05,0.18,195.0,189.0,57209.92,False,False
198564926,13.31,47.916,82.0,83.0,410.35,False,False
198564928#0,1.92,6.912,83.0,80.0,5204.6,False,False
198564928#10,2.29,8.244,611.0,610.0,8690.09,False,False
198564928#11,2.0,7.2,607.0,607.0,13421.77,False,False
198564928#12,2.07,7.452,604.0,604.0,6908.62,False,False
198564928#13,2.7,9.72,603.0,605.0,2264.99,False,False
198564928#14,1.74,6.264,603.0,603.0,16752.07,False,False
198564928#15,17.16,61.776,609.0,609.0,201.94,False,False
198564928#16,1.62,5.832,609.0,609.0,14177.1,False,False
198564928#17,1.7,6.12,607.0,607.0,4137.95,False,False
198564928#18,1.11,3.996,619.0,620.0,16752.66,False,False
198564928#19,1.06,3.816,626.0,626.0,40715.04,True,False
198564928#21,0.81,2.916,625.0,624.0,33846.0,False,False
198564928#22,0.96,3.456,624.0,624.0,10479.95,False,False
198564928#23,3.82,13.752,631.0,636.0,2776.57,False,False
198564928#24,4.08,14.688,636.0,636.0,5042.83,False,False
198564928#25,14.99,53.964,618.0,618.0,214.43,False,False
198564928#26,2.97,10.692,602.0,602.0,23391.5,True,False
198564928#27,1.91,6.876,609.0,609.0,31752.61,True,False
198564928#28,1.34,4.824,610.0,610.0,23396.57,True,False
198564928#5,2.56,9.216,216.0,215.0,4541.7,False,False
198564928#6,1.9,6.84,218.0,218.0,6907.98,False,False
198564928#7,1.29,4.644,216.0,216.0,11039.87,False,False
198564928#8,1.27,4.572,215.0,214.0,5821.89,False,False
198564929#0,7.81,28.116,104.0,104.0,637.53,False,False
198564929#2,7.19,25.884,101.0,106.0,388.58,False,False
198564929#3,7.35,26.46,99.0,97.0,653.72,False,False
198564929#5,1.11,3.996,99.0,101.0,5215.74,False,False
198564930,12.69,45.684,160.0,157.0,1093.77,False,False
198564931,10.36,37.296,5.0,5.0,36.9,False,False
198564932,5.37,19.332,166.0,166.0,926.72,False,False
198564933,10.59,38.124,165.0,162.0,285.26,False,False
198564934#0,0.07,0.252,77.0,75.0,61775.23,False,False
198564934#1,0.07,0.252,75.0,77.0,19513.4,False,False
198564935#0,2.38,8.568,161.0,159.0,4776.27,False,False
198566324#0,0.03,0.108,35.0,35.0,19174.92,True,False
198691053#0,8.87,31.932,2.0,3.0,24.88,False,False
198691055#0,8.0,28.8,4.0,4.0,3.1,False,False
198691055#1,7.49,26.964,4.0,5.0,7.14,False,False
198691056#0,3.87,13.932,0.0,1.0,3.75,False,False
198691056#1,5.92,21.312,0.0,31.0,207.65,False,False
198691056#3,8.58,30.888,1.0,1.0,8.61,False,False
198691057#0,0.0,0.0,0.0,0.0,0.0,False,False
198691059,8.93,32.148,2.0,0.0,2.62,False,False
198691060,12.18,43.848,9.0,6.0,78.8,False,False
198691061#0,9.49,34.164,13.0,11.0,98.08,False,False
198691061#1,7.88,28.368,43.0,45.0,266.35,False,False
198691061#2,10.4,37.44,15.0,17.0,118.95,False,False
198691061#3,5.53,19.908,17.0,18.0,17.09,False,False
198691061#4,5.78,20.808,17.0,22.0,109.59,False,False
198691061#6,8.82,31.752,27.0,28.0,140.4,False,False
198691062#0,6.37,22.932,0.0,1.0,9.19,False,False
198691062#1,10.08,36.288,1.0,0.0,6.99,False,False
198691063#0,11.25,40.5,2.0,0.0,13.76,False,False
198691065#0,9.28,33.408,4.0,5.0,36.08,False,False
198691065#1,8.66,31.176,9.0,14.0,139.16,False,False
198691065#2,0.48,1.728,15.0,15.0,3960.74,False,False
198691066,6.82,24.552,5.0,4.0,56.85,False,False
198691067#0,13.61,48.996,58.0,63.0,251.12,False,False
198691067#2,1.2,4.32,62.0,62.0,3299.37,False,False
198691068,7.69,27.684,5.0,9.0,68.46,False,False
198691069#0,10.33,37.188,0.0,1.0,16.07,False,False
198691069#6,11.22,40.392,7.0,7.0,58.37,False,False
198691069#7,0.42,1.512,6.0,6.0,878.98,False,False
198691070#0,0.0,0.0,0.0,0.0,0.0,False,False
198691070#1,5.38,19.368,1.0,3.0,9.16,False,False
198691070#3,10.74,38.664,4.0,4.0,25.91,False,False
198691071#0,7.03,25.308,30.0,31.0,113.97,False,False
198691071#1,9.82,35.352,32.0,32.0,232.57,False,False
198691072#0,9.24,33.264,4.0,3.0,12.23,False,False
198691072#1,9.84,35.424,3.0,3.0,9.2,False,False
198691073#1,8.28,29.808,1.0,1.0,7.52,False,False
198691073#2,7.45,26.82,7.0,7.0,21.17,False,False
198691073#3,3.35,12.06,6.0,4.0,87.08,False,False
198691075#0,11.58,41.688,1.0,1.0,3.85,False,False
198691076#0,10.55,37.98,30.0,31.0,201.47,False,False
198691076#1,9.59,34.524,51.0,54.0,72.13,False,False
198691076#2,2.94,10.584,52.0,55.0,1159.05,False,False
198691077#0,5.43,19.548,31.0,32.0,30.63,False,False
198691077#1,10.09,36.324,32.0,34.0,352.3,False,False
198691077#11,0.07,0.252,66.0,61.0,42405.62,False,False
198691077#14,0.06,0.216,68.0,63.0,58284.27,False,False
198691077#15,0.1,0.36,60.0,60.0,5972.82,False,False
198691077#3,10.48,37.728,32.0,32.0,93.11,False,False
198691077#4,12.86,46.296,32.0,31.0,114.59,False,False
198691077#6,8.29,29.844,28.0,26.0,172.06,False,False
198691077#7,0.34,1.224,56.0,57.0,14015.67,False,False
198691077#9,0.18,0.648,63.0,60.0,12666.75,False,False
198691078#0,8.44,30.384,3.0,2.0,17.8,False,False
198691078#1,10.64,38.304,2.0,2.0,4.08,False,False
198691078#2,8.26,29.736,2.0,3.0,8.87,False,False
198691078#3,10.8,38.88,3.0,2.0,50.71,False,False
198691079#0,8.1,29.16,9.0,8.0,57.53,False,False
198691079#1,9.49,34.164,9.0,10.0,48.13,False,False
198691079#2,4.94,17.784,4.0,20.0,191.45,False,False
198691079#3,9.21,33.156,0.0,1.0,7.71,False,False
198691080#0,3.91,14.076,2.0,3.0,5.21,False,False
198691080#1,9.53,34.308,2.0,2.0,4.9,False,False
198691080#2,9.13,32.868,2.0,2.0,6.88,False,False
198691081,7.75,27.9,1.0,2.0,24.79,False,False
198691082#0,10.4,37.44,47.0,46.0,250.51,False,False
198691082#3,12.87,46.332,44.0,40.0,182.32,False,False
198691082#4,12.53,45.108,40.0,40.0,224.98,False,False
198691082#5,10.53,37.908,41.0,41.0,259.05,False,False
198691082#6,9.26,33.336,9.0,8.0,76.11,False,False
198691083,9.09,32.724,3.0,4.0,24.82,False,False
198691084,12.48,44.928,4.0,0.0,16.01,False,False
198691085#0,9.5,34.2,17.0,17.0,93.47,False,False
198691085#1,12.8,46.08,16.0,14.0,79.12,False,False
198691085#2,12.85,46.26,11.0,11.0,60.13,False,False
198691085#3,10.8,38.88,8.0,8.0,34.42,False,False
198691086#0,13.09,47.124,1.0,0.0,9.99,False,False
198691086#3,0.39,1.404,7.0,6.0,1312.33,False,False
198691087#0,9.31,33.516,1.0,0.0,6.96,False,False
198691088,10.92,39.312,2.0,0.0,9.63,False,False
198691090,10.38,37.368,6.0,6.0,17.96,False,False
198691091,11.19,40.284,1.0,0.0,5.45,False,False
198691092#0,5.3,19.08,4.0,15.0,99.17,False,False
198691092#1,8.92,32.112,15.0,16.0,30.84,False,False
198691092#2,9.71,34.956,13.0,13.0,57.63,False,False
198691092#3,9.7,34.92,15.0,16.0,122.77,False,False
198691092#4,11.97,43.092,20.0,18.0,76.67,False,False
198691092#5,0.57,2.052,22.0,23.0,2827.15,False,False
198691093,0.0,0.0,0.0,0.0,0.0,False,False
198691704#0,0.08,0.288,53.0,54.0,21856.83,False,False
198691704#2,0.06,0.216,59.0,68.0,40028.21,False,False
215843535#2,0.0,0.0,0.0,0.0,0.0,False,False
215843535#4,2.96,10.656,2.0,3.0,91.61,False,False
218662402#0,0.11,0.396,472.0,466.0,203096.97,False,False
218684408#0,15.28,55.008,2.0,1.0,13.26,False,False
218684408#2,23.79,85.644,1.0,1.0,1.36,False,False
218684408#3,26.48,95.328,1.0,1.0,1.37,False,False
218684408#5,27.38,98.568,1.0,0.0,2.59,False,False
218684411#0,14.64,52.704,8.0,7.0,27.23,True,False
218684411#2,6.92,24.912,3.0,3.0,7.45,True,False
218684411#3,0.0,0.0,0.0,0.0,0.0,False,False
218684411#4,0.0,0.0,0.0,0.0,0.0,True,False
218769254#0,8.88,31.968,112.0,111.0,216.56,False,False
218769254#1,15.08,54.288,108.0,108.0,302.36,False,False
218769254#3,3.5,12.6,112.0,112.0,2410.92,False,False
218769257,11.38,40.968,4.0,5.0,16.89,False,False
218771978#1,0.0,0.0,0.0,0.0,0.0,False,False
218771978#2,13.7,49.32,3.0,3.0,29.99,False,False
218771978#3,27.09,97.524,2.0,2.0,6.81,False,False
218771978#5,27.46,98.856,2.0,1.0,6.41,False,False
218771978#6,10.88,39.168,1.0,1.0,5.15,False,False
218773868#0,0.12,0.432,519.0,479.0,81728.09,True,True
218773868#2,0.1,0.36,522.0,498.0,237963.12,True,True
218773868#3,0.11,0.396,513.0,492.0,116682.42,True,True
218773868#4,0.1,0.36,565.0,534.0,315465.86,True,True
218773868#5,0.11,0.396,589.0,580.0,248971.74,True,True
218773868#6,0.22,0.792,590.0,535.0,41196.55,True,True
218773869#1,0.12,0.432,845.0,815.0,221493.5,True,True
218773869#3,0.13,0.468,882.0,853.0,176429.58,True,True
218773869#4,0.13,0.468,881.0,863.0,276245.99,True,True
218773869#5,0.14,0.504,885.0,857.0,214237.64,True,True
218773869#6,0.13,0.468,886.0,823.0,537484.28,True,True
218773869#7,0.11,0.396,909.0,832.0,393636.46,True,True
218773869#8,0.12,0.432,909.0,857.0,200176.29,True,True
218915132#0,13.8,49.68,18.0,17.0,39.2,True,False
218915132#1,15.16,54.576,12.0,11.0,6.13,False,False
218915133#0,0.16,0.576,139.0,135.0,44515.79,True,False
218915133#2,0.08,0.288,134.0,134.0,90710.19,True,False
218915133#3,0.05,0.18,134.0,133.0,18887.52,False,False
218915135#3,23.63,85.068,212.0,211.0,1023.31,True,False
218915135#4,18.88,67.968,208.0,208.0,493.42,True,False
218923153,7.16,25.776,2.0,3.0,3.49,False,False
218923160#0,0.3,1.08,156.0,157.0,136974.92,False,False
218923160#4,0.14,0.504,157.0,157.0,39421.89,False,False
218923171#0,13.06,47.016,49.0,50.0,78.59,True,False
218923171#2,16.1,57.96,67.0,68.0,140.26,True,False
218923171#4,20.17,72.612,68.0,71.0,269.37,True,False
218923171#5,15.51,55.836,70.0,71.0,99.72,True,False
218923178#0,6.65,23.94,3.0,4.0,9.36,True,False
218923178#2,11.53,41.508,5.0,5.0,27.07,True,False
218923178#4,15.04,54.144,2.0,2.0,9.16,True,False
218923178#7,0.02,0.072,2.0,18.0,47472.33,True,False
218923184,11.78,42.408,6.0,4.0,18.65,False,False
218923188#0,14.24,51.264,140.0,138.0,256.47,False,False
218923188#1,13.82,49.752,138.0,139.0,540.56,False,False
218923188#2,14.63,52.668,132.0,135.0,1425.38,False,False
218923188#4,11.76,42.336,163.0,164.0,616.15,False,False
218924602#0,23.63,85.068,220.0,218.0,995.42,False,False
218924602#2,24.92,89.712,218.0,221.0,995.86,False,False
218924602#4,25.64,92.304,215.0,215.0,237.61,False,False
218924602#6,23.72,85.392,225.0,219.0,388.23,False,False
218924602#7,24.11,86.796,219.0,218.0,77.75,False,False
218924602#8,13.7,49.32,219.0,220.0,2161.83,False,False
218926711#0,1.29,4.644,136.0,135.0,6828.56,True,False
218926711#1,0.79,2.844,138.0,158.0,6053.04,True,False
218926711#2,0.58,2.088,167.0,166.0,22524.87,True,False
218926711#4,0.62,2.232,278.0,276.0,32910.47,True,False
218926711#6,0.52,1.872,277.0,279.0,54457.98,True,False
218960891#0,5.7,20.52,1.0,1.0,7.07,False,False
218960891#1,10.66,38.376,1.0,1.0,10.09,False,False
218960895#0,13.21,47.556,1.0,0.0,3.98,False,False
218960897,7.71,27.756,28.0,30.0,31.14,False,False
218974503#0,13.11,47.196,169.0,164.0,514.72,False,False
218974503#1,20.13,72.468,164.0,162.0,2346.27,True,False
218974503#3,13.74,49.464,115.0,112.0,432.79,False,False
218974503#5,8.85,31.86,112.0,110.0,194.49,False,False
218974504#1,12.19,43.884,105.0,103.0,115.05,False,False
218974504#2,15.05,54.18,103.0,104.0,905.79,False,False
218974504#3,15.68,56.448,98.0,96.0,641.87,False,False
218974504#4,14.95,53.82,107.0,107.0,599.93,False,False
218974504#5,14.57,52.452,102.0,107.0,406.83,False,False
219096264,0.13,0.468,156.0,157.0,44045.7,False,False
219096265,11.91,42.876,41.0,38.0,128.07,False,False
219696191#0,5.9,21.24,1.0,4.0,49.02,False,False
219696192#0,1.46,5.256,486.0,486.0,34764.66,False,False
219696192#4,1.56,5.616,485.0,485.0,14059.75,False,False
219696192#5,0.7,2.52,458.0,458.0,116142.15,False,False
219696192#7,12.79,46.044,175.0,176.0,818.34,False,False
219696192#9,19.48,70.128,191.0,191.0,742.42,False,False
219696193#0,0.11,0.396,942.0,874.0,95799.42,False,True
219696193#1,0.12,0.432,942.0,886.0,451757.14,True,True
219696193#2,0.14,0.504,939.0,878.0,258881.71,True,True
220028617,26.72,96.192,1.0,0.0,12.21,True,False
223296642,9.03,32.508,16.0,20.0,118.72,False,False
223418965#1,13.66,49.176,1.0,0.0,4.69,False,False
223418965#10,21.03,75.708,4.0,4.0,50.65,False,False
223418965#14,17.33,62.388,4.0,3.0,10.91,False,False
223418965#15,0.0,0.0,0.0,0.0,0.0,False,False
223418965#16,0.0,0.0,0.0,0.0,0.0,False,False
223418965#2,9.57,34.452,1.0,1.0,6.52,False,False
223418965#3,13.31,47.916,3.0,3.0,14.74,False,False
223418965#5,14.01,50.436,9.0,9.0,55.97,False,False
228795463#0,12.16,43.776,2.0,0.0,14.01,False,False
228795463#3,0.0,0.0,0.0,0.0,0.0,False,False
228795463#4,1.93,6.948,2.0,3.0,86.68,False,False
228795465,9.77,35.172,2.0,0.0,15.98,False,False
228795467#0,8.44,30.384,17.0,17.0,115.99,False,False
228795467#1,10.98,39.528,9.0,3.0,100.15,False,False
228795468#0,0.0,0.0,0.0,0.0,0.0,False,False
228795468#1,8.73,31.428,6.0,4.0,34.77,False,False
228795468#2,9.19,33.084,4.0,4.0,13.15,False,False
228795468#3,0.0,0.0,0.0,0.0,0.0,False,False
228795471,4.09,14.724,3.0,3.0,11.72,False,False
228795472#0,7.55,27.18,0.0,1.0,10.21,False,False
228795472#1,10.33,37.188,1.0,0.0,6.25,False,False
228795472#2,5.21,18.756,2.0,2.0,4.03,False,False
228795474#0,11.49,41.364,4.0,0.0,27.32,False,False
228795474#1,0.0,0.0,0.0,0.0,0.0,False,False
228795475,11.48,41.328,1.0,0.0,11.05,False,False
228795477#0,0.0,0.0,0.0,0.0,0.0,False,False
228795477#2,0.0,0.0,0.0,0.0,0.0,False,False
228795477#3,0.0,0.0,0.0,0.0,0.0,False,False
228795477#5,9.26,33.336,4.0,2.0,6.85,False,False
228795477#6,9.89,35.604,2.0,2.0,7.03,False,False
228795477#7,11.39,41.004,2.0,1.0,8.83,False,False
228795477#8,0.0,0.0,0.0,0.0,0.0,False,False
228795478#0,0.0,0.0,0.0,0.0,0.0,False,False
228795478#1,9.23,33.228,8.0,5.0,42.86,False,False
228795478#2,6.41,23.076,0.0,1.0,7.7,False,False
228795480,9.65,34.74,4.0,2.0,49.55,False,False
228795481#1,5.88,21.168,3.0,4.0,29.15,False,False
228795483,0.0,0.0,0.0,0.0,0.0,False,False
228795484#0,9.71,34.956,1.0,1.0,5.22,False,False
228795484#1,5.19,18.684,0.0,2.0,14.62,False,False
228796091#0,8.34,30.024,1.0,0.0,2.15,False,False
228796091#1,0.0,0.0,0.0,0.0,0.0,False,False
228796091#2,0.0,0.0,0.0,0.0,0.0,False,False
228797633#0,0.0,0.0,0.0,0.0,0.0,False,False
228797635#0,0.18,0.648,17.0,16.0,9570.16,False,False
228797635#2,7.14,25.704,1.0,7.0,68.63,False,False
228797638#0,7.25,26.1,0.0,1.0,9.44,False,False
228797640#0,11.46,41.256,5.0,5.0,80.05,False,False
228797640#2,11.36,40.896,4.0,4.0,20.24,False,False
228797640#3,11.66,41.976,3.0,2.0,13.68,False,False
228950039,8.68,31.248,7.0,6.0,36.17,False,False
228950040#0,0.18,0.648,8.0,12.0,3445.29,False,False
229028338#0,0.0,0.0,0.0,0.0,0.0,False,False
229028340#0,0.0,0.0,0.0,0.0,0.0,False,False
229028344#0,0.0,0.0,0.0,0.0,0.0,False,False
233651273,0.0,0.0,0.0,0.0,0.0,False,False
233651275,7.95,28.62,3.0,8.0,73.91,False,False
233651280#0,9.85,35.46,4.0,5.0,60.91,False,False
233651280#1,2.32,8.352,1.0,2.0,49.33,False,False
233651284#0,6.89,24.804,0.0,1.0,8.87,False,False
233651284#1,0.0,0.0,0.0,0.0,0.0,False,False
233651288#0,11.77,42.372,15.0,19.0,176.27,False,False
233651288#1,0.04,0.144,23.0,19.0,71507.18,False,False
233651326#0,11.83,42.588,10.0,8.0,137.46,False,False
233651326#3,11.91,42.876,5.0,5.0,45.72,False,False
233651327#4,0.0,0.0,0.0,0.0,0.0,False,False
233651328#0,10.06,36.216,0.0,2.0,27.45,False,False
233652295#2,0.0,0.0,0.0,0.0,0.0,False,False
237470575#0,9.0,32.4,16.0,16.0,62.9,False,False
237470575#1,9.23,33.228,15.0,15.0,101.59,False,False
237470575#3,7.12,25.632,24.0,17.0,49.79,False,False
237470575#4,7.02,25.272,17.0,17.0,14.15,False,False
237470575#5,10.46,37.656,6.0,6.0,49.31,False,False
238535895#0,0.0,0.0,0.0,0.0,0.0,False,False
238535896#2,0.0,0.0,0.0,0.0,0.0,False,False
238536650#0,0.0,0.0,0.0,0.0,0.0,False,False
238536650#1,0.0,0.0,0.0,0.0,0.0,False,False
238536650#2,0.0,0.0,0.0,0.0,0.0,False,False
239357573#19,9.89,35.604,0.0,8.0,95.65,False,False
239357573#20,1.18,4.248,21.0,26.0,1684.59,False,False
243542153#1,13.56,48.816,6.0,5.0,32.49,False,False
243542153#4,14.45,52.02,4.0,4.0,14.65,False,False
243542153#6,9.61,34.596,4.0,2.0,9.23,False,False
243542154#0,11.42,41.112,2.0,2.0,13.4,False,False
243542154#1,14.41,51.876,2.0,0.0,4.44,False,False
243542154#2,8.69,31.284,5.0,5.0,17.18,False,False
243542154#3,9.58,34.488,2.0,2.0,1.78,False,False
243542154#4,7.76,27.936,5.0,5.0,7.49,False,False
243542154#6,10.61,38.196,4.0,5.0,38.36,False,False
243542154#8,11.23,40.428,2.0,2.0,3.91,False,False
243542154#9,15.69,56.484,1.0,0.0,5.6,False,False
243542155#0,10.72,38.592,8.0,7.0,42.61,False,False
243542155#1,9.91,35.676,7.0,7.0,42.52,False,False
243542156#1,7.67,27.612,0.0,1.0,12.08,False,False
243542157,7.2,25.92,1.0,5.0,46.0,False,False
244214816#0,23.92,86.112,80.0,0.0,144.95,False,False
244215399,0.0,0.0,0.0,0.0,0.0,False,False
244215552#0,6.81,24.516,2.0,2.0,8.01,False,False
244215552#1,0.05,0.18,16.0,16.0,23845.35,False,False
244217578#0,6.87,24.732,5.0,8.0,59.88,False,False
244217578#1,7.45,26.82,8.0,8.0,81.57,False,False
244217578#2,1.45,5.22,18.0,19.0,512.35,False,False
244221644#0,26.2,94.32,13.0,11.0,114.12,False,False
244221644#1,15.49,55.764,11.0,11.0,58.28,True,False
244221645,8.6,30.96,8.0,8.0,49.85,False,False
244221646#0,9.76,35.136,10.0,7.0,77.98,False,False
244221646#2,9.28,33.408,2.0,2.0,5.14,False,False
244221646#3,11.63,41.868,2.0,0.0,39.94,False,False
244384770#11,0.05,0.18,0.0,97.0,71273.72,False,False
244384770#12,0.05,0.18,97.0,227.0,1495919.35,False,False
244399270,16.75,60.3,70.0,70.0,249.47,False,False
268782232#0,10.47,37.692,8.0,7.0,22.92,False,False
268782232#1,10.32,37.152,7.0,5.0,24.51,False,False
268782232#2,8.3,29.88,4.0,2.0,16.14,False,False
268782233#0,5.78,20.808,2.0,4.0,22.14,False,False
268782233#2,6.51,23.436,13.0,6.0,27.61,False,False
268782233#3,6.42,23.112,8.0,8.0,16.93,False,False
268782233#4,3.64,13.104,9.0,9.0,232.98,False,False
268782233#5,1.87,6.732,52.0,52.0,1380.86,False,False
268782234#0,5.75,20.7,2.0,4.0,25.3,False,False
268782234#1,7.17,25.812,2.0,2.0,14.95,False,False
268782329#0,0.0,0.0,0.0,0.0,0.0,False,False
268782329#1,6.28,22.608,9.0,9.0,47.48,False,False
268782331,4.9,17.64,0.0,15.0,77.07,False,False
268782333#0,0.0,0.0,0.0,0.0,0.0,False,False
268782333#1,0.0,0.0,0.0,0.0,0.0,False,False
268782334#0,7.77,27.972,2.0,1.0,7.4,False,False
268782334#1,6.43,23.148,1.0,2.0,9.65,False,False
268783056#0,12.69,45.684,18.0,17.0,18.81,False,False
270279684#0,0.0,0.0,0.0,0.0,0.0,False,False
270279684#1,0.05,0.18,4.0,4.0,4041.09,False,False
270279686#0,8.9,32.04,1.0,1.0,5.97,False,False
270279686#1,11.95,43.02,1.0,0.0,2.11,False,False
272228143#0,12.42,44.712,27.0,26.0,197.22,False,False
272228143#1,12.59,45.324,31.0,29.0,80.98,False,False
272228143#2,0.07,0.252,28.0,29.0,49060.09,False,False
272228144#0,9.47,34.092,4.0,4.0,16.09,False,False
272228144#1,11.5,41.4,10.0,9.0,60.6,False,False
272228144#2,11.93,42.948,10.0,10.0,38.25,False,False
272228144#3,7.7,27.72,8.0,7.0,22.64,False,False
272228338,0.0,0.0,0.0,0.0,0.0,False,False
272228339#0,9.55,34.38,33.0,4.0,102.63,False,False
272228339#1,7.75,27.9,3.0,2.0,8.78,False,False
272228339#2,0.0,0.0,0.0,0.0,0.0,False,False
272228339#3,5.27,18.972,2.0,2.0,4.67,False,False
272228340,5.79,20.844,0.0,2.0,13.52,False,False
272228440#0,5.94,21.384,0.0,1.0,6.13,False,False
272228442,8.09,29.124,2.0,0.0,6.75,False,False
272228567,0.0,0.0,0.0,0.0,0.0,False,False
272228670#0,0.0,0.0,0.0,0.0,0.0,False,False
272229587#0,10.29,37.044,30.0,30.0,177.21,False,False
272229587#2,12.69,45.684,29.0,29.0,63.0,False,False
272229587#3,10.04,36.144,28.0,26.0,47.71,False,False
272229587#5,11.29,40.644,33.0,32.0,91.55,False,False
272229587#7,12.1,43.56,16.0,16.0,40.25,False,False
272229587#8,11.24,40.464,14.0,15.0,125.61,False,False
272229587#9,7.37,26.532,9.0,8.0,28.27,False,False
272229588#0,10.16,36.576,2.0,2.0,11.66,False,False
272229588#1,4.53,16.308,1.0,5.0,14.28,False,False
272229589,8.14,29.304,2.0,2.0,31.24,False,False
272231354,10.32,37.152,7.0,10.0,47.23,False,False
272231355,10.41,37.476,12.0,10.0,65.07,False,False
272231356,5.9,21.24,1.0,1.0,6.49,False,False
272231357#2,12.86,46.296,8.0,7.0,39.46,False,False
272232099#0,0.0,0.0,0.0,0.0,0.0,False,False
272232099#2,0.0,0.0,0.0,0.0,0.0,False,False
272263605#0,0.0,0.0,0.0,0.0,0.0,False,False
272263605#2,6.77,24.372,0.0,6.0,44.7,False,False
273024752,3.67,13.212,25.0,24.0,180.96,False,False
273028084#0,11.95,43.02,5.0,7.0,87.78,False,False
273028084#10,0.0,0.0,0.0,0.0,0.0,False,False
273028084#6,9.67,34.812,3.0,24.0,226.07,False,False
273028084#9,12.16,43.776,23.0,23.0,69.4,False,False
273638833#0,0.0,0.0,0.0,0.0,0.0,False,False
273638833#6,0.32,1.152,14.0,2.0,3522.41,False,False
273638834#0,8.54,30.744,11.0,13.0,8.2,False,False
273638834#2,12.39,44.604,13.0,13.0,153.35,False,False
273638834#5,12.64,45.504,11.0,10.0,30.2,False,False
273638834#7,9.77,35.172,9.0,9.0,49.24,False,False
273639040#0,8.35,30.06,2.0,4.0,46.21,False,False
273639055#0,7.61,27.396,3.0,3.0,12.76,False,False
273639055#2,8.8,31.68,3.0,4.0,9.43,False,False
273639055#3,12.18,43.848,4.0,5.0,38.78,False,False
273639055#6,9.15,32.94,5.0,4.0,16.41,False,False
273639056#0,1.16,4.176,4.0,2.0,230.17,False,False
273639456,10.82,38.952,1.0,0.0,4.95,False,False
273639501#0,8.1,29.16,13.0,13.0,28.95,False,False
273639501#2,8.63,31.068,11.0,8.0,36.75,False,False
273639765#0,11.79,42.444,1.0,1.0,14.46,False,False
273639766,0.0,0.0,0.0,0.0,0.0,False,False
273640070#0,10.95,39.42,8.0,7.0,119.93,False,False
273640078#0,11.01,39.636,2.0,2.0,12.71,False,False
273640078#2,12.61,45.396,2.0,0.0,33.42,False,False
273647554#0,6.91,24.876,0.0,1.0,7.54,False,False
273647554#3,8.52,30.672,1.0,1.0,4.28,False,False
273647556#0,10.56,38.016,3.0,2.0,18.07,False,False
273647557,8.9,32.04,0.0,1.0,16.39,False,False
273647638#0,5.76,20.736,0.0,2.0,9.94,False,False
273647638#1,6.8,24.48,2.0,2.0,4.62,False,False
273648116#0,5.92,21.312,7.0,9.0,38.97,False,False
273896132#0,12.98,46.728,2.0,0.0,11.8,False,False
273896133#0,7.2,25.92,0.0,1.0,10.88,False,False
273896156#1,5.77,20.772,1.0,1.0,4.17,False,False
277257944#1,7.78,28.008,7.0,9.0,47.47,False,False
277257944#3,12.69,45.684,1.0,0.0,14.97,False,False
289213613#0,0.06,0.216,385.0,387.0,37888.47,False,True
289213613#3,0.09,0.324,387.0,388.0,48527.97,False,True
301285277#0,10.99,39.564,11.0,11.0,90.94,False,False
301285279#1,10.35,37.26,4.0,5.0,45.75,False,False
315658884#1,11.47,41.292,3.0,2.0,32.31,False,False
315658896#1,13.4,48.24,2.0,2.0,7.4,False,False
315658896#2,9.24,33.264,41.0,39.0,103.16,False,False
315658896#3,14.16,50.976,1.0,0.0,5.17,False,False
315658896#6,0.0,0.0,0.0,0.0,0.0,False,False
315658896#7,7.91,28.476,5.0,0.0,7.43,False,False
315658897#0,11.18,40.248,2.0,1.0,16.63,False,False
315658897#2,0.0,0.0,0.0,0.0,0.0,False,False
315658897#3,0.0,0.0,0.0,0.0,0.0,False,False
315658899#0,11.75,42.3,61.0,60.0,940.97,False,False
315658900#0,12.81,46.116,20.0,19.0,101.91,False,False
315658900#3,10.11,36.396,19.0,19.0,37.0,False,False
315658900#4,11.47,41.292,12.0,11.0,99.3,False,False
315658900#6,0.0,0.0,0.0,0.0,0.0,False,False
318747848#1,7.74,27.864,29.0,27.0,121.49,False,False
318747848#3,11.56,41.616,1.0,1.0,18.06,False,False
318747850#0,0.0,0.0,0.0,0.0,0.0,False,False
318747850#1,10.01,36.036,6.0,12.0,146.98,False,False
318747850#2,8.16,29.376,11.0,9.0,41.88,False,False
318747850#3,7.99,28.764,1.0,1.0,5.32,False,False
320463177#0,0.0,0.0,0.0,0.0,0.0,False,False
320463177#1,13.02,46.872,5.0,5.0,2.0,False,False
320463177#2,2.82,10.152,5.0,28.0,60.9,False,False
320463177#3,0.0,0.0,0.0,0.0,0.0,False,False
320463177#5,0.0,0.0,0.0,0.0,0.0,False,False
320463245#0,12.19,43.884,1.0,1.0,9.34,False,False
320463245#4,10.61,38.196,4.0,3.0,29.33,False,False
320463245#5,7.39,26.604,7.0,6.0,24.1,False,False
320463245#6,0.09,0.324,4.0,4.0,1374.45,False,False
320463283,12.73,45.828,5.0,5.0,19.62,False,False
320473386,10.5,37.8,3.0,0.0,17.42,False,False
322977445,0.35,1.26,8.0,7.0,1142.75,False,False
322977650,0.0,0.0,0.0,0.0,0.0,False,False
327035698#0,10.05,36.18,1.0,0.0,3.1,False,False
327035698#1,6.67,24.012,0.0,2.0,10.9,False,False
327035698#3,3.37,12.132,2.0,2.0,45.41,False,False
327035699#0,7.96,28.656,1.0,1.0,5.57,False,False
327035700#0,13.57,48.852,13.0,12.0,73.13,False,False
327035700#1,0.17,0.612,14.0,15.0,3174.19,False,False
327035701,0.59,2.124,4.0,4.0,528.41,False,False
327035702#1,9.54,34.344,1.0,0.0,2.76,False,False
327035702#2,5.8,20.88,0.0,2.0,21.57,False,False
327040894#1,4.4,15.84,4.0,4.0,50.33,False,False
327040896,10.45,37.62,1.0,1.0,6.11,False,False
329612996,11.95,43.02,2.0,0.0,21.16,False,False
329995227#0,5.05,18.18,0.0,3.0,18.0,False,False
329995227#1,0.0,0.0,0.0,0.0,0.0,False,False
329995227#2,10.63,38.268,1.0,0.0,4.43,False,False
329995230#0,18.9,68.04,2.0,2.0,4.21,False,False
329995230#1,10.02,36.072,2.0,3.0,9.52,False,False
329995230#2,7.33,26.388,2.0,2.0,13.46,False,False
329995231#0,10.69,38.484,5.0,5.0,19.51,False,False
329995231#1,0.07,0.252,14.0,14.0,8568.29,False,False
333554714#1,0.0,0.0,0.0,0.0,0.0,True,False
333554715#1,20.6,74.16,26.0,18.0,200.79,True,False
333554716,21.83,78.588,10.0,0.0,26.05,True,False
333554719,11.67,42.012,0.0,1.0,10.76,False,False
333555370,1.06,3.816,143.0,141.0,5397.1,False,False
333557072#3,0.68,2.448,166.0,165.0,16730.5,True,False
333557072#5,0.66,2.376,74.0,72.0,10043.1,True,False
333972428#1,0.04,0.144,336.0,329.0,307491.49,True,True
333972428#2,0.03,0.108,345.0,325.0,685969.78,True,True
333972428#3,0.02,0.072,384.0,281.0,1495494.35,True,True
344645186,7.84,28.224,17.0,13.0,253.5,False,False
344645187,11.05,39.78,4.0,1.0,36.1,False,False
344663909#1,5.58,20.088,0.0,190.0,1511.35,False,False
344663909#3,7.41,26.676,192.0,193.0,1957.66,False,False
345046979#0,0.1,0.36,166.0,165.0,221732.47,False,False
345046979#4,0.06,0.216,164.0,161.0,213773.35,True,False
347237859#0,0.14,0.504,943.0,894.0,401942.23,True,True
347237859#1,0.18,0.648,941.0,938.0,120627.17,True,True
347237859#2,0.14,0.504,940.0,895.0,131079.13,True,True
347237859#3,0.15,0.54,926.0,873.0,452757.97,True,True
347237859#4,0.14,0.504,948.0,900.0,882775.74,True,True
348626442,9.7,34.92,7.0,9.0,103.14,False,False
348626444#0,9.92,35.712,16.0,16.0,38.41,False,False
348626444#2,6.71,24.156,17.0,17.0,82.2,False,False
348626444#3,0.66,2.376,17.0,17.0,794.41,False,False
348648513#0,0.0,0.0,0.0,0.0,0.0,False,False
348648513#2,0.0,0.0,0.0,0.0,0.0,False,False
348648522,0.0,0.0,0.0,0.0,0.0,False,False
348657481#0,11.27,40.572,7.0,7.0,52.29,False,False
348657481#3,12.17,43.812,7.0,7.0,19.85,False,False
348657481#4,8.93,32.148,6.0,7.0,55.31,False,False
348657487#0,11.61,41.796,1.0,0.0,7.91,False,False
351672095#2,10.51,37.836,3.0,4.0,56.46,False,False
351672100#3,8.85,31.86,4.0,5.0,35.45,False,False
37399598#0,17.84,64.224,2.0,1.0,5.7,False,False
37399598#2,20.77,74.772,1.0,1.0,2.67,False,False
37399598#3,25.45,91.62,1.0,0.0,1.04,False,False
37399710,26.9,96.84,71.0,0.0,4060.78,False,False
37399713#0,7.33,26.388,0.0,2.0,18.82,False,False
37399713#1,19.16,68.976,72.0,72.0,279.65,False,False
37399713#2,23.15,83.34,72.0,72.0,528.1,False,False
37399924#0,8.91,32.076,36.0,34.0,136.91,False,False
37399924#10,10.67,38.412,7.0,7.0,34.05,False,False
37399924#2,17.58,63.288,34.0,33.0,154.88,False,False
37399924#3,15.9,57.24,30.0,30.0,123.02,False,False
37399924#5,16.3,58.68,12.0,11.0,22.25,False,False
37399924#6,20.86,75.096,7.0,6.0,40.03,False,False
37399924#8,12.83,46.188,3.0,6.0,37.74,False,False
37399924#9,22.89,82.404,5.0,5.0,13.73,False,False
37400087#0,12.25,44.1,222.0,221.0,1090.51,False,False
37400087#3,12.91,46.476,221.0,0.0,4362.3,False,False
37400684#0,0.0,0.0,0.0,0.0,0.0,False,False
37400684#1,0.0,0.0,0.0,0.0,0.0,False,False
37400957,12.33,44.388,1.0,0.0,10.89,False,False
37402180#1,11.73,42.228,18.0,20.0,30.11,False,False
37402180#3,24.06,86.616,18.0,18.0,212.36,True,False
37402371,3.81,13.716,0.0,16.0,52.35,False,False
37403486#1,9.74,35.064,28.0,29.0,138.88,False,False
37403487#0,8.67,31.212,44.0,44.0,83.18,False,False
37403503#0,15.73,56.628,37.0,37.0,80.79,True,False
37403503#2,24.48,88.128,37.0,37.0,273.83,False,False
37403503#3,17.36,62.496,37.0,37.0,146.04,False,False
37403503#4,17.05,61.38,5.0,6.0,11.2,False,False
37403503#5,10.79,38.844,6.0,5.0,18.2,False,False
37403503#6,0.0,0.0,0.0,0.0,0.0,False,False
375125205#0,7.39,26.604,25.0,0.0,114.33,False,False
375125205#2,6.81,24.516,11.0,9.0,51.25,False,False
375125205#3,0.0,0.0,0.0,0.0,0.0,False,False
375125205#4,5.92,21.312,0.0,10.0,108.99,False,False
375125205#5,1.2,4.32,42.0,42.0,2413.67,False,False
375125207#0,0.0,0.0,0.0,0.0,0.0,False,False
375125207#2,7.17,25.812,1.0,1.0,6.79,False,False
375125209,9.28,33.408,20.0,29.0,199.45,False,False
378453707#0,14.34,51.624,280.0,0.0,4208.55,False,False
37928420#0,1.63,5.868,272.0,272.0,11202.01,False,False
379943276,16.94,60.984,34.0,34.0,144.11,True,False
379943301,22.95,82.62,0.0,1.0,57.05,False,False
379943747,8.47,30.492,38.0,31.0,227.29,False,False
379943751,26.7,96.12,1.0,0.0,3.83,False,False
379943753#0,11.47,41.292,58.0,58.0,293.95,False,False
379943755#1,6.02,21.672,43.0,46.0,116.69,False,False
381226320,11.72,42.192,5.0,4.0,7.01,False,False
381226321,0.0,0.0,0.0,0.0,0.0,False,False
381226322#0,0.0,0.0,0.0,0.0,0.0,False,False
381226322#3,4.62,16.632,5.0,14.0,112.72,False,False
381226322#4,11.06,39.816,1.0,1.0,6.24,False,False
381226323,10.42,37.512,1.0,0.0,3.74,False,False
381226324,12.57,45.252,1.0,0.0,8.14,False,False
381226325,7.11,25.596,2.0,3.0,16.71,False,False
381230507#0,10.92,39.312,15.0,15.0,103.36,False,False
381230507#2,10.36,37.296,4.0,4.0,26.88,False,False
381447817#0,7.26,26.136,3.0,9.0,89.1,False,False
381447817#1,0.66,2.376,15.0,15.0,2592.41,False,False
381447818,7.98,28.728,0.0,13.0,146.12,False,False
381447820,0.0,0.0,0.0,0.0,0.0,False,False
381447822,10.49,37.764,1.0,1.0,3.52,False,False
381447823#0,8.64,31.104,0.0,2.0,25.54,False,False
381447824,4.16,14.976,0.0,7.0,80.93,False,False
381447826,9.01,32.436,17.0,3.0,95.53,False,False
381447827,1.59,5.724,0.0,2.0,94.81,False,False
381447828,0.0,0.0,0.0,0.0,0.0,False,False
381447829#0,10.65,38.34,2.0,3.0,32.95,False,False
381447831#0,8.98,32.328,1.0,1.0,4.78,False,False
381447831#1,0.59,2.124,8.0,10.0,295.15,False,False
381447832,5.82,20.952,3.0,3.0,41.44,False,False
381447833#0,9.87,35.532,3.0,2.0,17.26,False,False
381447833#1,12.06,43.416,6.0,5.0,50.03,False,False
381447834#0,7.86,28.296,1.0,1.0,11.85,False,False
381447834#1,0.0,0.0,0.0,0.0,0.0,False,False
381447835#0,1.92,6.912,1.0,1.0,104.15,False,False
381447836#0,10.87,39.132,1.0,1.0,1.71,False,False
381447836#2,10.35,37.26,2.0,1.0,3.48,False,False
381447836#3,9.15,32.94,1.0,1.0,4.66,False,False
381452097#0,10.61,38.196,6.0,5.0,49.08,False,False
381452097#2,5.79,20.844,0.0,2.0,8.96,False,False
381452097#3,8.85,31.86,2.0,2.0,9.14,False,False
381452098#0,12.41,44.676,11.0,0.0,132.38,False,False
381452099,0.0,0.0,0.0,0.0,0.0,False,False
381452101#0,9.44,33.984,3.0,4.0,17.29,False,False
381452101#1,10.25,36.9,2.0,2.0,12.93,False,False
381452101#2,10.86,39.096,2.0,2.0,2.91,False,False
381452101#3,2.76,9.936,2.0,4.0,12.82,False,False
381452103#0,0.81,2.916,101.0,89.0,12860.52,False,False
381452103#1,11.52,41.472,43.0,33.0,577.24,False,False
381452104#0,12.21,43.956,33.0,29.0,237.79,False,False
381452104#1,11.05,39.78,15.0,14.0,25.88,False,False
381452104#2,11.31,40.716,11.0,20.0,367.7,False,False
381452106#1,0.0,0.0,0.0,0.0,0.0,False,False
381452106#3,9.39,33.804,1.0,0.0,0.55,False,False
381452106#4,0.0,0.0,0.0,0.0,0.0,False,False
381452106#6,0.06,0.216,13.0,13.0,21564.58,False,False
381452108#0,7.92,28.512,11.0,10.0,43.35,False,False
381452108#1,13.15,47.34,2.0,1.0,17.32,False,False
381452108#2,13.16,47.376,1.0,1.0,6.55,False,False
381452108#4,4.49,16.164,1.0,2.0,2.69,False,False
381452108#5,6.27,22.572,1.0,3.0,18.48,False,False
381452110,0.0,0.0,0.0,0.0,0.0,False,False
381452111,4.46,16.056,0.0,2.0,14.89,False,False
381452112,0.0,0.0,0.0,0.0,0.0,False,False
381452116,6.77,24.372,7.0,5.0,60.11,False,False
381452117,0.0,0.0,0.0,0.0,0.0,False,False
381452120#1,12.83,46.188,12.0,8.0,35.22,False,False
381452120#2,10.18,36.648,8.0,10.0,66.4,False,False
381452120#3,11.75,42.3,3.0,2.0,17.57,False,False
381452120#5,10.43,37.548,6.0,6.0,21.32,False,False
381452120#6,0.3,1.08,6.0,5.0,1237.46,False,False
381452122#0,10.19,36.684,8.0,7.0,38.98,False,False
381452125,0.0,0.0,0.0,0.0,0.0,False,False
381452128,0.0,0.0,0.0,0.0,0.0,False,False
381452129,0.0,0.0,0.0,0.0,0.0,False,False
381452130,10.73,38.628,2.0,1.0,14.55,False,False
381452132,1.47,5.292,25.0,44.0,1659.11,False,False
381452133,0.0,0.0,0.0,0.0,0.0,False,False
381452134,10.84,39.024,10.0,10.0,98.06,False,False
381452136,0.0,0.0,0.0,0.0,0.0,False,False
381452137,8.5,30.6,5.0,1.0,19.19,False,False
381452138#0,7.61,27.396,3.0,3.0,8.57,False,False
381452138#1,0.0,0.0,0.0,0.0,0.0,False,False
381452140#0,0.91,3.276,12.0,9.0,354.6,False,False
381452140#1,10.41,37.476,7.0,5.0,48.98,False,False
381452141,6.58,23.688,0.0,1.0,8.59,False,False
381452143#0,8.13,29.268,2.0,2.0,3.26,False,False
381452143#1,8.25,29.7,2.0,3.0,16.43,False,False
381452147,0.0,0.0,0.0,0.0,0.0,False,False
381452149#0,0.0,0.0,0.0,0.0,0.0,False,False
381452149#1,0.0,0.0,0.0,0.0,0.0,False,False
381452151,10.44,37.584,1.0,1.0,10.87,False,False
381452152,0.0,0.0,0.0,0.0,0.0,False,False
381452153,10.24,36.864,27.0,27.0,179.85,False,False
381452155,0.0,0.0,0.0,0.0,0.0,False,False
381452156#0,8.88,31.968,2.0,0.0,6.58,False,False
381452156#2,8.67,31.212,0.0,1.0,11.99,False,False
381452158,11.66,41.976,1.0,0.0,6.18,False,False
381452159,0.0,0.0,0.0,0.0,0.0,False,False
381452160#0,10.82,38.952,2.0,2.0,9.36,False,False
381452160#1,12.52,45.072,2.0,2.0,6.75,False,False
381452160#2,6.27,22.572,2.0,2.0,5.89,False,False
381452162,0.83,2.988,0.0,2.0,207.25,False,False
381452163#0,5.78,20.808,5.0,8.0,23.97,False,False
381452163#1,7.6,27.36,8.0,8.0,15.69,False,False
381452163#2,12.61,45.396,1.0,1.0,2.29,False,False
381452163#3,12.16,43.776,1.0,1.0,1.85,False,False
381452163#4,12.45,44.82,1.0,1.0,1.74,False,False
381452163#5,5.91,21.276,1.0,2.0,9.29,False,False
381452166#0,8.73,31.428,1.0,2.0,11.88,False,False
381452166#1,10.6,38.16,1.0,1.0,5.7,False,False
381452166#2,0.0,0.0,0.0,0.0,0.0,False,False
381452167,7.71,27.756,2.0,2.0,9.96,False,False
381452169,9.76,35.136,3.0,1.0,22.12,False,False
381452170#0,0.06,0.216,20.0,24.0,14524.09,False,False
381452170#1,0.07,0.252,36.0,41.0,14827.11,False,False
381452172,0.0,0.0,0.0,0.0,0.0,False,False
381452174#0,10.08,36.288,14.0,13.0,109.61,False,False
381452174#1,13.53,48.708,1.0,0.0,7.35,False,False
381452175#0,7.51,27.036,28.0,30.0,50.31,False,False
381452175#1,11.86,42.696,33.0,32.0,70.02,False,False
381452175#2,12.93,46.548,32.0,32.0,67.84,False,False
381452175#3,12.39,44.604,32.0,32.0,104.63,False,False
381452176#0,11.97,43.092,1.0,1.0,3.91,False,False
381452176#1,0.34,1.224,1.0,1.0,165.48,False,False
381452178#0,11.93,42.948,9.0,6.0,42.56,False,False
381452178#1,8.95,32.22,5.0,3.0,15.32,False,False
381452179#0,6.93,24.948,3.0,3.0,12.63,False,False
381452179#1,9.86,35.496,5.0,3.0,6.51,False,False
381452179#3,0.16,0.576,6.0,4.0,1243.21,False,False
381452180#0,0.0,0.0,0.0,0.0,0.0,False,False
381452180#1,9.51,34.236,10.0,0.0,23.06,False,False
381452180#4,7.44,26.784,1.0,8.0,94.97,False,False
381452182#0,1.53,5.508,10.0,13.0,1249.74,False,False
381452182#1,9.03,32.508,5.0,2.0,36.31,False,False
381452186#0,10.42,37.512,2.0,1.0,5.55,False,False
381452186#1,12.35,44.46,1.0,1.0,5.4,False,False
381453320#0,11.49,41.364,13.0,13.0,40.88,False,False
381453320#1,0.0,0.0,0.0,0.0,0.0,False,False
381453320#2,9.15,32.94,30.0,28.0,74.65,False,False
381453320#3,3.35,12.06,28.0,28.0,197.76,False,False
381453321#1,0.0,0.0,0.0,0.0,0.0,False,False
381453321#2,0.25,0.9,0.0,1.0,65.18,False,False
381453321#4,0.0,0.0,0.0,0.0,0.0,False,False
381453321#5,9.09,32.724,3.0,2.0,29.71,False,False
381453322,0.68,2.448,6.0,5.0,292.74,False,False
381453323,0.0,0.0,0.0,0.0,0.0,False,False
381453324,0.03,0.108,8.0,21.0,18684.31,False,False
381453325#1,6.32,22.752,5.0,1.0,30.82,False,False
381453326#0,12.55,45.18,13.0,13.0,50.21,False,False
381453326#1,0.21,0.756,14.0,13.0,1963.53,False,False
381453326#3,0.2,0.72,13.0,32.0,6415.5,False,False
381453327,12.06,43.416,4.0,0.0,33.51,False,False
381453328#0,6.28,22.608,1.0,2.0,7.76,False,False
381453328#1,5.27,18.972,1.0,11.0,46.28,False,False
381453328#2,0.14,0.504,10.0,10.0,2301.0,False,False
381453328#3,0.05,0.18,10.0,10.0,8289.0,False,False
381453329,11.19,40.284,1.0,1.0,10.24,False,False
381453331,0.0,0.0,0.0,0.0,0.0,False,False
381453798,0.0,0.0,0.0,0.0,0.0,False,False
381453800,2.12,7.632,21.0,18.0,912.25,False,False
381456417#0,12.69,45.684,2.0,2.0,2.48,False,False
381456417#1,12.4,44.64,2.0,1.0,10.5,False,False
381456417#2,0.0,0.0,0.0,0.0,0.0,False,False
381456418#1,8.13,29.268,2.0,3.0,14.91,False,False
381456418#2,11.78,42.408,3.0,2.0,3.74,False,False
381456418#3,0.35,1.26,14.0,15.0,2433.85,False,False
381456418#5,0.1,0.36,15.0,15.0,4351.74,False,False
381456419#0,10.15,36.54,7.0,6.0,10.43,False,False
381456419#1,0.18,0.648,9.0,9.0,2564.23,False,False
381456420#0,9.49,34.164,12.0,11.0,33.04,False,False
381456420#1,12.69,45.684,9.0,9.0,17.47,False,False
381456420#3,12.67,45.612,9.0,8.0,16.51,False,False
381456420#5,9.91,35.676,8.0,8.0,9.74,False,False
381456420#6,11.05,39.78,9.0,8.0,35.75,False,False
381456420#7,7.53,27.108,11.0,11.0,34.23,False,False
381456422#0,7.92,28.512,3.0,4.0,28.33,False,False
381456422#3,10.96,39.456,3.0,3.0,8.93,False,False
381456422#4,9.96,35.856,2.0,2.0,1.63,False,False
381456422#6,0.16,0.576,3.0,16.0,3128.53,False,False
381456422#7,0.05,0.18,43.0,43.0,7182.04,False,False
381456424#0,0.0,0.0,0.0,0.0,0.0,False,False
381456424#1,7.47,26.892,13.0,1.0,12.16,False,False
381456424#2,11.43,41.148,3.0,3.0,4.33,False,False
381456424#3,11.5,41.4,4.0,4.0,5.95,False,False
381456424#4,11.87,42.732,5.0,5.0,7.62,False,False
381456424#6,6.0,21.6,6.0,8.0,20.19,False,False
381456424#8,0.05,0.18,7.0,9.0,7105.27,False,False
381456429,6.69,24.084,3.0,3.0,13.98,False,False
381456432,7.99,28.764,1.0,4.0,32.67,False,False
381456433,6.71,24.156,3.0,3.0,15.11,False,False
381456437,0.0,0.0,0.0,0.0,0.0,False,False
381456440#0,0.0,0.0,0.0,0.0,0.0,False,False
381456441,0.0,0.0,0.0,0.0,0.0,False,False
381456443,7.18,25.848,1.0,3.0,27.68,False,False
381456444,9.4,33.84,2.0,1.0,7.61,False,False
381456445,0.03,0.108,29.0,27.0,33182.21,False,False
381456446#0,0.0,0.0,0.0,0.0,0.0,False,False
381456446#1,6.63,23.868,2.0,2.0,11.01,False,False
381456447,11.31,40.716,2.0,1.0,9.65,False,False
381456448,0.0,0.0,0.0,0.0,0.0,False,False
381456449,0.0,0.0,0.0,0.0,0.0,False,False
381456451,9.24,33.264,5.0,4.0,40.29,False,False
381456453#0,0.0,0.0,0.0,0.0,0.0,False,False
381456453#1,4.98,17.928,1.0,3.0,11.88,False,False
381456455#0,10.38,37.368,3.0,3.0,1.5,False,False
381456455#1,0.13,0.468,4.0,2.0,706.13,False,False
381456456,12.36,44.496,1.0,0.0,4.51,False,False
381456457#0,0.0,0.0,0.0,0.0,0.0,False,False
381456457#2,0.0,0.0,0.0,0.0,0.0,False,False
381456458,10.09,36.324,1.0,0.0,4.37,False,False
381456459,0.0,0.0,0.0,0.0,0.0,False,False
381456460,0.0,0.0,0.0,0.0,0.0,False,False
381456461,0.03,0.108,43.0,42.0,81877.72,False,False
381456462#0,0.05,0.18,26.0,27.0,12777.75,False,False
381456462#1,0.04,0.144,26.0,28.0,13871.35,False,False
381456462#2,0.01,0.036,27.0,26.0,73700.94,False,False
381456463#0,11.42,41.112,15.0,15.0,26.25,False,False
381456463#1,0.04,0.144,15.0,15.0,19032.44,False,False
381456464#0,9.18,33.048,2.0,3.0,31.02,False,False
381456465,13.6,48.96,1.0,0.0,3.99,False,False
381456466#0,8.19,29.484,5.0,3.0,17.34,False,False
381456466#1,5.12,18.432,1.0,1.0,2.03,False,False
381456466#2,7.57,27.252,5.0,3.0,21.71,False,False
381456468#0,7.11,25.596,2.0,2.0,4.39,False,False
381456468#1,8.0,28.8,3.0,3.0,11.13,False,False
381456469#0,3.31,11.916,0.0,1.0,1.96,False,False
381456469#1,6.34,22.824,2.0,4.0,11.66,False,False
381456469#2,3.22,11.592,4.0,4.0,38.11,False,False
381458589#0,5.1,18.36,0.0,2.0,10.79,False,False
381458589#1,4.22,15.192,7.0,0.0,3.03,False,False
381802843#0,9.8,35.28,1.0,1.0,6.2,False,False
381802843#1,11.23,40.428,1.0,0.0,6.95,False,False
381802844#0,7.03,25.308,5.0,5.0,7.27,False,False
381802844#1,6.59,23.724,2.0,2.0,5.59,False,False
381802844#2,5.49,19.764,1.0,1.0,0.95,False,False
381802844#3,5.76,20.736,2.0,2.0,1.81,False,False
381802844#5,7.57,27.252,8.0,8.0,15.04,False,False
381802844#6,9.56,34.416,6.0,5.0,4.66,False,False
381802844#7,7.95,28.62,4.0,4.0,4.89,False,False
381802844#8,14.62,52.632,1.0,0.0,1.32,False,False
381802845#0,9.13,32.868,18.0,18.0,99.2,False,False
381802845#2,11.51,41.436,17.0,3.0,56.17,False,False
381802845#3,0.0,0.0,0.0,0.0,0.0,False,False
381802847#0,12.06,43.416,28.0,26.0,362.4,False,False
381802847#1,12.85,46.26,1.0,0.0,3.24,False,False
381802847#2,11.03,39.708,4.0,3.0,34.01,False,False
381802847#3,4.99,17.964,0.0,2.0,10.16,False,False
381802847#4,0.0,0.0,0.0,0.0,0.0,False,False
381802847#5,0.0,0.0,0.0,0.0,0.0,False,False
381802848#0,0.0,0.0,0.0,0.0,0.0,False,False
381802848#1,5.48,19.728,0.0,2.0,11.92,False,False
381802848#2,9.91,35.676,3.0,2.0,11.73,False,False
381802853,6.88,24.768,5.0,5.0,16.7,False,False
381802858,4.77,17.172,1.0,3.0,11.1,False,False
381802860#0,0.0,0.0,0.0,0.0,0.0,False,False
381802860#1,14.61,52.596,1.0,0.0,4.95,False,False
381802860#2,13.73,49.428,1.0,0.0,6.32,False,False
381802863,11.01,39.636,1.0,0.0,6.88,False,False
381802870#0,0.0,0.0,0.0,0.0,0.0,False,False
381802870#1,7.23,26.028,2.0,4.0,20.03,False,False
381802874#0,0.0,0.0,0.0,0.0,0.0,False,False
381802874#1,9.05,32.58,1.0,1.0,4.43,False,False
381802876#0,0.0,0.0,0.0,0.0,0.0,False,False
381802876#1,0.0,0.0,0.0,0.0,0.0,False,False
381802879#0,8.4,30.24,1.0,2.0,25.24,False,False
381802879#1,10.35,37.26,2.0,2.0,13.84,False,False
381802879#2,12.58,45.288,1.0,0.0,5.07,False,False
381802881#0,0.0,0.0,0.0,0.0,0.0,False,False
381802881#1,8.32,29.952,6.0,4.0,47.77,False,False
381802882,0.0,0.0,0.0,0.0,0.0,False,False
381802883#0,0.0,0.0,0.0,0.0,0.0,False,False
381802883#1,0.0,0.0,0.0,0.0,0.0,False,False
381802883#2,6.34,22.824,1.0,27.0,230.77,False,False
381802884#0,6.81,24.516,2.0,2.0,6.59,False,False
381802884#1,10.43,37.548,2.0,1.0,7.4,False,False
381802888,12.65,45.54,2.0,0.0,12.12,False,False
381807690#0,10.86,39.096,12.0,11.0,95.13,False,False
381807690#2,0.0,0.0,0.0,0.0,0.0,False,False
381807690#3,0.0,0.0,0.0,0.0,0.0,False,False
381807694#0,6.11,21.996,5.0,37.0,264.54,False,False
381807698#0,9.78,35.208,2.0,1.0,30.74,False,False
381807717#0,12.79,46.044,2.0,1.0,6.35,False,False
381807717#1,8.68,31.248,1.0,2.0,8.6,False,False
381807717#2,10.74,38.664,2.0,2.0,19.56,False,False
381807717#5,5.86,21.096,2.0,3.0,17.68,False,False
381807720#0,11.51,41.436,6.0,7.0,120.42,False,False
381807720#3,8.96,32.256,3.0,2.0,16.02,False,False
381807721#0,0.0,0.0,0.0,0.0,0.0,False,False
381807721#2,12.1,43.56,2.0,0.0,15.93,False,False
381807721#3,9.26,33.336,2.0,0.0,6.48,False,False
381809843#0,0.0,0.0,0.0,0.0,0.0,False,False
381809843#1,0.0,0.0,0.0,0.0,0.0,False,False
381809844#1,0.0,0.0,0.0,0.0,0.0,False,False
381809847,8.75,31.5,2.0,2.0,15.41,False,False
381809849#0,0.0,0.0,0.0,0.0,0.0,False,False
381809849#1,0.0,0.0,0.0,0.0,0.0,False,False
382947009,10.5,37.8,0.0,4.0,55.76,False,False
383097712#1,0.04,0.144,342.0,341.0,1371278.67,True,True
383097714,0.11,0.396,764.0,770.0,167466.01,True,True
383097715,25.82,92.952,1.0,1.0,5.61,False,False
383097717,30.48,109.728,1.0,0.0,43.64,False,False
383097720,12.38,44.568,11.0,11.0,51.28,False,False
383097721,26.97,97.092,1.0,1.0,5.17,False,False
383097722#0,0.08,0.288,334.0,335.0,131228.78,True,False
383097723,20.9,75.24,41.0,41.0,234.96,True,False
383097727#0,0.03,0.108,5.0,3.0,796.69,False,False
383097728,6.75,24.3,10.0,8.0,26.73,False,False
384030395,10.92,39.312,17.0,19.0,260.31,False,False
384030398#0,9.59,34.524,21.0,20.0,259.05,False,False
384030401#1,9.38,33.768,21.0,21.0,170.35,False,False
384030401#2,10.57,38.052,21.0,22.0,183.6,False,False
386023652#0,18.74,67.464,119.0,116.0,31.26,False,False
386023652#1,16.51,59.436,117.0,117.0,619.72,False,False
386023652#2,1.59,5.724,106.0,132.0,2079.75,False,False
394102601,16.91,60.876,28.0,28.0,50.2,False,False
395564622#0,0.59,2.124,9.0,9.0,315.95,False,False
395564622#1,7.78,28.008,2.0,3.0,10.72,False,False
395564622#2,0.42,1.512,3.0,3.0,314.49,False,False
413953595,26.38,94.968,131.0,131.0,96.35,True,False
413953596#0,8.24,29.664,145.0,143.0,361.25,True,False
413953596#1,11.79,42.444,143.0,143.0,165.98,False,False
413953596#2,20.06,72.216,163.0,162.0,925.85,True,False
413953596#3,25.74,92.664,132.0,131.0,112.24,True,False
413953597#1,0.35,1.26,111.0,111.0,8076.96,False,False
413953597#2,0.3,1.08,111.0,117.0,8388.56,False,False
420089386#0,11.5,41.4,3.0,2.0,13.39,False,False
420089386#2,8.58,30.888,2.0,2.0,8.92,False,False
420089386#3,0.0,0.0,0.0,0.0,0.0,False,False
420092887#0,7.09,25.524,0.0,1.0,11.5,False,False
420092887#1,0.0,0.0,0.0,0.0,0.0,False,False
420092888#0,7.58,27.288,0.0,1.0,10.07,False,False
420092888#1,0.0,0.0,0.0,0.0,0.0,False,False
420092889#0,10.46,37.656,1.0,1.0,4.97,False,False
420092889#2,12.36,44.496,1.0,0.0,2.13,False,False
420092889#3,9.08,32.688,1.0,0.0,3.2,False,False
420092889#4,4.77,17.172,0.0,25.0,129.76,False,False
420097204#3,0.0,0.0,0.0,0.0,0.0,False,False
420187959#1,1.14,4.104,80.0,77.0,1860.13,False,False
420187959#12,11.92,42.912,11.0,7.0,83.41,False,False
420187959#3,0.73,2.628,60.0,56.0,3805.78,False,False
420187959#4,11.52,41.472,34.0,21.0,105.84,False,False
420187959#5,11.41,41.076,21.0,22.0,34.06,False,False
420187959#6,13.06,47.016,20.0,19.0,114.44,False,False
420187959#8,12.15,43.74,17.0,14.0,29.13,False,False
420187959#9,11.79,42.444,10.0,10.0,25.9,False,False
420317538#1,9.33,33.588,0.0,1.0,15.18,False,False
420317538#2,12.57,45.252,4.0,0.0,43.36,False,False
420317540,0.0,0.0,0.0,0.0,0.0,False,False
420317541#0,1.0,3.6,19.0,26.0,828.22,False,False
420317541#1,0.64,2.304,33.0,29.0,1641.16,False,False
420317541#2,10.49,37.764,30.0,12.0,159.47,False,False
420317543#0,10.17,36.612,1.0,0.0,3.94,False,False
420317543#1,1.45,5.22,11.0,16.0,513.81,False,False
420317544#2,5.1,18.36,0.0,5.0,153.62,False,False
420319840#0,9.96,35.856,13.0,15.0,51.28,False,False
420319840#1,10.03,36.108,15.0,4.0,10.13,False,False
420319841#0,9.51,34.236,9.0,8.0,38.89,False,False
420319841#2,10.43,37.548,6.0,7.0,20.72,False,False
420319841#3,9.34,33.624,5.0,5.0,14.82,False,False
420319841#4,12.66,45.576,5.0,5.0,8.24,False,False
420319841#5,10.0,36.0,5.0,5.0,12.55,False,False
420319841#6,11.41,41.076,2.0,2.0,5.22,False,False
420319841#7,9.32,33.552,1.0,1.0,3.1,False,False
420319841#8,6.83,24.588,1.0,1.0,5.99,False,False
420319841#9,7.54,27.144,1.0,2.0,16.7,False,False
420319844,9.95,35.82,1.0,1.0,6.44,False,False
420319845,10.62,38.232,3.0,3.0,37.55,False,False
420319846,6.19,22.284,4.0,5.0,19.03,False,False
420319848#0,13.34,48.024,12.0,12.0,20.32,False,False
420319848#1,12.2,43.92,12.0,13.0,53.03,False,False
420319848#2,11.99,43.164,12.0,13.0,32.82,False,False
420319848#3,7.18,25.848,13.0,15.0,44.03,False,False
420319848#4,13.18,47.448,12.0,12.0,20.95,False,False
420319848#5,8.1,29.16,12.0,11.0,30.2,False,False
420319848#7,0.0,0.0,0.0,0.0,0.0,False,False
420331800#0,7.27,26.172,1.0,1.0,7.12,False,False
420331800#3,0.0,0.0,0.0,0.0,0.0,False,False
420331800#4,6.2,22.32,0.0,6.0,71.02,False,False
420331801#0,6.3,22.68,0.0,2.0,26.08,False,False
420331801#1,3.02,10.872,0.0,3.0,94.72,False,False
420331802#0,13.55,48.78,1.0,1.0,5.35,False,False
420331802#1,8.13,29.268,1.0,3.0,33.8,False,False
420331802#2,9.02,32.472,5.0,5.0,40.18,False,False
420331803,8.58,30.888,0.0,7.0,56.21,False,False
420331804,7.18,25.848,0.0,10.0,95.5,False,False
420331805,0.0,0.0,0.0,0.0,0.0,False,False
420331806,0.08,0.288,6.0,6.0,5998.75,False,False
420331807#0,0.08,0.288,12.0,10.0,5880.99,False,False
420331807#1,11.31,40.716,2.0,0.0,6.21,False,False
420331808,0.0,0.0,0.0,0.0,0.0,False,False
420331809,0.0,0.0,0.0,0.0,0.0,False,False
420331810,7.61,27.396,0.0,2.0,17.74,False,False
420331811#0,9.56,34.416,1.0,0.0,4.18,False,False
420331811#1,10.99,39.564,2.0,0.0,9.66,False,False
420331812#0,7.11,25.596,2.0,3.0,15.69,False,False
420331812#1,4.84,17.424,1.0,1.0,1.07,False,False
420331812#2,9.29,33.444,2.0,2.0,3.19,False,False
420331812#3,6.23,22.428,9.0,9.0,9.92,False,False
420331812#4,0.0,0.0,0.0,0.0,0.0,False,False
420331813#0,6.5,23.4,2.0,3.0,16.6,False,False
420331814#1,7.7,27.72,1.0,0.0,1.02,False,False
420331814#2,6.18,22.248,4.0,4.0,9.89,False,False
420331815,0.24,0.864,9.0,9.0,1703.2,False,False
420331816#0,6.36,22.896,28.0,28.0,57.1,False,False
420331816#2,0.0,0.0,0.0,0.0,0.0,False,False
420331818#0,2.46,8.856,1.0,4.0,71.5,False,False
420331820,12.96,46.656,3.0,0.0,24.81,False,False
420331823,6.98,25.128,0.0,1.0,9.37,False,False
420331825#0,12.26,44.136,16.0,10.0,128.36,False,False
420331825#1,9.55,34.38,9.0,11.0,50.5,False,False
420331825#2,10.34,37.224,5.0,7.0,34.56,False,False
420331825#3,11.4,41.04,5.0,5.0,26.18,False,False
420331825#4,0.08,0.288,4.0,4.0,1334.62,False,False
420331827,1.59,5.724,53.0,58.0,1900.08,False,False
420331830,7.4,26.64,0.0,1.0,9.02,False,False
420331831,1.29,4.644,17.0,20.0,835.43,False,False
420331834,1.89,6.804,0.0,2.0,125.99,False,False
420331835#0,8.61,30.996,4.0,3.0,19.51,False,False
420331836,8.93,32.148,1.0,1.0,4.54,False,False
420331837#1,12.98,46.728,3.0,0.0,11.28,False,False
420331838#0,7.08,25.488,0.0,7.0,55.59,False,False
420331838#1,0.0,0.0,0.0,0.0,0.0,False,False
420331839,0.0,0.0,0.0,0.0,0.0,False,False
420334155#0,0.0,0.0,0.0,0.0,0.0,False,False
420335669,0.0,0.0,0.0,0.0,0.0,False,False
420345569,0.0,0.0,0.0,0.0,0.0,False,False
420348540#0,11.25,40.5,5.0,6.0,67.02,False,False
420348542#0,7.81,28.116,0.0,6.0,41.16,False,False
420348542#1,8.69,31.284,7.0,6.0,32.0,False,False
420348545,0.0,0.0,0.0,0.0,0.0,False,False
420348553,0.0,0.0,0.0,0.0,0.0,False,False
420348555#0,0.14,0.504,8.0,8.0,4441.27,False,False
420348556#0,6.76,24.336,12.0,30.0,93.34,False,False
420348556#2,9.52,34.272,29.0,30.0,116.89,False,False
420348556#3,0.83,2.988,0.0,1.0,68.52,False,False
420348560,11.74,42.264,2.0,0.0,18.9,False,False
420348561#0,0.0,0.0,0.0,0.0,0.0,False,False
420348561#1,0.0,0.0,0.0,0.0,0.0,False,False
420348561#2,0.0,0.0,0.0,0.0,0.0,False,False
420361194#0,0.71,2.556,39.0,35.0,5196.14,False,False
420361195,6.6,23.76,43.0,43.0,128.37,False,False
420361196,0.1,0.36,807.0,775.0,1975376.89,True,True
420361201,9.54,34.344,38.0,37.0,759.42,False,False
420361205#0,8.6,30.96,0.0,2.0,29.71,False,False
420361206#0,10.22,36.792,17.0,18.0,166.36,False,False
420383139#0,12.19,43.884,5.0,5.0,26.04,False,False
420383139#1,2.15,7.74,5.0,7.0,216.1,False,False
420383139#2,9.41,33.876,6.0,6.0,50.2,False,False
420383140#1,0.21,0.756,33.0,33.0,9516.3,False,False
420383140#4,12.06,43.416,12.0,10.0,35.59,False,False
420383140#5,6.48,23.328,10.0,15.0,26.28,False,False
420383140#7,7.53,27.108,5.0,5.0,16.83,False,False
420383141#0,14.76,53.136,192.0,192.0,604.07,False,False
420383141#1,7.62,27.432,186.0,186.0,3273.21,False,False
420383143#0,10.45,37.62,10.0,9.0,83.88,False,False
420383143#2,10.17,36.612,2.0,2.0,11.19,False,False
420383144#0,10.94,39.384,1.0,1.0,7.26,False,False
420383144#1,12.95,46.62,1.0,0.0,5.07,False,False
420383145,11.75,42.3,5.0,0.0,47.82,False,False
420383146#0,0.0,0.0,0.0,0.0,0.0,False,False
420383147,5.95,21.42,0.0,3.0,21.58,False,False
420383150#1,4.79,17.244,43.0,43.0,44.34,False,False
420383150#2,0.0,0.0,0.0,0.0,0.0,False,False
420383150#3,0.0,0.0,0.0,0.0,0.0,False,False
420383150#4,0.0,0.0,0.0,0.0,0.0,False,False
420383150#5,4.1,14.76,3.0,4.0,34.13,False,False
420383151,13.15,47.34,1.0,1.0,5.75,False,False
420383152,3.25,11.7,4.0,4.0,25.82,False,False
420383153,11.17,40.212,2.0,0.0,6.3,False,False
420383159#0,10.95,39.42,3.0,2.0,29.26,False,False
420383159#2,10.5,37.8,3.0,2.0,32.81,False,False
420383160#0,8.13,29.268,2.0,2.0,4.44,False,False
420383161,11.05,39.78,1.0,0.0,5.3,False,False
420391187#0,0.0,0.0,0.0,0.0,0.0,False,False
420391195,0.0,0.0,0.0,0.0,0.0,False,False
420393496#4,0.0,0.0,0.0,0.0,0.0,False,False
422584938,17.09,61.524,8.0,0.0,119.33,False,False
422599316#1,0.58,2.088,1.0,18.0,280.26,False,False
428260110,0.13,0.468,692.0,642.0,201660.82,True,True
428260116#1,13.21,47.556,23.0,21.0,26.85,False,False
428544127,9.43,33.948,33.0,36.0,137.49,False,False
431903251#0,10.42,37.512,3.0,0.0,14.62,False,False
431903251#1,0.0,0.0,0.0,0.0,0.0,False,False
438360329#0,11.4,41.04,86.0,83.0,544.16,False,True
438360331#0,10.2,36.72,69.0,63.0,89.53,False,False
438360331#2,19.96,71.856,63.0,62.0,673.18,True,False
464233655,4.69,16.884,0.0,1.0,11.83,False,False
464445691#1,7.29,26.244,0.0,2.0,15.04,False,False
464445691#3,0.0,0.0,0.0,0.0,0.0,False,False
464445692#0,9.04,32.544,14.0,17.0,38.27,False,False
464445692#1,7.85,28.26,21.0,21.0,67.17,False,False
464459665,0.0,0.0,0.0,0.0,0.0,False,False
464459667,0.0,0.0,0.0,0.0,0.0,False,False
464459668#0,10.11,36.396,3.0,2.0,27.54,False,False
464459668#2,8.83,31.788,1.0,1.0,5.39,False,False
464461045,11.94,42.984,1.0,1.0,11.83,False,False
464461046,0.0,0.0,0.0,0.0,0.0,False,False
464461048#0,10.36,37.296,4.0,4.0,15.06,False,False
464461048#1,10.14,36.504,4.0,7.0,63.61,False,False
464461048#2,7.37,26.532,8.0,7.0,21.48,False,False
464461049#0,6.35,22.86,0.0,2.0,15.55,False,False
464461049#1,9.44,33.984,5.0,4.0,18.91,False,False
464461049#2,4.15,14.94,4.0,6.0,7.62,False,False
464461050,5.93,21.348,3.0,5.0,20.08,False,False
464461051,0.0,0.0,0.0,0.0,0.0,False,False
464461052#0,0.0,0.0,0.0,0.0,0.0,False,False
464461053#0,9.79,35.244,8.0,18.0,169.94,False,False
464461053#2,13.49,48.564,11.0,10.0,156.98,False,False
464461053#3,11.95,43.02,24.0,21.0,95.07,False,False
464461053#4,13.15,47.34,21.0,21.0,104.29,False,False
464461053#5,9.73,35.028,21.0,24.0,149.43,False,False
464461054#0,8.8,31.68,1.0,1.0,2.7,False,False
464461054#1,2.73,9.828,1.0,1.0,46.17,False,False
464461055,7.62,27.432,1.0,0.0,1.12,False,False
464461056,5.5,19.8,2.0,4.0,10.44,False,False
464461057#0,0.0,0.0,0.0,0.0,0.0,False,False
464461057#1,0.0,0.0,0.0,0.0,0.0,False,False
464461057#2,0.0,0.0,0.0,0.0,0.0,False,False
464461060,10.79,38.844,4.0,3.0,20.03,False,False
464461063,8.87,31.932,2.0,2.0,43.07,False,False
469260694#0,18.51,66.636,1.0,0.0,5.24,False,False
470453019#0,14.15,50.94,2.0,0.0,2.31,False,False
470453019#4,0.0,0.0,0.0,0.0,0.0,False,False
470453019#5,7.69,27.684,1.0,2.0,7.94,False,False
470453019#6,9.24,33.264,3.0,3.0,15.05,False,False
477063271,6.09,21.924,182.0,186.0,159.07,False,False
480233462#0,18.71,67.356,125.0,125.0,542.32,False,False
480233462#3,19.46,70.056,165.0,156.0,634.24,False,False
480233463#0,25.04,90.144,52.0,0.0,150.52,False,False
482167259,8.21,29.556,21.0,20.0,65.94,False,False
482167260,14.19,51.084,2.0,1.0,8.32,False,False
493183992#0,18.33,65.988,129.0,127.0,129.68,False,False
493183992#3,20.78,74.808,128.0,133.0,343.78,False,False
503530174#0,0.02,0.072,31.0,32.0,133746.24,False,False
506162633,0.57,2.052,0.0,3.0,144.66,False,False
516388936#3,11.51,41.436,0.0,5.0,60.59,False,False
516388936#4,11.05,39.78,123.0,127.0,701.55,False,False
516948898#2,9.85,35.46,67.0,71.0,119.74,True,False
516948898#3,13.74,49.464,71.0,67.0,581.11,True,False
516948898#4,24.59,88.524,13.0,3.0,23.09,True,False
516948898#5,28.35,102.06,3.0,0.0,9.6,False,False
516948900#2,9.01,32.436,144.0,142.0,306.91,False,False
516948900#3,1.81,6.516,142.0,142.0,6493.36,True,False
516948900#4,0.31,1.116,142.0,142.0,26354.7,True,False
516948900#5,0.29,1.044,152.0,124.0,14545.93,True,False
516948900#7,9.18,33.048,71.0,43.0,239.59,True,False
517634898,6.01,21.636,281.0,283.0,767.85,False,False
517641026#0,10.54,37.944,194.0,194.0,1378.47,False,False
517641026#2,23.15,83.34,1.0,0.0,3.45,False,False
517706841#4,5.87,21.132,0.0,2.0,10.57,False,False
517706841#5,9.78,35.208,3.0,5.0,22.63,False,False
519060522#7,0.0,0.0,0.0,0.0,0.0,False,False
520307305#0,1.31,4.716,270.0,265.0,30817.18,False,False
520307305#3,16.42,59.112,36.0,20.0,120.1,False,False
520307305#4,24.63,88.668,9.0,0.0,12.04,False,False
520307306,0.13,0.468,485.0,484.0,112052.29,False,False
531796031,0.0,0.0,0.0,0.0,0.0,False,False
539136610#0,10.5,37.8,6.0,2.0,8.98,False,False
578313748#0,0.06,0.216,183.0,181.0,63822.6,True,True
578313748#2,0.06,0.216,189.0,182.0,49768.0,True,True
578313749#0,0.0,0.0,0.0,0.0,0.0,True,False
581906883#0,6.62,23.832,1.0,1.0,7.84,False,False
581906883#1,5.68,20.448,1.0,1.0,1.85,False,False
585341901#1,0.06,0.216,329.0,289.0,197201.97,True,False
585341901#2,0.05,0.18,313.0,276.0,528097.1,True,False
585341901#3,0.05,0.18,293.0,260.0,251273.71,True,False
585341902,2.76,9.936,180.0,179.0,1845.51,True,False
585341903#0,4.23,15.228,40.0,38.0,769.17,True,False
585341904#0,0.02,0.072,214.0,175.0,268622.67,True,False
585341904#1,0.01,0.036,193.0,129.0,45279.74,False,False
585341906#0,6.43,23.148,3.0,7.0,23.29,False,False
585341906#2,5.39,19.404,7.0,10.0,40.99,False,False
585341907#0,0.09,0.324,13.0,17.0,3673.34,False,False
585341907#2,0.02,0.072,17.0,24.0,42520.97,False,False
585341908#0,0.03,0.108,22.0,21.0,48039.11,True,False
585341908#1,0.02,0.072,21.0,34.0,17975.19,False,False
585341909,9.41,33.876,63.0,47.0,301.22,True,False
585341917,0.09,0.324,410.0,415.0,214024.79,True,True
591142208#0,10.98,39.528,1.0,1.0,1.38,False,False
591142208#1,8.94,32.184,2.0,3.0,25.51,False,False
591142225#0,8.67,31.212,1.0,2.0,15.47,False,False
601902513#0,0.0,0.0,0.0,0.0,0.0,False,False
601902513#1,7.39,26.604,1.0,4.0,20.41,False,False
607077076#0,9.6,34.56,5.0,4.0,20.27,False,False
607077076#1,12.99,46.764,4.0,4.0,13.58,False,False
607077076#2,13.8,49.68,3.0,3.0,21.87,False,False
613477341#2,15.84,57.024,209.0,195.0,697.3,False,False
613477341#4,7.59,27.324,172.0,166.0,1714.07,False,False
615671500#0,18.79,67.644,129.0,123.0,354.79,False,False
615671502,0.0,0.0,93.0,93.0,43845.39,False,False
615671503,0.99,3.564,43.0,42.0,690.02,False,False
615671505#0,21.79,78.444,9.0,0.0,83.92,True,False
616037662#0,13.73,49.428,9.0,10.0,82.66,True,False
616037662#1,13.57,48.852,25.0,23.0,61.06,True,False
616037662#2,12.1,43.56,58.0,56.0,130.26,True,False
619147726#0,0.31,1.116,242.0,240.0,41302.36,True,False
619147726#1,0.27,0.972,230.0,229.0,13612.84,False,False
619147727,0.33,1.188,37.0,38.0,3941.44,True,False
619147728,0.42,1.512,24.0,25.0,826.79,False,False
619147729#0,2.49,8.964,73.0,77.0,599.22,True,False
619147729#1,9.18,33.048,77.0,79.0,44.4,False,False
619147729#2,8.43,30.348,111.0,109.0,430.88,True,False
619147730#0,0.25,0.9,252.0,252.0,10626.16,False,False
619147730#3,1.4,5.04,252.0,252.0,3690.32,False,False
619147731,3.48,12.528,164.0,160.0,1268.41,False,False
619147732,12.35,44.46,410.0,410.0,2107.62,False,False
619147733,3.3,11.88,12.0,12.0,18.61,False,False
619147734,0.04,0.144,28.0,35.0,36950.03,True,False
619147735#0,2.74,9.864,121.0,133.0,3740.26,True,False
619147735#1,1.53,5.508,127.0,130.0,10942.93,False,False
619147735#4,1.03,3.708,136.0,146.0,12065.61,False,False
619147736,0.06,0.216,278.0,261.0,385754.06,True,False
619147737,0.05,0.18,19.0,23.0,7678.84,False,False
619147738#0,0.03,0.108,95.0,89.0,376456.25,True,False
619147738#1,0.02,0.072,90.0,90.0,117674.03,True,False
619147739#0,23.06,83.016,176.0,179.0,709.98,True,False
619147739#1,22.12,79.632,179.0,173.0,416.55,True,False
619147739#3,24.94,89.784,158.0,159.0,742.37,True,False
619147739#5,24.29,87.444,181.0,181.0,611.53,True,False
619147739#6,25.7,92.52,185.0,184.0,663.75,True,False
619147740,3.71,13.356,196.0,195.0,3351.16,True,False
619342756,0.11,0.396,396.0,400.0,40966.14,False,True
620607766#0,19.38,69.768,6.0,6.0,17.34,False,False
620607766#3,17.98,64.728,7.0,7.0,38.96,False,False
620634300,5.44,19.584,5.0,15.0,51.17,False,False
628816136#0,0.11,0.396,4.0,4.0,6754.44,False,False
628816140#0,10.49,37.764,0.0,4.0,88.78,False,False
631259843,0.0,0.0,0.0,0.0,0.0,False,False
631259844,0.0,0.0,0.0,0.0,0.0,False,False
651696631#0,11.7,42.12,2.0,0.0,15.78,False,False
651817398#0,11.08,39.888,1.0,0.0,14.2,False,False
651818430#0,9.27,33.372,8.0,7.0,34.51,False,False
651818430#2,10.58,38.088,7.0,9.0,143.58,False,False
656122981#0,8.21,29.556,216.0,217.0,137.37,False,False
656122981#1,0.36,1.296,82.0,84.0,2093.39,False,False
656122981#2,0.04,0.144,87.0,87.0,207855.47,False,False
656122981#4,0.02,0.072,106.0,91.0,147987.16,False,False
656122981#6,0.02,0.072,106.0,97.0,65123.59,False,False
656122990,0.0,0.0,0.0,0.0,0.0,False,False
656122993,7.72,27.792,4.0,3.0,13.63,False,False
656122996,11.11,39.996,1.0,0.0,3.04,False,False
656122998#0,6.72,24.192,5.0,3.0,4.13,False,False
656122998#1,7.56,27.216,1.0,0.0,7.03,False,False
656122999,7.71,27.756,5.0,5.0,16.15,False,False
665006921,0.0,0.0,0.0,0.0,0.0,False,False
669061318,1.44,5.184,0.0,3.0,162.86,False,False
701497860#0,0.0,0.0,0.0,0.0,0.0,False,False
701497860#1,5.92,21.312,2.0,3.0,11.43,False,False
701497861,10.1,36.36,6.0,8.0,60.02,False,False
708672701#0,7.79,28.044,39.0,35.0,978.49,False,False
708672701#4,11.99,43.164,34.0,34.0,406.8,False,False
708858347,0.82,2.952,34.0,43.0,2223.1,True,False
712288152#0,9.91,35.676,6.0,5.0,161.82,False,False
732213462,2.01,7.236,3.0,5.0,13.47,False,False
732213463#0,19.38,69.768,15.0,15.0,155.1,False,False
732213463#4,22.37,80.532,14.0,14.0,19.53,False,False
732213463#5,17.91,64.476,17.0,24.0,307.07,False,False
73549702#0,6.41,23.076,3.0,3.0,10.25,False,False
73549702#1,11.07,39.852,1.0,1.0,16.24,False,False
73549702#8,8.06,29.016,2.0,2.0,1.29,False,False
73549702#9,8.28,29.808,2.0,2.0,9.76,False,False
73550863#0,0.0,0.0,0.0,0.0,0.0,False,False
73550863#1,8.69,31.284,4.0,5.0,14.23,False,False
73550863#2,6.98,25.128,1.0,1.0,10.84,False,False
73550864#0,11.49,41.364,2.0,0.0,26.55,False,False
767111811#0,10.77,38.772,1.0,0.0,6.3,False,False
767524334#0,0.0,0.0,0.0,0.0,0.0,False,False
767644534#0,6.28,22.608,1.0,1.0,3.03,False,False
767644534#1,0.0,0.0,0.0,0.0,0.0,False,False
767644535,7.15,25.74,1.0,2.0,19.42,False,False
767654645#0,6.51,23.436,0.0,1.0,9.11,False,False
767654646,0.0,0.0,0.0,0.0,0.0,False,False
768399563#1,11.75,42.3,29.0,29.0,455.09,False,False
769110722,0.24,0.864,0.0,10.0,9843.49,False,False
769116601#0,26.89,96.804,114.0,71.0,958.06,False,False
769116602,24.53,88.308,109.0,112.0,407.66,False,False
769116603#1,4.27,15.372,99.0,99.0,10114.56,True,False
769116604,27.06,97.416,130.0,114.0,111.82,False,False
769423158,0.0,0.0,0.0,0.0,0.0,False,False
769488211,0.0,0.0,0.0,0.0,0.0,False,False
770860542#0,0.41,1.476,7.0,7.0,2427.18,False,False
770860548#0,9.81,35.316,23.0,22.0,124.4,False,False
770860548#2,9.61,34.596,13.0,10.0,43.46,False,False
770860548#3,9.71,34.956,7.0,8.0,41.12,False,False
770860548#4,7.37,26.532,2.0,4.0,20.62,False,False
770860549,12.1,43.56,6.0,2.0,35.63,False,False
770860550,6.68,24.048,4.0,0.0,3.34,False,False
770860551,0.05,0.18,18.0,21.0,25244.42,False,False
770860552#1,0.08,0.288,8.0,7.0,9421.53,False,False
770860565#0,7.99,28.764,52.0,53.0,138.0,False,False
770860565#1,9.88,35.568,49.0,54.0,404.97,False,False
770890584#0,10.55,37.98,2.0,2.0,21.57,False,False
770890587,6.03,21.708,0.0,1.0,4.85,False,False
770890589#0,13.61,48.996,1.0,1.0,0.82,False,False
770890589#1,17.04,61.344,35.0,36.0,338.3,False,False
770890589#3,23.31,83.916,36.0,36.0,97.06,False,False
770890589#4,21.07,75.852,44.0,44.0,168.29,False,False
770890589#5,23.94,86.184,44.0,43.0,54.14,False,False
770890592#0,20.71,74.556,9.0,0.0,19.08,False,False
771678026,10.81,38.916,1.0,0.0,2.5,False,False
771923366,9.64,34.704,1.0,0.0,3.2,False,False
772279128#1,11.31,40.716,6.0,6.0,97.65,False,False
772279128#5,0.0,0.0,0.0,0.0,0.0,False,False
772527390#3,0.0,0.0,2.0,2.0,2402.09,False,False
772527390#5,0.17,0.612,513.0,516.0,14620.88,False,False
772873181#0,8.86,31.896,23.0,25.0,148.27,False,False
772873182#0,12.45,44.82,25.0,25.0,329.08,False,False
772873184,10.45,37.62,2.0,0.0,6.53,False,False
773060731,17.98,64.728,44.0,42.0,124.79,False,False
773060732#0,16.65,59.94,59.0,59.0,143.47,False,False
773060732#2,22.09,79.524,59.0,59.0,927.81,False,False
773060732#5,22.3,80.28,12.0,12.0,2.8,False,False
773060736,0.26,0.936,47.0,47.0,2384.85,False,False
773066532#5,8.71,31.356,0.0,1.0,27.18,True,False
773066535#0,14.79,53.244,41.0,39.0,115.59,True,False
773066536#0,10.59,38.124,10.0,10.0,28.48,True,False
773066536#1,16.33,58.788,3.0,3.0,13.23,True,False
773066536#2,16.29,58.644,3.0,3.0,21.22,False,False
773066536#4,15.69,56.484,3.0,3.0,31.85,False,False
775222468#1,17.0,61.2,35.0,37.0,388.28,False,False
775222468#4,20.73,74.628,37.0,37.0,242.15,False,False
775222468#5,10.76,38.736,62.0,61.0,36.57,False,False
775222468#6,17.22,61.992,36.0,36.0,110.0,False,False
775222468#7,16.56,59.616,36.0,36.0,167.22,False,False
775222468#9,18.21,65.556,37.0,38.0,1112.35,False,False
776781838,0.0,0.0,0.0,0.0,0.0,False,False
777422408,0.0,0.0,0.0,0.0,0.0,False,False
777881144#0,7.66,27.576,47.0,44.0,96.83,False,False
777881144#1,0.04,0.144,52.0,58.0,713891.46,False,False
777881147#4,0.03,0.108,58.0,55.0,46459.32,False,False
778973690,12.61,45.396,2.0,0.0,14.1,False,False
781183834#0,8.34,30.024,28.0,30.0,106.17,False,False
781983103#1,26.52,95.472,184.0,184.0,427.78,True,False
781983103#2,26.23,94.428,184.0,184.0,346.2,True,False
781983104#0,25.73,92.628,152.0,152.0,563.78,True,False
781983104#1,5.67,20.412,155.0,155.0,8072.46,True,False
781985779#0,0.12,0.432,561.0,554.0,749756.82,True,False
781985784,0.12,0.432,514.0,506.0,1134295.42,True,False
781985786#1,12.58,45.288,540.0,540.0,222.16,False,False
781985786#2,0.15,0.54,549.0,549.0,317545.79,True,False
781985786#3,0.15,0.54,540.0,540.0,390273.8,True,False
781985786#4,0.14,0.504,537.0,536.0,148688.41,True,False
781985786#5,0.13,0.468,525.0,525.0,133732.86,True,False
781985786#6,0.13,0.468,549.0,545.0,205166.64,True,False
781985786#7,0.14,0.504,549.0,548.0,147048.08,True,False
781985786#8,0.13,0.468,542.0,519.0,207592.94,True,False
781985787#0,0.15,0.54,954.0,880.0,383539.65,True,True
781985788#0,1.73,6.228,326.0,311.0,963.78,False,False
781985789#0,0.31,1.116,10.0,11.0,303.37,False,False
781985790#0,8.69,31.284,6.0,5.0,30.34,False,False
781985790#3,0.0,0.0,0.0,0.0,0.0,False,False
781985792#3,0.12,0.432,547.0,503.0,157088.29,True,False
781985793#0,0.13,0.468,945.0,917.0,422957.93,True,True
782616914#0,0.0,0.0,0.0,0.0,0.0,False,False
782892488#1,10.38,37.368,147.0,144.0,143.0,False,False
782892488#2,2.33,8.388,149.0,149.0,9863.06,False,False
782892488#3,13.49,48.564,10.0,9.0,99.63,False,False
782892488#4,13.88,49.968,4.0,3.0,12.67,False,False
782892488#5,14.52,52.272,2.0,2.0,6.3,False,False
782892489#0,13.05,46.98,97.0,97.0,109.5,False,False
782892489#2,17.41,62.676,97.0,97.0,285.33,False,False
782892489#3,22.13,79.668,89.0,89.0,124.31,False,False
782892489#4,24.44,87.984,89.0,88.0,131.75,False,False
782892489#5,19.37,69.732,88.0,88.0,896.1,True,False
782892489#8,0.05,0.18,6.0,7.0,4069.03,False,False
782892491#0,10.95,39.42,8.0,8.0,42.95,True,False
782892491#1,7.56,27.216,8.0,8.0,52.71,True,False
782892492#0,11.69,42.084,16.0,16.0,38.17,True,False
782892492#1,14.18,51.048,16.0,14.0,43.61,True,False
783692390#0,13.47,48.492,21.0,20.0,161.29,True,False
785130598#0,11.68,42.048,48.0,48.0,80.55,False,False
785130598#1,12.95,46.62,48.0,49.0,602.81,True,False
785130598#3,12.94,46.584,52.0,50.0,258.5,True,False
785130598#5,12.99,46.764,53.0,53.0,480.08,True,False
785130598#7,1.01,3.636,63.0,63.0,5650.24,True,False
785130600#0,0.13,0.468,690.0,632.0,209984.24,True,True
785130600#1,0.12,0.432,714.0,701.0,120707.32,True,True
785130600#2,0.12,0.432,711.0,676.0,746695.16,True,True
785130600#3,0.12,0.432,709.0,688.0,302815.27,True,True
785130601#1,12.67,45.612,1.0,0.0,5.38,False,False
785130602#0,7.34,26.424,36.0,36.0,91.53,False,False
785130602#1,9.25,33.3,36.0,34.0,188.32,False,False
785130602#2,14.4,51.84,1.0,1.0,3.4,False,False
785130602#3,13.88,49.968,1.0,0.0,2.93,False,False
785130603,0.16,0.576,4.0,3.0,942.41,False,False
78628775#0,0.13,0.468,10.0,10.0,1830.99,False,False
78628775#2,12.01,43.236,10.0,11.0,132.76,False,False
78628775#3,13.55,48.78,15.0,13.0,79.58,False,False
78628775#5,17.1,61.56,59.0,63.0,964.14,False,False
788296723#0,10.6,38.16,4.0,3.0,41.3,False,False
788296723#1,8.53,30.708,9.0,11.0,90.61,False,False
788296724#0,0.0,0.0,0.0,0.0,0.0,False,False
788296725,12.13,43.668,16.0,16.0,83.34,False,False
788411954#0,7.87,28.332,5.0,5.0,27.92,False,False
788411956,7.6,27.36,8.0,43.0,635.75,False,False
796927124,0.01,0.036,218.0,181.0,35086.88,False,False
800229255,0.07,0.252,263.0,248.0,40482.45,False,True
800229256#0,12.8,46.08,12.0,12.0,9.97,False,False
800229256#2,14.46,52.056,42.0,46.0,337.9,True,False
800229256#3,5.82,20.952,37.0,37.0,146.76,True,False
800229257#2,19.79,71.244,18.0,18.0,38.45,False,False
821107999#0,11.01,39.636,1.0,0.0,5.45,False,False
821108006#1,0.0,0.0,0.0,0.0,0.0,False,False
821108007,12.89,46.404,2.0,2.0,13.09,False,False
821457682#0,6.24,22.464,1.0,8.0,55.85,False,False
821457682#1,5.87,21.132,3.0,11.0,73.72,False,False
824132484#0,8.61,30.996,194.0,199.0,956.87,False,False
824132486,5.81,20.916,199.0,199.0,178.82,False,False
870977308#0,0.0,0.0,0.0,0.0,0.0,False,False
870977309,0.0,0.0,0.0,0.0,0.0,False,False
870977310#0,7.74,27.864,4.0,5.0,30.97,False,False
870977311,0.0,0.0,0.0,0.0,0.0,False,False
871052109#0,2.42,8.712,2.0,2.0,4.3,False,False
871052109#1,2.48,8.928,2.0,3.0,11.56,False,False
892932178#0,6.15,22.14,0.0,3.0,21.99,False,False
895829950,4.58,16.488,3.0,3.0,33.14,False,False
899373686#1,10.45,37.62,287.0,285.0,368.37,False,False
899373686#3,14.04,50.544,287.0,25.0,2791.67,False,False
899373686#4,6.24,22.464,28.0,29.0,316.84,False,False
899373686#6,7.32,26.352,40.0,40.0,365.08,True,False
899373688#0,1.76,6.336,154.0,157.0,1600.8,False,False
908622900#0,1.05,3.78,195.0,201.0,14874.75,False,False
908622900#1,0.86,3.096,668.0,684.0,15312.15,False,False
908646367#0,0.0,0.0,0.0,0.0,0.0,False,False
908646367#11,24.03,86.508,223.0,220.0,1156.34,False,False
908646367#2,14.05,50.58,7.0,7.0,54.04,False,False
908646367#3,0.09,0.324,3.0,3.0,240.01,False,False
908646367#5,9.1,32.76,236.0,234.0,382.81,False,False
908646367#6,16.84,60.624,234.0,237.0,1101.98,False,False
908646367#7,22.7,81.72,235.0,235.0,419.62,False,False
908646367#8,25.48,91.728,230.0,230.0,987.71,False,False
908694578#0,12.69,45.684,8.0,7.0,32.77,False,False
908694578#2,14.88,53.568,6.0,6.0,37.41,False,False
908694578#3,0.0,0.0,0.0,0.0,0.0,False,False
908694579,0.5,1.8,219.0,216.0,9651.72,False,False
910451393#0,0.0,0.0,0.0,0.0,0.0,False,False
911522748#0,14.28,51.408,5.0,5.0,17.57,False,False
911522749#0,4.48,16.128,2.0,2.0,13.25,False,False
911522750,9.12,32.832,13.0,12.0,24.52,False,False
911522751#0,13.01,46.836,27.0,27.0,164.16,False,False
911522751#1,21.96,79.056,2.0,2.0,7.63,False,False
911522751#2,22.27,80.172,2.0,0.0,2.21,False,False
913006751#0,9.67,34.812,1.0,0.0,2.71,False,False
913006752#0,0.07,0.252,228.0,228.0,67932.25,False,False
913006753,11.03,39.708,43.0,43.0,45.54,False,False
913006754#0,1.87,6.732,43.0,44.0,601.46,False,False
913006754#1,8.88,31.968,40.0,40.0,331.24,False,False
913006754#2,4.38,15.768,42.0,40.0,719.5,False,False
913006754#3,11.37,40.932,36.0,36.0,63.73,False,False
913006754#4,5.03,18.108,38.0,38.0,210.59,False,False
913006754#5,1.34,4.824,43.0,43.0,1461.26,False,False
913006754#6,1.92,6.912,46.0,46.0,1719.15,False,False
913006754#7,0.11,0.396,64.0,64.0,79707.99,True,False
913006754#9,0.07,0.252,64.0,64.0,31501.53,False,False
913009311,0.16,0.576,485.0,470.0,48509.68,False,False
913009312#1,0.11,0.396,484.0,472.0,567561.51,True,False
913009312#10,0.23,0.828,531.0,515.0,44237.47,True,False
913009312#4,0.13,0.468,487.0,480.0,106073.82,True,False
913009312#5,0.19,0.684,503.0,502.0,54278.24,True,False
913009312#6,0.15,0.54,503.0,503.0,401822.67,True,False
913009312#9,0.15,0.54,533.0,531.0,130930.63,True,False
913233121#0,2.52,9.072,11.0,11.0,172.43,False,False
913270580#0,0.16,0.576,3.0,2.0,316.18,False,False
913270580#2,0.28,1.008,2.0,2.0,245.85,False,False
913270580#3,2.63,9.468,2.0,32.0,64.08,False,False
913372757,16.68,60.048,3.0,0.0,1.08,False,False
913392928#0,2.5,9.0,7.0,7.0,50.84,False,False
913392928#1,2.17,7.812,7.0,9.0,21.36,False,False
913405361,13.27,47.772,3.0,3.0,15.55,False,False
913406478,5.98,21.528,16.0,15.0,186.1,False,False
913428734,12.26,44.136,6.0,6.0,37.34,True,False
913525284,2.92,10.512,0.0,7.0,24.43,False,False
913565824#0,0.06,0.216,144.0,143.0,358179.05,False,False
913565824#10,7.6,27.36,111.0,111.0,224.8,False,False
913565824#11,15.08,54.288,13.0,9.0,21.72,False,False
913565824#6,12.24,44.064,138.0,136.0,167.45,False,False
913565824#7,13.45,48.42,137.0,137.0,262.54,False,False
913565824#8,18.47,66.492,120.0,119.0,299.91,False,False
913565824#9,17.76,63.936,115.0,114.0,359.98,False,False
913570918,9.0,32.4,9.0,10.0,33.94,False,False
913570919,7.66,27.576,11.0,10.0,38.86,False,False
913692893,6.56,23.616,34.0,34.0,76.76,False,False
913694023#0,14.8,53.28,32.0,31.0,150.68,False,False
913694024#0,0.0,0.0,0.0,0.0,0.0,False,False
913702834,3.86,13.896,32.0,32.0,264.55,False,False
913709099#0,4.32,15.552,17.0,17.0,111.03,False,False
913811576#0,13.85,49.86,32.0,32.0,199.79,False,False
913811576#1,12.31,44.316,32.0,32.0,186.57,False,False
913811577#0,12.42,44.712,28.0,27.0,58.31,False,False
913811578,12.14,43.704,31.0,31.0,102.09,False,False
913826317,10.92,39.312,2.0,0.0,5.29,False,False
913833410,10.31,37.116,2.0,0.0,11.12,False,False
913835755#0,2.37,8.532,0.0,2.0,10.32,False,False
913836077,9.03,32.508,2.0,2.0,3.06,False,False
913836406#0,3.75,13.5,0.0,12.0,36.55,False,False
913839558#2,0.0,0.0,0.0,0.0,0.0,False,False
913841953#0,11.08,39.888,4.0,1.0,51.83,False,False
914660214#0,0.0,0.0,0.0,0.0,0.0,False,False
914660214#1,0.0,0.0,0.0,0.0,0.0,False,False
914660215#0,9.4,33.84,2.0,2.0,10.86,False,False
919117822#1,28.33,101.988,1.0,0.0,3.04,False,False
919261680,6.52,23.472,6.0,7.0,19.44,False,False
919984684,1.43,5.148,37.0,48.0,540.63,True,False
921117704#0,17.63,63.468,205.0,197.0,1156.43,True,False
921117704#1,0.41,1.476,212.0,212.0,6421.82,False,False
921796625,10.18,36.648,14.0,22.0,300.26,False,False
955312947#0,10.3,37.08,3.0,2.0,28.72,False,False
955312947#1,0.0,0.0,0.0,0.0,0.0,False,False
955312948,10.41,37.476,2.0,0.0,4.38,False,False
