experiment_id,enabled_terminal_id,enabled_tls_id,time,route_id,vehicle_id,tls_id,junction_id,incoming,outgoing,eta_sec,current_road_id,action,reason,phase,green_phase_indices
b0_valid_18route_ER_ACC_001_PT_001,PT_001,11203059756,1.0,ER_ACC_001,emergency_ER_ACC_001_PT_001,cluster_1326096615_3849700763,cluster_1326096615_3849700763,-381802847#2,-183272625#1,2.979,-381802881#2,skip,disabled_by_single_terminal_experiment,,
b0_valid_18route_ER_ACC_001_PT_001,PT_001,11203059756,2.0,ER_ACC_001,emergency_ER_ACC_001_PT_001,cluster_3846534041_436877431,cluster_3846534041_436877431,180368918#3,180368918#5,21.224,-381802881#2,skip,disabled_by_single_terminal_experiment,,
b0_valid_18route_ER_ACC_001_PT_002,PT_002,11346754524,1.0,ER_ACC_001,emergency_ER_ACC_001_PT_002,cluster_1326096615_3849700763,cluster_1326096615_3849700763,-381802847#2,-183272625#1,2.979,-381802881#2,skip,disabled_by_single_terminal_experiment,,
b0_valid_18route_ER_ACC_001_PT_002,PT_002,11346754524,2.0,ER_ACC_001,emergency_ER_ACC_001_PT_002,cluster_3846534041_436877431,cluster_3846534041_436877431,180368918#3,180368918#5,21.224,-381802881#2,skip,disabled_by_single_terminal_experiment,,
b0_valid_18route_ER_ACC_001_PT_003,PT_003,11346754525,1.0,ER_ACC_001,emergency_ER_ACC_001_PT_003,cluster_1326096615_3849700763,cluster_1326096615_3849700763,-381802847#2,-183272625#1,2.979,-381802881#2,skip,disabled_by_single_terminal_experiment,,
b0_valid_18route_ER_ACC_001_PT_003,PT_003,11346754525,2.0,ER_ACC_001,emergency_ER_ACC_001_PT_003,cluster_3846534041_436877431,cluster_3846534041_436877431,180368918#3,180368918#5,21.224,-381802881#2,skip,disabled_by_single_terminal_experiment,,
b0_valid_18route_ER_ACC_001_PT_004,PT_004,13732389937,1.0,ER_ACC_001,emergency_ER_ACC_001_PT_004,cluster_1326096615_3849700763,cluster_1326096615_3849700763,-381802847#2,-183272625#1,2.979,-381802881#2,skip,disabled_by_single_terminal_experiment,,
b0_valid_18route_ER_ACC_001_PT_004,PT_004,13732389937,2.0,ER_ACC_001,emergency_ER_ACC_001_PT_004,cluster_3846534041_436877431,cluster_3846534041_436877431,180368918#3,180368918#5,21.224,-381802881#2,skip,disabled_by_single_terminal_experiment,,
b0_valid_18route_ER_ACC_001_PT_005,PT_005,13732389938,1.0,ER_ACC_001,emergency_ER_ACC_001_PT_005,cluster_1326096615_3849700763,cluster_1326096615_3849700763,-381802847#2,-183272625#1,2.979,-381802881#2,skip,disabled_by_single_terminal_experiment,,
b0_valid_18route_ER_ACC_001_PT_005,PT_005,13732389938,2.0,ER_ACC_001,emergency_ER_ACC_001_PT_005,cluster_3846534041_436877431,cluster_3846534041_436877431,180368918#3,180368918#5,21.224,-381802881#2,skip,disabled_by_single_terminal_experiment,,
b0_valid_18route_ER_ACC_001_PT_006,PT_006,4202879197,1.0,ER_ACC_001,emergency_ER_ACC_001_PT_006,cluster_1326096615_3849700763,cluster_1326096615_3849700763,-381802847#2,-183272625#1,2.979,-381802881#2,skip,disabled_by_single_terminal_experiment,,
b0_valid_18route_ER_ACC_001_PT_006,PT_006,4202879197,2.0,ER_ACC_001,emergency_ER_ACC_001_PT_006,cluster_3846534041_436877431,cluster_3846534041_436877431,180368918#3,180368918#5,21.224,-381802881#2,skip,disabled_by_single_terminal_experiment,,
b0_valid_18route_ER_ACC_001_PT_007,PT_007,436870729,1.0,ER_ACC_001,emergency_ER_ACC_001_PT_007,cluster_1326096615_3849700763,cluster_1326096615_3849700763,-381802847#2,-183272625#1,2.979,-381802881#2,skip,disabled_by_single_terminal_experiment,,
b0_valid_18route_ER_ACC_001_PT_007,PT_007,436870729,2.0,ER_ACC_001,emergency_ER_ACC_001_PT_007,cluster_3846534041_436877431,cluster_3846534041_436877431,180368918#3,180368918#5,21.224,-381802881#2,skip,disabled_by_single_terminal_experiment,,
b0_valid_18route_ER_ACC_001_PT_008,PT_008,7311080426,1.0,ER_ACC_001,emergency_ER_ACC_001_PT_008,cluster_1326096615_3849700763,cluster_1326096615_3849700763,-381802847#2,-183272625#1,2.979,-381802881#2,skip,disabled_by_single_terminal_experiment,,
b0_valid_18route_ER_ACC_001_PT_008,PT_008,7311080426,2.0,ER_ACC_001,emergency_ER_ACC_001_PT_008,cluster_3846534041_436877431,cluster_3846534041_436877431,180368918#3,180368918#5,21.224,-381802881#2,skip,disabled_by_single_terminal_experiment,,
b0_valid_18route_ER_ACC_001_PT_009,PT_009,7335400049,1.0,ER_ACC_001,emergency_ER_ACC_001_PT_009,cluster_1326096615_3849700763,cluster_1326096615_3849700763,-381802847#2,-183272625#1,2.979,-381802881#2,skip,disabled_by_single_terminal_experiment,,
b0_valid_18route_ER_ACC_001_PT_009,PT_009,7335400049,2.0,ER_ACC_001,emergency_ER_ACC_001_PT_009,cluster_3846534041_436877431,cluster_3846534041_436877431,180368918#3,180368918#5,21.224,-381802881#2,skip,disabled_by_single_terminal_experiment,,
b0_valid_18route_ER_ACC_001_PT_010,PT_010,cluster_11203041632_11203041633_11203041634_11203041635_#5more,1.0,ER_ACC_001,emergency_ER_ACC_001_PT_010,cluster_1326096615_3849700763,cluster_1326096615_3849700763,-381802847#2,-183272625#1,2.979,-381802881#2,skip,disabled_by_single_terminal_experiment,,
b0_valid_18route_ER_ACC_001_PT_010,PT_010,cluster_11203041632_11203041633_11203041634_11203041635_#5more,2.0,ER_ACC_001,emergency_ER_ACC_001_PT_010,cluster_3846534041_436877431,cluster_3846534041_436877431,180368918#3,180368918#5,21.224,-381802881#2,skip,disabled_by_single_terminal_experiment,,
b0_valid_18route_ER_ACC_001_PT_011,PT_011,cluster_11277565408_11277565409_414685823_5851251280,1.0,ER_ACC_001,emergency_ER_ACC_001_PT_011,cluster_1326096615_3849700763,cluster_1326096615_3849700763,-381802847#2,-183272625#1,2.979,-381802881#2,skip,disabled_by_single_terminal_experiment,,
b0_valid_18route_ER_ACC_001_PT_011,PT_011,cluster_11277565408_11277565409_414685823_5851251280,2.0,ER_ACC_001,emergency_ER_ACC_001_PT_011,cluster_3846534041_436877431,cluster_3846534041_436877431,180368918#3,180368918#5,21.224,-381802881#2,skip,disabled_by_single_terminal_experiment,,
b0_valid_18route_ER_ACC_001_PT_012,PT_012,cluster_12785870414_3337522189,1.0,ER_ACC_001,emergency_ER_ACC_001_PT_012,cluster_1326096615_3849700763,cluster_1326096615_3849700763,-381802847#2,-183272625#1,2.979,-381802881#2,skip,disabled_by_single_terminal_experiment,,
b0_valid_18route_ER_ACC_001_PT_012,PT_012,cluster_12785870414_3337522189,2.0,ER_ACC_001,emergency_ER_ACC_001_PT_012,cluster_3846534041_436877431,cluster_3846534041_436877431,180368918#3,180368918#5,21.224,-381802881#2,skip,disabled_by_single_terminal_experiment,,
b0_valid_18route_ER_ACC_001_PT_013,PT_013,cluster_1326096615_3849700763,1.0,ER_ACC_001,emergency_ER_ACC_001_PT_013,cluster_1326096615_3849700763,cluster_1326096615_3849700763,-381802847#2,-183272625#1,2.979,-381802881#2,skip,safe_green_not_current_or_next_phase,0,2
b0_valid_18route_ER_ACC_001_PT_013,PT_013,cluster_1326096615_3849700763,2.0,ER_ACC_001,emergency_ER_ACC_001_PT_013,cluster_3846534041_436877431,cluster_3846534041_436877431,180368918#3,180368918#5,21.224,-381802881#2,skip,disabled_by_single_terminal_experiment,,
b0_valid_18route_ER_ACC_001_PT_014,PT_014,cluster_13348293702_13348293703_414685829,1.0,ER_ACC_001,emergency_ER_ACC_001_PT_014,cluster_1326096615_3849700763,cluster_1326096615_3849700763,-381802847#2,-183272625#1,2.979,-381802881#2,skip,disabled_by_single_terminal_experiment,,
b0_valid_18route_ER_ACC_001_PT_014,PT_014,cluster_13348293702_13348293703_414685829,2.0,ER_ACC_001,emergency_ER_ACC_001_PT_014,cluster_3846534041_436877431,cluster_3846534041_436877431,180368918#3,180368918#5,21.224,-381802881#2,skip,disabled_by_single_terminal_experiment,,
b0_valid_18route_ER_ACC_001_PT_015,PT_015,cluster_3846534041_436877431,1.0,ER_ACC_001,emergency_ER_ACC_001_PT_015,cluster_1326096615_3849700763,cluster_1326096615_3849700763,-381802847#2,-183272625#1,2.979,-381802881#2,skip,disabled_by_single_terminal_experiment,,
b0_valid_18route_ER_ACC_001_PT_015,PT_015,cluster_3846534041_436877431,2.0,ER_ACC_001,emergency_ER_ACC_001_PT_015,cluster_3846534041_436877431,cluster_3846534041_436877431,180368918#3,180368918#5,21.224,-381802881#2,extend_green,current_phase_already_green,0,
b0_valid_18route_ER_ACC_001_PT_016,PT_016,joinedS_11139302899_11139302904_11178710208_cluster_11139302901_5593950669_5593950674,1.0,ER_ACC_001,emergency_ER_ACC_001_PT_016,cluster_1326096615_3849700763,cluster_1326096615_3849700763,-381802847#2,-183272625#1,2.979,-381802881#2,skip,disabled_by_single_terminal_experiment,,
b0_valid_18route_ER_ACC_001_PT_016,PT_016,joinedS_11139302899_11139302904_11178710208_cluster_11139302901_5593950669_5593950674,2.0,ER_ACC_001,emergency_ER_ACC_001_PT_016,cluster_3846534041_436877431,cluster_3846534041_436877431,180368918#3,180368918#5,21.224,-381802881#2,skip,disabled_by_single_terminal_experiment,,
b0_valid_18route_ER_ACC_001_PT_017,PT_017,joinedS_11203001806_11203001814_13721232731_5851251250_#6more,1.0,ER_ACC_001,emergency_ER_ACC_001_PT_017,cluster_1326096615_3849700763,cluster_1326096615_3849700763,-381802847#2,-183272625#1,2.979,-381802881#2,skip,disabled_by_single_terminal_experiment,,
b0_valid_18route_ER_ACC_001_PT_017,PT_017,joinedS_11203001806_11203001814_13721232731_5851251250_#6more,2.0,ER_ACC_001,emergency_ER_ACC_001_PT_017,cluster_3846534041_436877431,cluster_3846534041_436877431,180368918#3,180368918#5,21.224,-381802881#2,skip,disabled_by_single_terminal_experiment,,
b0_valid_18route_ER_ACC_001_PT_018,PT_018,joinedS_11203052957_cluster_11203052955_11203052956_11203052960_11203052961_#11more,1.0,ER_ACC_001,emergency_ER_ACC_001_PT_018,cluster_1326096615_3849700763,cluster_1326096615_3849700763,-381802847#2,-183272625#1,2.979,-381802881#2,skip,disabled_by_single_terminal_experiment,,
b0_valid_18route_ER_ACC_001_PT_018,PT_018,joinedS_11203052957_cluster_11203052955_11203052956_11203052960_11203052961_#11more,2.0,ER_ACC_001,emergency_ER_ACC_001_PT_018,cluster_3846534041_436877431,cluster_3846534041_436877431,180368918#3,180368918#5,21.224,-381802881#2,skip,disabled_by_single_terminal_experiment,,
b0_valid_18route_ER_ACC_001_PT_019,PT_019,joinedS_4273893706_4273893707_7335400058_cluster_13348213189_13348213190_13348213191,1.0,ER_ACC_001,emergency_ER_ACC_001_PT_019,cluster_1326096615_3849700763,cluster_1326096615_3849700763,-381802847#2,-183272625#1,2.979,-381802881#2,skip,disabled_by_single_terminal_experiment,,
b0_valid_18route_ER_ACC_001_PT_019,PT_019,joinedS_4273893706_4273893707_7335400058_cluster_13348213189_13348213190_13348213191,2.0,ER_ACC_001,emergency_ER_ACC_001_PT_019,cluster_3846534041_436877431,cluster_3846534041_436877431,180368918#3,180368918#5,21.224,-381802881#2,skip,disabled_by_single_terminal_experiment,,
b0_valid_18route_ER_ACC_001_PT_020,PT_020,joinedS_4276255150_4276255151_4276255152_cluster_4276255149_436839431,1.0,ER_ACC_001,emergency_ER_ACC_001_PT_020,cluster_1326096615_3849700763,cluster_1326096615_3849700763,-381802847#2,-183272625#1,2.979,-381802881#2,skip,disabled_by_single_terminal_experiment,,
b0_valid_18route_ER_ACC_001_PT_020,PT_020,joinedS_4276255150_4276255151_4276255152_cluster_4276255149_436839431,2.0,ER_ACC_001,emergency_ER_ACC_001_PT_020,cluster_3846534041_436877431,cluster_3846534041_436877431,180368918#3,180368918#5,21.224,-381802881#2,skip,disabled_by_single_terminal_experiment,,
b0_valid_18route_ER_ACC_002_PT_001,PT_001,11203059756,1.0,ER_ACC_002,emergency_ER_ACC_002_PT_001,cluster_1326096615_3849700763,cluster_1326096615_3849700763,-381802847#2,-183272625#1,2.979,-381802881#2,skip,disabled_by_single_terminal_experiment,,
b0_valid_18route_ER_ACC_002_PT_001,PT_001,11203059756,2.0,ER_ACC_002,emergency_ER_ACC_002_PT_001,cluster_3846534041_436877431,cluster_3846534041_436877431,180368918#3,180368918#5,21.224,-381802881#2,skip,disabled_by_single_terminal_experiment,,
b0_valid_18route_ER_ACC_002_PT_001,PT_001,11203059756,19.0,ER_ACC_002,emergency_ER_ACC_002_PT_001,joinedS_4273893706_4273893707_7335400058_cluster_13348213189_13348213190_13348213191,cluster_13348213189_13348213190_13348213191,-1455512070,-1455512069,29.158,-174870621#2,skip,disabled_by_single_terminal_experiment,,
b0_valid_18route_ER_ACC_002_PT_001,PT_001,11203059756,27.0,ER_ACC_002,emergency_ER_ACC_002_PT_001,7335400049,7335400049,218773869#7,218773869#8,29.261,180368918#0,skip,disabled_by_single_terminal_experiment,,
b0_valid_18route_ER_ACC_002_PT_001,PT_001,11203059756,31.0,ER_ACC_002,emergency_ER_ACC_002_PT_001,11346754525,11346754525,219696193#0,219696193#1,29.72,180368918#6,skip,disabled_by_single_terminal_experiment,,
b0_valid_18route_ER_ACC_002_PT_001,PT_001,11203059756,61.0,ER_ACC_002,emergency_ER_ACC_002_PT_001,joinedS_11203052957_cluster_11203052955_11203052956_11203052960_11203052961_#11more,cluster_11203052955_11203052956_11203052960_11203052961_#11more,781985787#0,-781985788#0,29.823,218773869#1,skip,disabled_by_single_terminal_experiment,,
b0_valid_18route_ER_ACC_002_PT_001,PT_001,11203059756,67.0,ER_ACC_002,emergency_ER_ACC_002_PT_001,cluster_11203041632_11203041633_11203041634_11203041635_#5more,cluster_11203041632_11203041633_11203041634_11203041635_#5more,1499619438#0,383097712#1,29.249,218773869#6,skip,disabled_by_single_terminal_experiment,,
b0_valid_18route_ER_ACC_002_PT_001,PT_001,11203059756,80.0,ER_ACC_002,emergency_ER_ACC_002_PT_001,joinedS_11203001806_11203001814_13721232731_5851251250_#6more,cluster_11203001809_11203001817_13721232729,289213613#0,289213613#3,29.063,420361196,skip,disabled_by_single_terminal_experiment,,
b0_valid_18route_ER_ACC_002_PT_002,PT_002,11346754524,1.0,ER_ACC_002,emergency_ER_ACC_002_PT_002,cluster_1326096615_3849700763,cluster_1326096615_3849700763,-381802847#2,-183272625#1,2.979,-381802881#2,skip,disabled_by_single_terminal_experiment,,
b0_valid_18route_ER_ACC_002_PT_002,PT_002,11346754524,2.0,ER_ACC_002,emergency_ER_ACC_002_PT_002,cluster_3846534041_436877431,cluster_3846534041_436877431,180368918#3,180368918#5,21.224,-381802881#2,skip,disabled_by_single_terminal_experiment,,
b0_valid_18route_ER_ACC_002_PT_002,PT_002,11346754524,19.0,ER_ACC_002,emergency_ER_ACC_002_PT_002,joinedS_4273893706_4273893707_7335400058_cluster_13348213189_13348213190_13348213191,cluster_13348213189_13348213190_13348213191,-1455512070,-1455512069,29.158,-174870621#2,skip,disabled_by_single_terminal_experiment,,
b0_valid_18route_ER_ACC_002_PT_002,PT_002,11346754524,27.0,ER_ACC_002,emergency_ER_ACC_002_PT_002,7335400049,7335400049,218773869#7,218773869#8,29.261,180368918#0,skip,disabled_by_single_terminal_experiment,,
b0_valid_18route_ER_ACC_002_PT_002,PT_002,11346754524,31.0,ER_ACC_002,emergency_ER_ACC_002_PT_002,11346754525,11346754525,219696193#0,219696193#1,29.72,180368918#6,skip,disabled_by_single_terminal_experiment,,
b0_valid_18route_ER_ACC_002_PT_002,PT_002,11346754524,61.0,ER_ACC_002,emergency_ER_ACC_002_PT_002,joinedS_11203052957_cluster_11203052955_11203052956_11203052960_11203052961_#11more,cluster_11203052955_11203052956_11203052960_11203052961_#11more,781985787#0,-781985788#0,29.823,218773869#1,skip,disabled_by_single_terminal_experiment,,
b0_valid_18route_ER_ACC_002_PT_002,PT_002,11346754524,67.0,ER_ACC_002,emergency_ER_ACC_002_PT_002,cluster_11203041632_11203041633_11203041634_11203041635_#5more,cluster_11203041632_11203041633_11203041634_11203041635_#5more,1499619438#0,383097712#1,29.249,218773869#6,skip,disabled_by_single_terminal_experiment,,
b0_valid_18route_ER_ACC_002_PT_002,PT_002,11346754524,80.0,ER_ACC_002,emergency_ER_ACC_002_PT_002,joinedS_11203001806_11203001814_13721232731_5851251250_#6more,cluster_11203001809_11203001817_13721232729,289213613#0,289213613#3,29.063,420361196,skip,disabled_by_single_terminal_experiment,,
b0_valid_18route_ER_ACC_002_PT_003,PT_003,11346754525,1.0,ER_ACC_002,emergency_ER_ACC_002_PT_003,cluster_1326096615_3849700763,cluster_1326096615_3849700763,-381802847#2,-183272625#1,2.979,-381802881#2,skip,disabled_by_single_terminal_experiment,,
b0_valid_18route_ER_ACC_002_PT_003,PT_003,11346754525,2.0,ER_ACC_002,emergency_ER_ACC_002_PT_003,cluster_3846534041_436877431,cluster_3846534041_436877431,180368918#3,180368918#5,21.224,-381802881#2,skip,disabled_by_single_terminal_experiment,,
b0_valid_18route_ER_ACC_002_PT_003,PT_003,11346754525,19.0,ER_ACC_002,emergency_ER_ACC_002_PT_003,joinedS_4273893706_4273893707_7335400058_cluster_13348213189_13348213190_13348213191,cluster_13348213189_13348213190_13348213191,-1455512070,-1455512069,29.158,-174870621#2,skip,disabled_by_single_terminal_experiment,,
b0_valid_18route_ER_ACC_002_PT_003,PT_003,11346754525,27.0,ER_ACC_002,emergency_ER_ACC_002_PT_003,7335400049,7335400049,218773869#7,218773869#8,29.261,180368918#0,skip,disabled_by_single_terminal_experiment,,
b0_valid_18route_ER_ACC_002_PT_003,PT_003,11346754525,31.0,ER_ACC_002,emergency_ER_ACC_002_PT_003,11346754525,11346754525,219696193#0,219696193#1,29.72,180368918#6,extend_green,current_phase_already_green,0,
b0_valid_18route_ER_ACC_002_PT_003,PT_003,11346754525,61.0,ER_ACC_002,emergency_ER_ACC_002_PT_003,joinedS_11203052957_cluster_11203052955_11203052956_11203052960_11203052961_#11more,cluster_11203052955_11203052956_11203052960_11203052961_#11more,781985787#0,-781985788#0,29.823,218773869#1,skip,disabled_by_single_terminal_experiment,,
b0_valid_18route_ER_ACC_002_PT_003,PT_003,11346754525,67.0,ER_ACC_002,emergency_ER_ACC_002_PT_003,cluster_11203041632_11203041633_11203041634_11203041635_#5more,cluster_11203041632_11203041633_11203041634_11203041635_#5more,1499619438#0,383097712#1,29.249,218773869#6,skip,disabled_by_single_terminal_experiment,,
b0_valid_18route_ER_ACC_002_PT_003,PT_003,11346754525,80.0,ER_ACC_002,emergency_ER_ACC_002_PT_003,joinedS_11203001806_11203001814_13721232731_5851251250_#6more,cluster_11203001809_11203001817_13721232729,289213613#0,289213613#3,29.063,420361196,skip,disabled_by_single_terminal_experiment,,
b0_valid_18route_ER_ACC_002_PT_004,PT_004,13732389937,1.0,ER_ACC_002,emergency_ER_ACC_002_PT_004,cluster_1326096615_3849700763,cluster_1326096615_3849700763,-381802847#2,-183272625#1,2.979,-381802881#2,skip,disabled_by_single_terminal_experiment,,
b0_valid_18route_ER_ACC_002_PT_004,PT_004,13732389937,2.0,ER_ACC_002,emergency_ER_ACC_002_PT_004,cluster_3846534041_436877431,cluster_3846534041_436877431,180368918#3,180368918#5,21.224,-381802881#2,skip,disabled_by_single_terminal_experiment,,
b0_valid_18route_ER_ACC_002_PT_004,PT_004,13732389937,19.0,ER_ACC_002,emergency_ER_ACC_002_PT_004,joinedS_4273893706_4273893707_7335400058_cluster_13348213189_13348213190_13348213191,cluster_13348213189_13348213190_13348213191,-1455512070,-1455512069,29.158,-174870621#2,skip,disabled_by_single_terminal_experiment,,
b0_valid_18route_ER_ACC_002_PT_004,PT_004,13732389937,27.0,ER_ACC_002,emergency_ER_ACC_002_PT_004,7335400049,7335400049,218773869#7,218773869#8,29.261,180368918#0,skip,disabled_by_single_terminal_experiment,,
b0_valid_18route_ER_ACC_002_PT_004,PT_004,13732389937,31.0,ER_ACC_002,emergency_ER_ACC_002_PT_004,11346754525,11346754525,219696193#0,219696193#1,29.72,180368918#6,skip,disabled_by_single_terminal_experiment,,
b0_valid_18route_ER_ACC_002_PT_004,PT_004,13732389937,61.0,ER_ACC_002,emergency_ER_ACC_002_PT_004,joinedS_11203052957_cluster_11203052955_11203052956_11203052960_11203052961_#11more,cluster_11203052955_11203052956_11203052960_11203052961_#11more,781985787#0,-781985788#0,29.823,218773869#1,skip,disabled_by_single_terminal_experiment,,
b0_valid_18route_ER_ACC_002_PT_004,PT_004,13732389937,67.0,ER_ACC_002,emergency_ER_ACC_002_PT_004,cluster_11203041632_11203041633_11203041634_11203041635_#5more,cluster_11203041632_11203041633_11203041634_11203041635_#5more,1499619438#0,383097712#1,29.249,218773869#6,skip,disabled_by_single_terminal_experiment,,
b0_valid_18route_ER_ACC_002_PT_004,PT_004,13732389937,80.0,ER_ACC_002,emergency_ER_ACC_002_PT_004,joinedS_11203001806_11203001814_13721232731_5851251250_#6more,cluster_11203001809_11203001817_13721232729,289213613#0,289213613#3,29.063,420361196,skip,disabled_by_single_terminal_experiment,,
b0_valid_18route_ER_ACC_002_PT_005,PT_005,13732389938,1.0,ER_ACC_002,emergency_ER_ACC_002_PT_005,cluster_1326096615_3849700763,cluster_1326096615_3849700763,-381802847#2,-183272625#1,2.979,-381802881#2,skip,disabled_by_single_terminal_experiment,,
b0_valid_18route_ER_ACC_002_PT_005,PT_005,13732389938,2.0,ER_ACC_002,emergency_ER_ACC_002_PT_005,cluster_3846534041_436877431,cluster_3846534041_436877431,180368918#3,180368918#5,21.224,-381802881#2,skip,disabled_by_single_terminal_experiment,,
b0_valid_18route_ER_ACC_002_PT_005,PT_005,13732389938,19.0,ER_ACC_002,emergency_ER_ACC_002_PT_005,joinedS_4273893706_4273893707_7335400058_cluster_13348213189_13348213190_13348213191,cluster_13348213189_13348213190_13348213191,-1455512070,-1455512069,29.158,-174870621#2,skip,disabled_by_single_terminal_experiment,,
b0_valid_18route_ER_ACC_002_PT_005,PT_005,13732389938,27.0,ER_ACC_002,emergency_ER_ACC_002_PT_005,7335400049,7335400049,218773869#7,218773869#8,29.261,180368918#0,skip,disabled_by_single_terminal_experiment,,
b0_valid_18route_ER_ACC_002_PT_005,PT_005,13732389938,31.0,ER_ACC_002,emergency_ER_ACC_002_PT_005,11346754525,11346754525,219696193#0,219696193#1,29.72,180368918#6,skip,disabled_by_single_terminal_experiment,,
b0_valid_18route_ER_ACC_002_PT_005,PT_005,13732389938,61.0,ER_ACC_002,emergency_ER_ACC_002_PT_005,joinedS_11203052957_cluster_11203052955_11203052956_11203052960_11203052961_#11more,cluster_11203052955_11203052956_11203052960_11203052961_#11more,781985787#0,-781985788#0,29.823,218773869#1,skip,disabled_by_single_terminal_experiment,,
b0_valid_18route_ER_ACC_002_PT_005,PT_005,13732389938,67.0,ER_ACC_002,emergency_ER_ACC_002_PT_005,cluster_11203041632_11203041633_11203041634_11203041635_#5more,cluster_11203041632_11203041633_11203041634_11203041635_#5more,1499619438#0,383097712#1,29.249,218773869#6,skip,disabled_by_single_terminal_experiment,,
b0_valid_18route_ER_ACC_002_PT_005,PT_005,13732389938,80.0,ER_ACC_002,emergency_ER_ACC_002_PT_005,joinedS_11203001806_11203001814_13721232731_5851251250_#6more,cluster_11203001809_11203001817_13721232729,289213613#0,289213613#3,29.063,420361196,skip,disabled_by_single_terminal_experiment,,
b0_valid_18route_ER_ACC_002_PT_006,PT_006,4202879197,1.0,ER_ACC_002,emergency_ER_ACC_002_PT_006,cluster_1326096615_3849700763,cluster_1326096615_3849700763,-381802847#2,-183272625#1,2.979,-381802881#2,skip,disabled_by_single_terminal_experiment,,
b0_valid_18route_ER_ACC_002_PT_006,PT_006,4202879197,2.0,ER_ACC_002,emergency_ER_ACC_002_PT_006,cluster_3846534041_436877431,cluster_3846534041_436877431,180368918#3,180368918#5,21.224,-381802881#2,skip,disabled_by_single_terminal_experiment,,
b0_valid_18route_ER_ACC_002_PT_006,PT_006,4202879197,19.0,ER_ACC_002,emergency_ER_ACC_002_PT_006,joinedS_4273893706_4273893707_7335400058_cluster_13348213189_13348213190_13348213191,cluster_13348213189_13348213190_13348213191,-1455512070,-1455512069,29.158,-174870621#2,skip,disabled_by_single_terminal_experiment,,
b0_valid_18route_ER_ACC_002_PT_006,PT_006,4202879197,27.0,ER_ACC_002,emergency_ER_ACC_002_PT_006,7335400049,7335400049,218773869#7,218773869#8,29.261,180368918#0,skip,disabled_by_single_terminal_experiment,,
b0_valid_18route_ER_ACC_002_PT_006,PT_006,4202879197,31.0,ER_ACC_002,emergency_ER_ACC_002_PT_006,11346754525,11346754525,219696193#0,219696193#1,29.72,180368918#6,skip,disabled_by_single_terminal_experiment,,
b0_valid_18route_ER_ACC_002_PT_006,PT_006,4202879197,61.0,ER_ACC_002,emergency_ER_ACC_002_PT_006,joinedS_11203052957_cluster_11203052955_11203052956_11203052960_11203052961_#11more,cluster_11203052955_11203052956_11203052960_11203052961_#11more,781985787#0,-781985788#0,29.823,218773869#1,skip,disabled_by_single_terminal_experiment,,
b0_valid_18route_ER_ACC_002_PT_006,PT_006,4202879197,67.0,ER_ACC_002,emergency_ER_ACC_002_PT_006,cluster_11203041632_11203041633_11203041634_11203041635_#5more,cluster_11203041632_11203041633_11203041634_11203041635_#5more,1499619438#0,383097712#1,29.249,218773869#6,skip,disabled_by_single_terminal_experiment,,
b0_valid_18route_ER_ACC_002_PT_006,PT_006,4202879197,80.0,ER_ACC_002,emergency_ER_ACC_002_PT_006,joinedS_11203001806_11203001814_13721232731_5851251250_#6more,cluster_11203001809_11203001817_13721232729,289213613#0,289213613#3,29.063,420361196,skip,disabled_by_single_terminal_experiment,,
b0_valid_18route_ER_ACC_002_PT_007,PT_007,436870729,1.0,ER_ACC_002,emergency_ER_ACC_002_PT_007,cluster_1326096615_3849700763,cluster_1326096615_3849700763,-381802847#2,-183272625#1,2.979,-381802881#2,skip,disabled_by_single_terminal_experiment,,
b0_valid_18route_ER_ACC_002_PT_007,PT_007,436870729,2.0,ER_ACC_002,emergency_ER_ACC_002_PT_007,cluster_3846534041_436877431,cluster_3846534041_436877431,180368918#3,180368918#5,21.224,-381802881#2,skip,disabled_by_single_terminal_experiment,,
b0_valid_18route_ER_ACC_002_PT_007,PT_007,436870729,19.0,ER_ACC_002,emergency_ER_ACC_002_PT_007,joinedS_4273893706_4273893707_7335400058_cluster_13348213189_13348213190_13348213191,cluster_13348213189_13348213190_13348213191,-1455512070,-1455512069,29.158,-174870621#2,skip,disabled_by_single_terminal_experiment,,
b0_valid_18route_ER_ACC_002_PT_007,PT_007,436870729,27.0,ER_ACC_002,emergency_ER_ACC_002_PT_007,7335400049,7335400049,218773869#7,218773869#8,29.261,180368918#0,skip,disabled_by_single_terminal_experiment,,
b0_valid_18route_ER_ACC_002_PT_007,PT_007,436870729,31.0,ER_ACC_002,emergency_ER_ACC_002_PT_007,11346754525,11346754525,219696193#0,219696193#1,29.72,180368918#6,skip,disabled_by_single_terminal_experiment,,
b0_valid_18route_ER_ACC_002_PT_007,PT_007,436870729,61.0,ER_ACC_002,emergency_ER_ACC_002_PT_007,joinedS_11203052957_cluster_11203052955_11203052956_11203052960_11203052961_#11more,cluster_11203052955_11203052956_11203052960_11203052961_#11more,781985787#0,-781985788#0,29.823,218773869#1,skip,disabled_by_single_terminal_experiment,,
b0_valid_18route_ER_ACC_002_PT_007,PT_007,436870729,67.0,ER_ACC_002,emergency_ER_ACC_002_PT_007,cluster_11203041632_11203041633_11203041634_11203041635_#5more,cluster_11203041632_11203041633_11203041634_11203041635_#5more,1499619438#0,383097712#1,29.249,218773869#6,skip,disabled_by_single_terminal_experiment,,
b0_valid_18route_ER_ACC_002_PT_007,PT_007,436870729,80.0,ER_ACC_002,emergency_ER_ACC_002_PT_007,joinedS_11203001806_11203001814_13721232731_5851251250_#6more,cluster_11203001809_11203001817_13721232729,289213613#0,289213613#3,29.063,420361196,skip,disabled_by_single_terminal_experiment,,
b0_valid_18route_ER_ACC_002_PT_008,PT_008,7311080426,1.0,ER_ACC_002,emergency_ER_ACC_002_PT_008,cluster_1326096615_3849700763,cluster_1326096615_3849700763,-381802847#2,-183272625#1,2.979,-381802881#2,skip,disabled_by_single_terminal_experiment,,
b0_valid_18route_ER_ACC_002_PT_008,PT_008,7311080426,2.0,ER_ACC_002,emergency_ER_ACC_002_PT_008,cluster_3846534041_436877431,cluster_3846534041_436877431,180368918#3,180368918#5,21.224,-381802881#2,skip,disabled_by_single_terminal_experiment,,
b0_valid_18route_ER_ACC_002_PT_008,PT_008,7311080426,19.0,ER_ACC_002,emergency_ER_ACC_002_PT_008,joinedS_4273893706_4273893707_7335400058_cluster_13348213189_13348213190_13348213191,cluster_13348213189_13348213190_13348213191,-1455512070,-1455512069,29.158,-174870621#2,skip,disabled_by_single_terminal_experiment,,
b0_valid_18route_ER_ACC_002_PT_008,PT_008,7311080426,27.0,ER_ACC_002,emergency_ER_ACC_002_PT_008,7335400049,7335400049,218773869#7,218773869#8,29.261,180368918#0,skip,disabled_by_single_terminal_experiment,,
b0_valid_18route_ER_ACC_002_PT_008,PT_008,7311080426,31.0,ER_ACC_002,emergency_ER_ACC_002_PT_008,11346754525,11346754525,219696193#0,219696193#1,29.72,180368918#6,skip,disabled_by_single_terminal_experiment,,
b0_valid_18route_ER_ACC_002_PT_008,PT_008,7311080426,61.0,ER_ACC_002,emergency_ER_ACC_002_PT_008,joinedS_11203052957_cluster_11203052955_11203052956_11203052960_11203052961_#11more,cluster_11203052955_11203052956_11203052960_11203052961_#11more,781985787#0,-781985788#0,29.823,218773869#1,skip,disabled_by_single_terminal_experiment,,
b0_valid_18route_ER_ACC_002_PT_008,PT_008,7311080426,67.0,ER_ACC_002,emergency_ER_ACC_002_PT_008,cluster_11203041632_11203041633_11203041634_11203041635_#5more,cluster_11203041632_11203041633_11203041634_11203041635_#5more,1499619438#0,383097712#1,29.249,218773869#6,skip,disabled_by_single_terminal_experiment,,
b0_valid_18route_ER_ACC_002_PT_008,PT_008,7311080426,80.0,ER_ACC_002,emergency_ER_ACC_002_PT_008,joinedS_11203001806_11203001814_13721232731_5851251250_#6more,cluster_11203001809_11203001817_13721232729,289213613#0,289213613#3,29.063,420361196,skip,disabled_by_single_terminal_experiment,,
b0_valid_18route_ER_ACC_002_PT_009,PT_009,7335400049,1.0,ER_ACC_002,emergency_ER_ACC_002_PT_009,cluster_1326096615_3849700763,cluster_1326096615_3849700763,-381802847#2,-183272625#1,2.979,-381802881#2,skip,disabled_by_single_terminal_experiment,,
b0_valid_18route_ER_ACC_002_PT_009,PT_009,7335400049,2.0,ER_ACC_002,emergency_ER_ACC_002_PT_009,cluster_3846534041_436877431,cluster_3846534041_436877431,180368918#3,180368918#5,21.224,-381802881#2,skip,disabled_by_single_terminal_experiment,,
b0_valid_18route_ER_ACC_002_PT_009,PT_009,7335400049,19.0,ER_ACC_002,emergency_ER_ACC_002_PT_009,joinedS_4273893706_4273893707_7335400058_cluster_13348213189_13348213190_13348213191,cluster_13348213189_13348213190_13348213191,-1455512070,-1455512069,29.158,-174870621#2,skip,disabled_by_single_terminal_experiment,,
b0_valid_18route_ER_ACC_002_PT_009,PT_009,7335400049,27.0,ER_ACC_002,emergency_ER_ACC_002_PT_009,7335400049,7335400049,218773869#7,218773869#8,29.261,180368918#0,extend_green,current_phase_already_green,0,
b0_valid_18route_ER_ACC_002_PT_009,PT_009,7335400049,31.0,ER_ACC_002,emergency_ER_ACC_002_PT_009,11346754525,11346754525,219696193#0,219696193#1,29.72,180368918#6,skip,disabled_by_single_terminal_experiment,,
b0_valid_18route_ER_ACC_002_PT_009,PT_009,7335400049,61.0,ER_ACC_002,emergency_ER_ACC_002_PT_009,joinedS_11203052957_cluster_11203052955_11203052956_11203052960_11203052961_#11more,cluster_11203052955_11203052956_11203052960_11203052961_#11more,781985787#0,-781985788#0,29.823,218773869#1,skip,disabled_by_single_terminal_experiment,,
b0_valid_18route_ER_ACC_002_PT_009,PT_009,7335400049,67.0,ER_ACC_002,emergency_ER_ACC_002_PT_009,cluster_11203041632_11203041633_11203041634_11203041635_#5more,cluster_11203041632_11203041633_11203041634_11203041635_#5more,1499619438#0,383097712#1,29.249,218773869#6,skip,disabled_by_single_terminal_experiment,,
b0_valid_18route_ER_ACC_002_PT_009,PT_009,7335400049,80.0,ER_ACC_002,emergency_ER_ACC_002_PT_009,joinedS_11203001806_11203001814_13721232731_5851251250_#6more,cluster_11203001809_11203001817_13721232729,289213613#0,289213613#3,29.063,420361196,skip,disabled_by_single_terminal_experiment,,
b0_valid_18route_ER_ACC_002_PT_010,PT_010,cluster_11203041632_11203041633_11203041634_11203041635_#5more,1.0,ER_ACC_002,emergency_ER_ACC_002_PT_010,cluster_1326096615_3849700763,cluster_1326096615_3849700763,-381802847#2,-183272625#1,2.979,-381802881#2,skip,disabled_by_single_terminal_experiment,,
b0_valid_18route_ER_ACC_002_PT_010,PT_010,cluster_11203041632_11203041633_11203041634_11203041635_#5more,2.0,ER_ACC_002,emergency_ER_ACC_002_PT_010,cluster_3846534041_436877431,cluster_3846534041_436877431,180368918#3,180368918#5,21.224,-381802881#2,skip,disabled_by_single_terminal_experiment,,
b0_valid_18route_ER_ACC_002_PT_010,PT_010,cluster_11203041632_11203041633_11203041634_11203041635_#5more,19.0,ER_ACC_002,emergency_ER_ACC_002_PT_010,joinedS_4273893706_4273893707_7335400058_cluster_13348213189_13348213190_13348213191,cluster_13348213189_13348213190_13348213191,-1455512070,-1455512069,29.158,-174870621#2,skip,disabled_by_single_terminal_experiment,,
b0_valid_18route_ER_ACC_002_PT_010,PT_010,cluster_11203041632_11203041633_11203041634_11203041635_#5more,27.0,ER_ACC_002,emergency_ER_ACC_002_PT_010,7335400049,7335400049,218773869#7,218773869#8,29.261,180368918#0,skip,disabled_by_single_terminal_experiment,,
b0_valid_18route_ER_ACC_002_PT_010,PT_010,cluster_11203041632_11203041633_11203041634_11203041635_#5more,31.0,ER_ACC_002,emergency_ER_ACC_002_PT_010,11346754525,11346754525,219696193#0,219696193#1,29.72,180368918#6,skip,disabled_by_single_terminal_experiment,,
b0_valid_18route_ER_ACC_002_PT_010,PT_010,cluster_11203041632_11203041633_11203041634_11203041635_#5more,61.0,ER_ACC_002,emergency_ER_ACC_002_PT_010,joinedS_11203052957_cluster_11203052955_11203052956_11203052960_11203052961_#11more,cluster_11203052955_11203052956_11203052960_11203052961_#11more,781985787#0,-781985788#0,29.823,218773869#1,skip,disabled_by_single_terminal_experiment,,
b0_valid_18route_ER_ACC_002_PT_010,PT_010,cluster_11203041632_11203041633_11203041634_11203041635_#5more,67.0,ER_ACC_002,emergency_ER_ACC_002_PT_010,cluster_11203041632_11203041633_11203041634_11203041635_#5more,cluster_11203041632_11203041633_11203041634_11203041635_#5more,1499619438#0,383097712#1,29.249,218773869#6,skip,safe_green_not_current_or_next_phase,4,2
b0_valid_18route_ER_ACC_002_PT_010,PT_010,cluster_11203041632_11203041633_11203041634_11203041635_#5more,80.0,ER_ACC_002,emergency_ER_ACC_002_PT_010,joinedS_11203001806_11203001814_13721232731_5851251250_#6more,cluster_11203001809_11203001817_13721232729,289213613#0,289213613#3,29.063,420361196,skip,disabled_by_single_terminal_experiment,,
b0_valid_18route_ER_ACC_002_PT_011,PT_011,cluster_11277565408_11277565409_414685823_5851251280,1.0,ER_ACC_002,emergency_ER_ACC_002_PT_011,cluster_1326096615_3849700763,cluster_1326096615_3849700763,-381802847#2,-183272625#1,2.979,-381802881#2,skip,disabled_by_single_terminal_experiment,,
b0_valid_18route_ER_ACC_002_PT_011,PT_011,cluster_11277565408_11277565409_414685823_5851251280,2.0,ER_ACC_002,emergency_ER_ACC_002_PT_011,cluster_3846534041_436877431,cluster_3846534041_436877431,180368918#3,180368918#5,21.224,-381802881#2,skip,disabled_by_single_terminal_experiment,,
b0_valid_18route_ER_ACC_002_PT_011,PT_011,cluster_11277565408_11277565409_414685823_5851251280,19.0,ER_ACC_002,emergency_ER_ACC_002_PT_011,joinedS_4273893706_4273893707_7335400058_cluster_13348213189_13348213190_13348213191,cluster_13348213189_13348213190_13348213191,-1455512070,-1455512069,29.158,-174870621#2,skip,disabled_by_single_terminal_experiment,,
b0_valid_18route_ER_ACC_002_PT_011,PT_011,cluster_11277565408_11277565409_414685823_5851251280,27.0,ER_ACC_002,emergency_ER_ACC_002_PT_011,7335400049,7335400049,218773869#7,218773869#8,29.261,180368918#0,skip,disabled_by_single_terminal_experiment,,
b0_valid_18route_ER_ACC_002_PT_011,PT_011,cluster_11277565408_11277565409_414685823_5851251280,31.0,ER_ACC_002,emergency_ER_ACC_002_PT_011,11346754525,11346754525,219696193#0,219696193#1,29.72,180368918#6,skip,disabled_by_single_terminal_experiment,,
b0_valid_18route_ER_ACC_002_PT_011,PT_011,cluster_11277565408_11277565409_414685823_5851251280,61.0,ER_ACC_002,emergency_ER_ACC_002_PT_011,joinedS_11203052957_cluster_11203052955_11203052956_11203052960_11203052961_#11more,cluster_11203052955_11203052956_11203052960_11203052961_#11more,781985787#0,-781985788#0,29.823,218773869#1,skip,disabled_by_single_terminal_experiment,,
b0_valid_18route_ER_ACC_002_PT_011,PT_011,cluster_11277565408_11277565409_414685823_5851251280,67.0,ER_ACC_002,emergency_ER_ACC_002_PT_011,cluster_11203041632_11203041633_11203041634_11203041635_#5more,cluster_11203041632_11203041633_11203041634_11203041635_#5more,1499619438#0,383097712#1,29.249,218773869#6,skip,disabled_by_single_terminal_experiment,,
b0_valid_18route_ER_ACC_002_PT_011,PT_011,cluster_11277565408_11277565409_414685823_5851251280,80.0,ER_ACC_002,emergency_ER_ACC_002_PT_011,joinedS_11203001806_11203001814_13721232731_5851251250_#6more,cluster_11203001809_11203001817_13721232729,289213613#0,289213613#3,29.063,420361196,skip,disabled_by_single_terminal_experiment,,
b0_valid_18route_ER_ACC_002_PT_012,PT_012,cluster_12785870414_3337522189,1.0,ER_ACC_002,emergency_ER_ACC_002_PT_012,cluster_1326096615_3849700763,cluster_1326096615_3849700763,-381802847#2,-183272625#1,2.979,-381802881#2,skip,disabled_by_single_terminal_experiment,,
b0_valid_18route_ER_ACC_002_PT_012,PT_012,cluster_12785870414_3337522189,2.0,ER_ACC_002,emergency_ER_ACC_002_PT_012,cluster_3846534041_436877431,cluster_3846534041_436877431,180368918#3,180368918#5,21.224,-381802881#2,skip,disabled_by_single_terminal_experiment,,
b0_valid_18route_ER_ACC_002_PT_012,PT_012,cluster_12785870414_3337522189,19.0,ER_ACC_002,emergency_ER_ACC_002_PT_012,joinedS_4273893706_4273893707_7335400058_cluster_13348213189_13348213190_13348213191,cluster_13348213189_13348213190_13348213191,-1455512070,-1455512069,29.158,-174870621#2,skip,disabled_by_single_terminal_experiment,,
b0_valid_18route_ER_ACC_002_PT_012,PT_012,cluster_12785870414_3337522189,27.0,ER_ACC_002,emergency_ER_ACC_002_PT_012,7335400049,7335400049,218773869#7,218773869#8,29.261,180368918#0,skip,disabled_by_single_terminal_experiment,,
b0_valid_18route_ER_ACC_002_PT_012,PT_012,cluster_12785870414_3337522189,31.0,ER_ACC_002,emergency_ER_ACC_002_PT_012,11346754525,11346754525,219696193#0,219696193#1,29.72,180368918#6,skip,disabled_by_single_terminal_experiment,,
b0_valid_18route_ER_ACC_002_PT_012,PT_012,cluster_12785870414_3337522189,61.0,ER_ACC_002,emergency_ER_ACC_002_PT_012,joinedS_11203052957_cluster_11203052955_11203052956_11203052960_11203052961_#11more,cluster_11203052955_11203052956_11203052960_11203052961_#11more,781985787#0,-781985788#0,29.823,218773869#1,skip,disabled_by_single_terminal_experiment,,
b0_valid_18route_ER_ACC_002_PT_012,PT_012,cluster_12785870414_3337522189,67.0,ER_ACC_002,emergency_ER_ACC_002_PT_012,cluster_11203041632_11203041633_11203041634_11203041635_#5more,cluster_11203041632_11203041633_11203041634_11203041635_#5more,1499619438#0,383097712#1,29.249,218773869#6,skip,disabled_by_single_terminal_experiment,,
b0_valid_18route_ER_ACC_002_PT_012,PT_012,cluster_12785870414_3337522189,80.0,ER_ACC_002,emergency_ER_ACC_002_PT_012,joinedS_11203001806_11203001814_13721232731_5851251250_#6more,cluster_11203001809_11203001817_13721232729,289213613#0,289213613#3,29.063,420361196,skip,disabled_by_single_terminal_experiment,,
b0_valid_18route_ER_ACC_002_PT_013,PT_013,cluster_1326096615_3849700763,1.0,ER_ACC_002,emergency_ER_ACC_002_PT_013,cluster_1326096615_3849700763,cluster_1326096615_3849700763,-381802847#2,-183272625#1,2.979,-381802881#2,skip,safe_green_not_current_or_next_phase,0,2
b0_valid_18route_ER_ACC_002_PT_013,PT_013,cluster_1326096615_3849700763,2.0,ER_ACC_002,emergency_ER_ACC_002_PT_013,cluster_3846534041_436877431,cluster_3846534041_436877431,180368918#3,180368918#5,21.224,-381802881#2,skip,disabled_by_single_terminal_experiment,,
b0_valid_18route_ER_ACC_002_PT_013,PT_013,cluster_1326096615_3849700763,19.0,ER_ACC_002,emergency_ER_ACC_002_PT_013,joinedS_4273893706_4273893707_7335400058_cluster_13348213189_13348213190_13348213191,cluster_13348213189_13348213190_13348213191,-1455512070,-1455512069,29.158,-174870621#2,skip,disabled_by_single_terminal_experiment,,
b0_valid_18route_ER_ACC_002_PT_013,PT_013,cluster_1326096615_3849700763,27.0,ER_ACC_002,emergency_ER_ACC_002_PT_013,7335400049,7335400049,218773869#7,218773869#8,29.261,180368918#0,skip,disabled_by_single_terminal_experiment,,
b0_valid_18route_ER_ACC_002_PT_013,PT_013,cluster_1326096615_3849700763,31.0,ER_ACC_002,emergency_ER_ACC_002_PT_013,11346754525,11346754525,219696193#0,219696193#1,29.72,180368918#6,skip,disabled_by_single_terminal_experiment,,
b0_valid_18route_ER_ACC_002_PT_013,PT_013,cluster_1326096615_3849700763,61.0,ER_ACC_002,emergency_ER_ACC_002_PT_013,joinedS_11203052957_cluster_11203052955_11203052956_11203052960_11203052961_#11more,cluster_11203052955_11203052956_11203052960_11203052961_#11more,781985787#0,-781985788#0,29.823,218773869#1,skip,disabled_by_single_terminal_experiment,,
b0_valid_18route_ER_ACC_002_PT_013,PT_013,cluster_1326096615_3849700763,67.0,ER_ACC_002,emergency_ER_ACC_002_PT_013,cluster_11203041632_11203041633_11203041634_11203041635_#5more,cluster_11203041632_11203041633_11203041634_11203041635_#5more,1499619438#0,383097712#1,29.249,218773869#6,skip,disabled_by_single_terminal_experiment,,
b0_valid_18route_ER_ACC_002_PT_013,PT_013,cluster_1326096615_3849700763,80.0,ER_ACC_002,emergency_ER_ACC_002_PT_013,joinedS_11203001806_11203001814_13721232731_5851251250_#6more,cluster_11203001809_11203001817_13721232729,289213613#0,289213613#3,29.063,420361196,skip,disabled_by_single_terminal_experiment,,
b0_valid_18route_ER_ACC_002_PT_014,PT_014,cluster_13348293702_13348293703_414685829,1.0,ER_ACC_002,emergency_ER_ACC_002_PT_014,cluster_1326096615_3849700763,cluster_1326096615_3849700763,-381802847#2,-183272625#1,2.979,-381802881#2,skip,disabled_by_single_terminal_experiment,,
b0_valid_18route_ER_ACC_002_PT_014,PT_014,cluster_13348293702_13348293703_414685829,2.0,ER_ACC_002,emergency_ER_ACC_002_PT_014,cluster_3846534041_436877431,cluster_3846534041_436877431,180368918#3,180368918#5,21.224,-381802881#2,skip,disabled_by_single_terminal_experiment,,
b0_valid_18route_ER_ACC_002_PT_014,PT_014,cluster_13348293702_13348293703_414685829,19.0,ER_ACC_002,emergency_ER_ACC_002_PT_014,joinedS_4273893706_4273893707_7335400058_cluster_13348213189_13348213190_13348213191,cluster_13348213189_13348213190_13348213191,-1455512070,-1455512069,29.158,-174870621#2,skip,disabled_by_single_terminal_experiment,,
b0_valid_18route_ER_ACC_002_PT_014,PT_014,cluster_13348293702_13348293703_414685829,27.0,ER_ACC_002,emergency_ER_ACC_002_PT_014,7335400049,7335400049,218773869#7,218773869#8,29.261,180368918#0,skip,disabled_by_single_terminal_experiment,,
b0_valid_18route_ER_ACC_002_PT_014,PT_014,cluster_13348293702_13348293703_414685829,31.0,ER_ACC_002,emergency_ER_ACC_002_PT_014,11346754525,11346754525,219696193#0,219696193#1,29.72,180368918#6,skip,disabled_by_single_terminal_experiment,,
b0_valid_18route_ER_ACC_002_PT_014,PT_014,cluster_13348293702_13348293703_414685829,61.0,ER_ACC_002,emergency_ER_ACC_002_PT_014,joinedS_11203052957_cluster_11203052955_11203052956_11203052960_11203052961_#11more,cluster_11203052955_11203052956_11203052960_11203052961_#11more,781985787#0,-781985788#0,29.823,218773869#1,skip,disabled_by_single_terminal_experiment,,
b0_valid_18route_ER_ACC_002_PT_014,PT_014,cluster_13348293702_13348293703_414685829,67.0,ER_ACC_002,emergency_ER_ACC_002_PT_014,cluster_11203041632_11203041633_11203041634_11203041635_#5more,cluster_11203041632_11203041633_11203041634_11203041635_#5more,1499619438#0,383097712#1,29.249,218773869#6,skip,disabled_by_single_terminal_experiment,,
b0_valid_18route_ER_ACC_002_PT_014,PT_014,cluster_13348293702_13348293703_414685829,80.0,ER_ACC_002,emergency_ER_ACC_002_PT_014,joinedS_11203001806_11203001814_13721232731_5851251250_#6more,cluster_11203001809_11203001817_13721232729,289213613#0,289213613#3,29.063,420361196,skip,disabled_by_single_terminal_experiment,,
b0_valid_18route_ER_ACC_002_PT_015,PT_015,cluster_3846534041_436877431,1.0,ER_ACC_002,emergency_ER_ACC_002_PT_015,cluster_1326096615_3849700763,cluster_1326096615_3849700763,-381802847#2,-183272625#1,2.979,-381802881#2,skip,disabled_by_single_terminal_experiment,,
b0_valid_18route_ER_ACC_002_PT_015,PT_015,cluster_3846534041_436877431,2.0,ER_ACC_002,emergency_ER_ACC_002_PT_015,cluster_3846534041_436877431,cluster_3846534041_436877431,180368918#3,180368918#5,21.224,-381802881#2,extend_green,current_phase_already_green,0,
b0_valid_18route_ER_ACC_002_PT_015,PT_015,cluster_3846534041_436877431,19.0,ER_ACC_002,emergency_ER_ACC_002_PT_015,joinedS_4273893706_4273893707_7335400058_cluster_13348213189_13348213190_13348213191,cluster_13348213189_13348213190_13348213191,-1455512070,-1455512069,29.158,-174870621#2,skip,disabled_by_single_terminal_experiment,,
b0_valid_18route_ER_ACC_002_PT_015,PT_015,cluster_3846534041_436877431,27.0,ER_ACC_002,emergency_ER_ACC_002_PT_015,7335400049,7335400049,218773869#7,218773869#8,29.261,180368918#0,skip,disabled_by_single_terminal_experiment,,
b0_valid_18route_ER_ACC_002_PT_015,PT_015,cluster_3846534041_436877431,31.0,ER_ACC_002,emergency_ER_ACC_002_PT_015,11346754525,11346754525,219696193#0,219696193#1,29.72,180368918#6,skip,disabled_by_single_terminal_experiment,,
b0_valid_18route_ER_ACC_002_PT_015,PT_015,cluster_3846534041_436877431,61.0,ER_ACC_002,emergency_ER_ACC_002_PT_015,joinedS_11203052957_cluster_11203052955_11203052956_11203052960_11203052961_#11more,cluster_11203052955_11203052956_11203052960_11203052961_#11more,781985787#0,-781985788#0,29.823,218773869#1,skip,disabled_by_single_terminal_experiment,,
b0_valid_18route_ER_ACC_002_PT_015,PT_015,cluster_3846534041_436877431,67.0,ER_ACC_002,emergency_ER_ACC_002_PT_015,cluster_11203041632_11203041633_11203041634_11203041635_#5more,cluster_11203041632_11203041633_11203041634_11203041635_#5more,1499619438#0,383097712#1,29.249,218773869#6,skip,disabled_by_single_terminal_experiment,,
b0_valid_18route_ER_ACC_002_PT_015,PT_015,cluster_3846534041_436877431,80.0,ER_ACC_002,emergency_ER_ACC_002_PT_015,joinedS_11203001806_11203001814_13721232731_5851251250_#6more,cluster_11203001809_11203001817_13721232729,289213613#0,289213613#3,28.794,420361196,skip,disabled_by_single_terminal_experiment,,
b0_valid_18route_ER_ACC_002_PT_016,PT_016,joinedS_11139302899_11139302904_11178710208_cluster_11139302901_5593950669_5593950674,1.0,ER_ACC_002,emergency_ER_ACC_002_PT_016,cluster_1326096615_3849700763,cluster_1326096615_3849700763,-381802847#2,-183272625#1,2.979,-381802881#2,skip,disabled_by_single_terminal_experiment,,
b0_valid_18route_ER_ACC_002_PT_016,PT_016,joinedS_11139302899_11139302904_11178710208_cluster_11139302901_5593950669_5593950674,2.0,ER_ACC_002,emergency_ER_ACC_002_PT_016,cluster_3846534041_436877431,cluster_3846534041_436877431,180368918#3,180368918#5,21.224,-381802881#2,skip,disabled_by_single_terminal_experiment,,
b0_valid_18route_ER_ACC_002_PT_016,PT_016,joinedS_11139302899_11139302904_11178710208_cluster_11139302901_5593950669_5593950674,19.0,ER_ACC_002,emergency_ER_ACC_002_PT_016,joinedS_4273893706_4273893707_7335400058_cluster_13348213189_13348213190_13348213191,cluster_13348213189_13348213190_13348213191,-1455512070,-1455512069,29.158,-174870621#2,skip,disabled_by_single_terminal_experiment,,
b0_valid_18route_ER_ACC_002_PT_016,PT_016,joinedS_11139302899_11139302904_11178710208_cluster_11139302901_5593950669_5593950674,27.0,ER_ACC_002,emergency_ER_ACC_002_PT_016,7335400049,7335400049,218773869#7,218773869#8,29.261,180368918#0,skip,disabled_by_single_terminal_experiment,,
b0_valid_18route_ER_ACC_002_PT_016,PT_016,joinedS_11139302899_11139302904_11178710208_cluster_11139302901_5593950669_5593950674,31.0,ER_ACC_002,emergency_ER_ACC_002_PT_016,11346754525,11346754525,219696193#0,219696193#1,29.72,180368918#6,skip,disabled_by_single_terminal_experiment,,
b0_valid_18route_ER_ACC_002_PT_016,PT_016,joinedS_11139302899_11139302904_11178710208_cluster_11139302901_5593950669_5593950674,61.0,ER_ACC_002,emergency_ER_ACC_002_PT_016,joinedS_11203052957_cluster_11203052955_11203052956_11203052960_11203052961_#11more,cluster_11203052955_11203052956_11203052960_11203052961_#11more,781985787#0,-781985788#0,29.823,218773869#1,skip,disabled_by_single_terminal_experiment,,
b0_valid_18route_ER_ACC_002_PT_016,PT_016,joinedS_11139302899_11139302904_11178710208_cluster_11139302901_5593950669_5593950674,67.0,ER_ACC_002,emergency_ER_ACC_002_PT_016,cluster_11203041632_11203041633_11203041634_11203041635_#5more,cluster_11203041632_11203041633_11203041634_11203041635_#5more,1499619438#0,383097712#1,29.249,218773869#6,skip,disabled_by_single_terminal_experiment,,
b0_valid_18route_ER_ACC_002_PT_016,PT_016,joinedS_11139302899_11139302904_11178710208_cluster_11139302901_5593950669_5593950674,80.0,ER_ACC_002,emergency_ER_ACC_002_PT_016,joinedS_11203001806_11203001814_13721232731_5851251250_#6more,cluster_11203001809_11203001817_13721232729,289213613#0,289213613#3,29.063,420361196,skip,disabled_by_single_terminal_experiment,,
b0_valid_18route_ER_ACC_002_PT_017,PT_017,joinedS_11203001806_11203001814_13721232731_5851251250_#6more,1.0,ER_ACC_002,emergency_ER_ACC_002_PT_017,cluster_1326096615_3849700763,cluster_1326096615_3849700763,-381802847#2,-183272625#1,2.979,-381802881#2,skip,disabled_by_single_terminal_experiment,,
b0_valid_18route_ER_ACC_002_PT_017,PT_017,joinedS_11203001806_11203001814_13721232731_5851251250_#6more,2.0,ER_ACC_002,emergency_ER_ACC_002_PT_017,cluster_3846534041_436877431,cluster_3846534041_436877431,180368918#3,180368918#5,21.224,-381802881#2,skip,disabled_by_single_terminal_experiment,,
b0_valid_18route_ER_ACC_002_PT_017,PT_017,joinedS_11203001806_11203001814_13721232731_5851251250_#6more,19.0,ER_ACC_002,emergency_ER_ACC_002_PT_017,joinedS_4273893706_4273893707_7335400058_cluster_13348213189_13348213190_13348213191,cluster_13348213189_13348213190_13348213191,-1455512070,-1455512069,29.158,-174870621#2,skip,disabled_by_single_terminal_experiment,,
b0_valid_18route_ER_ACC_002_PT_017,PT_017,joinedS_11203001806_11203001814_13721232731_5851251250_#6more,27.0,ER_ACC_002,emergency_ER_ACC_002_PT_017,7335400049,7335400049,218773869#7,218773869#8,29.261,180368918#0,skip,disabled_by_single_terminal_experiment,,
b0_valid_18route_ER_ACC_002_PT_017,PT_017,joinedS_11203001806_11203001814_13721232731_5851251250_#6more,31.0,ER_ACC_002,emergency_ER_ACC_002_PT_017,11346754525,11346754525,219696193#0,219696193#1,29.72,180368918#6,skip,disabled_by_single_terminal_experiment,,
b0_valid_18route_ER_ACC_002_PT_017,PT_017,joinedS_11203001806_11203001814_13721232731_5851251250_#6more,61.0,ER_ACC_002,emergency_ER_ACC_002_PT_017,joinedS_11203052957_cluster_11203052955_11203052956_11203052960_11203052961_#11more,cluster_11203052955_11203052956_11203052960_11203052961_#11more,781985787#0,-781985788#0,29.823,218773869#1,skip,disabled_by_single_terminal_experiment,,
b0_valid_18route_ER_ACC_002_PT_017,PT_017,joinedS_11203001806_11203001814_13721232731_5851251250_#6more,67.0,ER_ACC_002,emergency_ER_ACC_002_PT_017,cluster_11203041632_11203041633_11203041634_11203041635_#5more,cluster_11203041632_11203041633_11203041634_11203041635_#5more,1499619438#0,383097712#1,29.249,218773869#6,skip,disabled_by_single_terminal_experiment,,
b0_valid_18route_ER_ACC_002_PT_017,PT_017,joinedS_11203001806_11203001814_13721232731_5851251250_#6more,80.0,ER_ACC_002,emergency_ER_ACC_002_PT_017,joinedS_11203001806_11203001814_13721232731_5851251250_#6more,cluster_11203001809_11203001817_13721232729,289213613#0,289213613#3,29.063,420361196,skip,safe_green_not_current_or_next_phase,4,6
b0_valid_18route_ER_ACC_002_PT_018,PT_018,joinedS_11203052957_cluster_11203052955_11203052956_11203052960_11203052961_#11more,1.0,ER_ACC_002,emergency_ER_ACC_002_PT_018,cluster_1326096615_3849700763,cluster_1326096615_3849700763,-381802847#2,-183272625#1,2.979,-381802881#2,skip,disabled_by_single_terminal_experiment,,
b0_valid_18route_ER_ACC_002_PT_018,PT_018,joinedS_11203052957_cluster_11203052955_11203052956_11203052960_11203052961_#11more,2.0,ER_ACC_002,emergency_ER_ACC_002_PT_018,cluster_3846534041_436877431,cluster_3846534041_436877431,180368918#3,180368918#5,21.224,-381802881#2,skip,disabled_by_single_terminal_experiment,,
b0_valid_18route_ER_ACC_002_PT_018,PT_018,joinedS_11203052957_cluster_11203052955_11203052956_11203052960_11203052961_#11more,19.0,ER_ACC_002,emergency_ER_ACC_002_PT_018,joinedS_4273893706_4273893707_7335400058_cluster_13348213189_13348213190_13348213191,cluster_13348213189_13348213190_13348213191,-1455512070,-1455512069,29.158,-174870621#2,skip,disabled_by_single_terminal_experiment,,
b0_valid_18route_ER_ACC_002_PT_018,PT_018,joinedS_11203052957_cluster_11203052955_11203052956_11203052960_11203052961_#11more,27.0,ER_ACC_002,emergency_ER_ACC_002_PT_018,7335400049,7335400049,218773869#7,218773869#8,29.261,180368918#0,skip,disabled_by_single_terminal_experiment,,
b0_valid_18route_ER_ACC_002_PT_018,PT_018,joinedS_11203052957_cluster_11203052955_11203052956_11203052960_11203052961_#11more,31.0,ER_ACC_002,emergency_ER_ACC_002_PT_018,11346754525,11346754525,219696193#0,219696193#1,29.72,180368918#6,skip,disabled_by_single_terminal_experiment,,
b0_valid_18route_ER_ACC_002_PT_018,PT_018,joinedS_11203052957_cluster_11203052955_11203052956_11203052960_11203052961_#11more,61.0,ER_ACC_002,emergency_ER_ACC_002_PT_018,joinedS_11203052957_cluster_11203052955_11203052956_11203052960_11203052961_#11more,cluster_11203052955_11203052956_11203052960_11203052961_#11more,781985787#0,-781985788#0,29.823,218773869#1,skip,safe_green_not_current_or_next_phase,6,4 8
b0_valid_18route_ER_ACC_002_PT_018,PT_018,joinedS_11203052957_cluster_11203052955_11203052956_11203052960_11203052961_#11more,67.0,ER_ACC_002,emergency_ER_ACC_002_PT_018,cluster_11203041632_11203041633_11203041634_11203041635_#5more,cluster_11203041632_11203041633_11203041634_11203041635_#5more,1499619438#0,383097712#1,29.249,218773869#6,skip,disabled_by_single_terminal_experiment,,
b0_valid_18route_ER_ACC_002_PT_018,PT_018,joinedS_11203052957_cluster_11203052955_11203052956_11203052960_11203052961_#11more,80.0,ER_ACC_002,emergency_ER_ACC_002_PT_018,joinedS_11203001806_11203001814_13721232731_5851251250_#6more,cluster_11203001809_11203001817_13721232729,289213613#0,289213613#3,29.063,420361196,skip,disabled_by_single_terminal_experiment,,
b0_valid_18route_ER_ACC_002_PT_019,PT_019,joinedS_4273893706_4273893707_7335400058_cluster_13348213189_13348213190_13348213191,1.0,ER_ACC_002,emergency_ER_ACC_002_PT_019,cluster_1326096615_3849700763,cluster_1326096615_3849700763,-381802847#2,-183272625#1,2.979,-381802881#2,skip,disabled_by_single_terminal_experiment,,
b0_valid_18route_ER_ACC_002_PT_019,PT_019,joinedS_4273893706_4273893707_7335400058_cluster_13348213189_13348213190_13348213191,2.0,ER_ACC_002,emergency_ER_ACC_002_PT_019,cluster_3846534041_436877431,cluster_3846534041_436877431,180368918#3,180368918#5,21.224,-381802881#2,skip,disabled_by_single_terminal_experiment,,
b0_valid_18route_ER_ACC_002_PT_019,PT_019,joinedS_4273893706_4273893707_7335400058_cluster_13348213189_13348213190_13348213191,19.0,ER_ACC_002,emergency_ER_ACC_002_PT_019,joinedS_4273893706_4273893707_7335400058_cluster_13348213189_13348213190_13348213191,cluster_13348213189_13348213190_13348213191,-1455512070,-1455512069,29.158,-174870621#2,extend_green,current_phase_already_green,0,
b0_valid_18route_ER_ACC_002_PT_019,PT_019,joinedS_4273893706_4273893707_7335400058_cluster_13348213189_13348213190_13348213191,27.0,ER_ACC_002,emergency_ER_ACC_002_PT_019,7335400049,7335400049,218773869#7,218773869#8,29.261,180368918#0,skip,disabled_by_single_terminal_experiment,,
b0_valid_18route_ER_ACC_002_PT_019,PT_019,joinedS_4273893706_4273893707_7335400058_cluster_13348213189_13348213190_13348213191,31.0,ER_ACC_002,emergency_ER_ACC_002_PT_019,11346754525,11346754525,219696193#0,219696193#1,29.72,180368918#6,skip,disabled_by_single_terminal_experiment,,
b0_valid_18route_ER_ACC_002_PT_019,PT_019,joinedS_4273893706_4273893707_7335400058_cluster_13348213189_13348213190_13348213191,61.0,ER_ACC_002,emergency_ER_ACC_002_PT_019,joinedS_11203052957_cluster_11203052955_11203052956_11203052960_11203052961_#11more,cluster_11203052955_11203052956_11203052960_11203052961_#11more,781985787#0,-781985788#0,29.823,218773869#1,skip,disabled_by_single_terminal_experiment,,
b0_valid_18route_ER_ACC_002_PT_019,PT_019,joinedS_4273893706_4273893707_7335400058_cluster_13348213189_13348213190_13348213191,67.0,ER_ACC_002,emergency_ER_ACC_002_PT_019,cluster_11203041632_11203041633_11203041634_11203041635_#5more,cluster_11203041632_11203041633_11203041634_11203041635_#5more,1499619438#0,383097712#1,29.249,218773869#6,skip,disabled_by_single_terminal_experiment,,
b0_valid_18route_ER_ACC_002_PT_019,PT_019,joinedS_4273893706_4273893707_7335400058_cluster_13348213189_13348213190_13348213191,80.0,ER_ACC_002,emergency_ER_ACC_002_PT_019,joinedS_11203001806_11203001814_13721232731_5851251250_#6more,cluster_11203001809_11203001817_13721232729,289213613#0,289213613#3,29.063,420361196,skip,disabled_by_single_terminal_experiment,,
b0_valid_18route_ER_ACC_002_PT_020,PT_020,joinedS_4276255150_4276255151_4276255152_cluster_4276255149_436839431,1.0,ER_ACC_002,emergency_ER_ACC_002_PT_020,cluster_1326096615_3849700763,cluster_1326096615_3849700763,-381802847#2,-183272625#1,2.979,-381802881#2,skip,disabled_by_single_terminal_experiment,,
b0_valid_18route_ER_ACC_002_PT_020,PT_020,joinedS_4276255150_4276255151_4276255152_cluster_4276255149_436839431,2.0,ER_ACC_002,emergency_ER_ACC_002_PT_020,cluster_3846534041_436877431,cluster_3846534041_436877431,180368918#3,180368918#5,21.224,-381802881#2,skip,disabled_by_single_terminal_experiment,,
b0_valid_18route_ER_ACC_002_PT_020,PT_020,joinedS_4276255150_4276255151_4276255152_cluster_4276255149_436839431,19.0,ER_ACC_002,emergency_ER_ACC_002_PT_020,joinedS_4273893706_4273893707_7335400058_cluster_13348213189_13348213190_13348213191,cluster_13348213189_13348213190_13348213191,-1455512070,-1455512069,29.158,-174870621#2,skip,disabled_by_single_terminal_experiment,,
b0_valid_18route_ER_ACC_002_PT_020,PT_020,joinedS_4276255150_4276255151_4276255152_cluster_4276255149_436839431,27.0,ER_ACC_002,emergency_ER_ACC_002_PT_020,7335400049,7335400049,218773869#7,218773869#8,29.261,180368918#0,skip,disabled_by_single_terminal_experiment,,
b0_valid_18route_ER_ACC_002_PT_020,PT_020,joinedS_4276255150_4276255151_4276255152_cluster_4276255149_436839431,31.0,ER_ACC_002,emergency_ER_ACC_002_PT_020,11346754525,11346754525,219696193#0,219696193#1,29.72,180368918#6,skip,disabled_by_single_terminal_experiment,,
b0_valid_18route_ER_ACC_002_PT_020,PT_020,joinedS_4276255150_4276255151_4276255152_cluster_4276255149_436839431,61.0,ER_ACC_002,emergency_ER_ACC_002_PT_020,joinedS_11203052957_cluster_11203052955_11203052956_11203052960_11203052961_#11more,cluster_11203052955_11203052956_11203052960_11203052961_#11more,781985787#0,-781985788#0,29.823,218773869#1,skip,disabled_by_single_terminal_experiment,,
b0_valid_18route_ER_ACC_002_PT_020,PT_020,joinedS_4276255150_4276255151_4276255152_cluster_4276255149_436839431,67.0,ER_ACC_002,emergency_ER_ACC_002_PT_020,cluster_11203041632_11203041633_11203041634_11203041635_#5more,cluster_11203041632_11203041633_11203041634_11203041635_#5more,1499619438#0,383097712#1,29.249,218773869#6,skip,disabled_by_single_terminal_experiment,,
b0_valid_18route_ER_ACC_002_PT_020,PT_020,joinedS_4276255150_4276255151_4276255152_cluster_4276255149_436839431,80.0,ER_ACC_002,emergency_ER_ACC_002_PT_020,joinedS_11203001806_11203001814_13721232731_5851251250_#6more,cluster_11203001809_11203001817_13721232729,289213613#0,289213613#3,29.063,420361196,skip,disabled_by_single_terminal_experiment,,
b0_valid_18route_ER_ACC_003_PT_001,PT_001,11203059756,1.0,ER_ACC_003,emergency_ER_ACC_003_PT_001,cluster_1326096615_3849700763,cluster_1326096615_3849700763,-381802847#2,-183272625#1,2.979,-381802881#2,skip,disabled_by_single_terminal_experiment,,
b0_valid_18route_ER_ACC_003_PT_001,PT_001,11203059756,2.0,ER_ACC_003,emergency_ER_ACC_003_PT_001,cluster_3846534041_436877431,cluster_3846534041_436877431,180368918#3,180368918#5,21.224,-381802881#2,skip,disabled_by_single_terminal_experiment,,
b0_valid_18route_ER_ACC_003_PT_001,PT_001,11203059756,19.0,ER_ACC_003,emergency_ER_ACC_003_PT_001,joinedS_4273893706_4273893707_7335400058_cluster_13348213189_13348213190_13348213191,cluster_13348213189_13348213190_13348213191,-1455512070,-1455512069,29.158,-174870621#2,skip,disabled_by_single_terminal_experiment,,
b0_valid_18route_ER_ACC_003_PT_001,PT_001,11203059756,27.0,ER_ACC_003,emergency_ER_ACC_003_PT_001,7335400049,7335400049,218773869#7,218773869#8,29.261,180368918#0,skip,disabled_by_single_terminal_experiment,,
b0_valid_18route_ER_ACC_003_PT_001,PT_001,11203059756,31.0,ER_ACC_003,emergency_ER_ACC_003_PT_001,11346754525,11346754525,219696193#0,219696193#1,29.72,180368918#6,skip,disabled_by_single_terminal_experiment,,
b0_valid_18route_ER_ACC_003_PT_001,PT_001,11203059756,61.0,ER_ACC_003,emergency_ER_ACC_003_PT_001,joinedS_11203052957_cluster_11203052955_11203052956_11203052960_11203052961_#11more,cluster_11203052955_11203052956_11203052960_11203052961_#11more,781985787#0,-781985788#0,29.823,218773869#1,skip,disabled_by_single_terminal_experiment,,
b0_valid_18route_ER_ACC_003_PT_001,PT_001,11203059756,67.0,ER_ACC_003,emergency_ER_ACC_003_PT_001,cluster_11203041632_11203041633_11203041634_11203041635_#5more,cluster_11203041632_11203041633_11203041634_11203041635_#5more,1499619438#0,1499619445#2,29.249,218773869#6,skip,disabled_by_single_terminal_experiment,,
b0_valid_18route_ER_ACC_003_PT_001,PT_001,11203059756,72.0,ER_ACC_003,emergency_ER_ACC_003_PT_001,13732389938,13732389938,1499619443#4,1499619443#8,29.748,219696193#1,skip,disabled_by_single_terminal_experiment,,
b0_valid_18route_ER_ACC_003_PT_001,PT_001,11203059756,75.0,ER_ACC_003,emergency_ER_ACC_003_PT_001,13732389937,13732389937,1499619443#8,1499619443#9,29.305,219696193#2,skip,disabled_by_single_terminal_experiment,,
b0_valid_18route_ER_ACC_003_PT_002,PT_002,11346754524,1.0,ER_ACC_003,emergency_ER_ACC_003_PT_002,cluster_1326096615_3849700763,cluster_1326096615_3849700763,-381802847#2,-183272625#1,2.979,-381802881#2,skip,disabled_by_single_terminal_experiment,,
b0_valid_18route_ER_ACC_003_PT_002,PT_002,11346754524,2.0,ER_ACC_003,emergency_ER_ACC_003_PT_002,cluster_3846534041_436877431,cluster_3846534041_436877431,180368918#3,180368918#5,21.224,-381802881#2,skip,disabled_by_single_terminal_experiment,,
b0_valid_18route_ER_ACC_003_PT_002,PT_002,11346754524,19.0,ER_ACC_003,emergency_ER_ACC_003_PT_002,joinedS_4273893706_4273893707_7335400058_cluster_13348213189_13348213190_13348213191,cluster_13348213189_13348213190_13348213191,-1455512070,-1455512069,29.158,-174870621#2,skip,disabled_by_single_terminal_experiment,,
b0_valid_18route_ER_ACC_003_PT_002,PT_002,11346754524,27.0,ER_ACC_003,emergency_ER_ACC_003_PT_002,7335400049,7335400049,218773869#7,218773869#8,29.261,180368918#0,skip,disabled_by_single_terminal_experiment,,
b0_valid_18route_ER_ACC_003_PT_002,PT_002,11346754524,31.0,ER_ACC_003,emergency_ER_ACC_003_PT_002,11346754525,11346754525,219696193#0,219696193#1,29.72,180368918#6,skip,disabled_by_single_terminal_experiment,,
b0_valid_18route_ER_ACC_003_PT_002,PT_002,11346754524,61.0,ER_ACC_003,emergency_ER_ACC_003_PT_002,joinedS_11203052957_cluster_11203052955_11203052956_11203052960_11203052961_#11more,cluster_11203052955_11203052956_11203052960_11203052961_#11more,781985787#0,-781985788#0,29.823,218773869#1,skip,disabled_by_single_terminal_experiment,,
b0_valid_18route_ER_ACC_003_PT_002,PT_002,11346754524,67.0,ER_ACC_003,emergency_ER_ACC_003_PT_002,cluster_11203041632_11203041633_11203041634_11203041635_#5more,cluster_11203041632_11203041633_11203041634_11203041635_#5more,1499619438#0,1499619445#2,29.249,218773869#6,skip,disabled_by_single_terminal_experiment,,
b0_valid_18route_ER_ACC_003_PT_002,PT_002,11346754524,72.0,ER_ACC_003,emergency_ER_ACC_003_PT_002,13732389938,13732389938,1499619443#4,1499619443#8,29.748,219696193#1,skip,disabled_by_single_terminal_experiment,,
b0_valid_18route_ER_ACC_003_PT_002,PT_002,11346754524,75.0,ER_ACC_003,emergency_ER_ACC_003_PT_002,13732389937,13732389937,1499619443#8,1499619443#9,29.305,219696193#2,skip,disabled_by_single_terminal_experiment,,
b0_valid_18route_ER_ACC_003_PT_003,PT_003,11346754525,1.0,ER_ACC_003,emergency_ER_ACC_003_PT_003,cluster_1326096615_3849700763,cluster_1326096615_3849700763,-381802847#2,-183272625#1,2.979,-381802881#2,skip,disabled_by_single_terminal_experiment,,
b0_valid_18route_ER_ACC_003_PT_003,PT_003,11346754525,2.0,ER_ACC_003,emergency_ER_ACC_003_PT_003,cluster_3846534041_436877431,cluster_3846534041_436877431,180368918#3,180368918#5,21.224,-381802881#2,skip,disabled_by_single_terminal_experiment,,
b0_valid_18route_ER_ACC_003_PT_003,PT_003,11346754525,19.0,ER_ACC_003,emergency_ER_ACC_003_PT_003,joinedS_4273893706_4273893707_7335400058_cluster_13348213189_13348213190_13348213191,cluster_13348213189_13348213190_13348213191,-1455512070,-1455512069,29.158,-174870621#2,skip,disabled_by_single_terminal_experiment,,
b0_valid_18route_ER_ACC_003_PT_003,PT_003,11346754525,27.0,ER_ACC_003,emergency_ER_ACC_003_PT_003,7335400049,7335400049,218773869#7,218773869#8,29.261,180368918#0,skip,disabled_by_single_terminal_experiment,,
b0_valid_18route_ER_ACC_003_PT_003,PT_003,11346754525,31.0,ER_ACC_003,emergency_ER_ACC_003_PT_003,11346754525,11346754525,219696193#0,219696193#1,29.72,180368918#6,extend_green,current_phase_already_green,0,
b0_valid_18route_ER_ACC_003_PT_003,PT_003,11346754525,61.0,ER_ACC_003,emergency_ER_ACC_003_PT_003,joinedS_11203052957_cluster_11203052955_11203052956_11203052960_11203052961_#11more,cluster_11203052955_11203052956_11203052960_11203052961_#11more,781985787#0,-781985788#0,29.823,218773869#1,skip,disabled_by_single_terminal_experiment,,
b0_valid_18route_ER_ACC_003_PT_003,PT_003,11346754525,67.0,ER_ACC_003,emergency_ER_ACC_003_PT_003,cluster_11203041632_11203041633_11203041634_11203041635_#5more,cluster_11203041632_11203041633_11203041634_11203041635_#5more,1499619438#0,1499619445#2,29.249,218773869#6,skip,disabled_by_single_terminal_experiment,,
b0_valid_18route_ER_ACC_003_PT_003,PT_003,11346754525,72.0,ER_ACC_003,emergency_ER_ACC_003_PT_003,13732389938,13732389938,1499619443#4,1499619443#8,29.748,219696193#1,skip,disabled_by_single_terminal_experiment,,
b0_valid_18route_ER_ACC_003_PT_003,PT_003,11346754525,75.0,ER_ACC_003,emergency_ER_ACC_003_PT_003,13732389937,13732389937,1499619443#8,1499619443#9,29.305,219696193#2,skip,disabled_by_single_terminal_experiment,,
b0_valid_18route_ER_ACC_003_PT_004,PT_004,13732389937,1.0,ER_ACC_003,emergency_ER_ACC_003_PT_004,cluster_1326096615_3849700763,cluster_1326096615_3849700763,-381802847#2,-183272625#1,2.979,-381802881#2,skip,disabled_by_single_terminal_experiment,,
b0_valid_18route_ER_ACC_003_PT_004,PT_004,13732389937,2.0,ER_ACC_003,emergency_ER_ACC_003_PT_004,cluster_3846534041_436877431,cluster_3846534041_436877431,180368918#3,180368918#5,21.224,-381802881#2,skip,disabled_by_single_terminal_experiment,,
b0_valid_18route_ER_ACC_003_PT_004,PT_004,13732389937,19.0,ER_ACC_003,emergency_ER_ACC_003_PT_004,joinedS_4273893706_4273893707_7335400058_cluster_13348213189_13348213190_13348213191,cluster_13348213189_13348213190_13348213191,-1455512070,-1455512069,29.158,-174870621#2,skip,disabled_by_single_terminal_experiment,,
b0_valid_18route_ER_ACC_003_PT_004,PT_004,13732389937,27.0,ER_ACC_003,emergency_ER_ACC_003_PT_004,7335400049,7335400049,218773869#7,218773869#8,29.261,180368918#0,skip,disabled_by_single_terminal_experiment,,
b0_valid_18route_ER_ACC_003_PT_004,PT_004,13732389937,31.0,ER_ACC_003,emergency_ER_ACC_003_PT_004,11346754525,11346754525,219696193#0,219696193#1,29.72,180368918#6,skip,disabled_by_single_terminal_experiment,,
b0_valid_18route_ER_ACC_003_PT_004,PT_004,13732389937,61.0,ER_ACC_003,emergency_ER_ACC_003_PT_004,joinedS_11203052957_cluster_11203052955_11203052956_11203052960_11203052961_#11more,cluster_11203052955_11203052956_11203052960_11203052961_#11more,781985787#0,-781985788#0,29.823,218773869#1,skip,disabled_by_single_terminal_experiment,,
b0_valid_18route_ER_ACC_003_PT_004,PT_004,13732389937,67.0,ER_ACC_003,emergency_ER_ACC_003_PT_004,cluster_11203041632_11203041633_11203041634_11203041635_#5more,cluster_11203041632_11203041633_11203041634_11203041635_#5more,1499619438#0,1499619445#2,29.249,218773869#6,skip,disabled_by_single_terminal_experiment,,
b0_valid_18route_ER_ACC_003_PT_004,PT_004,13732389937,72.0,ER_ACC_003,emergency_ER_ACC_003_PT_004,13732389938,13732389938,1499619443#4,1499619443#8,29.748,219696193#1,skip,disabled_by_single_terminal_experiment,,
b0_valid_18route_ER_ACC_003_PT_004,PT_004,13732389937,75.0,ER_ACC_003,emergency_ER_ACC_003_PT_004,13732389937,13732389937,1499619443#8,1499619443#9,29.305,219696193#2,extend_green,current_phase_already_green,2,
b0_valid_18route_ER_ACC_003_PT_005,PT_005,13732389938,1.0,ER_ACC_003,emergency_ER_ACC_003_PT_005,cluster_1326096615_3849700763,cluster_1326096615_3849700763,-381802847#2,-183272625#1,2.979,-381802881#2,skip,disabled_by_single_terminal_experiment,,
b0_valid_18route_ER_ACC_003_PT_005,PT_005,13732389938,2.0,ER_ACC_003,emergency_ER_ACC_003_PT_005,cluster_3846534041_436877431,cluster_3846534041_436877431,180368918#3,180368918#5,21.224,-381802881#2,skip,disabled_by_single_terminal_experiment,,
b0_valid_18route_ER_ACC_003_PT_005,PT_005,13732389938,19.0,ER_ACC_003,emergency_ER_ACC_003_PT_005,joinedS_4273893706_4273893707_7335400058_cluster_13348213189_13348213190_13348213191,cluster_13348213189_13348213190_13348213191,-1455512070,-1455512069,29.158,-174870621#2,skip,disabled_by_single_terminal_experiment,,
b0_valid_18route_ER_ACC_003_PT_005,PT_005,13732389938,27.0,ER_ACC_003,emergency_ER_ACC_003_PT_005,7335400049,7335400049,218773869#7,218773869#8,29.261,180368918#0,skip,disabled_by_single_terminal_experiment,,
b0_valid_18route_ER_ACC_003_PT_005,PT_005,13732389938,31.0,ER_ACC_003,emergency_ER_ACC_003_PT_005,11346754525,11346754525,219696193#0,219696193#1,29.72,180368918#6,skip,disabled_by_single_terminal_experiment,,
b0_valid_18route_ER_ACC_003_PT_005,PT_005,13732389938,61.0,ER_ACC_003,emergency_ER_ACC_003_PT_005,joinedS_11203052957_cluster_11203052955_11203052956_11203052960_11203052961_#11more,cluster_11203052955_11203052956_11203052960_11203052961_#11more,781985787#0,-781985788#0,29.823,218773869#1,skip,disabled_by_single_terminal_experiment,,
b0_valid_18route_ER_ACC_003_PT_005,PT_005,13732389938,67.0,ER_ACC_003,emergency_ER_ACC_003_PT_005,cluster_11203041632_11203041633_11203041634_11203041635_#5more,cluster_11203041632_11203041633_11203041634_11203041635_#5more,1499619438#0,1499619445#2,29.249,218773869#6,skip,disabled_by_single_terminal_experiment,,
b0_valid_18route_ER_ACC_003_PT_005,PT_005,13732389938,72.0,ER_ACC_003,emergency_ER_ACC_003_PT_005,13732389938,13732389938,1499619443#4,1499619443#8,29.748,219696193#1,extend_green,current_phase_already_green,2,
b0_valid_18route_ER_ACC_003_PT_005,PT_005,13732389938,75.0,ER_ACC_003,emergency_ER_ACC_003_PT_005,13732389937,13732389937,1499619443#8,1499619443#9,29.305,219696193#2,skip,disabled_by_single_terminal_experiment,,
b0_valid_18route_ER_ACC_003_PT_006,PT_006,4202879197,1.0,ER_ACC_003,emergency_ER_ACC_003_PT_006,cluster_1326096615_3849700763,cluster_1326096615_3849700763,-381802847#2,-183272625#1,2.979,-381802881#2,skip,disabled_by_single_terminal_experiment,,
b0_valid_18route_ER_ACC_003_PT_006,PT_006,4202879197,2.0,ER_ACC_003,emergency_ER_ACC_003_PT_006,cluster_3846534041_436877431,cluster_3846534041_436877431,180368918#3,180368918#5,21.224,-381802881#2,skip,disabled_by_single_terminal_experiment,,
b0_valid_18route_ER_ACC_003_PT_006,PT_006,4202879197,19.0,ER_ACC_003,emergency_ER_ACC_003_PT_006,joinedS_4273893706_4273893707_7335400058_cluster_13348213189_13348213190_13348213191,cluster_13348213189_13348213190_13348213191,-1455512070,-1455512069,29.158,-174870621#2,skip,disabled_by_single_terminal_experiment,,
b0_valid_18route_ER_ACC_003_PT_006,PT_006,4202879197,27.0,ER_ACC_003,emergency_ER_ACC_003_PT_006,7335400049,7335400049,218773869#7,218773869#8,29.261,180368918#0,skip,disabled_by_single_terminal_experiment,,
b0_valid_18route_ER_ACC_003_PT_006,PT_006,4202879197,31.0,ER_ACC_003,emergency_ER_ACC_003_PT_006,11346754525,11346754525,219696193#0,219696193#1,29.72,180368918#6,skip,disabled_by_single_terminal_experiment,,
b0_valid_18route_ER_ACC_003_PT_006,PT_006,4202879197,61.0,ER_ACC_003,emergency_ER_ACC_003_PT_006,joinedS_11203052957_cluster_11203052955_11203052956_11203052960_11203052961_#11more,cluster_11203052955_11203052956_11203052960_11203052961_#11more,781985787#0,-781985788#0,29.823,218773869#1,skip,disabled_by_single_terminal_experiment,,
b0_valid_18route_ER_ACC_003_PT_006,PT_006,4202879197,67.0,ER_ACC_003,emergency_ER_ACC_003_PT_006,cluster_11203041632_11203041633_11203041634_11203041635_#5more,cluster_11203041632_11203041633_11203041634_11203041635_#5more,1499619438#0,1499619445#2,29.249,218773869#6,skip,disabled_by_single_terminal_experiment,,
b0_valid_18route_ER_ACC_003_PT_006,PT_006,4202879197,72.0,ER_ACC_003,emergency_ER_ACC_003_PT_006,13732389938,13732389938,1499619443#4,1499619443#8,29.748,219696193#1,skip,disabled_by_single_terminal_experiment,,
b0_valid_18route_ER_ACC_003_PT_006,PT_006,4202879197,75.0,ER_ACC_003,emergency_ER_ACC_003_PT_006,13732389937,13732389937,1499619443#8,1499619443#9,29.305,219696193#2,skip,disabled_by_single_terminal_experiment,,
b0_valid_18route_ER_ACC_003_PT_007,PT_007,436870729,1.0,ER_ACC_003,emergency_ER_ACC_003_PT_007,cluster_1326096615_3849700763,cluster_1326096615_3849700763,-381802847#2,-183272625#1,2.979,-381802881#2,skip,disabled_by_single_terminal_experiment,,
b0_valid_18route_ER_ACC_003_PT_007,PT_007,436870729,2.0,ER_ACC_003,emergency_ER_ACC_003_PT_007,cluster_3846534041_436877431,cluster_3846534041_436877431,180368918#3,180368918#5,21.224,-381802881#2,skip,disabled_by_single_terminal_experiment,,
b0_valid_18route_ER_ACC_003_PT_007,PT_007,436870729,19.0,ER_ACC_003,emergency_ER_ACC_003_PT_007,joinedS_4273893706_4273893707_7335400058_cluster_13348213189_13348213190_13348213191,cluster_13348213189_13348213190_13348213191,-1455512070,-1455512069,29.158,-174870621#2,skip,disabled_by_single_terminal_experiment,,
b0_valid_18route_ER_ACC_003_PT_007,PT_007,436870729,27.0,ER_ACC_003,emergency_ER_ACC_003_PT_007,7335400049,7335400049,218773869#7,218773869#8,29.261,180368918#0,skip,disabled_by_single_terminal_experiment,,
b0_valid_18route_ER_ACC_003_PT_007,PT_007,436870729,31.0,ER_ACC_003,emergency_ER_ACC_003_PT_007,11346754525,11346754525,219696193#0,219696193#1,29.72,180368918#6,skip,disabled_by_single_terminal_experiment,,
b0_valid_18route_ER_ACC_003_PT_007,PT_007,436870729,61.0,ER_ACC_003,emergency_ER_ACC_003_PT_007,joinedS_11203052957_cluster_11203052955_11203052956_11203052960_11203052961_#11more,cluster_11203052955_11203052956_11203052960_11203052961_#11more,781985787#0,-781985788#0,29.823,218773869#1,skip,disabled_by_single_terminal_experiment,,
b0_valid_18route_ER_ACC_003_PT_007,PT_007,436870729,67.0,ER_ACC_003,emergency_ER_ACC_003_PT_007,cluster_11203041632_11203041633_11203041634_11203041635_#5more,cluster_11203041632_11203041633_11203041634_11203041635_#5more,1499619438#0,1499619445#2,29.249,218773869#6,skip,disabled_by_single_terminal_experiment,,
b0_valid_18route_ER_ACC_003_PT_007,PT_007,436870729,72.0,ER_ACC_003,emergency_ER_ACC_003_PT_007,13732389938,13732389938,1499619443#4,1499619443#8,29.748,219696193#1,skip,disabled_by_single_terminal_experiment,,
b0_valid_18route_ER_ACC_003_PT_007,PT_007,436870729,75.0,ER_ACC_003,emergency_ER_ACC_003_PT_007,13732389937,13732389937,1499619443#8,1499619443#9,29.305,219696193#2,skip,disabled_by_single_terminal_experiment,,
b0_valid_18route_ER_ACC_003_PT_008,PT_008,7311080426,1.0,ER_ACC_003,emergency_ER_ACC_003_PT_008,cluster_1326096615_3849700763,cluster_1326096615_3849700763,-381802847#2,-183272625#1,2.979,-381802881#2,skip,disabled_by_single_terminal_experiment,,
b0_valid_18route_ER_ACC_003_PT_008,PT_008,7311080426,2.0,ER_ACC_003,emergency_ER_ACC_003_PT_008,cluster_3846534041_436877431,cluster_3846534041_436877431,180368918#3,180368918#5,21.224,-381802881#2,skip,disabled_by_single_terminal_experiment,,
b0_valid_18route_ER_ACC_003_PT_008,PT_008,7311080426,19.0,ER_ACC_003,emergency_ER_ACC_003_PT_008,joinedS_4273893706_4273893707_7335400058_cluster_13348213189_13348213190_13348213191,cluster_13348213189_13348213190_13348213191,-1455512070,-1455512069,29.158,-174870621#2,skip,disabled_by_single_terminal_experiment,,
b0_valid_18route_ER_ACC_003_PT_008,PT_008,7311080426,27.0,ER_ACC_003,emergency_ER_ACC_003_PT_008,7335400049,7335400049,218773869#7,218773869#8,29.261,180368918#0,skip,disabled_by_single_terminal_experiment,,
b0_valid_18route_ER_ACC_003_PT_008,PT_008,7311080426,31.0,ER_ACC_003,emergency_ER_ACC_003_PT_008,11346754525,11346754525,219696193#0,219696193#1,29.72,180368918#6,skip,disabled_by_single_terminal_experiment,,
b0_valid_18route_ER_ACC_003_PT_008,PT_008,7311080426,61.0,ER_ACC_003,emergency_ER_ACC_003_PT_008,joinedS_11203052957_cluster_11203052955_11203052956_11203052960_11203052961_#11more,cluster_11203052955_11203052956_11203052960_11203052961_#11more,781985787#0,-781985788#0,29.823,218773869#1,skip,disabled_by_single_terminal_experiment,,
b0_valid_18route_ER_ACC_003_PT_008,PT_008,7311080426,67.0,ER_ACC_003,emergency_ER_ACC_003_PT_008,cluster_11203041632_11203041633_11203041634_11203041635_#5more,cluster_11203041632_11203041633_11203041634_11203041635_#5more,1499619438#0,1499619445#2,29.249,218773869#6,skip,disabled_by_single_terminal_experiment,,
b0_valid_18route_ER_ACC_003_PT_008,PT_008,7311080426,72.0,ER_ACC_003,emergency_ER_ACC_003_PT_008,13732389938,13732389938,1499619443#4,1499619443#8,29.748,219696193#1,skip,disabled_by_single_terminal_experiment,,
b0_valid_18route_ER_ACC_003_PT_008,PT_008,7311080426,75.0,ER_ACC_003,emergency_ER_ACC_003_PT_008,13732389937,13732389937,1499619443#8,1499619443#9,29.305,219696193#2,skip,disabled_by_single_terminal_experiment,,
b0_valid_18route_ER_ACC_003_PT_009,PT_009,7335400049,1.0,ER_ACC_003,emergency_ER_ACC_003_PT_009,cluster_1326096615_3849700763,cluster_1326096615_3849700763,-381802847#2,-183272625#1,2.979,-381802881#2,skip,disabled_by_single_terminal_experiment,,
b0_valid_18route_ER_ACC_003_PT_009,PT_009,7335400049,2.0,ER_ACC_003,emergency_ER_ACC_003_PT_009,cluster_3846534041_436877431,cluster_3846534041_436877431,180368918#3,180368918#5,21.224,-381802881#2,skip,disabled_by_single_terminal_experiment,,
b0_valid_18route_ER_ACC_003_PT_009,PT_009,7335400049,19.0,ER_ACC_003,emergency_ER_ACC_003_PT_009,joinedS_4273893706_4273893707_7335400058_cluster_13348213189_13348213190_13348213191,cluster_13348213189_13348213190_13348213191,-1455512070,-1455512069,29.158,-174870621#2,skip,disabled_by_single_terminal_experiment,,
b0_valid_18route_ER_ACC_003_PT_009,PT_009,7335400049,27.0,ER_ACC_003,emergency_ER_ACC_003_PT_009,7335400049,7335400049,218773869#7,218773869#8,29.261,180368918#0,extend_green,current_phase_already_green,0,
b0_valid_18route_ER_ACC_003_PT_009,PT_009,7335400049,31.0,ER_ACC_003,emergency_ER_ACC_003_PT_009,11346754525,11346754525,219696193#0,219696193#1,29.72,180368918#6,skip,disabled_by_single_terminal_experiment,,
b0_valid_18route_ER_ACC_003_PT_009,PT_009,7335400049,61.0,ER_ACC_003,emergency_ER_ACC_003_PT_009,joinedS_11203052957_cluster_11203052955_11203052956_11203052960_11203052961_#11more,cluster_11203052955_11203052956_11203052960_11203052961_#11more,781985787#0,-781985788#0,29.823,218773869#1,skip,disabled_by_single_terminal_experiment,,
b0_valid_18route_ER_ACC_003_PT_009,PT_009,7335400049,67.0,ER_ACC_003,emergency_ER_ACC_003_PT_009,cluster_11203041632_11203041633_11203041634_11203041635_#5more,cluster_11203041632_11203041633_11203041634_11203041635_#5more,1499619438#0,1499619445#2,29.249,218773869#6,skip,disabled_by_single_terminal_experiment,,
b0_valid_18route_ER_ACC_003_PT_009,PT_009,7335400049,72.0,ER_ACC_003,emergency_ER_ACC_003_PT_009,13732389938,13732389938,1499619443#4,1499619443#8,29.748,219696193#1,skip,disabled_by_single_terminal_experiment,,
b0_valid_18route_ER_ACC_003_PT_009,PT_009,7335400049,75.0,ER_ACC_003,emergency_ER_ACC_003_PT_009,13732389937,13732389937,1499619443#8,1499619443#9,29.305,219696193#2,skip,disabled_by_single_terminal_experiment,,
b0_valid_18route_ER_ACC_003_PT_010,PT_010,cluster_11203041632_11203041633_11203041634_11203041635_#5more,1.0,ER_ACC_003,emergency_ER_ACC_003_PT_010,cluster_1326096615_3849700763,cluster_1326096615_3849700763,-381802847#2,-183272625#1,2.979,-381802881#2,skip,disabled_by_single_terminal_experiment,,
b0_valid_18route_ER_ACC_003_PT_010,PT_010,cluster_11203041632_11203041633_11203041634_11203041635_#5more,2.0,ER_ACC_003,emergency_ER_ACC_003_PT_010,cluster_3846534041_436877431,cluster_3846534041_436877431,180368918#3,180368918#5,21.224,-381802881#2,skip,disabled_by_single_terminal_experiment,,
b0_valid_18route_ER_ACC_003_PT_010,PT_010,cluster_11203041632_11203041633_11203041634_11203041635_#5more,19.0,ER_ACC_003,emergency_ER_ACC_003_PT_010,joinedS_4273893706_4273893707_7335400058_cluster_13348213189_13348213190_13348213191,cluster_13348213189_13348213190_13348213191,-1455512070,-1455512069,29.158,-174870621#2,skip,disabled_by_single_terminal_experiment,,
b0_valid_18route_ER_ACC_003_PT_010,PT_010,cluster_11203041632_11203041633_11203041634_11203041635_#5more,27.0,ER_ACC_003,emergency_ER_ACC_003_PT_010,7335400049,7335400049,218773869#7,218773869#8,29.261,180368918#0,skip,disabled_by_single_terminal_experiment,,
b0_valid_18route_ER_ACC_003_PT_010,PT_010,cluster_11203041632_11203041633_11203041634_11203041635_#5more,31.0,ER_ACC_003,emergency_ER_ACC_003_PT_010,11346754525,11346754525,219696193#0,219696193#1,29.72,180368918#6,skip,disabled_by_single_terminal_experiment,,
b0_valid_18route_ER_ACC_003_PT_010,PT_010,cluster_11203041632_11203041633_11203041634_11203041635_#5more,61.0,ER_ACC_003,emergency_ER_ACC_003_PT_010,joinedS_11203052957_cluster_11203052955_11203052956_11203052960_11203052961_#11more,cluster_11203052955_11203052956_11203052960_11203052961_#11more,781985787#0,-781985788#0,29.823,218773869#1,skip,disabled_by_single_terminal_experiment,,
b0_valid_18route_ER_ACC_003_PT_010,PT_010,cluster_11203041632_11203041633_11203041634_11203041635_#5more,67.0,ER_ACC_003,emergency_ER_ACC_003_PT_010,cluster_11203041632_11203041633_11203041634_11203041635_#5more,cluster_11203041632_11203041633_11203041634_11203041635_#5more,1499619438#0,1499619445#2,29.249,218773869#6,skip,safe_green_not_current_or_next_phase,4,0
b0_valid_18route_ER_ACC_003_PT_010,PT_010,cluster_11203041632_11203041633_11203041634_11203041635_#5more,72.0,ER_ACC_003,emergency_ER_ACC_003_PT_010,13732389938,13732389938,1499619443#4,1499619443#8,29.748,219696193#1,skip,disabled_by_single_terminal_experiment,,
b0_valid_18route_ER_ACC_003_PT_010,PT_010,cluster_11203041632_11203041633_11203041634_11203041635_#5more,75.0,ER_ACC_003,emergency_ER_ACC_003_PT_010,13732389937,13732389937,1499619443#8,1499619443#9,29.305,219696193#2,skip,disabled_by_single_terminal_experiment,,
b0_valid_18route_ER_ACC_003_PT_011,PT_011,cluster_11277565408_11277565409_414685823_5851251280,1.0,ER_ACC_003,emergency_ER_ACC_003_PT_011,cluster_1326096615_3849700763,cluster_1326096615_3849700763,-381802847#2,-183272625#1,2.979,-381802881#2,skip,disabled_by_single_terminal_experiment,,
b0_valid_18route_ER_ACC_003_PT_011,PT_011,cluster_11277565408_11277565409_414685823_5851251280,2.0,ER_ACC_003,emergency_ER_ACC_003_PT_011,cluster_3846534041_436877431,cluster_3846534041_436877431,180368918#3,180368918#5,21.224,-381802881#2,skip,disabled_by_single_terminal_experiment,,
b0_valid_18route_ER_ACC_003_PT_011,PT_011,cluster_11277565408_11277565409_414685823_5851251280,19.0,ER_ACC_003,emergency_ER_ACC_003_PT_011,joinedS_4273893706_4273893707_7335400058_cluster_13348213189_13348213190_13348213191,cluster_13348213189_13348213190_13348213191,-1455512070,-1455512069,29.158,-174870621#2,skip,disabled_by_single_terminal_experiment,,
b0_valid_18route_ER_ACC_003_PT_011,PT_011,cluster_11277565408_11277565409_414685823_5851251280,27.0,ER_ACC_003,emergency_ER_ACC_003_PT_011,7335400049,7335400049,218773869#7,218773869#8,29.261,180368918#0,skip,disabled_by_single_terminal_experiment,,
b0_valid_18route_ER_ACC_003_PT_011,PT_011,cluster_11277565408_11277565409_414685823_5851251280,31.0,ER_ACC_003,emergency_ER_ACC_003_PT_011,11346754525,11346754525,219696193#0,219696193#1,29.72,180368918#6,skip,disabled_by_single_terminal_experiment,,
b0_valid_18route_ER_ACC_003_PT_011,PT_011,cluster_11277565408_11277565409_414685823_5851251280,61.0,ER_ACC_003,emergency_ER_ACC_003_PT_011,joinedS_11203052957_cluster_11203052955_11203052956_11203052960_11203052961_#11more,cluster_11203052955_11203052956_11203052960_11203052961_#11more,781985787#0,-781985788#0,29.823,218773869#1,skip,disabled_by_single_terminal_experiment,,
b0_valid_18route_ER_ACC_003_PT_011,PT_011,cluster_11277565408_11277565409_414685823_5851251280,67.0,ER_ACC_003,emergency_ER_ACC_003_PT_011,cluster_11203041632_11203041633_11203041634_11203041635_#5more,cluster_11203041632_11203041633_11203041634_11203041635_#5more,1499619438#0,1499619445#2,29.249,218773869#6,skip,disabled_by_single_terminal_experiment,,
b0_valid_18route_ER_ACC_003_PT_011,PT_011,cluster_11277565408_11277565409_414685823_5851251280,72.0,ER_ACC_003,emergency_ER_ACC_003_PT_011,13732389938,13732389938,1499619443#4,1499619443#8,29.748,219696193#1,skip,disabled_by_single_terminal_experiment,,
b0_valid_18route_ER_ACC_003_PT_011,PT_011,cluster_11277565408_11277565409_414685823_5851251280,75.0,ER_ACC_003,emergency_ER_ACC_003_PT_011,13732389937,13732389937,1499619443#8,1499619443#9,29.305,219696193#2,skip,disabled_by_single_terminal_experiment,,
b0_valid_18route_ER_ACC_003_PT_012,PT_012,cluster_12785870414_3337522189,1.0,ER_ACC_003,emergency_ER_ACC_003_PT_012,cluster_1326096615_3849700763,cluster_1326096615_3849700763,-381802847#2,-183272625#1,2.979,-381802881#2,skip,disabled_by_single_terminal_experiment,,
b0_valid_18route_ER_ACC_003_PT_012,PT_012,cluster_12785870414_3337522189,2.0,ER_ACC_003,emergency_ER_ACC_003_PT_012,cluster_3846534041_436877431,cluster_3846534041_436877431,180368918#3,180368918#5,21.224,-381802881#2,skip,disabled_by_single_terminal_experiment,,
b0_valid_18route_ER_ACC_003_PT_012,PT_012,cluster_12785870414_3337522189,19.0,ER_ACC_003,emergency_ER_ACC_003_PT_012,joinedS_4273893706_4273893707_7335400058_cluster_13348213189_13348213190_13348213191,cluster_13348213189_13348213190_13348213191,-1455512070,-1455512069,29.158,-174870621#2,skip,disabled_by_single_terminal_experiment,,
b0_valid_18route_ER_ACC_003_PT_012,PT_012,cluster_12785870414_3337522189,27.0,ER_ACC_003,emergency_ER_ACC_003_PT_012,7335400049,7335400049,218773869#7,218773869#8,29.261,180368918#0,skip,disabled_by_single_terminal_experiment,,
b0_valid_18route_ER_ACC_003_PT_012,PT_012,cluster_12785870414_3337522189,31.0,ER_ACC_003,emergency_ER_ACC_003_PT_012,11346754525,11346754525,219696193#0,219696193#1,29.72,180368918#6,skip,disabled_by_single_terminal_experiment,,
b0_valid_18route_ER_ACC_003_PT_012,PT_012,cluster_12785870414_3337522189,61.0,ER_ACC_003,emergency_ER_ACC_003_PT_012,joinedS_11203052957_cluster_11203052955_11203052956_11203052960_11203052961_#11more,cluster_11203052955_11203052956_11203052960_11203052961_#11more,781985787#0,-781985788#0,29.823,218773869#1,skip,disabled_by_single_terminal_experiment,,
b0_valid_18route_ER_ACC_003_PT_012,PT_012,cluster_12785870414_3337522189,67.0,ER_ACC_003,emergency_ER_ACC_003_PT_012,cluster_11203041632_11203041633_11203041634_11203041635_#5more,cluster_11203041632_11203041633_11203041634_11203041635_#5more,1499619438#0,1499619445#2,29.249,218773869#6,skip,disabled_by_single_terminal_experiment,,
b0_valid_18route_ER_ACC_003_PT_012,PT_012,cluster_12785870414_3337522189,72.0,ER_ACC_003,emergency_ER_ACC_003_PT_012,13732389938,13732389938,1499619443#4,1499619443#8,29.748,219696193#1,skip,disabled_by_single_terminal_experiment,,
b0_valid_18route_ER_ACC_003_PT_012,PT_012,cluster_12785870414_3337522189,75.0,ER_ACC_003,emergency_ER_ACC_003_PT_012,13732389937,13732389937,1499619443#8,1499619443#9,29.305,219696193#2,skip,disabled_by_single_terminal_experiment,,
b0_valid_18route_ER_ACC_003_PT_013,PT_013,cluster_1326096615_3849700763,1.0,ER_ACC_003,emergency_ER_ACC_003_PT_013,cluster_1326096615_3849700763,cluster_1326096615_3849700763,-381802847#2,-183272625#1,2.979,-381802881#2,skip,safe_green_not_current_or_next_phase,0,2
b0_valid_18route_ER_ACC_003_PT_013,PT_013,cluster_1326096615_3849700763,2.0,ER_ACC_003,emergency_ER_ACC_003_PT_013,cluster_3846534041_436877431,cluster_3846534041_436877431,180368918#3,180368918#5,21.224,-381802881#2,skip,disabled_by_single_terminal_experiment,,
b0_valid_18route_ER_ACC_003_PT_013,PT_013,cluster_1326096615_3849700763,19.0,ER_ACC_003,emergency_ER_ACC_003_PT_013,joinedS_4273893706_4273893707_7335400058_cluster_13348213189_13348213190_13348213191,cluster_13348213189_13348213190_13348213191,-1455512070,-1455512069,29.158,-174870621#2,skip,disabled_by_single_terminal_experiment,,
b0_valid_18route_ER_ACC_003_PT_013,PT_013,cluster_1326096615_3849700763,27.0,ER_ACC_003,emergency_ER_ACC_003_PT_013,7335400049,7335400049,218773869#7,218773869#8,29.261,180368918#0,skip,disabled_by_single_terminal_experiment,,
b0_valid_18route_ER_ACC_003_PT_013,PT_013,cluster_1326096615_3849700763,31.0,ER_ACC_003,emergency_ER_ACC_003_PT_013,11346754525,11346754525,219696193#0,219696193#1,29.72,180368918#6,skip,disabled_by_single_terminal_experiment,,
b0_valid_18route_ER_ACC_003_PT_013,PT_013,cluster_1326096615_3849700763,61.0,ER_ACC_003,emergency_ER_ACC_003_PT_013,joinedS_11203052957_cluster_11203052955_11203052956_11203052960_11203052961_#11more,cluster_11203052955_11203052956_11203052960_11203052961_#11more,781985787#0,-781985788#0,29.823,218773869#1,skip,disabled_by_single_terminal_experiment,,
b0_valid_18route_ER_ACC_003_PT_013,PT_013,cluster_1326096615_3849700763,67.0,ER_ACC_003,emergency_ER_ACC_003_PT_013,cluster_11203041632_11203041633_11203041634_11203041635_#5more,cluster_11203041632_11203041633_11203041634_11203041635_#5more,1499619438#0,1499619445#2,29.249,218773869#6,skip,disabled_by_single_terminal_experiment,,
b0_valid_18route_ER_ACC_003_PT_013,PT_013,cluster_1326096615_3849700763,72.0,ER_ACC_003,emergency_ER_ACC_003_PT_013,13732389938,13732389938,1499619443#4,1499619443#8,29.748,219696193#1,skip,disabled_by_single_terminal_experiment,,
b0_valid_18route_ER_ACC_003_PT_013,PT_013,cluster_1326096615_3849700763,75.0,ER_ACC_003,emergency_ER_ACC_003_PT_013,13732389937,13732389937,1499619443#8,1499619443#9,29.305,219696193#2,skip,disabled_by_single_terminal_experiment,,
b0_valid_18route_ER_ACC_003_PT_014,PT_014,cluster_13348293702_13348293703_414685829,1.0,ER_ACC_003,emergency_ER_ACC_003_PT_014,cluster_1326096615_3849700763,cluster_1326096615_3849700763,-381802847#2,-183272625#1,2.979,-381802881#2,skip,disabled_by_single_terminal_experiment,,
b0_valid_18route_ER_ACC_003_PT_014,PT_014,cluster_13348293702_13348293703_414685829,2.0,ER_ACC_003,emergency_ER_ACC_003_PT_014,cluster_3846534041_436877431,cluster_3846534041_436877431,180368918#3,180368918#5,21.224,-381802881#2,skip,disabled_by_single_terminal_experiment,,
b0_valid_18route_ER_ACC_003_PT_014,PT_014,cluster_13348293702_13348293703_414685829,19.0,ER_ACC_003,emergency_ER_ACC_003_PT_014,joinedS_4273893706_4273893707_7335400058_cluster_13348213189_13348213190_13348213191,cluster_13348213189_13348213190_13348213191,-1455512070,-1455512069,29.158,-174870621#2,skip,disabled_by_single_terminal_experiment,,
b0_valid_18route_ER_ACC_003_PT_014,PT_014,cluster_13348293702_13348293703_414685829,27.0,ER_ACC_003,emergency_ER_ACC_003_PT_014,7335400049,7335400049,218773869#7,218773869#8,29.261,180368918#0,skip,disabled_by_single_terminal_experiment,,
b0_valid_18route_ER_ACC_003_PT_014,PT_014,cluster_13348293702_13348293703_414685829,31.0,ER_ACC_003,emergency_ER_ACC_003_PT_014,11346754525,11346754525,219696193#0,219696193#1,29.72,180368918#6,skip,disabled_by_single_terminal_experiment,,
b0_valid_18route_ER_ACC_003_PT_014,PT_014,cluster_13348293702_13348293703_414685829,61.0,ER_ACC_003,emergency_ER_ACC_003_PT_014,joinedS_11203052957_cluster_11203052955_11203052956_11203052960_11203052961_#11more,cluster_11203052955_11203052956_11203052960_11203052961_#11more,781985787#0,-781985788#0,29.823,218773869#1,skip,disabled_by_single_terminal_experiment,,
b0_valid_18route_ER_ACC_003_PT_014,PT_014,cluster_13348293702_13348293703_414685829,67.0,ER_ACC_003,emergency_ER_ACC_003_PT_014,cluster_11203041632_11203041633_11203041634_11203041635_#5more,cluster_11203041632_11203041633_11203041634_11203041635_#5more,1499619438#0,1499619445#2,29.249,218773869#6,skip,disabled_by_single_terminal_experiment,,
b0_valid_18route_ER_ACC_003_PT_014,PT_014,cluster_13348293702_13348293703_414685829,72.0,ER_ACC_003,emergency_ER_ACC_003_PT_014,13732389938,13732389938,1499619443#4,1499619443#8,29.748,219696193#1,skip,disabled_by_single_terminal_experiment,,
b0_valid_18route_ER_ACC_003_PT_014,PT_014,cluster_13348293702_13348293703_414685829,75.0,ER_ACC_003,emergency_ER_ACC_003_PT_014,13732389937,13732389937,1499619443#8,1499619443#9,29.305,219696193#2,skip,disabled_by_single_terminal_experiment,,
b0_valid_18route_ER_ACC_003_PT_015,PT_015,cluster_3846534041_436877431,1.0,ER_ACC_003,emergency_ER_ACC_003_PT_015,cluster_1326096615_3849700763,cluster_1326096615_3849700763,-381802847#2,-183272625#1,2.979,-381802881#2,skip,disabled_by_single_terminal_experiment,,
b0_valid_18route_ER_ACC_003_PT_015,PT_015,cluster_3846534041_436877431,2.0,ER_ACC_003,emergency_ER_ACC_003_PT_015,cluster_3846534041_436877431,cluster_3846534041_436877431,180368918#3,180368918#5,21.224,-381802881#2,extend_green,current_phase_already_green,0,
b0_valid_18route_ER_ACC_003_PT_015,PT_015,cluster_3846534041_436877431,19.0,ER_ACC_003,emergency_ER_ACC_003_PT_015,joinedS_4273893706_4273893707_7335400058_cluster_13348213189_13348213190_13348213191,cluster_13348213189_13348213190_13348213191,-1455512070,-1455512069,29.158,-174870621#2,skip,disabled_by_single_terminal_experiment,,
b0_valid_18route_ER_ACC_003_PT_015,PT_015,cluster_3846534041_436877431,27.0,ER_ACC_003,emergency_ER_ACC_003_PT_015,7335400049,7335400049,218773869#7,218773869#8,29.261,180368918#0,skip,disabled_by_single_terminal_experiment,,
b0_valid_18route_ER_ACC_003_PT_015,PT_015,cluster_3846534041_436877431,31.0,ER_ACC_003,emergency_ER_ACC_003_PT_015,11346754525,11346754525,219696193#0,219696193#1,29.72,180368918#6,skip,disabled_by_single_terminal_experiment,,
b0_valid_18route_ER_ACC_003_PT_015,PT_015,cluster_3846534041_436877431,61.0,ER_ACC_003,emergency_ER_ACC_003_PT_015,joinedS_11203052957_cluster_11203052955_11203052956_11203052960_11203052961_#11more,cluster_11203052955_11203052956_11203052960_11203052961_#11more,781985787#0,-781985788#0,29.823,218773869#1,skip,disabled_by_single_terminal_experiment,,
b0_valid_18route_ER_ACC_003_PT_015,PT_015,cluster_3846534041_436877431,67.0,ER_ACC_003,emergency_ER_ACC_003_PT_015,cluster_11203041632_11203041633_11203041634_11203041635_#5more,cluster_11203041632_11203041633_11203041634_11203041635_#5more,1499619438#0,1499619445#2,29.249,218773869#6,skip,disabled_by_single_terminal_experiment,,
b0_valid_18route_ER_ACC_003_PT_015,PT_015,cluster_3846534041_436877431,72.0,ER_ACC_003,emergency_ER_ACC_003_PT_015,13732389938,13732389938,1499619443#4,1499619443#8,29.737,219696193#1,skip,disabled_by_single_terminal_experiment,,
b0_valid_18route_ER_ACC_003_PT_015,PT_015,cluster_3846534041_436877431,75.0,ER_ACC_003,emergency_ER_ACC_003_PT_015,13732389937,13732389937,1499619443#8,1499619443#9,29.455,219696193#2,skip,disabled_by_single_terminal_experiment,,
b0_valid_18route_ER_ACC_003_PT_016,PT_016,joinedS_11139302899_11139302904_11178710208_cluster_11139302901_5593950669_5593950674,1.0,ER_ACC_003,emergency_ER_ACC_003_PT_016,cluster_1326096615_3849700763,cluster_1326096615_3849700763,-381802847#2,-183272625#1,2.979,-381802881#2,skip,disabled_by_single_terminal_experiment,,
b0_valid_18route_ER_ACC_003_PT_016,PT_016,joinedS_11139302899_11139302904_11178710208_cluster_11139302901_5593950669_5593950674,2.0,ER_ACC_003,emergency_ER_ACC_003_PT_016,cluster_3846534041_436877431,cluster_3846534041_436877431,180368918#3,180368918#5,21.224,-381802881#2,skip,disabled_by_single_terminal_experiment,,
b0_valid_18route_ER_ACC_003_PT_016,PT_016,joinedS_11139302899_11139302904_11178710208_cluster_11139302901_5593950669_5593950674,19.0,ER_ACC_003,emergency_ER_ACC_003_PT_016,joinedS_4273893706_4273893707_7335400058_cluster_13348213189_13348213190_13348213191,cluster_13348213189_13348213190_13348213191,-1455512070,-1455512069,29.158,-174870621#2,skip,disabled_by_single_terminal_experiment,,
b0_valid_18route_ER_ACC_003_PT_016,PT_016,joinedS_11139302899_11139302904_11178710208_cluster_11139302901_5593950669_5593950674,27.0,ER_ACC_003,emergency_ER_ACC_003_PT_016,7335400049,7335400049,218773869#7,218773869#8,29.261,180368918#0,skip,disabled_by_single_terminal_experiment,,
b0_valid_18route_ER_ACC_003_PT_016,PT_016,joinedS_11139302899_11139302904_11178710208_cluster_11139302901_5593950669_5593950674,31.0,ER_ACC_003,emergency_ER_ACC_003_PT_016,11346754525,11346754525,219696193#0,219696193#1,29.72,180368918#6,skip,disabled_by_single_terminal_experiment,,
b0_valid_18route_ER_ACC_003_PT_016,PT_016,joinedS_11139302899_11139302904_11178710208_cluster_11139302901_5593950669_5593950674,61.0,ER_ACC_003,emergency_ER_ACC_003_PT_016,joinedS_11203052957_cluster_11203052955_11203052956_11203052960_11203052961_#11more,cluster_11203052955_11203052956_11203052960_11203052961_#11more,781985787#0,-781985788#0,29.823,218773869#1,skip,disabled_by_single_terminal_experiment,,
b0_valid_18route_ER_ACC_003_PT_016,PT_016,joinedS_11139302899_11139302904_11178710208_cluster_11139302901_5593950669_5593950674,67.0,ER_ACC_003,emergency_ER_ACC_003_PT_016,cluster_11203041632_11203041633_11203041634_11203041635_#5more,cluster_11203041632_11203041633_11203041634_11203041635_#5more,1499619438#0,1499619445#2,29.249,218773869#6,skip,disabled_by_single_terminal_experiment,,
b0_valid_18route_ER_ACC_003_PT_016,PT_016,joinedS_11139302899_11139302904_11178710208_cluster_11139302901_5593950669_5593950674,72.0,ER_ACC_003,emergency_ER_ACC_003_PT_016,13732389938,13732389938,1499619443#4,1499619443#8,29.748,219696193#1,skip,disabled_by_single_terminal_experiment,,
b0_valid_18route_ER_ACC_003_PT_016,PT_016,joinedS_11139302899_11139302904_11178710208_cluster_11139302901_5593950669_5593950674,75.0,ER_ACC_003,emergency_ER_ACC_003_PT_016,13732389937,13732389937,1499619443#8,1499619443#9,29.305,219696193#2,skip,disabled_by_single_terminal_experiment,,
b0_valid_18route_ER_ACC_003_PT_017,PT_017,joinedS_11203001806_11203001814_13721232731_5851251250_#6more,1.0,ER_ACC_003,emergency_ER_ACC_003_PT_017,cluster_1326096615_3849700763,cluster_1326096615_3849700763,-381802847#2,-183272625#1,2.979,-381802881#2,skip,disabled_by_single_terminal_experiment,,
b0_valid_18route_ER_ACC_003_PT_017,PT_017,joinedS_11203001806_11203001814_13721232731_5851251250_#6more,2.0,ER_ACC_003,emergency_ER_ACC_003_PT_017,cluster_3846534041_436877431,cluster_3846534041_436877431,180368918#3,180368918#5,21.224,-381802881#2,skip,disabled_by_single_terminal_experiment,,
b0_valid_18route_ER_ACC_003_PT_017,PT_017,joinedS_11203001806_11203001814_13721232731_5851251250_#6more,19.0,ER_ACC_003,emergency_ER_ACC_003_PT_017,joinedS_4273893706_4273893707_7335400058_cluster_13348213189_13348213190_13348213191,cluster_13348213189_13348213190_13348213191,-1455512070,-1455512069,29.158,-174870621#2,skip,disabled_by_single_terminal_experiment,,
b0_valid_18route_ER_ACC_003_PT_017,PT_017,joinedS_11203001806_11203001814_13721232731_5851251250_#6more,27.0,ER_ACC_003,emergency_ER_ACC_003_PT_017,7335400049,7335400049,218773869#7,218773869#8,29.261,180368918#0,skip,disabled_by_single_terminal_experiment,,
b0_valid_18route_ER_ACC_003_PT_017,PT_017,joinedS_11203001806_11203001814_13721232731_5851251250_#6more,31.0,ER_ACC_003,emergency_ER_ACC_003_PT_017,11346754525,11346754525,219696193#0,219696193#1,29.72,180368918#6,skip,disabled_by_single_terminal_experiment,,
b0_valid_18route_ER_ACC_003_PT_017,PT_017,joinedS_11203001806_11203001814_13721232731_5851251250_#6more,61.0,ER_ACC_003,emergency_ER_ACC_003_PT_017,joinedS_11203052957_cluster_11203052955_11203052956_11203052960_11203052961_#11more,cluster_11203052955_11203052956_11203052960_11203052961_#11more,781985787#0,-781985788#0,29.823,218773869#1,skip,disabled_by_single_terminal_experiment,,
b0_valid_18route_ER_ACC_003_PT_017,PT_017,joinedS_11203001806_11203001814_13721232731_5851251250_#6more,67.0,ER_ACC_003,emergency_ER_ACC_003_PT_017,cluster_11203041632_11203041633_11203041634_11203041635_#5more,cluster_11203041632_11203041633_11203041634_11203041635_#5more,1499619438#0,1499619445#2,29.249,218773869#6,skip,disabled_by_single_terminal_experiment,,
b0_valid_18route_ER_ACC_003_PT_017,PT_017,joinedS_11203001806_11203001814_13721232731_5851251250_#6more,72.0,ER_ACC_003,emergency_ER_ACC_003_PT_017,13732389938,13732389938,1499619443#4,1499619443#8,29.748,219696193#1,skip,disabled_by_single_terminal_experiment,,
b0_valid_18route_ER_ACC_003_PT_017,PT_017,joinedS_11203001806_11203001814_13721232731_5851251250_#6more,75.0,ER_ACC_003,emergency_ER_ACC_003_PT_017,13732389937,13732389937,1499619443#8,1499619443#9,29.305,219696193#2,skip,disabled_by_single_terminal_experiment,,
b0_valid_18route_ER_ACC_003_PT_018,PT_018,joinedS_11203052957_cluster_11203052955_11203052956_11203052960_11203052961_#11more,1.0,ER_ACC_003,emergency_ER_ACC_003_PT_018,cluster_1326096615_3849700763,cluster_1326096615_3849700763,-381802847#2,-183272625#1,2.979,-381802881#2,skip,disabled_by_single_terminal_experiment,,
b0_valid_18route_ER_ACC_003_PT_018,PT_018,joinedS_11203052957_cluster_11203052955_11203052956_11203052960_11203052961_#11more,2.0,ER_ACC_003,emergency_ER_ACC_003_PT_018,cluster_3846534041_436877431,cluster_3846534041_436877431,180368918#3,180368918#5,21.224,-381802881#2,skip,disabled_by_single_terminal_experiment,,
b0_valid_18route_ER_ACC_003_PT_018,PT_018,joinedS_11203052957_cluster_11203052955_11203052956_11203052960_11203052961_#11more,19.0,ER_ACC_003,emergency_ER_ACC_003_PT_018,joinedS_4273893706_4273893707_7335400058_cluster_13348213189_13348213190_13348213191,cluster_13348213189_13348213190_13348213191,-1455512070,-1455512069,29.158,-174870621#2,skip,disabled_by_single_terminal_experiment,,
b0_valid_18route_ER_ACC_003_PT_018,PT_018,joinedS_11203052957_cluster_11203052955_11203052956_11203052960_11203052961_#11more,27.0,ER_ACC_003,emergency_ER_ACC_003_PT_018,7335400049,7335400049,218773869#7,218773869#8,29.261,180368918#0,skip,disabled_by_single_terminal_experiment,,
b0_valid_18route_ER_ACC_003_PT_018,PT_018,joinedS_11203052957_cluster_11203052955_11203052956_11203052960_11203052961_#11more,31.0,ER_ACC_003,emergency_ER_ACC_003_PT_018,11346754525,11346754525,219696193#0,219696193#1,29.72,180368918#6,skip,disabled_by_single_terminal_experiment,,
b0_valid_18route_ER_ACC_003_PT_018,PT_018,joinedS_11203052957_cluster_11203052955_11203052956_11203052960_11203052961_#11more,61.0,ER_ACC_003,emergency_ER_ACC_003_PT_018,joinedS_11203052957_cluster_11203052955_11203052956_11203052960_11203052961_#11more,cluster_11203052955_11203052956_11203052960_11203052961_#11more,781985787#0,-781985788#0,29.823,218773869#1,skip,safe_green_not_current_or_next_phase,6,4 8
b0_valid_18route_ER_ACC_003_PT_018,PT_018,joinedS_11203052957_cluster_11203052955_11203052956_11203052960_11203052961_#11more,67.0,ER_ACC_003,emergency_ER_ACC_003_PT_018,cluster_11203041632_11203041633_11203041634_11203041635_#5more,cluster_11203041632_11203041633_11203041634_11203041635_#5more,1499619438#0,1499619445#2,29.249,218773869#6,skip,disabled_by_single_terminal_experiment,,
b0_valid_18route_ER_ACC_003_PT_018,PT_018,joinedS_11203052957_cluster_11203052955_11203052956_11203052960_11203052961_#11more,72.0,ER_ACC_003,emergency_ER_ACC_003_PT_018,13732389938,13732389938,1499619443#4,1499619443#8,29.748,219696193#1,skip,disabled_by_single_terminal_experiment,,
b0_valid_18route_ER_ACC_003_PT_018,PT_018,joinedS_11203052957_cluster_11203052955_11203052956_11203052960_11203052961_#11more,75.0,ER_ACC_003,emergency_ER_ACC_003_PT_018,13732389937,13732389937,1499619443#8,1499619443#9,29.305,219696193#2,skip,disabled_by_single_terminal_experiment,,
b0_valid_18route_ER_ACC_003_PT_019,PT_019,joinedS_4273893706_4273893707_7335400058_cluster_13348213189_13348213190_13348213191,1.0,ER_ACC_003,emergency_ER_ACC_003_PT_019,cluster_1326096615_3849700763,cluster_1326096615_3849700763,-381802847#2,-183272625#1,2.979,-381802881#2,skip,disabled_by_single_terminal_experiment,,
b0_valid_18route_ER_ACC_003_PT_019,PT_019,joinedS_4273893706_4273893707_7335400058_cluster_13348213189_13348213190_13348213191,2.0,ER_ACC_003,emergency_ER_ACC_003_PT_019,cluster_3846534041_436877431,cluster_3846534041_436877431,180368918#3,180368918#5,21.224,-381802881#2,skip,disabled_by_single_terminal_experiment,,
b0_valid_18route_ER_ACC_003_PT_019,PT_019,joinedS_4273893706_4273893707_7335400058_cluster_13348213189_13348213190_13348213191,19.0,ER_ACC_003,emergency_ER_ACC_003_PT_019,joinedS_4273893706_4273893707_7335400058_cluster_13348213189_13348213190_13348213191,cluster_13348213189_13348213190_13348213191,-1455512070,-1455512069,29.158,-174870621#2,extend_green,current_phase_already_green,0,
b0_valid_18route_ER_ACC_003_PT_019,PT_019,joinedS_4273893706_4273893707_7335400058_cluster_13348213189_13348213190_13348213191,27.0,ER_ACC_003,emergency_ER_ACC_003_PT_019,7335400049,7335400049,218773869#7,218773869#8,29.261,180368918#0,skip,disabled_by_single_terminal_experiment,,
b0_valid_18route_ER_ACC_003_PT_019,PT_019,joinedS_4273893706_4273893707_7335400058_cluster_13348213189_13348213190_13348213191,31.0,ER_ACC_003,emergency_ER_ACC_003_PT_019,11346754525,11346754525,219696193#0,219696193#1,29.72,180368918#6,skip,disabled_by_single_terminal_experiment,,
b0_valid_18route_ER_ACC_003_PT_019,PT_019,joinedS_4273893706_4273893707_7335400058_cluster_13348213189_13348213190_13348213191,61.0,ER_ACC_003,emergency_ER_ACC_003_PT_019,joinedS_11203052957_cluster_11203052955_11203052956_11203052960_11203052961_#11more,cluster_11203052955_11203052956_11203052960_11203052961_#11more,781985787#0,-781985788#0,29.823,218773869#1,skip,disabled_by_single_terminal_experiment,,
b0_valid_18route_ER_ACC_003_PT_019,PT_019,joinedS_4273893706_4273893707_7335400058_cluster_13348213189_13348213190_13348213191,67.0,ER_ACC_003,emergency_ER_ACC_003_PT_019,cluster_11203041632_11203041633_11203041634_11203041635_#5more,cluster_11203041632_11203041633_11203041634_11203041635_#5more,1499619438#0,1499619445#2,29.249,218773869#6,skip,disabled_by_single_terminal_experiment,,
b0_valid_18route_ER_ACC_003_PT_019,PT_019,joinedS_4273893706_4273893707_7335400058_cluster_13348213189_13348213190_13348213191,72.0,ER_ACC_003,emergency_ER_ACC_003_PT_019,13732389938,13732389938,1499619443#4,1499619443#8,29.748,219696193#1,skip,disabled_by_single_terminal_experiment,,
b0_valid_18route_ER_ACC_003_PT_019,PT_019,joinedS_4273893706_4273893707_7335400058_cluster_13348213189_13348213190_13348213191,75.0,ER_ACC_003,emergency_ER_ACC_003_PT_019,13732389937,13732389937,1499619443#8,1499619443#9,29.305,219696193#2,skip,disabled_by_single_terminal_experiment,,
b0_valid_18route_ER_ACC_003_PT_020,PT_020,joinedS_4276255150_4276255151_4276255152_cluster_4276255149_436839431,1.0,ER_ACC_003,emergency_ER_ACC_003_PT_020,cluster_1326096615_3849700763,cluster_1326096615_3849700763,-381802847#2,-183272625#1,2.979,-381802881#2,skip,disabled_by_single_terminal_experiment,,
b0_valid_18route_ER_ACC_003_PT_020,PT_020,joinedS_4276255150_4276255151_4276255152_cluster_4276255149_436839431,2.0,ER_ACC_003,emergency_ER_ACC_003_PT_020,cluster_3846534041_436877431,cluster_3846534041_436877431,180368918#3,180368918#5,21.224,-381802881#2,skip,disabled_by_single_terminal_experiment,,
b0_valid_18route_ER_ACC_003_PT_020,PT_020,joinedS_4276255150_4276255151_4276255152_cluster_4276255149_436839431,19.0,ER_ACC_003,emergency_ER_ACC_003_PT_020,joinedS_4273893706_4273893707_7335400058_cluster_13348213189_13348213190_13348213191,cluster_13348213189_13348213190_13348213191,-1455512070,-1455512069,29.158,-174870621#2,skip,disabled_by_single_terminal_experiment,,
b0_valid_18route_ER_ACC_003_PT_020,PT_020,joinedS_4276255150_4276255151_4276255152_cluster_4276255149_436839431,27.0,ER_ACC_003,emergency_ER_ACC_003_PT_020,7335400049,7335400049,218773869#7,218773869#8,29.261,180368918#0,skip,disabled_by_single_terminal_experiment,,
b0_valid_18route_ER_ACC_003_PT_020,PT_020,joinedS_4276255150_4276255151_4276255152_cluster_4276255149_436839431,31.0,ER_ACC_003,emergency_ER_ACC_003_PT_020,11346754525,11346754525,219696193#0,219696193#1,29.72,180368918#6,skip,disabled_by_single_terminal_experiment,,
b0_valid_18route_ER_ACC_003_PT_020,PT_020,joinedS_4276255150_4276255151_4276255152_cluster_4276255149_436839431,61.0,ER_ACC_003,emergency_ER_ACC_003_PT_020,joinedS_11203052957_cluster_11203052955_11203052956_11203052960_11203052961_#11more,cluster_11203052955_11203052956_11203052960_11203052961_#11more,781985787#0,-781985788#0,29.823,218773869#1,skip,disabled_by_single_terminal_experiment,,
b0_valid_18route_ER_ACC_003_PT_020,PT_020,joinedS_4276255150_4276255151_4276255152_cluster_4276255149_436839431,67.0,ER_ACC_003,emergency_ER_ACC_003_PT_020,cluster_11203041632_11203041633_11203041634_11203041635_#5more,cluster_11203041632_11203041633_11203041634_11203041635_#5more,1499619438#0,1499619445#2,29.249,218773869#6,skip,disabled_by_single_terminal_experiment,,
b0_valid_18route_ER_ACC_003_PT_020,PT_020,joinedS_4276255150_4276255151_4276255152_cluster_4276255149_436839431,72.0,ER_ACC_003,emergency_ER_ACC_003_PT_020,13732389938,13732389938,1499619443#4,1499619443#8,29.748,219696193#1,skip,disabled_by_single_terminal_experiment,,
b0_valid_18route_ER_ACC_003_PT_020,PT_020,joinedS_4276255150_4276255151_4276255152_cluster_4276255149_436839431,75.0,ER_ACC_003,emergency_ER_ACC_003_PT_020,13732389937,13732389937,1499619443#8,1499619443#9,29.305,219696193#2,skip,disabled_by_single_terminal_experiment,,
b0_valid_18route_ER_ACC_004_PT_001,PT_001,11203059756,1.0,ER_ACC_004,emergency_ER_ACC_004_PT_001,cluster_1326096615_3849700763,cluster_1326096615_3849700763,-381802847#2,-183272625#1,2.979,-381802881#2,skip,disabled_by_single_terminal_experiment,,
b0_valid_18route_ER_ACC_004_PT_001,PT_001,11203059756,2.0,ER_ACC_004,emergency_ER_ACC_004_PT_001,cluster_3846534041_436877431,cluster_3846534041_436877431,180368918#3,180368918#5,21.224,-381802881#2,skip,disabled_by_single_terminal_experiment,,
b0_valid_18route_ER_ACC_004_PT_001,PT_001,11203059756,19.0,ER_ACC_004,emergency_ER_ACC_004_PT_001,joinedS_4273893706_4273893707_7335400058_cluster_13348213189_13348213190_13348213191,cluster_13348213189_13348213190_13348213191,-1455512070,-1455512069,29.158,-174870621#2,skip,disabled_by_single_terminal_experiment,,
b0_valid_18route_ER_ACC_004_PT_001,PT_001,11203059756,27.0,ER_ACC_004,emergency_ER_ACC_004_PT_001,7335400049,7335400049,218773869#7,218773869#8,29.261,180368918#0,skip,disabled_by_single_terminal_experiment,,
b0_valid_18route_ER_ACC_004_PT_001,PT_001,11203059756,31.0,ER_ACC_004,emergency_ER_ACC_004_PT_001,11346754525,11346754525,219696193#0,219696193#1,29.72,180368918#6,skip,disabled_by_single_terminal_experiment,,
b0_valid_18route_ER_ACC_004_PT_002,PT_002,11346754524,1.0,ER_ACC_004,emergency_ER_ACC_004_PT_002,cluster_1326096615_3849700763,cluster_1326096615_3849700763,-381802847#2,-183272625#1,2.979,-381802881#2,skip,disabled_by_single_terminal_experiment,,
b0_valid_18route_ER_ACC_004_PT_002,PT_002,11346754524,2.0,ER_ACC_004,emergency_ER_ACC_004_PT_002,cluster_3846534041_436877431,cluster_3846534041_436877431,180368918#3,180368918#5,21.224,-381802881#2,skip,disabled_by_single_terminal_experiment,,
b0_valid_18route_ER_ACC_004_PT_002,PT_002,11346754524,19.0,ER_ACC_004,emergency_ER_ACC_004_PT_002,joinedS_4273893706_4273893707_7335400058_cluster_13348213189_13348213190_13348213191,cluster_13348213189_13348213190_13348213191,-1455512070,-1455512069,29.158,-174870621#2,skip,disabled_by_single_terminal_experiment,,
b0_valid_18route_ER_ACC_004_PT_002,PT_002,11346754524,27.0,ER_ACC_004,emergency_ER_ACC_004_PT_002,7335400049,7335400049,218773869#7,218773869#8,29.261,180368918#0,skip,disabled_by_single_terminal_experiment,,
b0_valid_18route_ER_ACC_004_PT_002,PT_002,11346754524,31.0,ER_ACC_004,emergency_ER_ACC_004_PT_002,11346754525,11346754525,219696193#0,219696193#1,29.72,180368918#6,skip,disabled_by_single_terminal_experiment,,
b0_valid_18route_ER_ACC_004_PT_003,PT_003,11346754525,1.0,ER_ACC_004,emergency_ER_ACC_004_PT_003,cluster_1326096615_3849700763,cluster_1326096615_3849700763,-381802847#2,-183272625#1,2.979,-381802881#2,skip,disabled_by_single_terminal_experiment,,
b0_valid_18route_ER_ACC_004_PT_003,PT_003,11346754525,2.0,ER_ACC_004,emergency_ER_ACC_004_PT_003,cluster_3846534041_436877431,cluster_3846534041_436877431,180368918#3,180368918#5,21.224,-381802881#2,skip,disabled_by_single_terminal_experiment,,
b0_valid_18route_ER_ACC_004_PT_003,PT_003,11346754525,19.0,ER_ACC_004,emergency_ER_ACC_004_PT_003,joinedS_4273893706_4273893707_7335400058_cluster_13348213189_13348213190_13348213191,cluster_13348213189_13348213190_13348213191,-1455512070,-1455512069,29.158,-174870621#2,skip,disabled_by_single_terminal_experiment,,
b0_valid_18route_ER_ACC_004_PT_003,PT_003,11346754525,27.0,ER_ACC_004,emergency_ER_ACC_004_PT_003,7335400049,7335400049,218773869#7,218773869#8,29.261,180368918#0,skip,disabled_by_single_terminal_experiment,,
b0_valid_18route_ER_ACC_004_PT_003,PT_003,11346754525,31.0,ER_ACC_004,emergency_ER_ACC_004_PT_003,11346754525,11346754525,219696193#0,219696193#1,29.72,180368918#6,extend_green,current_phase_already_green,0,
b0_valid_18route_ER_ACC_004_PT_004,PT_004,13732389937,1.0,ER_ACC_004,emergency_ER_ACC_004_PT_004,cluster_1326096615_3849700763,cluster_1326096615_3849700763,-381802847#2,-183272625#1,2.979,-381802881#2,skip,disabled_by_single_terminal_experiment,,
b0_valid_18route_ER_ACC_004_PT_004,PT_004,13732389937,2.0,ER_ACC_004,emergency_ER_ACC_004_PT_004,cluster_3846534041_436877431,cluster_3846534041_436877431,180368918#3,180368918#5,21.224,-381802881#2,skip,disabled_by_single_terminal_experiment,,
b0_valid_18route_ER_ACC_004_PT_004,PT_004,13732389937,19.0,ER_ACC_004,emergency_ER_ACC_004_PT_004,joinedS_4273893706_4273893707_7335400058_cluster_13348213189_13348213190_13348213191,cluster_13348213189_13348213190_13348213191,-1455512070,-1455512069,29.158,-174870621#2,skip,disabled_by_single_terminal_experiment,,
b0_valid_18route_ER_ACC_004_PT_004,PT_004,13732389937,27.0,ER_ACC_004,emergency_ER_ACC_004_PT_004,7335400049,7335400049,218773869#7,218773869#8,29.261,180368918#0,skip,disabled_by_single_terminal_experiment,,
b0_valid_18route_ER_ACC_004_PT_004,PT_004,13732389937,31.0,ER_ACC_004,emergency_ER_ACC_004_PT_004,11346754525,11346754525,219696193#0,219696193#1,29.72,180368918#6,skip,disabled_by_single_terminal_experiment,,
b0_valid_18route_ER_ACC_004_PT_005,PT_005,13732389938,1.0,ER_ACC_004,emergency_ER_ACC_004_PT_005,cluster_1326096615_3849700763,cluster_1326096615_3849700763,-381802847#2,-183272625#1,2.979,-381802881#2,skip,disabled_by_single_terminal_experiment,,
b0_valid_18route_ER_ACC_004_PT_005,PT_005,13732389938,2.0,ER_ACC_004,emergency_ER_ACC_004_PT_005,cluster_3846534041_436877431,cluster_3846534041_436877431,180368918#3,180368918#5,21.224,-381802881#2,skip,disabled_by_single_terminal_experiment,,
b0_valid_18route_ER_ACC_004_PT_005,PT_005,13732389938,19.0,ER_ACC_004,emergency_ER_ACC_004_PT_005,joinedS_4273893706_4273893707_7335400058_cluster_13348213189_13348213190_13348213191,cluster_13348213189_13348213190_13348213191,-1455512070,-1455512069,29.158,-174870621#2,skip,disabled_by_single_terminal_experiment,,
b0_valid_18route_ER_ACC_004_PT_005,PT_005,13732389938,27.0,ER_ACC_004,emergency_ER_ACC_004_PT_005,7335400049,7335400049,218773869#7,218773869#8,29.261,180368918#0,skip,disabled_by_single_terminal_experiment,,
b0_valid_18route_ER_ACC_004_PT_005,PT_005,13732389938,31.0,ER_ACC_004,emergency_ER_ACC_004_PT_005,11346754525,11346754525,219696193#0,219696193#1,29.72,180368918#6,skip,disabled_by_single_terminal_experiment,,
b0_valid_18route_ER_ACC_004_PT_006,PT_006,4202879197,1.0,ER_ACC_004,emergency_ER_ACC_004_PT_006,cluster_1326096615_3849700763,cluster_1326096615_3849700763,-381802847#2,-183272625#1,2.979,-381802881#2,skip,disabled_by_single_terminal_experiment,,
b0_valid_18route_ER_ACC_004_PT_006,PT_006,4202879197,2.0,ER_ACC_004,emergency_ER_ACC_004_PT_006,cluster_3846534041_436877431,cluster_3846534041_436877431,180368918#3,180368918#5,21.224,-381802881#2,skip,disabled_by_single_terminal_experiment,,
b0_valid_18route_ER_ACC_004_PT_006,PT_006,4202879197,19.0,ER_ACC_004,emergency_ER_ACC_004_PT_006,joinedS_4273893706_4273893707_7335400058_cluster_13348213189_13348213190_13348213191,cluster_13348213189_13348213190_13348213191,-1455512070,-1455512069,29.158,-174870621#2,skip,disabled_by_single_terminal_experiment,,
b0_valid_18route_ER_ACC_004_PT_006,PT_006,4202879197,27.0,ER_ACC_004,emergency_ER_ACC_004_PT_006,7335400049,7335400049,218773869#7,218773869#8,29.261,180368918#0,skip,disabled_by_single_terminal_experiment,,
b0_valid_18route_ER_ACC_004_PT_006,PT_006,4202879197,31.0,ER_ACC_004,emergency_ER_ACC_004_PT_006,11346754525,11346754525,219696193#0,219696193#1,29.72,180368918#6,skip,disabled_by_single_terminal_experiment,,
b0_valid_18route_ER_ACC_004_PT_007,PT_007,436870729,1.0,ER_ACC_004,emergency_ER_ACC_004_PT_007,cluster_1326096615_3849700763,cluster_1326096615_3849700763,-381802847#2,-183272625#1,2.979,-381802881#2,skip,disabled_by_single_terminal_experiment,,
b0_valid_18route_ER_ACC_004_PT_007,PT_007,436870729,2.0,ER_ACC_004,emergency_ER_ACC_004_PT_007,cluster_3846534041_436877431,cluster_3846534041_436877431,180368918#3,180368918#5,21.224,-381802881#2,skip,disabled_by_single_terminal_experiment,,
b0_valid_18route_ER_ACC_004_PT_007,PT_007,436870729,19.0,ER_ACC_004,emergency_ER_ACC_004_PT_007,joinedS_4273893706_4273893707_7335400058_cluster_13348213189_13348213190_13348213191,cluster_13348213189_13348213190_13348213191,-1455512070,-1455512069,29.158,-174870621#2,skip,disabled_by_single_terminal_experiment,,
b0_valid_18route_ER_ACC_004_PT_007,PT_007,436870729,27.0,ER_ACC_004,emergency_ER_ACC_004_PT_007,7335400049,7335400049,218773869#7,218773869#8,29.261,180368918#0,skip,disabled_by_single_terminal_experiment,,
b0_valid_18route_ER_ACC_004_PT_007,PT_007,436870729,31.0,ER_ACC_004,emergency_ER_ACC_004_PT_007,11346754525,11346754525,219696193#0,219696193#1,29.72,180368918#6,skip,disabled_by_single_terminal_experiment,,
b0_valid_18route_ER_ACC_004_PT_008,PT_008,7311080426,1.0,ER_ACC_004,emergency_ER_ACC_004_PT_008,cluster_1326096615_3849700763,cluster_1326096615_3849700763,-381802847#2,-183272625#1,2.979,-381802881#2,skip,disabled_by_single_terminal_experiment,,
b0_valid_18route_ER_ACC_004_PT_008,PT_008,7311080426,2.0,ER_ACC_004,emergency_ER_ACC_004_PT_008,cluster_3846534041_436877431,cluster_3846534041_436877431,180368918#3,180368918#5,21.224,-381802881#2,skip,disabled_by_single_terminal_experiment,,
b0_valid_18route_ER_ACC_004_PT_008,PT_008,7311080426,19.0,ER_ACC_004,emergency_ER_ACC_004_PT_008,joinedS_4273893706_4273893707_7335400058_cluster_13348213189_13348213190_13348213191,cluster_13348213189_13348213190_13348213191,-1455512070,-1455512069,29.158,-174870621#2,skip,disabled_by_single_terminal_experiment,,
b0_valid_18route_ER_ACC_004_PT_008,PT_008,7311080426,27.0,ER_ACC_004,emergency_ER_ACC_004_PT_008,7335400049,7335400049,218773869#7,218773869#8,29.261,180368918#0,skip,disabled_by_single_terminal_experiment,,
b0_valid_18route_ER_ACC_004_PT_008,PT_008,7311080426,31.0,ER_ACC_004,emergency_ER_ACC_004_PT_008,11346754525,11346754525,219696193#0,219696193#1,29.72,180368918#6,skip,disabled_by_single_terminal_experiment,,
b0_valid_18route_ER_ACC_004_PT_009,PT_009,7335400049,1.0,ER_ACC_004,emergency_ER_ACC_004_PT_009,cluster_1326096615_3849700763,cluster_1326096615_3849700763,-381802847#2,-183272625#1,2.979,-381802881#2,skip,disabled_by_single_terminal_experiment,,
b0_valid_18route_ER_ACC_004_PT_009,PT_009,7335400049,2.0,ER_ACC_004,emergency_ER_ACC_004_PT_009,cluster_3846534041_436877431,cluster_3846534041_436877431,180368918#3,180368918#5,21.224,-381802881#2,skip,disabled_by_single_terminal_experiment,,
b0_valid_18route_ER_ACC_004_PT_009,PT_009,7335400049,19.0,ER_ACC_004,emergency_ER_ACC_004_PT_009,joinedS_4273893706_4273893707_7335400058_cluster_13348213189_13348213190_13348213191,cluster_13348213189_13348213190_13348213191,-1455512070,-1455512069,29.158,-174870621#2,skip,disabled_by_single_terminal_experiment,,
b0_valid_18route_ER_ACC_004_PT_009,PT_009,7335400049,27.0,ER_ACC_004,emergency_ER_ACC_004_PT_009,7335400049,7335400049,218773869#7,218773869#8,29.261,180368918#0,extend_green,current_phase_already_green,0,
b0_valid_18route_ER_ACC_004_PT_009,PT_009,7335400049,31.0,ER_ACC_004,emergency_ER_ACC_004_PT_009,11346754525,11346754525,219696193#0,219696193#1,29.72,180368918#6,skip,disabled_by_single_terminal_experiment,,
b0_valid_18route_ER_ACC_004_PT_010,PT_010,cluster_11203041632_11203041633_11203041634_11203041635_#5more,1.0,ER_ACC_004,emergency_ER_ACC_004_PT_010,cluster_1326096615_3849700763,cluster_1326096615_3849700763,-381802847#2,-183272625#1,2.979,-381802881#2,skip,disabled_by_single_terminal_experiment,,
b0_valid_18route_ER_ACC_004_PT_010,PT_010,cluster_11203041632_11203041633_11203041634_11203041635_#5more,2.0,ER_ACC_004,emergency_ER_ACC_004_PT_010,cluster_3846534041_436877431,cluster_3846534041_436877431,180368918#3,180368918#5,21.224,-381802881#2,skip,disabled_by_single_terminal_experiment,,
b0_valid_18route_ER_ACC_004_PT_010,PT_010,cluster_11203041632_11203041633_11203041634_11203041635_#5more,19.0,ER_ACC_004,emergency_ER_ACC_004_PT_010,joinedS_4273893706_4273893707_7335400058_cluster_13348213189_13348213190_13348213191,cluster_13348213189_13348213190_13348213191,-1455512070,-1455512069,29.158,-174870621#2,skip,disabled_by_single_terminal_experiment,,
b0_valid_18route_ER_ACC_004_PT_010,PT_010,cluster_11203041632_11203041633_11203041634_11203041635_#5more,27.0,ER_ACC_004,emergency_ER_ACC_004_PT_010,7335400049,7335400049,218773869#7,218773869#8,29.261,180368918#0,skip,disabled_by_single_terminal_experiment,,
b0_valid_18route_ER_ACC_004_PT_010,PT_010,cluster_11203041632_11203041633_11203041634_11203041635_#5more,31.0,ER_ACC_004,emergency_ER_ACC_004_PT_010,11346754525,11346754525,219696193#0,219696193#1,29.72,180368918#6,skip,disabled_by_single_terminal_experiment,,
b0_valid_18route_ER_ACC_004_PT_011,PT_011,cluster_11277565408_11277565409_414685823_5851251280,1.0,ER_ACC_004,emergency_ER_ACC_004_PT_011,cluster_1326096615_3849700763,cluster_1326096615_3849700763,-381802847#2,-183272625#1,2.979,-381802881#2,skip,disabled_by_single_terminal_experiment,,
b0_valid_18route_ER_ACC_004_PT_011,PT_011,cluster_11277565408_11277565409_414685823_5851251280,2.0,ER_ACC_004,emergency_ER_ACC_004_PT_011,cluster_3846534041_436877431,cluster_3846534041_436877431,180368918#3,180368918#5,21.224,-381802881#2,skip,disabled_by_single_terminal_experiment,,
b0_valid_18route_ER_ACC_004_PT_011,PT_011,cluster_11277565408_11277565409_414685823_5851251280,19.0,ER_ACC_004,emergency_ER_ACC_004_PT_011,joinedS_4273893706_4273893707_7335400058_cluster_13348213189_13348213190_13348213191,cluster_13348213189_13348213190_13348213191,-1455512070,-1455512069,29.158,-174870621#2,skip,disabled_by_single_terminal_experiment,,
b0_valid_18route_ER_ACC_004_PT_011,PT_011,cluster_11277565408_11277565409_414685823_5851251280,27.0,ER_ACC_004,emergency_ER_ACC_004_PT_011,7335400049,7335400049,218773869#7,218773869#8,29.261,180368918#0,skip,disabled_by_single_terminal_experiment,,
b0_valid_18route_ER_ACC_004_PT_011,PT_011,cluster_11277565408_11277565409_414685823_5851251280,31.0,ER_ACC_004,emergency_ER_ACC_004_PT_011,11346754525,11346754525,219696193#0,219696193#1,29.72,180368918#6,skip,disabled_by_single_terminal_experiment,,
b0_valid_18route_ER_ACC_004_PT_012,PT_012,cluster_12785870414_3337522189,1.0,ER_ACC_004,emergency_ER_ACC_004_PT_012,cluster_1326096615_3849700763,cluster_1326096615_3849700763,-381802847#2,-183272625#1,2.979,-381802881#2,skip,disabled_by_single_terminal_experiment,,
b0_valid_18route_ER_ACC_004_PT_012,PT_012,cluster_12785870414_3337522189,2.0,ER_ACC_004,emergency_ER_ACC_004_PT_012,cluster_3846534041_436877431,cluster_3846534041_436877431,180368918#3,180368918#5,21.224,-381802881#2,skip,disabled_by_single_terminal_experiment,,
b0_valid_18route_ER_ACC_004_PT_012,PT_012,cluster_12785870414_3337522189,19.0,ER_ACC_004,emergency_ER_ACC_004_PT_012,joinedS_4273893706_4273893707_7335400058_cluster_13348213189_13348213190_13348213191,cluster_13348213189_13348213190_13348213191,-1455512070,-1455512069,29.158,-174870621#2,skip,disabled_by_single_terminal_experiment,,
b0_valid_18route_ER_ACC_004_PT_012,PT_012,cluster_12785870414_3337522189,27.0,ER_ACC_004,emergency_ER_ACC_004_PT_012,7335400049,7335400049,218773869#7,218773869#8,29.261,180368918#0,skip,disabled_by_single_terminal_experiment,,
b0_valid_18route_ER_ACC_004_PT_012,PT_012,cluster_12785870414_3337522189,31.0,ER_ACC_004,emergency_ER_ACC_004_PT_012,11346754525,11346754525,219696193#0,219696193#1,29.72,180368918#6,skip,disabled_by_single_terminal_experiment,,
b0_valid_18route_ER_ACC_004_PT_013,PT_013,cluster_1326096615_3849700763,1.0,ER_ACC_004,emergency_ER_ACC_004_PT_013,cluster_1326096615_3849700763,cluster_1326096615_3849700763,-381802847#2,-183272625#1,2.979,-381802881#2,skip,safe_green_not_current_or_next_phase,0,2
b0_valid_18route_ER_ACC_004_PT_013,PT_013,cluster_1326096615_3849700763,2.0,ER_ACC_004,emergency_ER_ACC_004_PT_013,cluster_3846534041_436877431,cluster_3846534041_436877431,180368918#3,180368918#5,21.224,-381802881#2,skip,disabled_by_single_terminal_experiment,,
b0_valid_18route_ER_ACC_004_PT_013,PT_013,cluster_1326096615_3849700763,19.0,ER_ACC_004,emergency_ER_ACC_004_PT_013,joinedS_4273893706_4273893707_7335400058_cluster_13348213189_13348213190_13348213191,cluster_13348213189_13348213190_13348213191,-1455512070,-1455512069,29.158,-174870621#2,skip,disabled_by_single_terminal_experiment,,
b0_valid_18route_ER_ACC_004_PT_013,PT_013,cluster_1326096615_3849700763,27.0,ER_ACC_004,emergency_ER_ACC_004_PT_013,7335400049,7335400049,218773869#7,218773869#8,29.261,180368918#0,skip,disabled_by_single_terminal_experiment,,
b0_valid_18route_ER_ACC_004_PT_013,PT_013,cluster_1326096615_3849700763,31.0,ER_ACC_004,emergency_ER_ACC_004_PT_013,11346754525,11346754525,219696193#0,219696193#1,29.72,180368918#6,skip,disabled_by_single_terminal_experiment,,
b0_valid_18route_ER_ACC_004_PT_014,PT_014,cluster_13348293702_13348293703_414685829,1.0,ER_ACC_004,emergency_ER_ACC_004_PT_014,cluster_1326096615_3849700763,cluster_1326096615_3849700763,-381802847#2,-183272625#1,2.979,-381802881#2,skip,disabled_by_single_terminal_experiment,,
b0_valid_18route_ER_ACC_004_PT_014,PT_014,cluster_13348293702_13348293703_414685829,2.0,ER_ACC_004,emergency_ER_ACC_004_PT_014,cluster_3846534041_436877431,cluster_3846534041_436877431,180368918#3,180368918#5,21.224,-381802881#2,skip,disabled_by_single_terminal_experiment,,
b0_valid_18route_ER_ACC_004_PT_014,PT_014,cluster_13348293702_13348293703_414685829,19.0,ER_ACC_004,emergency_ER_ACC_004_PT_014,joinedS_4273893706_4273893707_7335400058_cluster_13348213189_13348213190_13348213191,cluster_13348213189_13348213190_13348213191,-1455512070,-1455512069,29.158,-174870621#2,skip,disabled_by_single_terminal_experiment,,
b0_valid_18route_ER_ACC_004_PT_014,PT_014,cluster_13348293702_13348293703_414685829,27.0,ER_ACC_004,emergency_ER_ACC_004_PT_014,7335400049,7335400049,218773869#7,218773869#8,29.261,180368918#0,skip,disabled_by_single_terminal_experiment,,
b0_valid_18route_ER_ACC_004_PT_014,PT_014,cluster_13348293702_13348293703_414685829,31.0,ER_ACC_004,emergency_ER_ACC_004_PT_014,11346754525,11346754525,219696193#0,219696193#1,29.72,180368918#6,skip,disabled_by_single_terminal_experiment,,
b0_valid_18route_ER_ACC_004_PT_015,PT_015,cluster_3846534041_436877431,1.0,ER_ACC_004,emergency_ER_ACC_004_PT_015,cluster_1326096615_3849700763,cluster_1326096615_3849700763,-381802847#2,-183272625#1,2.979,-381802881#2,skip,disabled_by_single_terminal_experiment,,
b0_valid_18route_ER_ACC_004_PT_015,PT_015,cluster_3846534041_436877431,2.0,ER_ACC_004,emergency_ER_ACC_004_PT_015,cluster_3846534041_436877431,cluster_3846534041_436877431,180368918#3,180368918#5,21.224,-381802881#2,extend_green,current_phase_already_green,0,
b0_valid_18route_ER_ACC_004_PT_015,PT_015,cluster_3846534041_436877431,19.0,ER_ACC_004,emergency_ER_ACC_004_PT_015,joinedS_4273893706_4273893707_7335400058_cluster_13348213189_13348213190_13348213191,cluster_13348213189_13348213190_13348213191,-1455512070,-1455512069,29.158,-174870621#2,skip,disabled_by_single_terminal_experiment,,
b0_valid_18route_ER_ACC_004_PT_015,PT_015,cluster_3846534041_436877431,27.0,ER_ACC_004,emergency_ER_ACC_004_PT_015,7335400049,7335400049,218773869#7,218773869#8,29.261,180368918#0,skip,disabled_by_single_terminal_experiment,,
b0_valid_18route_ER_ACC_004_PT_015,PT_015,cluster_3846534041_436877431,31.0,ER_ACC_004,emergency_ER_ACC_004_PT_015,11346754525,11346754525,219696193#0,219696193#1,29.72,180368918#6,skip,disabled_by_single_terminal_experiment,,
b0_valid_18route_ER_ACC_004_PT_016,PT_016,joinedS_11139302899_11139302904_11178710208_cluster_11139302901_5593950669_5593950674,1.0,ER_ACC_004,emergency_ER_ACC_004_PT_016,cluster_1326096615_3849700763,cluster_1326096615_3849700763,-381802847#2,-183272625#1,2.979,-381802881#2,skip,disabled_by_single_terminal_experiment,,
b0_valid_18route_ER_ACC_004_PT_016,PT_016,joinedS_11139302899_11139302904_11178710208_cluster_11139302901_5593950669_5593950674,2.0,ER_ACC_004,emergency_ER_ACC_004_PT_016,cluster_3846534041_436877431,cluster_3846534041_436877431,180368918#3,180368918#5,21.224,-381802881#2,skip,disabled_by_single_terminal_experiment,,
b0_valid_18route_ER_ACC_004_PT_016,PT_016,joinedS_11139302899_11139302904_11178710208_cluster_11139302901_5593950669_5593950674,19.0,ER_ACC_004,emergency_ER_ACC_004_PT_016,joinedS_4273893706_4273893707_7335400058_cluster_13348213189_13348213190_13348213191,cluster_13348213189_13348213190_13348213191,-1455512070,-1455512069,29.158,-174870621#2,skip,disabled_by_single_terminal_experiment,,
b0_valid_18route_ER_ACC_004_PT_016,PT_016,joinedS_11139302899_11139302904_11178710208_cluster_11139302901_5593950669_5593950674,27.0,ER_ACC_004,emergency_ER_ACC_004_PT_016,7335400049,7335400049,218773869#7,218773869#8,29.261,180368918#0,skip,disabled_by_single_terminal_experiment,,
b0_valid_18route_ER_ACC_004_PT_016,PT_016,joinedS_11139302899_11139302904_11178710208_cluster_11139302901_5593950669_5593950674,31.0,ER_ACC_004,emergency_ER_ACC_004_PT_016,11346754525,11346754525,219696193#0,219696193#1,29.72,180368918#6,skip,disabled_by_single_terminal_experiment,,
b0_valid_18route_ER_ACC_004_PT_017,PT_017,joinedS_11203001806_11203001814_13721232731_5851251250_#6more,1.0,ER_ACC_004,emergency_ER_ACC_004_PT_017,cluster_1326096615_3849700763,cluster_1326096615_3849700763,-381802847#2,-183272625#1,2.979,-381802881#2,skip,disabled_by_single_terminal_experiment,,
b0_valid_18route_ER_ACC_004_PT_017,PT_017,joinedS_11203001806_11203001814_13721232731_5851251250_#6more,2.0,ER_ACC_004,emergency_ER_ACC_004_PT_017,cluster_3846534041_436877431,cluster_3846534041_436877431,180368918#3,180368918#5,21.224,-381802881#2,skip,disabled_by_single_terminal_experiment,,
b0_valid_18route_ER_ACC_004_PT_017,PT_017,joinedS_11203001806_11203001814_13721232731_5851251250_#6more,19.0,ER_ACC_004,emergency_ER_ACC_004_PT_017,joinedS_4273893706_4273893707_7335400058_cluster_13348213189_13348213190_13348213191,cluster_13348213189_13348213190_13348213191,-1455512070,-1455512069,29.158,-174870621#2,skip,disabled_by_single_terminal_experiment,,
b0_valid_18route_ER_ACC_004_PT_017,PT_017,joinedS_11203001806_11203001814_13721232731_5851251250_#6more,27.0,ER_ACC_004,emergency_ER_ACC_004_PT_017,7335400049,7335400049,218773869#7,218773869#8,29.261,180368918#0,skip,disabled_by_single_terminal_experiment,,
b0_valid_18route_ER_ACC_004_PT_017,PT_017,joinedS_11203001806_11203001814_13721232731_5851251250_#6more,31.0,ER_ACC_004,emergency_ER_ACC_004_PT_017,11346754525,11346754525,219696193#0,219696193#1,29.72,180368918#6,skip,disabled_by_single_terminal_experiment,,
b0_valid_18route_ER_ACC_004_PT_018,PT_018,joinedS_11203052957_cluster_11203052955_11203052956_11203052960_11203052961_#11more,1.0,ER_ACC_004,emergency_ER_ACC_004_PT_018,cluster_1326096615_3849700763,cluster_1326096615_3849700763,-381802847#2,-183272625#1,2.979,-381802881#2,skip,disabled_by_single_terminal_experiment,,
b0_valid_18route_ER_ACC_004_PT_018,PT_018,joinedS_11203052957_cluster_11203052955_11203052956_11203052960_11203052961_#11more,2.0,ER_ACC_004,emergency_ER_ACC_004_PT_018,cluster_3846534041_436877431,cluster_3846534041_436877431,180368918#3,180368918#5,21.224,-381802881#2,skip,disabled_by_single_terminal_experiment,,
b0_valid_18route_ER_ACC_004_PT_018,PT_018,joinedS_11203052957_cluster_11203052955_11203052956_11203052960_11203052961_#11more,19.0,ER_ACC_004,emergency_ER_ACC_004_PT_018,joinedS_4273893706_4273893707_7335400058_cluster_13348213189_13348213190_13348213191,cluster_13348213189_13348213190_13348213191,-1455512070,-1455512069,29.158,-174870621#2,skip,disabled_by_single_terminal_experiment,,
b0_valid_18route_ER_ACC_004_PT_018,PT_018,joinedS_11203052957_cluster_11203052955_11203052956_11203052960_11203052961_#11more,27.0,ER_ACC_004,emergency_ER_ACC_004_PT_018,7335400049,7335400049,218773869#7,218773869#8,29.261,180368918#0,skip,disabled_by_single_terminal_experiment,,
b0_valid_18route_ER_ACC_004_PT_018,PT_018,joinedS_11203052957_cluster_11203052955_11203052956_11203052960_11203052961_#11more,31.0,ER_ACC_004,emergency_ER_ACC_004_PT_018,11346754525,11346754525,219696193#0,219696193#1,29.72,180368918#6,skip,disabled_by_single_terminal_experiment,,
b0_valid_18route_ER_ACC_004_PT_019,PT_019,joinedS_4273893706_4273893707_7335400058_cluster_13348213189_13348213190_13348213191,1.0,ER_ACC_004,emergency_ER_ACC_004_PT_019,cluster_1326096615_3849700763,cluster_1326096615_3849700763,-381802847#2,-183272625#1,2.979,-381802881#2,skip,disabled_by_single_terminal_experiment,,
b0_valid_18route_ER_ACC_004_PT_019,PT_019,joinedS_4273893706_4273893707_7335400058_cluster_13348213189_13348213190_13348213191,2.0,ER_ACC_004,emergency_ER_ACC_004_PT_019,cluster_3846534041_436877431,cluster_3846534041_436877431,180368918#3,180368918#5,21.224,-381802881#2,skip,disabled_by_single_terminal_experiment,,
b0_valid_18route_ER_ACC_004_PT_019,PT_019,joinedS_4273893706_4273893707_7335400058_cluster_13348213189_13348213190_13348213191,19.0,ER_ACC_004,emergency_ER_ACC_004_PT_019,joinedS_4273893706_4273893707_7335400058_cluster_13348213189_13348213190_13348213191,cluster_13348213189_13348213190_13348213191,-1455512070,-1455512069,29.158,-174870621#2,extend_green,current_phase_already_green,0,
b0_valid_18route_ER_ACC_004_PT_019,PT_019,joinedS_4273893706_4273893707_7335400058_cluster_13348213189_13348213190_13348213191,27.0,ER_ACC_004,emergency_ER_ACC_004_PT_019,7335400049,7335400049,218773869#7,218773869#8,29.261,180368918#0,skip,disabled_by_single_terminal_experiment,,
b0_valid_18route_ER_ACC_004_PT_019,PT_019,joinedS_4273893706_4273893707_7335400058_cluster_13348213189_13348213190_13348213191,31.0,ER_ACC_004,emergency_ER_ACC_004_PT_019,11346754525,11346754525,219696193#0,219696193#1,29.72,180368918#6,skip,disabled_by_single_terminal_experiment,,
b0_valid_18route_ER_ACC_004_PT_020,PT_020,joinedS_4276255150_4276255151_4276255152_cluster_4276255149_436839431,1.0,ER_ACC_004,emergency_ER_ACC_004_PT_020,cluster_1326096615_3849700763,cluster_1326096615_3849700763,-381802847#2,-183272625#1,2.979,-381802881#2,skip,disabled_by_single_terminal_experiment,,
b0_valid_18route_ER_ACC_004_PT_020,PT_020,joinedS_4276255150_4276255151_4276255152_cluster_4276255149_436839431,2.0,ER_ACC_004,emergency_ER_ACC_004_PT_020,cluster_3846534041_436877431,cluster_3846534041_436877431,180368918#3,180368918#5,21.224,-381802881#2,skip,disabled_by_single_terminal_experiment,,
b0_valid_18route_ER_ACC_004_PT_020,PT_020,joinedS_4276255150_4276255151_4276255152_cluster_4276255149_436839431,19.0,ER_ACC_004,emergency_ER_ACC_004_PT_020,joinedS_4273893706_4273893707_7335400058_cluster_13348213189_13348213190_13348213191,cluster_13348213189_13348213190_13348213191,-1455512070,-1455512069,29.158,-174870621#2,skip,disabled_by_single_terminal_experiment,,
b0_valid_18route_ER_ACC_004_PT_020,PT_020,joinedS_4276255150_4276255151_4276255152_cluster_4276255149_436839431,27.0,ER_ACC_004,emergency_ER_ACC_004_PT_020,7335400049,7335400049,218773869#7,218773869#8,29.261,180368918#0,skip,disabled_by_single_terminal_experiment,,
b0_valid_18route_ER_ACC_004_PT_020,PT_020,joinedS_4276255150_4276255151_4276255152_cluster_4276255149_436839431,31.0,ER_ACC_004,emergency_ER_ACC_004_PT_020,11346754525,11346754525,219696193#0,219696193#1,29.72,180368918#6,skip,disabled_by_single_terminal_experiment,,
b0_valid_18route_ER_ACC_005_PT_001,PT_001,11203059756,1.0,ER_ACC_005,emergency_ER_ACC_005_PT_001,cluster_1326096615_3849700763,cluster_1326096615_3849700763,-381802847#2,-183272625#1,2.979,-381802881#2,skip,disabled_by_single_terminal_experiment,,
b0_valid_18route_ER_ACC_005_PT_001,PT_001,11203059756,2.0,ER_ACC_005,emergency_ER_ACC_005_PT_001,cluster_3846534041_436877431,cluster_3846534041_436877431,180368918#3,180368918#5,21.224,-381802881#2,skip,disabled_by_single_terminal_experiment,,
b0_valid_18route_ER_ACC_005_PT_001,PT_001,11203059756,19.0,ER_ACC_005,emergency_ER_ACC_005_PT_001,joinedS_4273893706_4273893707_7335400058_cluster_13348213189_13348213190_13348213191,cluster_13348213189_13348213190_13348213191,-1455512070,-1455512069,29.158,-174870621#2,skip,disabled_by_single_terminal_experiment,,
b0_valid_18route_ER_ACC_005_PT_001,PT_001,11203059756,27.0,ER_ACC_005,emergency_ER_ACC_005_PT_001,7335400049,7335400049,218773869#7,218773869#8,29.261,180368918#0,skip,disabled_by_single_terminal_experiment,,
b0_valid_18route_ER_ACC_005_PT_002,PT_002,11346754524,1.0,ER_ACC_005,emergency_ER_ACC_005_PT_002,cluster_1326096615_3849700763,cluster_1326096615_3849700763,-381802847#2,-183272625#1,2.979,-381802881#2,skip,disabled_by_single_terminal_experiment,,
b0_valid_18route_ER_ACC_005_PT_002,PT_002,11346754524,2.0,ER_ACC_005,emergency_ER_ACC_005_PT_002,cluster_3846534041_436877431,cluster_3846534041_436877431,180368918#3,180368918#5,21.224,-381802881#2,skip,disabled_by_single_terminal_experiment,,
b0_valid_18route_ER_ACC_005_PT_002,PT_002,11346754524,19.0,ER_ACC_005,emergency_ER_ACC_005_PT_002,joinedS_4273893706_4273893707_7335400058_cluster_13348213189_13348213190_13348213191,cluster_13348213189_13348213190_13348213191,-1455512070,-1455512069,29.158,-174870621#2,skip,disabled_by_single_terminal_experiment,,
b0_valid_18route_ER_ACC_005_PT_002,PT_002,11346754524,27.0,ER_ACC_005,emergency_ER_ACC_005_PT_002,7335400049,7335400049,218773869#7,218773869#8,29.261,180368918#0,skip,disabled_by_single_terminal_experiment,,
b0_valid_18route_ER_ACC_005_PT_003,PT_003,11346754525,1.0,ER_ACC_005,emergency_ER_ACC_005_PT_003,cluster_1326096615_3849700763,cluster_1326096615_3849700763,-381802847#2,-183272625#1,2.979,-381802881#2,skip,disabled_by_single_terminal_experiment,,
b0_valid_18route_ER_ACC_005_PT_003,PT_003,11346754525,2.0,ER_ACC_005,emergency_ER_ACC_005_PT_003,cluster_3846534041_436877431,cluster_3846534041_436877431,180368918#3,180368918#5,21.224,-381802881#2,skip,disabled_by_single_terminal_experiment,,
b0_valid_18route_ER_ACC_005_PT_003,PT_003,11346754525,19.0,ER_ACC_005,emergency_ER_ACC_005_PT_003,joinedS_4273893706_4273893707_7335400058_cluster_13348213189_13348213190_13348213191,cluster_13348213189_13348213190_13348213191,-1455512070,-1455512069,29.158,-174870621#2,skip,disabled_by_single_terminal_experiment,,
b0_valid_18route_ER_ACC_005_PT_003,PT_003,11346754525,27.0,ER_ACC_005,emergency_ER_ACC_005_PT_003,7335400049,7335400049,218773869#7,218773869#8,29.261,180368918#0,skip,disabled_by_single_terminal_experiment,,
b0_valid_18route_ER_ACC_005_PT_004,PT_004,13732389937,1.0,ER_ACC_005,emergency_ER_ACC_005_PT_004,cluster_1326096615_3849700763,cluster_1326096615_3849700763,-381802847#2,-183272625#1,2.979,-381802881#2,skip,disabled_by_single_terminal_experiment,,
b0_valid_18route_ER_ACC_005_PT_004,PT_004,13732389937,2.0,ER_ACC_005,emergency_ER_ACC_005_PT_004,cluster_3846534041_436877431,cluster_3846534041_436877431,180368918#3,180368918#5,21.224,-381802881#2,skip,disabled_by_single_terminal_experiment,,
b0_valid_18route_ER_ACC_005_PT_004,PT_004,13732389937,19.0,ER_ACC_005,emergency_ER_ACC_005_PT_004,joinedS_4273893706_4273893707_7335400058_cluster_13348213189_13348213190_13348213191,cluster_13348213189_13348213190_13348213191,-1455512070,-1455512069,29.158,-174870621#2,skip,disabled_by_single_terminal_experiment,,
b0_valid_18route_ER_ACC_005_PT_004,PT_004,13732389937,27.0,ER_ACC_005,emergency_ER_ACC_005_PT_004,7335400049,7335400049,218773869#7,218773869#8,29.261,180368918#0,skip,disabled_by_single_terminal_experiment,,
b0_valid_18route_ER_ACC_005_PT_005,PT_005,13732389938,1.0,ER_ACC_005,emergency_ER_ACC_005_PT_005,cluster_1326096615_3849700763,cluster_1326096615_3849700763,-381802847#2,-183272625#1,2.979,-381802881#2,skip,disabled_by_single_terminal_experiment,,
b0_valid_18route_ER_ACC_005_PT_005,PT_005,13732389938,2.0,ER_ACC_005,emergency_ER_ACC_005_PT_005,cluster_3846534041_436877431,cluster_3846534041_436877431,180368918#3,180368918#5,21.224,-381802881#2,skip,disabled_by_single_terminal_experiment,,
b0_valid_18route_ER_ACC_005_PT_005,PT_005,13732389938,19.0,ER_ACC_005,emergency_ER_ACC_005_PT_005,joinedS_4273893706_4273893707_7335400058_cluster_13348213189_13348213190_13348213191,cluster_13348213189_13348213190_13348213191,-1455512070,-1455512069,29.158,-174870621#2,skip,disabled_by_single_terminal_experiment,,
b0_valid_18route_ER_ACC_005_PT_005,PT_005,13732389938,27.0,ER_ACC_005,emergency_ER_ACC_005_PT_005,7335400049,7335400049,218773869#7,218773869#8,29.261,180368918#0,skip,disabled_by_single_terminal_experiment,,
b0_valid_18route_ER_ACC_005_PT_006,PT_006,4202879197,1.0,ER_ACC_005,emergency_ER_ACC_005_PT_006,cluster_1326096615_3849700763,cluster_1326096615_3849700763,-381802847#2,-183272625#1,2.979,-381802881#2,skip,disabled_by_single_terminal_experiment,,
b0_valid_18route_ER_ACC_005_PT_006,PT_006,4202879197,2.0,ER_ACC_005,emergency_ER_ACC_005_PT_006,cluster_3846534041_436877431,cluster_3846534041_436877431,180368918#3,180368918#5,21.224,-381802881#2,skip,disabled_by_single_terminal_experiment,,
b0_valid_18route_ER_ACC_005_PT_006,PT_006,4202879197,19.0,ER_ACC_005,emergency_ER_ACC_005_PT_006,joinedS_4273893706_4273893707_7335400058_cluster_13348213189_13348213190_13348213191,cluster_13348213189_13348213190_13348213191,-1455512070,-1455512069,29.158,-174870621#2,skip,disabled_by_single_terminal_experiment,,
b0_valid_18route_ER_ACC_005_PT_006,PT_006,4202879197,27.0,ER_ACC_005,emergency_ER_ACC_005_PT_006,7335400049,7335400049,218773869#7,218773869#8,29.261,180368918#0,skip,disabled_by_single_terminal_experiment,,
b0_valid_18route_ER_ACC_005_PT_007,PT_007,436870729,1.0,ER_ACC_005,emergency_ER_ACC_005_PT_007,cluster_1326096615_3849700763,cluster_1326096615_3849700763,-381802847#2,-183272625#1,2.979,-381802881#2,skip,disabled_by_single_terminal_experiment,,
b0_valid_18route_ER_ACC_005_PT_007,PT_007,436870729,2.0,ER_ACC_005,emergency_ER_ACC_005_PT_007,cluster_3846534041_436877431,cluster_3846534041_436877431,180368918#3,180368918#5,21.224,-381802881#2,skip,disabled_by_single_terminal_experiment,,
b0_valid_18route_ER_ACC_005_PT_007,PT_007,436870729,19.0,ER_ACC_005,emergency_ER_ACC_005_PT_007,joinedS_4273893706_4273893707_7335400058_cluster_13348213189_13348213190_13348213191,cluster_13348213189_13348213190_13348213191,-1455512070,-1455512069,29.158,-174870621#2,skip,disabled_by_single_terminal_experiment,,
b0_valid_18route_ER_ACC_005_PT_007,PT_007,436870729,27.0,ER_ACC_005,emergency_ER_ACC_005_PT_007,7335400049,7335400049,218773869#7,218773869#8,29.261,180368918#0,skip,disabled_by_single_terminal_experiment,,
b0_valid_18route_ER_ACC_005_PT_008,PT_008,7311080426,1.0,ER_ACC_005,emergency_ER_ACC_005_PT_008,cluster_1326096615_3849700763,cluster_1326096615_3849700763,-381802847#2,-183272625#1,2.979,-381802881#2,skip,disabled_by_single_terminal_experiment,,
b0_valid_18route_ER_ACC_005_PT_008,PT_008,7311080426,2.0,ER_ACC_005,emergency_ER_ACC_005_PT_008,cluster_3846534041_436877431,cluster_3846534041_436877431,180368918#3,180368918#5,21.224,-381802881#2,skip,disabled_by_single_terminal_experiment,,
b0_valid_18route_ER_ACC_005_PT_008,PT_008,7311080426,19.0,ER_ACC_005,emergency_ER_ACC_005_PT_008,joinedS_4273893706_4273893707_7335400058_cluster_13348213189_13348213190_13348213191,cluster_13348213189_13348213190_13348213191,-1455512070,-1455512069,29.158,-174870621#2,skip,disabled_by_single_terminal_experiment,,
b0_valid_18route_ER_ACC_005_PT_008,PT_008,7311080426,27.0,ER_ACC_005,emergency_ER_ACC_005_PT_008,7335400049,7335400049,218773869#7,218773869#8,29.261,180368918#0,skip,disabled_by_single_terminal_experiment,,
b0_valid_18route_ER_ACC_005_PT_009,PT_009,7335400049,1.0,ER_ACC_005,emergency_ER_ACC_005_PT_009,cluster_1326096615_3849700763,cluster_1326096615_3849700763,-381802847#2,-183272625#1,2.979,-381802881#2,skip,disabled_by_single_terminal_experiment,,
b0_valid_18route_ER_ACC_005_PT_009,PT_009,7335400049,2.0,ER_ACC_005,emergency_ER_ACC_005_PT_009,cluster_3846534041_436877431,cluster_3846534041_436877431,180368918#3,180368918#5,21.224,-381802881#2,skip,disabled_by_single_terminal_experiment,,
b0_valid_18route_ER_ACC_005_PT_009,PT_009,7335400049,19.0,ER_ACC_005,emergency_ER_ACC_005_PT_009,joinedS_4273893706_4273893707_7335400058_cluster_13348213189_13348213190_13348213191,cluster_13348213189_13348213190_13348213191,-1455512070,-1455512069,29.158,-174870621#2,skip,disabled_by_single_terminal_experiment,,
b0_valid_18route_ER_ACC_005_PT_009,PT_009,7335400049,27.0,ER_ACC_005,emergency_ER_ACC_005_PT_009,7335400049,7335400049,218773869#7,218773869#8,29.261,180368918#0,extend_green,current_phase_already_green,0,
b0_valid_18route_ER_ACC_005_PT_010,PT_010,cluster_11203041632_11203041633_11203041634_11203041635_#5more,1.0,ER_ACC_005,emergency_ER_ACC_005_PT_010,cluster_1326096615_3849700763,cluster_1326096615_3849700763,-381802847#2,-183272625#1,2.979,-381802881#2,skip,disabled_by_single_terminal_experiment,,
b0_valid_18route_ER_ACC_005_PT_010,PT_010,cluster_11203041632_11203041633_11203041634_11203041635_#5more,2.0,ER_ACC_005,emergency_ER_ACC_005_PT_010,cluster_3846534041_436877431,cluster_3846534041_436877431,180368918#3,180368918#5,21.224,-381802881#2,skip,disabled_by_single_terminal_experiment,,
b0_valid_18route_ER_ACC_005_PT_010,PT_010,cluster_11203041632_11203041633_11203041634_11203041635_#5more,19.0,ER_ACC_005,emergency_ER_ACC_005_PT_010,joinedS_4273893706_4273893707_7335400058_cluster_13348213189_13348213190_13348213191,cluster_13348213189_13348213190_13348213191,-1455512070,-1455512069,29.158,-174870621#2,skip,disabled_by_single_terminal_experiment,,
b0_valid_18route_ER_ACC_005_PT_010,PT_010,cluster_11203041632_11203041633_11203041634_11203041635_#5more,27.0,ER_ACC_005,emergency_ER_ACC_005_PT_010,7335400049,7335400049,218773869#7,218773869#8,29.261,180368918#0,skip,disabled_by_single_terminal_experiment,,
b0_valid_18route_ER_ACC_005_PT_011,PT_011,cluster_11277565408_11277565409_414685823_5851251280,1.0,ER_ACC_005,emergency_ER_ACC_005_PT_011,cluster_1326096615_3849700763,cluster_1326096615_3849700763,-381802847#2,-183272625#1,2.979,-381802881#2,skip,disabled_by_single_terminal_experiment,,
b0_valid_18route_ER_ACC_005_PT_011,PT_011,cluster_11277565408_11277565409_414685823_5851251280,2.0,ER_ACC_005,emergency_ER_ACC_005_PT_011,cluster_3846534041_436877431,cluster_3846534041_436877431,180368918#3,180368918#5,21.224,-381802881#2,skip,disabled_by_single_terminal_experiment,,
b0_valid_18route_ER_ACC_005_PT_011,PT_011,cluster_11277565408_11277565409_414685823_5851251280,19.0,ER_ACC_005,emergency_ER_ACC_005_PT_011,joinedS_4273893706_4273893707_7335400058_cluster_13348213189_13348213190_13348213191,cluster_13348213189_13348213190_13348213191,-1455512070,-1455512069,29.158,-174870621#2,skip,disabled_by_single_terminal_experiment,,
b0_valid_18route_ER_ACC_005_PT_011,PT_011,cluster_11277565408_11277565409_414685823_5851251280,27.0,ER_ACC_005,emergency_ER_ACC_005_PT_011,7335400049,7335400049,218773869#7,218773869#8,29.261,180368918#0,skip,disabled_by_single_terminal_experiment,,
b0_valid_18route_ER_ACC_005_PT_012,PT_012,cluster_12785870414_3337522189,1.0,ER_ACC_005,emergency_ER_ACC_005_PT_012,cluster_1326096615_3849700763,cluster_1326096615_3849700763,-381802847#2,-183272625#1,2.979,-381802881#2,skip,disabled_by_single_terminal_experiment,,
b0_valid_18route_ER_ACC_005_PT_012,PT_012,cluster_12785870414_3337522189,2.0,ER_ACC_005,emergency_ER_ACC_005_PT_012,cluster_3846534041_436877431,cluster_3846534041_436877431,180368918#3,180368918#5,21.224,-381802881#2,skip,disabled_by_single_terminal_experiment,,
b0_valid_18route_ER_ACC_005_PT_012,PT_012,cluster_12785870414_3337522189,19.0,ER_ACC_005,emergency_ER_ACC_005_PT_012,joinedS_4273893706_4273893707_7335400058_cluster_13348213189_13348213190_13348213191,cluster_13348213189_13348213190_13348213191,-1455512070,-1455512069,29.158,-174870621#2,skip,disabled_by_single_terminal_experiment,,
b0_valid_18route_ER_ACC_005_PT_012,PT_012,cluster_12785870414_3337522189,27.0,ER_ACC_005,emergency_ER_ACC_005_PT_012,7335400049,7335400049,218773869#7,218773869#8,29.261,180368918#0,skip,disabled_by_single_terminal_experiment,,
b0_valid_18route_ER_ACC_005_PT_013,PT_013,cluster_1326096615_3849700763,1.0,ER_ACC_005,emergency_ER_ACC_005_PT_013,cluster_1326096615_3849700763,cluster_1326096615_3849700763,-381802847#2,-183272625#1,2.979,-381802881#2,skip,safe_green_not_current_or_next_phase,0,2
b0_valid_18route_ER_ACC_005_PT_013,PT_013,cluster_1326096615_3849700763,2.0,ER_ACC_005,emergency_ER_ACC_005_PT_013,cluster_3846534041_436877431,cluster_3846534041_436877431,180368918#3,180368918#5,21.224,-381802881#2,skip,disabled_by_single_terminal_experiment,,
b0_valid_18route_ER_ACC_005_PT_013,PT_013,cluster_1326096615_3849700763,19.0,ER_ACC_005,emergency_ER_ACC_005_PT_013,joinedS_4273893706_4273893707_7335400058_cluster_13348213189_13348213190_13348213191,cluster_13348213189_13348213190_13348213191,-1455512070,-1455512069,29.158,-174870621#2,skip,disabled_by_single_terminal_experiment,,
b0_valid_18route_ER_ACC_005_PT_013,PT_013,cluster_1326096615_3849700763,27.0,ER_ACC_005,emergency_ER_ACC_005_PT_013,7335400049,7335400049,218773869#7,218773869#8,29.261,180368918#0,skip,disabled_by_single_terminal_experiment,,
b0_valid_18route_ER_ACC_005_PT_014,PT_014,cluster_13348293702_13348293703_414685829,1.0,ER_ACC_005,emergency_ER_ACC_005_PT_014,cluster_1326096615_3849700763,cluster_1326096615_3849700763,-381802847#2,-183272625#1,2.979,-381802881#2,skip,disabled_by_single_terminal_experiment,,
b0_valid_18route_ER_ACC_005_PT_014,PT_014,cluster_13348293702_13348293703_414685829,2.0,ER_ACC_005,emergency_ER_ACC_005_PT_014,cluster_3846534041_436877431,cluster_3846534041_436877431,180368918#3,180368918#5,21.224,-381802881#2,skip,disabled_by_single_terminal_experiment,,
b0_valid_18route_ER_ACC_005_PT_014,PT_014,cluster_13348293702_13348293703_414685829,19.0,ER_ACC_005,emergency_ER_ACC_005_PT_014,joinedS_4273893706_4273893707_7335400058_cluster_13348213189_13348213190_13348213191,cluster_13348213189_13348213190_13348213191,-1455512070,-1455512069,29.158,-174870621#2,skip,disabled_by_single_terminal_experiment,,
b0_valid_18route_ER_ACC_005_PT_014,PT_014,cluster_13348293702_13348293703_414685829,27.0,ER_ACC_005,emergency_ER_ACC_005_PT_014,7335400049,7335400049,218773869#7,218773869#8,29.261,180368918#0,skip,disabled_by_single_terminal_experiment,,
b0_valid_18route_ER_ACC_005_PT_015,PT_015,cluster_3846534041_436877431,1.0,ER_ACC_005,emergency_ER_ACC_005_PT_015,cluster_1326096615_3849700763,cluster_1326096615_3849700763,-381802847#2,-183272625#1,2.979,-381802881#2,skip,disabled_by_single_terminal_experiment,,
b0_valid_18route_ER_ACC_005_PT_015,PT_015,cluster_3846534041_436877431,2.0,ER_ACC_005,emergency_ER_ACC_005_PT_015,cluster_3846534041_436877431,cluster_3846534041_436877431,180368918#3,180368918#5,21.224,-381802881#2,extend_green,current_phase_already_green,0,
b0_valid_18route_ER_ACC_005_PT_015,PT_015,cluster_3846534041_436877431,19.0,ER_ACC_005,emergency_ER_ACC_005_PT_015,joinedS_4273893706_4273893707_7335400058_cluster_13348213189_13348213190_13348213191,cluster_13348213189_13348213190_13348213191,-1455512070,-1455512069,29.158,-174870621#2,skip,disabled_by_single_terminal_experiment,,
b0_valid_18route_ER_ACC_005_PT_015,PT_015,cluster_3846534041_436877431,27.0,ER_ACC_005,emergency_ER_ACC_005_PT_015,7335400049,7335400049,218773869#7,218773869#8,29.261,180368918#0,skip,disabled_by_single_terminal_experiment,,
b0_valid_18route_ER_ACC_005_PT_016,PT_016,joinedS_11139302899_11139302904_11178710208_cluster_11139302901_5593950669_5593950674,1.0,ER_ACC_005,emergency_ER_ACC_005_PT_016,cluster_1326096615_3849700763,cluster_1326096615_3849700763,-381802847#2,-183272625#1,2.979,-381802881#2,skip,disabled_by_single_terminal_experiment,,
b0_valid_18route_ER_ACC_005_PT_016,PT_016,joinedS_11139302899_11139302904_11178710208_cluster_11139302901_5593950669_5593950674,2.0,ER_ACC_005,emergency_ER_ACC_005_PT_016,cluster_3846534041_436877431,cluster_3846534041_436877431,180368918#3,180368918#5,21.224,-381802881#2,skip,disabled_by_single_terminal_experiment,,
b0_valid_18route_ER_ACC_005_PT_016,PT_016,joinedS_11139302899_11139302904_11178710208_cluster_11139302901_5593950669_5593950674,19.0,ER_ACC_005,emergency_ER_ACC_005_PT_016,joinedS_4273893706_4273893707_7335400058_cluster_13348213189_13348213190_13348213191,cluster_13348213189_13348213190_13348213191,-1455512070,-1455512069,29.158,-174870621#2,skip,disabled_by_single_terminal_experiment,,
b0_valid_18route_ER_ACC_005_PT_016,PT_016,joinedS_11139302899_11139302904_11178710208_cluster_11139302901_5593950669_5593950674,27.0,ER_ACC_005,emergency_ER_ACC_005_PT_016,7335400049,7335400049,218773869#7,218773869#8,29.261,180368918#0,skip,disabled_by_single_terminal_experiment,,
b0_valid_18route_ER_ACC_005_PT_017,PT_017,joinedS_11203001806_11203001814_13721232731_5851251250_#6more,1.0,ER_ACC_005,emergency_ER_ACC_005_PT_017,cluster_1326096615_3849700763,cluster_1326096615_3849700763,-381802847#2,-183272625#1,2.979,-381802881#2,skip,disabled_by_single_terminal_experiment,,
b0_valid_18route_ER_ACC_005_PT_017,PT_017,joinedS_11203001806_11203001814_13721232731_5851251250_#6more,2.0,ER_ACC_005,emergency_ER_ACC_005_PT_017,cluster_3846534041_436877431,cluster_3846534041_436877431,180368918#3,180368918#5,21.224,-381802881#2,skip,disabled_by_single_terminal_experiment,,
b0_valid_18route_ER_ACC_005_PT_017,PT_017,joinedS_11203001806_11203001814_13721232731_5851251250_#6more,19.0,ER_ACC_005,emergency_ER_ACC_005_PT_017,joinedS_4273893706_4273893707_7335400058_cluster_13348213189_13348213190_13348213191,cluster_13348213189_13348213190_13348213191,-1455512070,-1455512069,29.158,-174870621#2,skip,disabled_by_single_terminal_experiment,,
b0_valid_18route_ER_ACC_005_PT_017,PT_017,joinedS_11203001806_11203001814_13721232731_5851251250_#6more,27.0,ER_ACC_005,emergency_ER_ACC_005_PT_017,7335400049,7335400049,218773869#7,218773869#8,29.261,180368918#0,skip,disabled_by_single_terminal_experiment,,
b0_valid_18route_ER_ACC_005_PT_018,PT_018,joinedS_11203052957_cluster_11203052955_11203052956_11203052960_11203052961_#11more,1.0,ER_ACC_005,emergency_ER_ACC_005_PT_018,cluster_1326096615_3849700763,cluster_1326096615_3849700763,-381802847#2,-183272625#1,2.979,-381802881#2,skip,disabled_by_single_terminal_experiment,,
b0_valid_18route_ER_ACC_005_PT_018,PT_018,joinedS_11203052957_cluster_11203052955_11203052956_11203052960_11203052961_#11more,2.0,ER_ACC_005,emergency_ER_ACC_005_PT_018,cluster_3846534041_436877431,cluster_3846534041_436877431,180368918#3,180368918#5,21.224,-381802881#2,skip,disabled_by_single_terminal_experiment,,
b0_valid_18route_ER_ACC_005_PT_018,PT_018,joinedS_11203052957_cluster_11203052955_11203052956_11203052960_11203052961_#11more,19.0,ER_ACC_005,emergency_ER_ACC_005_PT_018,joinedS_4273893706_4273893707_7335400058_cluster_13348213189_13348213190_13348213191,cluster_13348213189_13348213190_13348213191,-1455512070,-1455512069,29.158,-174870621#2,skip,disabled_by_single_terminal_experiment,,
b0_valid_18route_ER_ACC_005_PT_018,PT_018,joinedS_11203052957_cluster_11203052955_11203052956_11203052960_11203052961_#11more,27.0,ER_ACC_005,emergency_ER_ACC_005_PT_018,7335400049,7335400049,218773869#7,218773869#8,29.261,180368918#0,skip,disabled_by_single_terminal_experiment,,
b0_valid_18route_ER_ACC_005_PT_019,PT_019,joinedS_4273893706_4273893707_7335400058_cluster_13348213189_13348213190_13348213191,1.0,ER_ACC_005,emergency_ER_ACC_005_PT_019,cluster_1326096615_3849700763,cluster_1326096615_3849700763,-381802847#2,-183272625#1,2.979,-381802881#2,skip,disabled_by_single_terminal_experiment,,
b0_valid_18route_ER_ACC_005_PT_019,PT_019,joinedS_4273893706_4273893707_7335400058_cluster_13348213189_13348213190_13348213191,2.0,ER_ACC_005,emergency_ER_ACC_005_PT_019,cluster_3846534041_436877431,cluster_3846534041_436877431,180368918#3,180368918#5,21.224,-381802881#2,skip,disabled_by_single_terminal_experiment,,
b0_valid_18route_ER_ACC_005_PT_019,PT_019,joinedS_4273893706_4273893707_7335400058_cluster_13348213189_13348213190_13348213191,19.0,ER_ACC_005,emergency_ER_ACC_005_PT_019,joinedS_4273893706_4273893707_7335400058_cluster_13348213189_13348213190_13348213191,cluster_13348213189_13348213190_13348213191,-1455512070,-1455512069,29.158,-174870621#2,extend_green,current_phase_already_green,0,
b0_valid_18route_ER_ACC_005_PT_019,PT_019,joinedS_4273893706_4273893707_7335400058_cluster_13348213189_13348213190_13348213191,27.0,ER_ACC_005,emergency_ER_ACC_005_PT_019,7335400049,7335400049,218773869#7,218773869#8,29.261,180368918#0,skip,disabled_by_single_terminal_experiment,,
b0_valid_18route_ER_ACC_005_PT_020,PT_020,joinedS_4276255150_4276255151_4276255152_cluster_4276255149_436839431,1.0,ER_ACC_005,emergency_ER_ACC_005_PT_020,cluster_1326096615_3849700763,cluster_1326096615_3849700763,-381802847#2,-183272625#1,2.979,-381802881#2,skip,disabled_by_single_terminal_experiment,,
b0_valid_18route_ER_ACC_005_PT_020,PT_020,joinedS_4276255150_4276255151_4276255152_cluster_4276255149_436839431,2.0,ER_ACC_005,emergency_ER_ACC_005_PT_020,cluster_3846534041_436877431,cluster_3846534041_436877431,180368918#3,180368918#5,21.224,-381802881#2,skip,disabled_by_single_terminal_experiment,,
b0_valid_18route_ER_ACC_005_PT_020,PT_020,joinedS_4276255150_4276255151_4276255152_cluster_4276255149_436839431,19.0,ER_ACC_005,emergency_ER_ACC_005_PT_020,joinedS_4273893706_4273893707_7335400058_cluster_13348213189_13348213190_13348213191,cluster_13348213189_13348213190_13348213191,-1455512070,-1455512069,29.158,-174870621#2,skip,disabled_by_single_terminal_experiment,,
b0_valid_18route_ER_ACC_005_PT_020,PT_020,joinedS_4276255150_4276255151_4276255152_cluster_4276255149_436839431,27.0,ER_ACC_005,emergency_ER_ACC_005_PT_020,7335400049,7335400049,218773869#7,218773869#8,29.261,180368918#0,skip,disabled_by_single_terminal_experiment,,
b0_valid_18route_ER_ACC_006_PT_001,PT_001,11203059756,1.0,ER_ACC_006,emergency_ER_ACC_006_PT_001,cluster_1326096615_3849700763,cluster_1326096615_3849700763,-381802847#2,-183272625#1,2.979,-381802881#2,skip,disabled_by_single_terminal_experiment,,
b0_valid_18route_ER_ACC_006_PT_001,PT_001,11203059756,2.0,ER_ACC_006,emergency_ER_ACC_006_PT_001,cluster_3846534041_436877431,cluster_3846534041_436877431,180368918#3,180368918#5,21.224,-381802881#2,skip,disabled_by_single_terminal_experiment,,
b0_valid_18route_ER_ACC_006_PT_001,PT_001,11203059756,19.0,ER_ACC_006,emergency_ER_ACC_006_PT_001,joinedS_4273893706_4273893707_7335400058_cluster_13348213189_13348213190_13348213191,cluster_13348213189_13348213190_13348213191,-1455512070,-1455512069,29.158,-174870621#2,skip,disabled_by_single_terminal_experiment,,
b0_valid_18route_ER_ACC_006_PT_001,PT_001,11203059756,27.0,ER_ACC_006,emergency_ER_ACC_006_PT_001,7335400049,7335400049,218773869#7,218773869#8,29.261,180368918#0,skip,disabled_by_single_terminal_experiment,,
b0_valid_18route_ER_ACC_006_PT_001,PT_001,11203059756,31.0,ER_ACC_006,emergency_ER_ACC_006_PT_001,11346754525,11346754525,219696193#0,219696193#1,29.72,180368918#6,skip,disabled_by_single_terminal_experiment,,
b0_valid_18route_ER_ACC_006_PT_002,PT_002,11346754524,1.0,ER_ACC_006,emergency_ER_ACC_006_PT_002,cluster_1326096615_3849700763,cluster_1326096615_3849700763,-381802847#2,-183272625#1,2.979,-381802881#2,skip,disabled_by_single_terminal_experiment,,
b0_valid_18route_ER_ACC_006_PT_002,PT_002,11346754524,2.0,ER_ACC_006,emergency_ER_ACC_006_PT_002,cluster_3846534041_436877431,cluster_3846534041_436877431,180368918#3,180368918#5,21.224,-381802881#2,skip,disabled_by_single_terminal_experiment,,
b0_valid_18route_ER_ACC_006_PT_002,PT_002,11346754524,19.0,ER_ACC_006,emergency_ER_ACC_006_PT_002,joinedS_4273893706_4273893707_7335400058_cluster_13348213189_13348213190_13348213191,cluster_13348213189_13348213190_13348213191,-1455512070,-1455512069,29.158,-174870621#2,skip,disabled_by_single_terminal_experiment,,
b0_valid_18route_ER_ACC_006_PT_002,PT_002,11346754524,27.0,ER_ACC_006,emergency_ER_ACC_006_PT_002,7335400049,7335400049,218773869#7,218773869#8,29.261,180368918#0,skip,disabled_by_single_terminal_experiment,,
b0_valid_18route_ER_ACC_006_PT_002,PT_002,11346754524,31.0,ER_ACC_006,emergency_ER_ACC_006_PT_002,11346754525,11346754525,219696193#0,219696193#1,29.72,180368918#6,skip,disabled_by_single_terminal_experiment,,
b0_valid_18route_ER_ACC_006_PT_003,PT_003,11346754525,1.0,ER_ACC_006,emergency_ER_ACC_006_PT_003,cluster_1326096615_3849700763,cluster_1326096615_3849700763,-381802847#2,-183272625#1,2.979,-381802881#2,skip,disabled_by_single_terminal_experiment,,
b0_valid_18route_ER_ACC_006_PT_003,PT_003,11346754525,2.0,ER_ACC_006,emergency_ER_ACC_006_PT_003,cluster_3846534041_436877431,cluster_3846534041_436877431,180368918#3,180368918#5,21.224,-381802881#2,skip,disabled_by_single_terminal_experiment,,
b0_valid_18route_ER_ACC_006_PT_003,PT_003,11346754525,19.0,ER_ACC_006,emergency_ER_ACC_006_PT_003,joinedS_4273893706_4273893707_7335400058_cluster_13348213189_13348213190_13348213191,cluster_13348213189_13348213190_13348213191,-1455512070,-1455512069,29.158,-174870621#2,skip,disabled_by_single_terminal_experiment,,
b0_valid_18route_ER_ACC_006_PT_003,PT_003,11346754525,27.0,ER_ACC_006,emergency_ER_ACC_006_PT_003,7335400049,7335400049,218773869#7,218773869#8,29.261,180368918#0,skip,disabled_by_single_terminal_experiment,,
b0_valid_18route_ER_ACC_006_PT_003,PT_003,11346754525,31.0,ER_ACC_006,emergency_ER_ACC_006_PT_003,11346754525,11346754525,219696193#0,219696193#1,29.72,180368918#6,extend_green,current_phase_already_green,0,
b0_valid_18route_ER_ACC_006_PT_004,PT_004,13732389937,1.0,ER_ACC_006,emergency_ER_ACC_006_PT_004,cluster_1326096615_3849700763,cluster_1326096615_3849700763,-381802847#2,-183272625#1,2.979,-381802881#2,skip,disabled_by_single_terminal_experiment,,
b0_valid_18route_ER_ACC_006_PT_004,PT_004,13732389937,2.0,ER_ACC_006,emergency_ER_ACC_006_PT_004,cluster_3846534041_436877431,cluster_3846534041_436877431,180368918#3,180368918#5,21.224,-381802881#2,skip,disabled_by_single_terminal_experiment,,
b0_valid_18route_ER_ACC_006_PT_004,PT_004,13732389937,19.0,ER_ACC_006,emergency_ER_ACC_006_PT_004,joinedS_4273893706_4273893707_7335400058_cluster_13348213189_13348213190_13348213191,cluster_13348213189_13348213190_13348213191,-1455512070,-1455512069,29.158,-174870621#2,skip,disabled_by_single_terminal_experiment,,
b0_valid_18route_ER_ACC_006_PT_004,PT_004,13732389937,27.0,ER_ACC_006,emergency_ER_ACC_006_PT_004,7335400049,7335400049,218773869#7,218773869#8,29.261,180368918#0,skip,disabled_by_single_terminal_experiment,,
b0_valid_18route_ER_ACC_006_PT_004,PT_004,13732389937,31.0,ER_ACC_006,emergency_ER_ACC_006_PT_004,11346754525,11346754525,219696193#0,219696193#1,29.72,180368918#6,skip,disabled_by_single_terminal_experiment,,
b0_valid_18route_ER_ACC_006_PT_005,PT_005,13732389938,1.0,ER_ACC_006,emergency_ER_ACC_006_PT_005,cluster_1326096615_3849700763,cluster_1326096615_3849700763,-381802847#2,-183272625#1,2.979,-381802881#2,skip,disabled_by_single_terminal_experiment,,
b0_valid_18route_ER_ACC_006_PT_005,PT_005,13732389938,2.0,ER_ACC_006,emergency_ER_ACC_006_PT_005,cluster_3846534041_436877431,cluster_3846534041_436877431,180368918#3,180368918#5,21.224,-381802881#2,skip,disabled_by_single_terminal_experiment,,
b0_valid_18route_ER_ACC_006_PT_005,PT_005,13732389938,19.0,ER_ACC_006,emergency_ER_ACC_006_PT_005,joinedS_4273893706_4273893707_7335400058_cluster_13348213189_13348213190_13348213191,cluster_13348213189_13348213190_13348213191,-1455512070,-1455512069,29.158,-174870621#2,skip,disabled_by_single_terminal_experiment,,
b0_valid_18route_ER_ACC_006_PT_005,PT_005,13732389938,27.0,ER_ACC_006,emergency_ER_ACC_006_PT_005,7335400049,7335400049,218773869#7,218773869#8,29.261,180368918#0,skip,disabled_by_single_terminal_experiment,,
b0_valid_18route_ER_ACC_006_PT_005,PT_005,13732389938,31.0,ER_ACC_006,emergency_ER_ACC_006_PT_005,11346754525,11346754525,219696193#0,219696193#1,29.72,180368918#6,skip,disabled_by_single_terminal_experiment,,
b0_valid_18route_ER_ACC_006_PT_006,PT_006,4202879197,1.0,ER_ACC_006,emergency_ER_ACC_006_PT_006,cluster_1326096615_3849700763,cluster_1326096615_3849700763,-381802847#2,-183272625#1,2.979,-381802881#2,skip,disabled_by_single_terminal_experiment,,
b0_valid_18route_ER_ACC_006_PT_006,PT_006,4202879197,2.0,ER_ACC_006,emergency_ER_ACC_006_PT_006,cluster_3846534041_436877431,cluster_3846534041_436877431,180368918#3,180368918#5,21.224,-381802881#2,skip,disabled_by_single_terminal_experiment,,
b0_valid_18route_ER_ACC_006_PT_006,PT_006,4202879197,19.0,ER_ACC_006,emergency_ER_ACC_006_PT_006,joinedS_4273893706_4273893707_7335400058_cluster_13348213189_13348213190_13348213191,cluster_13348213189_13348213190_13348213191,-1455512070,-1455512069,29.158,-174870621#2,skip,disabled_by_single_terminal_experiment,,
b0_valid_18route_ER_ACC_006_PT_006,PT_006,4202879197,27.0,ER_ACC_006,emergency_ER_ACC_006_PT_006,7335400049,7335400049,218773869#7,218773869#8,29.261,180368918#0,skip,disabled_by_single_terminal_experiment,,
b0_valid_18route_ER_ACC_006_PT_006,PT_006,4202879197,31.0,ER_ACC_006,emergency_ER_ACC_006_PT_006,11346754525,11346754525,219696193#0,219696193#1,29.72,180368918#6,skip,disabled_by_single_terminal_experiment,,
b0_valid_18route_ER_ACC_006_PT_007,PT_007,436870729,1.0,ER_ACC_006,emergency_ER_ACC_006_PT_007,cluster_1326096615_3849700763,cluster_1326096615_3849700763,-381802847#2,-183272625#1,2.979,-381802881#2,skip,disabled_by_single_terminal_experiment,,
b0_valid_18route_ER_ACC_006_PT_007,PT_007,436870729,2.0,ER_ACC_006,emergency_ER_ACC_006_PT_007,cluster_3846534041_436877431,cluster_3846534041_436877431,180368918#3,180368918#5,21.224,-381802881#2,skip,disabled_by_single_terminal_experiment,,
b0_valid_18route_ER_ACC_006_PT_007,PT_007,436870729,19.0,ER_ACC_006,emergency_ER_ACC_006_PT_007,joinedS_4273893706_4273893707_7335400058_cluster_13348213189_13348213190_13348213191,cluster_13348213189_13348213190_13348213191,-1455512070,-1455512069,29.158,-174870621#2,skip,disabled_by_single_terminal_experiment,,
b0_valid_18route_ER_ACC_006_PT_007,PT_007,436870729,27.0,ER_ACC_006,emergency_ER_ACC_006_PT_007,7335400049,7335400049,218773869#7,218773869#8,29.261,180368918#0,skip,disabled_by_single_terminal_experiment,,
b0_valid_18route_ER_ACC_006_PT_007,PT_007,436870729,31.0,ER_ACC_006,emergency_ER_ACC_006_PT_007,11346754525,11346754525,219696193#0,219696193#1,29.72,180368918#6,skip,disabled_by_single_terminal_experiment,,
b0_valid_18route_ER_ACC_006_PT_008,PT_008,7311080426,1.0,ER_ACC_006,emergency_ER_ACC_006_PT_008,cluster_1326096615_3849700763,cluster_1326096615_3849700763,-381802847#2,-183272625#1,2.979,-381802881#2,skip,disabled_by_single_terminal_experiment,,
b0_valid_18route_ER_ACC_006_PT_008,PT_008,7311080426,2.0,ER_ACC_006,emergency_ER_ACC_006_PT_008,cluster_3846534041_436877431,cluster_3846534041_436877431,180368918#3,180368918#5,21.224,-381802881#2,skip,disabled_by_single_terminal_experiment,,
b0_valid_18route_ER_ACC_006_PT_008,PT_008,7311080426,19.0,ER_ACC_006,emergency_ER_ACC_006_PT_008,joinedS_4273893706_4273893707_7335400058_cluster_13348213189_13348213190_13348213191,cluster_13348213189_13348213190_13348213191,-1455512070,-1455512069,29.158,-174870621#2,skip,disabled_by_single_terminal_experiment,,
b0_valid_18route_ER_ACC_006_PT_008,PT_008,7311080426,27.0,ER_ACC_006,emergency_ER_ACC_006_PT_008,7335400049,7335400049,218773869#7,218773869#8,29.261,180368918#0,skip,disabled_by_single_terminal_experiment,,
b0_valid_18route_ER_ACC_006_PT_008,PT_008,7311080426,31.0,ER_ACC_006,emergency_ER_ACC_006_PT_008,11346754525,11346754525,219696193#0,219696193#1,29.72,180368918#6,skip,disabled_by_single_terminal_experiment,,
b0_valid_18route_ER_ACC_006_PT_009,PT_009,7335400049,1.0,ER_ACC_006,emergency_ER_ACC_006_PT_009,cluster_1326096615_3849700763,cluster_1326096615_3849700763,-381802847#2,-183272625#1,2.979,-381802881#2,skip,disabled_by_single_terminal_experiment,,
b0_valid_18route_ER_ACC_006_PT_009,PT_009,7335400049,2.0,ER_ACC_006,emergency_ER_ACC_006_PT_009,cluster_3846534041_436877431,cluster_3846534041_436877431,180368918#3,180368918#5,21.224,-381802881#2,skip,disabled_by_single_terminal_experiment,,
b0_valid_18route_ER_ACC_006_PT_009,PT_009,7335400049,19.0,ER_ACC_006,emergency_ER_ACC_006_PT_009,joinedS_4273893706_4273893707_7335400058_cluster_13348213189_13348213190_13348213191,cluster_13348213189_13348213190_13348213191,-1455512070,-1455512069,29.158,-174870621#2,skip,disabled_by_single_terminal_experiment,,
b0_valid_18route_ER_ACC_006_PT_009,PT_009,7335400049,27.0,ER_ACC_006,emergency_ER_ACC_006_PT_009,7335400049,7335400049,218773869#7,218773869#8,29.261,180368918#0,extend_green,current_phase_already_green,0,
b0_valid_18route_ER_ACC_006_PT_009,PT_009,7335400049,31.0,ER_ACC_006,emergency_ER_ACC_006_PT_009,11346754525,11346754525,219696193#0,219696193#1,29.72,180368918#6,skip,disabled_by_single_terminal_experiment,,
b0_valid_18route_ER_ACC_006_PT_010,PT_010,cluster_11203041632_11203041633_11203041634_11203041635_#5more,1.0,ER_ACC_006,emergency_ER_ACC_006_PT_010,cluster_1326096615_3849700763,cluster_1326096615_3849700763,-381802847#2,-183272625#1,2.979,-381802881#2,skip,disabled_by_single_terminal_experiment,,
b0_valid_18route_ER_ACC_006_PT_010,PT_010,cluster_11203041632_11203041633_11203041634_11203041635_#5more,2.0,ER_ACC_006,emergency_ER_ACC_006_PT_010,cluster_3846534041_436877431,cluster_3846534041_436877431,180368918#3,180368918#5,21.224,-381802881#2,skip,disabled_by_single_terminal_experiment,,
b0_valid_18route_ER_ACC_006_PT_010,PT_010,cluster_11203041632_11203041633_11203041634_11203041635_#5more,19.0,ER_ACC_006,emergency_ER_ACC_006_PT_010,joinedS_4273893706_4273893707_7335400058_cluster_13348213189_13348213190_13348213191,cluster_13348213189_13348213190_13348213191,-1455512070,-1455512069,29.158,-174870621#2,skip,disabled_by_single_terminal_experiment,,
b0_valid_18route_ER_ACC_006_PT_010,PT_010,cluster_11203041632_11203041633_11203041634_11203041635_#5more,27.0,ER_ACC_006,emergency_ER_ACC_006_PT_010,7335400049,7335400049,218773869#7,218773869#8,29.261,180368918#0,skip,disabled_by_single_terminal_experiment,,
b0_valid_18route_ER_ACC_006_PT_010,PT_010,cluster_11203041632_11203041633_11203041634_11203041635_#5more,31.0,ER_ACC_006,emergency_ER_ACC_006_PT_010,11346754525,11346754525,219696193#0,219696193#1,29.72,180368918#6,skip,disabled_by_single_terminal_experiment,,
b0_valid_18route_ER_ACC_006_PT_011,PT_011,cluster_11277565408_11277565409_414685823_5851251280,1.0,ER_ACC_006,emergency_ER_ACC_006_PT_011,cluster_1326096615_3849700763,cluster_1326096615_3849700763,-381802847#2,-183272625#1,2.979,-381802881#2,skip,disabled_by_single_terminal_experiment,,
b0_valid_18route_ER_ACC_006_PT_011,PT_011,cluster_11277565408_11277565409_414685823_5851251280,2.0,ER_ACC_006,emergency_ER_ACC_006_PT_011,cluster_3846534041_436877431,cluster_3846534041_436877431,180368918#3,180368918#5,21.224,-381802881#2,skip,disabled_by_single_terminal_experiment,,
b0_valid_18route_ER_ACC_006_PT_011,PT_011,cluster_11277565408_11277565409_414685823_5851251280,19.0,ER_ACC_006,emergency_ER_ACC_006_PT_011,joinedS_4273893706_4273893707_7335400058_cluster_13348213189_13348213190_13348213191,cluster_13348213189_13348213190_13348213191,-1455512070,-1455512069,29.158,-174870621#2,skip,disabled_by_single_terminal_experiment,,
b0_valid_18route_ER_ACC_006_PT_011,PT_011,cluster_11277565408_11277565409_414685823_5851251280,27.0,ER_ACC_006,emergency_ER_ACC_006_PT_011,7335400049,7335400049,218773869#7,218773869#8,29.261,180368918#0,skip,disabled_by_single_terminal_experiment,,
b0_valid_18route_ER_ACC_006_PT_011,PT_011,cluster_11277565408_11277565409_414685823_5851251280,31.0,ER_ACC_006,emergency_ER_ACC_006_PT_011,11346754525,11346754525,219696193#0,219696193#1,29.72,180368918#6,skip,disabled_by_single_terminal_experiment,,
b0_valid_18route_ER_ACC_006_PT_012,PT_012,cluster_12785870414_3337522189,1.0,ER_ACC_006,emergency_ER_ACC_006_PT_012,cluster_1326096615_3849700763,cluster_1326096615_3849700763,-381802847#2,-183272625#1,2.979,-381802881#2,skip,disabled_by_single_terminal_experiment,,
b0_valid_18route_ER_ACC_006_PT_012,PT_012,cluster_12785870414_3337522189,2.0,ER_ACC_006,emergency_ER_ACC_006_PT_012,cluster_3846534041_436877431,cluster_3846534041_436877431,180368918#3,180368918#5,21.224,-381802881#2,skip,disabled_by_single_terminal_experiment,,
b0_valid_18route_ER_ACC_006_PT_012,PT_012,cluster_12785870414_3337522189,19.0,ER_ACC_006,emergency_ER_ACC_006_PT_012,joinedS_4273893706_4273893707_7335400058_cluster_13348213189_13348213190_13348213191,cluster_13348213189_13348213190_13348213191,-1455512070,-1455512069,29.158,-174870621#2,skip,disabled_by_single_terminal_experiment,,
b0_valid_18route_ER_ACC_006_PT_012,PT_012,cluster_12785870414_3337522189,27.0,ER_ACC_006,emergency_ER_ACC_006_PT_012,7335400049,7335400049,218773869#7,218773869#8,29.261,180368918#0,skip,disabled_by_single_terminal_experiment,,
b0_valid_18route_ER_ACC_006_PT_012,PT_012,cluster_12785870414_3337522189,31.0,ER_ACC_006,emergency_ER_ACC_006_PT_012,11346754525,11346754525,219696193#0,219696193#1,29.72,180368918#6,skip,disabled_by_single_terminal_experiment,,
b0_valid_18route_ER_ACC_006_PT_013,PT_013,cluster_1326096615_3849700763,1.0,ER_ACC_006,emergency_ER_ACC_006_PT_013,cluster_1326096615_3849700763,cluster_1326096615_3849700763,-381802847#2,-183272625#1,2.979,-381802881#2,skip,safe_green_not_current_or_next_phase,0,2
b0_valid_18route_ER_ACC_006_PT_013,PT_013,cluster_1326096615_3849700763,2.0,ER_ACC_006,emergency_ER_ACC_006_PT_013,cluster_3846534041_436877431,cluster_3846534041_436877431,180368918#3,180368918#5,21.224,-381802881#2,skip,disabled_by_single_terminal_experiment,,
b0_valid_18route_ER_ACC_006_PT_013,PT_013,cluster_1326096615_3849700763,19.0,ER_ACC_006,emergency_ER_ACC_006_PT_013,joinedS_4273893706_4273893707_7335400058_cluster_13348213189_13348213190_13348213191,cluster_13348213189_13348213190_13348213191,-1455512070,-1455512069,29.158,-174870621#2,skip,disabled_by_single_terminal_experiment,,
b0_valid_18route_ER_ACC_006_PT_013,PT_013,cluster_1326096615_3849700763,27.0,ER_ACC_006,emergency_ER_ACC_006_PT_013,7335400049,7335400049,218773869#7,218773869#8,29.261,180368918#0,skip,disabled_by_single_terminal_experiment,,
b0_valid_18route_ER_ACC_006_PT_013,PT_013,cluster_1326096615_3849700763,31.0,ER_ACC_006,emergency_ER_ACC_006_PT_013,11346754525,11346754525,219696193#0,219696193#1,29.72,180368918#6,skip,disabled_by_single_terminal_experiment,,
b0_valid_18route_ER_ACC_006_PT_014,PT_014,cluster_13348293702_13348293703_414685829,1.0,ER_ACC_006,emergency_ER_ACC_006_PT_014,cluster_1326096615_3849700763,cluster_1326096615_3849700763,-381802847#2,-183272625#1,2.979,-381802881#2,skip,disabled_by_single_terminal_experiment,,
b0_valid_18route_ER_ACC_006_PT_014,PT_014,cluster_13348293702_13348293703_414685829,2.0,ER_ACC_006,emergency_ER_ACC_006_PT_014,cluster_3846534041_436877431,cluster_3846534041_436877431,180368918#3,180368918#5,21.224,-381802881#2,skip,disabled_by_single_terminal_experiment,,
b0_valid_18route_ER_ACC_006_PT_014,PT_014,cluster_13348293702_13348293703_414685829,19.0,ER_ACC_006,emergency_ER_ACC_006_PT_014,joinedS_4273893706_4273893707_7335400058_cluster_13348213189_13348213190_13348213191,cluster_13348213189_13348213190_13348213191,-1455512070,-1455512069,29.158,-174870621#2,skip,disabled_by_single_terminal_experiment,,
b0_valid_18route_ER_ACC_006_PT_014,PT_014,cluster_13348293702_13348293703_414685829,27.0,ER_ACC_006,emergency_ER_ACC_006_PT_014,7335400049,7335400049,218773869#7,218773869#8,29.261,180368918#0,skip,disabled_by_single_terminal_experiment,,
b0_valid_18route_ER_ACC_006_PT_014,PT_014,cluster_13348293702_13348293703_414685829,31.0,ER_ACC_006,emergency_ER_ACC_006_PT_014,11346754525,11346754525,219696193#0,219696193#1,29.72,180368918#6,skip,disabled_by_single_terminal_experiment,,
b0_valid_18route_ER_ACC_006_PT_015,PT_015,cluster_3846534041_436877431,1.0,ER_ACC_006,emergency_ER_ACC_006_PT_015,cluster_1326096615_3849700763,cluster_1326096615_3849700763,-381802847#2,-183272625#1,2.979,-381802881#2,skip,disabled_by_single_terminal_experiment,,
b0_valid_18route_ER_ACC_006_PT_015,PT_015,cluster_3846534041_436877431,2.0,ER_ACC_006,emergency_ER_ACC_006_PT_015,cluster_3846534041_436877431,cluster_3846534041_436877431,180368918#3,180368918#5,21.224,-381802881#2,extend_green,current_phase_already_green,0,
b0_valid_18route_ER_ACC_006_PT_015,PT_015,cluster_3846534041_436877431,19.0,ER_ACC_006,emergency_ER_ACC_006_PT_015,joinedS_4273893706_4273893707_7335400058_cluster_13348213189_13348213190_13348213191,cluster_13348213189_13348213190_13348213191,-1455512070,-1455512069,29.158,-174870621#2,skip,disabled_by_single_terminal_experiment,,
b0_valid_18route_ER_ACC_006_PT_015,PT_015,cluster_3846534041_436877431,27.0,ER_ACC_006,emergency_ER_ACC_006_PT_015,7335400049,7335400049,218773869#7,218773869#8,29.261,180368918#0,skip,disabled_by_single_terminal_experiment,,
b0_valid_18route_ER_ACC_006_PT_015,PT_015,cluster_3846534041_436877431,31.0,ER_ACC_006,emergency_ER_ACC_006_PT_015,11346754525,11346754525,219696193#0,219696193#1,29.72,180368918#6,skip,disabled_by_single_terminal_experiment,,
b0_valid_18route_ER_ACC_006_PT_016,PT_016,joinedS_11139302899_11139302904_11178710208_cluster_11139302901_5593950669_5593950674,1.0,ER_ACC_006,emergency_ER_ACC_006_PT_016,cluster_1326096615_3849700763,cluster_1326096615_3849700763,-381802847#2,-183272625#1,2.979,-381802881#2,skip,disabled_by_single_terminal_experiment,,
b0_valid_18route_ER_ACC_006_PT_016,PT_016,joinedS_11139302899_11139302904_11178710208_cluster_11139302901_5593950669_5593950674,2.0,ER_ACC_006,emergency_ER_ACC_006_PT_016,cluster_3846534041_436877431,cluster_3846534041_436877431,180368918#3,180368918#5,21.224,-381802881#2,skip,disabled_by_single_terminal_experiment,,
b0_valid_18route_ER_ACC_006_PT_016,PT_016,joinedS_11139302899_11139302904_11178710208_cluster_11139302901_5593950669_5593950674,19.0,ER_ACC_006,emergency_ER_ACC_006_PT_016,joinedS_4273893706_4273893707_7335400058_cluster_13348213189_13348213190_13348213191,cluster_13348213189_13348213190_13348213191,-1455512070,-1455512069,29.158,-174870621#2,skip,disabled_by_single_terminal_experiment,,
b0_valid_18route_ER_ACC_006_PT_016,PT_016,joinedS_11139302899_11139302904_11178710208_cluster_11139302901_5593950669_5593950674,27.0,ER_ACC_006,emergency_ER_ACC_006_PT_016,7335400049,7335400049,218773869#7,218773869#8,29.261,180368918#0,skip,disabled_by_single_terminal_experiment,,
b0_valid_18route_ER_ACC_006_PT_016,PT_016,joinedS_11139302899_11139302904_11178710208_cluster_11139302901_5593950669_5593950674,31.0,ER_ACC_006,emergency_ER_ACC_006_PT_016,11346754525,11346754525,219696193#0,219696193#1,29.72,180368918#6,skip,disabled_by_single_terminal_experiment,,
b0_valid_18route_ER_ACC_006_PT_017,PT_017,joinedS_11203001806_11203001814_13721232731_5851251250_#6more,1.0,ER_ACC_006,emergency_ER_ACC_006_PT_017,cluster_1326096615_3849700763,cluster_1326096615_3849700763,-381802847#2,-183272625#1,2.979,-381802881#2,skip,disabled_by_single_terminal_experiment,,
b0_valid_18route_ER_ACC_006_PT_017,PT_017,joinedS_11203001806_11203001814_13721232731_5851251250_#6more,2.0,ER_ACC_006,emergency_ER_ACC_006_PT_017,cluster_3846534041_436877431,cluster_3846534041_436877431,180368918#3,180368918#5,21.224,-381802881#2,skip,disabled_by_single_terminal_experiment,,
b0_valid_18route_ER_ACC_006_PT_017,PT_017,joinedS_11203001806_11203001814_13721232731_5851251250_#6more,19.0,ER_ACC_006,emergency_ER_ACC_006_PT_017,joinedS_4273893706_4273893707_7335400058_cluster_13348213189_13348213190_13348213191,cluster_13348213189_13348213190_13348213191,-1455512070,-1455512069,29.158,-174870621#2,skip,disabled_by_single_terminal_experiment,,
b0_valid_18route_ER_ACC_006_PT_017,PT_017,joinedS_11203001806_11203001814_13721232731_5851251250_#6more,27.0,ER_ACC_006,emergency_ER_ACC_006_PT_017,7335400049,7335400049,218773869#7,218773869#8,29.261,180368918#0,skip,disabled_by_single_terminal_experiment,,
b0_valid_18route_ER_ACC_006_PT_017,PT_017,joinedS_11203001806_11203001814_13721232731_5851251250_#6more,31.0,ER_ACC_006,emergency_ER_ACC_006_PT_017,11346754525,11346754525,219696193#0,219696193#1,29.72,180368918#6,skip,disabled_by_single_terminal_experiment,,
b0_valid_18route_ER_ACC_006_PT_018,PT_018,joinedS_11203052957_cluster_11203052955_11203052956_11203052960_11203052961_#11more,1.0,ER_ACC_006,emergency_ER_ACC_006_PT_018,cluster_1326096615_3849700763,cluster_1326096615_3849700763,-381802847#2,-183272625#1,2.979,-381802881#2,skip,disabled_by_single_terminal_experiment,,
b0_valid_18route_ER_ACC_006_PT_018,PT_018,joinedS_11203052957_cluster_11203052955_11203052956_11203052960_11203052961_#11more,2.0,ER_ACC_006,emergency_ER_ACC_006_PT_018,cluster_3846534041_436877431,cluster_3846534041_436877431,180368918#3,180368918#5,21.224,-381802881#2,skip,disabled_by_single_terminal_experiment,,
b0_valid_18route_ER_ACC_006_PT_018,PT_018,joinedS_11203052957_cluster_11203052955_11203052956_11203052960_11203052961_#11more,19.0,ER_ACC_006,emergency_ER_ACC_006_PT_018,joinedS_4273893706_4273893707_7335400058_cluster_13348213189_13348213190_13348213191,cluster_13348213189_13348213190_13348213191,-1455512070,-1455512069,29.158,-174870621#2,skip,disabled_by_single_terminal_experiment,,
b0_valid_18route_ER_ACC_006_PT_018,PT_018,joinedS_11203052957_cluster_11203052955_11203052956_11203052960_11203052961_#11more,27.0,ER_ACC_006,emergency_ER_ACC_006_PT_018,7335400049,7335400049,218773869#7,218773869#8,29.261,180368918#0,skip,disabled_by_single_terminal_experiment,,
b0_valid_18route_ER_ACC_006_PT_018,PT_018,joinedS_11203052957_cluster_11203052955_11203052956_11203052960_11203052961_#11more,31.0,ER_ACC_006,emergency_ER_ACC_006_PT_018,11346754525,11346754525,219696193#0,219696193#1,29.72,180368918#6,skip,disabled_by_single_terminal_experiment,,
b0_valid_18route_ER_ACC_006_PT_019,PT_019,joinedS_4273893706_4273893707_7335400058_cluster_13348213189_13348213190_13348213191,1.0,ER_ACC_006,emergency_ER_ACC_006_PT_019,cluster_1326096615_3849700763,cluster_1326096615_3849700763,-381802847#2,-183272625#1,2.979,-381802881#2,skip,disabled_by_single_terminal_experiment,,
b0_valid_18route_ER_ACC_006_PT_019,PT_019,joinedS_4273893706_4273893707_7335400058_cluster_13348213189_13348213190_13348213191,2.0,ER_ACC_006,emergency_ER_ACC_006_PT_019,cluster_3846534041_436877431,cluster_3846534041_436877431,180368918#3,180368918#5,21.224,-381802881#2,skip,disabled_by_single_terminal_experiment,,
b0_valid_18route_ER_ACC_006_PT_019,PT_019,joinedS_4273893706_4273893707_7335400058_cluster_13348213189_13348213190_13348213191,19.0,ER_ACC_006,emergency_ER_ACC_006_PT_019,joinedS_4273893706_4273893707_7335400058_cluster_13348213189_13348213190_13348213191,cluster_13348213189_13348213190_13348213191,-1455512070,-1455512069,29.158,-174870621#2,extend_green,current_phase_already_green,0,
b0_valid_18route_ER_ACC_006_PT_019,PT_019,joinedS_4273893706_4273893707_7335400058_cluster_13348213189_13348213190_13348213191,27.0,ER_ACC_006,emergency_ER_ACC_006_PT_019,7335400049,7335400049,218773869#7,218773869#8,29.261,180368918#0,skip,disabled_by_single_terminal_experiment,,
b0_valid_18route_ER_ACC_006_PT_019,PT_019,joinedS_4273893706_4273893707_7335400058_cluster_13348213189_13348213190_13348213191,31.0,ER_ACC_006,emergency_ER_ACC_006_PT_019,11346754525,11346754525,219696193#0,219696193#1,29.72,180368918#6,skip,disabled_by_single_terminal_experiment,,
b0_valid_18route_ER_ACC_006_PT_020,PT_020,joinedS_4276255150_4276255151_4276255152_cluster_4276255149_436839431,1.0,ER_ACC_006,emergency_ER_ACC_006_PT_020,cluster_1326096615_3849700763,cluster_1326096615_3849700763,-381802847#2,-183272625#1,2.979,-381802881#2,skip,disabled_by_single_terminal_experiment,,
b0_valid_18route_ER_ACC_006_PT_020,PT_020,joinedS_4276255150_4276255151_4276255152_cluster_4276255149_436839431,2.0,ER_ACC_006,emergency_ER_ACC_006_PT_020,cluster_3846534041_436877431,cluster_3846534041_436877431,180368918#3,180368918#5,21.224,-381802881#2,skip,disabled_by_single_terminal_experiment,,
b0_valid_18route_ER_ACC_006_PT_020,PT_020,joinedS_4276255150_4276255151_4276255152_cluster_4276255149_436839431,19.0,ER_ACC_006,emergency_ER_ACC_006_PT_020,joinedS_4273893706_4273893707_7335400058_cluster_13348213189_13348213190_13348213191,cluster_13348213189_13348213190_13348213191,-1455512070,-1455512069,29.158,-174870621#2,skip,disabled_by_single_terminal_experiment,,
b0_valid_18route_ER_ACC_006_PT_020,PT_020,joinedS_4276255150_4276255151_4276255152_cluster_4276255149_436839431,27.0,ER_ACC_006,emergency_ER_ACC_006_PT_020,7335400049,7335400049,218773869#7,218773869#8,29.261,180368918#0,skip,disabled_by_single_terminal_experiment,,
b0_valid_18route_ER_ACC_006_PT_020,PT_020,joinedS_4276255150_4276255151_4276255152_cluster_4276255149_436839431,31.0,ER_ACC_006,emergency_ER_ACC_006_PT_020,11346754525,11346754525,219696193#0,219696193#1,29.72,180368918#6,skip,disabled_by_single_terminal_experiment,,
b0_valid_18route_ER_ACC_007_PT_001,PT_001,11203059756,1.0,ER_ACC_007,emergency_ER_ACC_007_PT_001,cluster_1326096615_3849700763,cluster_1326096615_3849700763,-381802847#2,-183272625#1,2.979,-381802881#2,skip,disabled_by_single_terminal_experiment,,
b0_valid_18route_ER_ACC_007_PT_001,PT_001,11203059756,2.0,ER_ACC_007,emergency_ER_ACC_007_PT_001,cluster_3846534041_436877431,cluster_3846534041_436877431,180368918#3,180368918#5,21.224,-381802881#2,skip,disabled_by_single_terminal_experiment,,
b0_valid_18route_ER_ACC_007_PT_001,PT_001,11203059756,19.0,ER_ACC_007,emergency_ER_ACC_007_PT_001,joinedS_4273893706_4273893707_7335400058_cluster_13348213189_13348213190_13348213191,cluster_13348213189_13348213190_13348213191,-1455512070,-1455512069,29.158,-174870621#2,skip,disabled_by_single_terminal_experiment,,
b0_valid_18route_ER_ACC_007_PT_001,PT_001,11203059756,27.0,ER_ACC_007,emergency_ER_ACC_007_PT_001,7335400049,7335400049,218773869#7,218773869#8,29.261,180368918#0,skip,disabled_by_single_terminal_experiment,,
b0_valid_18route_ER_ACC_007_PT_001,PT_001,11203059756,31.0,ER_ACC_007,emergency_ER_ACC_007_PT_001,11346754524,11346754524,785130598#0,785130598#1,29.726,180368918#6,skip,disabled_by_single_terminal_experiment,,
b0_valid_18route_ER_ACC_007_PT_002,PT_002,11346754524,1.0,ER_ACC_007,emergency_ER_ACC_007_PT_002,cluster_1326096615_3849700763,cluster_1326096615_3849700763,-381802847#2,-183272625#1,2.979,-381802881#2,skip,disabled_by_single_terminal_experiment,,
b0_valid_18route_ER_ACC_007_PT_002,PT_002,11346754524,2.0,ER_ACC_007,emergency_ER_ACC_007_PT_002,cluster_3846534041_436877431,cluster_3846534041_436877431,180368918#3,180368918#5,21.224,-381802881#2,skip,disabled_by_single_terminal_experiment,,
b0_valid_18route_ER_ACC_007_PT_002,PT_002,11346754524,19.0,ER_ACC_007,emergency_ER_ACC_007_PT_002,joinedS_4273893706_4273893707_7335400058_cluster_13348213189_13348213190_13348213191,cluster_13348213189_13348213190_13348213191,-1455512070,-1455512069,29.158,-174870621#2,skip,disabled_by_single_terminal_experiment,,
b0_valid_18route_ER_ACC_007_PT_002,PT_002,11346754524,27.0,ER_ACC_007,emergency_ER_ACC_007_PT_002,7335400049,7335400049,218773869#7,218773869#8,29.261,180368918#0,skip,disabled_by_single_terminal_experiment,,
b0_valid_18route_ER_ACC_007_PT_002,PT_002,11346754524,31.0,ER_ACC_007,emergency_ER_ACC_007_PT_002,11346754524,11346754524,785130598#0,785130598#1,29.726,180368918#6,extend_green,current_phase_already_green,0,
b0_valid_18route_ER_ACC_007_PT_003,PT_003,11346754525,1.0,ER_ACC_007,emergency_ER_ACC_007_PT_003,cluster_1326096615_3849700763,cluster_1326096615_3849700763,-381802847#2,-183272625#1,2.979,-381802881#2,skip,disabled_by_single_terminal_experiment,,
b0_valid_18route_ER_ACC_007_PT_003,PT_003,11346754525,2.0,ER_ACC_007,emergency_ER_ACC_007_PT_003,cluster_3846534041_436877431,cluster_3846534041_436877431,180368918#3,180368918#5,21.224,-381802881#2,skip,disabled_by_single_terminal_experiment,,
b0_valid_18route_ER_ACC_007_PT_003,PT_003,11346754525,19.0,ER_ACC_007,emergency_ER_ACC_007_PT_003,joinedS_4273893706_4273893707_7335400058_cluster_13348213189_13348213190_13348213191,cluster_13348213189_13348213190_13348213191,-1455512070,-1455512069,29.158,-174870621#2,skip,disabled_by_single_terminal_experiment,,
b0_valid_18route_ER_ACC_007_PT_003,PT_003,11346754525,27.0,ER_ACC_007,emergency_ER_ACC_007_PT_003,7335400049,7335400049,218773869#7,218773869#8,29.261,180368918#0,skip,disabled_by_single_terminal_experiment,,
b0_valid_18route_ER_ACC_007_PT_003,PT_003,11346754525,31.0,ER_ACC_007,emergency_ER_ACC_007_PT_003,11346754524,11346754524,785130598#0,785130598#1,29.726,180368918#6,skip,disabled_by_single_terminal_experiment,,
b0_valid_18route_ER_ACC_007_PT_004,PT_004,13732389937,1.0,ER_ACC_007,emergency_ER_ACC_007_PT_004,cluster_1326096615_3849700763,cluster_1326096615_3849700763,-381802847#2,-183272625#1,2.979,-381802881#2,skip,disabled_by_single_terminal_experiment,,
b0_valid_18route_ER_ACC_007_PT_004,PT_004,13732389937,2.0,ER_ACC_007,emergency_ER_ACC_007_PT_004,cluster_3846534041_436877431,cluster_3846534041_436877431,180368918#3,180368918#5,21.224,-381802881#2,skip,disabled_by_single_terminal_experiment,,
b0_valid_18route_ER_ACC_007_PT_004,PT_004,13732389937,19.0,ER_ACC_007,emergency_ER_ACC_007_PT_004,joinedS_4273893706_4273893707_7335400058_cluster_13348213189_13348213190_13348213191,cluster_13348213189_13348213190_13348213191,-1455512070,-1455512069,29.158,-174870621#2,skip,disabled_by_single_terminal_experiment,,
b0_valid_18route_ER_ACC_007_PT_004,PT_004,13732389937,27.0,ER_ACC_007,emergency_ER_ACC_007_PT_004,7335400049,7335400049,218773869#7,218773869#8,29.261,180368918#0,skip,disabled_by_single_terminal_experiment,,
b0_valid_18route_ER_ACC_007_PT_004,PT_004,13732389937,31.0,ER_ACC_007,emergency_ER_ACC_007_PT_004,11346754524,11346754524,785130598#0,785130598#1,29.726,180368918#6,skip,disabled_by_single_terminal_experiment,,
b0_valid_18route_ER_ACC_007_PT_005,PT_005,13732389938,1.0,ER_ACC_007,emergency_ER_ACC_007_PT_005,cluster_1326096615_3849700763,cluster_1326096615_3849700763,-381802847#2,-183272625#1,2.979,-381802881#2,skip,disabled_by_single_terminal_experiment,,
b0_valid_18route_ER_ACC_007_PT_005,PT_005,13732389938,2.0,ER_ACC_007,emergency_ER_ACC_007_PT_005,cluster_3846534041_436877431,cluster_3846534041_436877431,180368918#3,180368918#5,21.224,-381802881#2,skip,disabled_by_single_terminal_experiment,,
b0_valid_18route_ER_ACC_007_PT_005,PT_005,13732389938,19.0,ER_ACC_007,emergency_ER_ACC_007_PT_005,joinedS_4273893706_4273893707_7335400058_cluster_13348213189_13348213190_13348213191,cluster_13348213189_13348213190_13348213191,-1455512070,-1455512069,29.158,-174870621#2,skip,disabled_by_single_terminal_experiment,,
b0_valid_18route_ER_ACC_007_PT_005,PT_005,13732389938,27.0,ER_ACC_007,emergency_ER_ACC_007_PT_005,7335400049,7335400049,218773869#7,218773869#8,29.261,180368918#0,skip,disabled_by_single_terminal_experiment,,
b0_valid_18route_ER_ACC_007_PT_005,PT_005,13732389938,31.0,ER_ACC_007,emergency_ER_ACC_007_PT_005,11346754524,11346754524,785130598#0,785130598#1,29.726,180368918#6,skip,disabled_by_single_terminal_experiment,,
b0_valid_18route_ER_ACC_007_PT_006,PT_006,4202879197,1.0,ER_ACC_007,emergency_ER_ACC_007_PT_006,cluster_1326096615_3849700763,cluster_1326096615_3849700763,-381802847#2,-183272625#1,2.979,-381802881#2,skip,disabled_by_single_terminal_experiment,,
b0_valid_18route_ER_ACC_007_PT_006,PT_006,4202879197,2.0,ER_ACC_007,emergency_ER_ACC_007_PT_006,cluster_3846534041_436877431,cluster_3846534041_436877431,180368918#3,180368918#5,21.224,-381802881#2,skip,disabled_by_single_terminal_experiment,,
b0_valid_18route_ER_ACC_007_PT_006,PT_006,4202879197,19.0,ER_ACC_007,emergency_ER_ACC_007_PT_006,joinedS_4273893706_4273893707_7335400058_cluster_13348213189_13348213190_13348213191,cluster_13348213189_13348213190_13348213191,-1455512070,-1455512069,29.158,-174870621#2,skip,disabled_by_single_terminal_experiment,,
b0_valid_18route_ER_ACC_007_PT_006,PT_006,4202879197,27.0,ER_ACC_007,emergency_ER_ACC_007_PT_006,7335400049,7335400049,218773869#7,218773869#8,29.261,180368918#0,skip,disabled_by_single_terminal_experiment,,
b0_valid_18route_ER_ACC_007_PT_006,PT_006,4202879197,31.0,ER_ACC_007,emergency_ER_ACC_007_PT_006,11346754524,11346754524,785130598#0,785130598#1,29.726,180368918#6,skip,disabled_by_single_terminal_experiment,,
b0_valid_18route_ER_ACC_007_PT_007,PT_007,436870729,1.0,ER_ACC_007,emergency_ER_ACC_007_PT_007,cluster_1326096615_3849700763,cluster_1326096615_3849700763,-381802847#2,-183272625#1,2.979,-381802881#2,skip,disabled_by_single_terminal_experiment,,
b0_valid_18route_ER_ACC_007_PT_007,PT_007,436870729,2.0,ER_ACC_007,emergency_ER_ACC_007_PT_007,cluster_3846534041_436877431,cluster_3846534041_436877431,180368918#3,180368918#5,21.224,-381802881#2,skip,disabled_by_single_terminal_experiment,,
b0_valid_18route_ER_ACC_007_PT_007,PT_007,436870729,19.0,ER_ACC_007,emergency_ER_ACC_007_PT_007,joinedS_4273893706_4273893707_7335400058_cluster_13348213189_13348213190_13348213191,cluster_13348213189_13348213190_13348213191,-1455512070,-1455512069,29.158,-174870621#2,skip,disabled_by_single_terminal_experiment,,
b0_valid_18route_ER_ACC_007_PT_007,PT_007,436870729,27.0,ER_ACC_007,emergency_ER_ACC_007_PT_007,7335400049,7335400049,218773869#7,218773869#8,29.261,180368918#0,skip,disabled_by_single_terminal_experiment,,
b0_valid_18route_ER_ACC_007_PT_007,PT_007,436870729,31.0,ER_ACC_007,emergency_ER_ACC_007_PT_007,11346754524,11346754524,785130598#0,785130598#1,29.726,180368918#6,skip,disabled_by_single_terminal_experiment,,
b0_valid_18route_ER_ACC_007_PT_008,PT_008,7311080426,1.0,ER_ACC_007,emergency_ER_ACC_007_PT_008,cluster_1326096615_3849700763,cluster_1326096615_3849700763,-381802847#2,-183272625#1,2.979,-381802881#2,skip,disabled_by_single_terminal_experiment,,
b0_valid_18route_ER_ACC_007_PT_008,PT_008,7311080426,2.0,ER_ACC_007,emergency_ER_ACC_007_PT_008,cluster_3846534041_436877431,cluster_3846534041_436877431,180368918#3,180368918#5,21.224,-381802881#2,skip,disabled_by_single_terminal_experiment,,
b0_valid_18route_ER_ACC_007_PT_008,PT_008,7311080426,19.0,ER_ACC_007,emergency_ER_ACC_007_PT_008,joinedS_4273893706_4273893707_7335400058_cluster_13348213189_13348213190_13348213191,cluster_13348213189_13348213190_13348213191,-1455512070,-1455512069,29.158,-174870621#2,skip,disabled_by_single_terminal_experiment,,
b0_valid_18route_ER_ACC_007_PT_008,PT_008,7311080426,27.0,ER_ACC_007,emergency_ER_ACC_007_PT_008,7335400049,7335400049,218773869#7,218773869#8,29.261,180368918#0,skip,disabled_by_single_terminal_experiment,,
b0_valid_18route_ER_ACC_007_PT_008,PT_008,7311080426,31.0,ER_ACC_007,emergency_ER_ACC_007_PT_008,11346754524,11346754524,785130598#0,785130598#1,29.726,180368918#6,skip,disabled_by_single_terminal_experiment,,
b0_valid_18route_ER_ACC_007_PT_009,PT_009,7335400049,1.0,ER_ACC_007,emergency_ER_ACC_007_PT_009,cluster_1326096615_3849700763,cluster_1326096615_3849700763,-381802847#2,-183272625#1,2.979,-381802881#2,skip,disabled_by_single_terminal_experiment,,
b0_valid_18route_ER_ACC_007_PT_009,PT_009,7335400049,2.0,ER_ACC_007,emergency_ER_ACC_007_PT_009,cluster_3846534041_436877431,cluster_3846534041_436877431,180368918#3,180368918#5,21.224,-381802881#2,skip,disabled_by_single_terminal_experiment,,
b0_valid_18route_ER_ACC_007_PT_009,PT_009,7335400049,19.0,ER_ACC_007,emergency_ER_ACC_007_PT_009,joinedS_4273893706_4273893707_7335400058_cluster_13348213189_13348213190_13348213191,cluster_13348213189_13348213190_13348213191,-1455512070,-1455512069,29.158,-174870621#2,skip,disabled_by_single_terminal_experiment,,
b0_valid_18route_ER_ACC_007_PT_009,PT_009,7335400049,27.0,ER_ACC_007,emergency_ER_ACC_007_PT_009,7335400049,7335400049,218773869#7,218773869#8,29.261,180368918#0,extend_green,current_phase_already_green,0,
b0_valid_18route_ER_ACC_007_PT_009,PT_009,7335400049,31.0,ER_ACC_007,emergency_ER_ACC_007_PT_009,11346754524,11346754524,785130598#0,785130598#1,29.726,180368918#6,skip,disabled_by_single_terminal_experiment,,
b0_valid_18route_ER_ACC_007_PT_010,PT_010,cluster_11203041632_11203041633_11203041634_11203041635_#5more,1.0,ER_ACC_007,emergency_ER_ACC_007_PT_010,cluster_1326096615_3849700763,cluster_1326096615_3849700763,-381802847#2,-183272625#1,2.979,-381802881#2,skip,disabled_by_single_terminal_experiment,,
b0_valid_18route_ER_ACC_007_PT_010,PT_010,cluster_11203041632_11203041633_11203041634_11203041635_#5more,2.0,ER_ACC_007,emergency_ER_ACC_007_PT_010,cluster_3846534041_436877431,cluster_3846534041_436877431,180368918#3,180368918#5,21.224,-381802881#2,skip,disabled_by_single_terminal_experiment,,
b0_valid_18route_ER_ACC_007_PT_010,PT_010,cluster_11203041632_11203041633_11203041634_11203041635_#5more,19.0,ER_ACC_007,emergency_ER_ACC_007_PT_010,joinedS_4273893706_4273893707_7335400058_cluster_13348213189_13348213190_13348213191,cluster_13348213189_13348213190_13348213191,-1455512070,-1455512069,29.158,-174870621#2,skip,disabled_by_single_terminal_experiment,,
b0_valid_18route_ER_ACC_007_PT_010,PT_010,cluster_11203041632_11203041633_11203041634_11203041635_#5more,27.0,ER_ACC_007,emergency_ER_ACC_007_PT_010,7335400049,7335400049,218773869#7,218773869#8,29.261,180368918#0,skip,disabled_by_single_terminal_experiment,,
b0_valid_18route_ER_ACC_007_PT_010,PT_010,cluster_11203041632_11203041633_11203041634_11203041635_#5more,31.0,ER_ACC_007,emergency_ER_ACC_007_PT_010,11346754524,11346754524,785130598#0,785130598#1,29.726,180368918#6,skip,disabled_by_single_terminal_experiment,,
b0_valid_18route_ER_ACC_007_PT_011,PT_011,cluster_11277565408_11277565409_414685823_5851251280,1.0,ER_ACC_007,emergency_ER_ACC_007_PT_011,cluster_1326096615_3849700763,cluster_1326096615_3849700763,-381802847#2,-183272625#1,2.979,-381802881#2,skip,disabled_by_single_terminal_experiment,,
b0_valid_18route_ER_ACC_007_PT_011,PT_011,cluster_11277565408_11277565409_414685823_5851251280,2.0,ER_ACC_007,emergency_ER_ACC_007_PT_011,cluster_3846534041_436877431,cluster_3846534041_436877431,180368918#3,180368918#5,21.224,-381802881#2,skip,disabled_by_single_terminal_experiment,,
b0_valid_18route_ER_ACC_007_PT_011,PT_011,cluster_11277565408_11277565409_414685823_5851251280,19.0,ER_ACC_007,emergency_ER_ACC_007_PT_011,joinedS_4273893706_4273893707_7335400058_cluster_13348213189_13348213190_13348213191,cluster_13348213189_13348213190_13348213191,-1455512070,-1455512069,29.158,-174870621#2,skip,disabled_by_single_terminal_experiment,,
b0_valid_18route_ER_ACC_007_PT_011,PT_011,cluster_11277565408_11277565409_414685823_5851251280,27.0,ER_ACC_007,emergency_ER_ACC_007_PT_011,7335400049,7335400049,218773869#7,218773869#8,29.261,180368918#0,skip,disabled_by_single_terminal_experiment,,
b0_valid_18route_ER_ACC_007_PT_011,PT_011,cluster_11277565408_11277565409_414685823_5851251280,31.0,ER_ACC_007,emergency_ER_ACC_007_PT_011,11346754524,11346754524,785130598#0,785130598#1,29.726,180368918#6,skip,disabled_by_single_terminal_experiment,,
b0_valid_18route_ER_ACC_007_PT_012,PT_012,cluster_12785870414_3337522189,1.0,ER_ACC_007,emergency_ER_ACC_007_PT_012,cluster_1326096615_3849700763,cluster_1326096615_3849700763,-381802847#2,-183272625#1,2.979,-381802881#2,skip,disabled_by_single_terminal_experiment,,
b0_valid_18route_ER_ACC_007_PT_012,PT_012,cluster_12785870414_3337522189,2.0,ER_ACC_007,emergency_ER_ACC_007_PT_012,cluster_3846534041_436877431,cluster_3846534041_436877431,180368918#3,180368918#5,21.224,-381802881#2,skip,disabled_by_single_terminal_experiment,,
b0_valid_18route_ER_ACC_007_PT_012,PT_012,cluster_12785870414_3337522189,19.0,ER_ACC_007,emergency_ER_ACC_007_PT_012,joinedS_4273893706_4273893707_7335400058_cluster_13348213189_13348213190_13348213191,cluster_13348213189_13348213190_13348213191,-1455512070,-1455512069,29.158,-174870621#2,skip,disabled_by_single_terminal_experiment,,
b0_valid_18route_ER_ACC_007_PT_012,PT_012,cluster_12785870414_3337522189,27.0,ER_ACC_007,emergency_ER_ACC_007_PT_012,7335400049,7335400049,218773869#7,218773869#8,29.261,180368918#0,skip,disabled_by_single_terminal_experiment,,
b0_valid_18route_ER_ACC_007_PT_012,PT_012,cluster_12785870414_3337522189,31.0,ER_ACC_007,emergency_ER_ACC_007_PT_012,11346754524,11346754524,785130598#0,785130598#1,29.726,180368918#6,skip,disabled_by_single_terminal_experiment,,
b0_valid_18route_ER_ACC_007_PT_013,PT_013,cluster_1326096615_3849700763,1.0,ER_ACC_007,emergency_ER_ACC_007_PT_013,cluster_1326096615_3849700763,cluster_1326096615_3849700763,-381802847#2,-183272625#1,2.979,-381802881#2,skip,safe_green_not_current_or_next_phase,0,2
b0_valid_18route_ER_ACC_007_PT_013,PT_013,cluster_1326096615_3849700763,2.0,ER_ACC_007,emergency_ER_ACC_007_PT_013,cluster_3846534041_436877431,cluster_3846534041_436877431,180368918#3,180368918#5,21.224,-381802881#2,skip,disabled_by_single_terminal_experiment,,
b0_valid_18route_ER_ACC_007_PT_013,PT_013,cluster_1326096615_3849700763,19.0,ER_ACC_007,emergency_ER_ACC_007_PT_013,joinedS_4273893706_4273893707_7335400058_cluster_13348213189_13348213190_13348213191,cluster_13348213189_13348213190_13348213191,-1455512070,-1455512069,29.158,-174870621#2,skip,disabled_by_single_terminal_experiment,,
b0_valid_18route_ER_ACC_007_PT_013,PT_013,cluster_1326096615_3849700763,27.0,ER_ACC_007,emergency_ER_ACC_007_PT_013,7335400049,7335400049,218773869#7,218773869#8,29.261,180368918#0,skip,disabled_by_single_terminal_experiment,,
b0_valid_18route_ER_ACC_007_PT_013,PT_013,cluster_1326096615_3849700763,31.0,ER_ACC_007,emergency_ER_ACC_007_PT_013,11346754524,11346754524,785130598#0,785130598#1,29.726,180368918#6,skip,disabled_by_single_terminal_experiment,,
b0_valid_18route_ER_ACC_007_PT_014,PT_014,cluster_13348293702_13348293703_414685829,1.0,ER_ACC_007,emergency_ER_ACC_007_PT_014,cluster_1326096615_3849700763,cluster_1326096615_3849700763,-381802847#2,-183272625#1,2.979,-381802881#2,skip,disabled_by_single_terminal_experiment,,
b0_valid_18route_ER_ACC_007_PT_014,PT_014,cluster_13348293702_13348293703_414685829,2.0,ER_ACC_007,emergency_ER_ACC_007_PT_014,cluster_3846534041_436877431,cluster_3846534041_436877431,180368918#3,180368918#5,21.224,-381802881#2,skip,disabled_by_single_terminal_experiment,,
b0_valid_18route_ER_ACC_007_PT_014,PT_014,cluster_13348293702_13348293703_414685829,19.0,ER_ACC_007,emergency_ER_ACC_007_PT_014,joinedS_4273893706_4273893707_7335400058_cluster_13348213189_13348213190_13348213191,cluster_13348213189_13348213190_13348213191,-1455512070,-1455512069,29.158,-174870621#2,skip,disabled_by_single_terminal_experiment,,
b0_valid_18route_ER_ACC_007_PT_014,PT_014,cluster_13348293702_13348293703_414685829,27.0,ER_ACC_007,emergency_ER_ACC_007_PT_014,7335400049,7335400049,218773869#7,218773869#8,29.261,180368918#0,skip,disabled_by_single_terminal_experiment,,
b0_valid_18route_ER_ACC_007_PT_014,PT_014,cluster_13348293702_13348293703_414685829,31.0,ER_ACC_007,emergency_ER_ACC_007_PT_014,11346754524,11346754524,785130598#0,785130598#1,29.726,180368918#6,skip,disabled_by_single_terminal_experiment,,
b0_valid_18route_ER_ACC_007_PT_015,PT_015,cluster_3846534041_436877431,1.0,ER_ACC_007,emergency_ER_ACC_007_PT_015,cluster_1326096615_3849700763,cluster_1326096615_3849700763,-381802847#2,-183272625#1,2.979,-381802881#2,skip,disabled_by_single_terminal_experiment,,
b0_valid_18route_ER_ACC_007_PT_015,PT_015,cluster_3846534041_436877431,2.0,ER_ACC_007,emergency_ER_ACC_007_PT_015,cluster_3846534041_436877431,cluster_3846534041_436877431,180368918#3,180368918#5,21.224,-381802881#2,extend_green,current_phase_already_green,0,
b0_valid_18route_ER_ACC_007_PT_015,PT_015,cluster_3846534041_436877431,19.0,ER_ACC_007,emergency_ER_ACC_007_PT_015,joinedS_4273893706_4273893707_7335400058_cluster_13348213189_13348213190_13348213191,cluster_13348213189_13348213190_13348213191,-1455512070,-1455512069,29.158,-174870621#2,skip,disabled_by_single_terminal_experiment,,
b0_valid_18route_ER_ACC_007_PT_015,PT_015,cluster_3846534041_436877431,27.0,ER_ACC_007,emergency_ER_ACC_007_PT_015,7335400049,7335400049,218773869#7,218773869#8,29.261,180368918#0,skip,disabled_by_single_terminal_experiment,,
b0_valid_18route_ER_ACC_007_PT_015,PT_015,cluster_3846534041_436877431,31.0,ER_ACC_007,emergency_ER_ACC_007_PT_015,11346754524,11346754524,785130598#0,785130598#1,29.726,180368918#6,skip,disabled_by_single_terminal_experiment,,
b0_valid_18route_ER_ACC_007_PT_016,PT_016,joinedS_11139302899_11139302904_11178710208_cluster_11139302901_5593950669_5593950674,1.0,ER_ACC_007,emergency_ER_ACC_007_PT_016,cluster_1326096615_3849700763,cluster_1326096615_3849700763,-381802847#2,-183272625#1,2.979,-381802881#2,skip,disabled_by_single_terminal_experiment,,
b0_valid_18route_ER_ACC_007_PT_016,PT_016,joinedS_11139302899_11139302904_11178710208_cluster_11139302901_5593950669_5593950674,2.0,ER_ACC_007,emergency_ER_ACC_007_PT_016,cluster_3846534041_436877431,cluster_3846534041_436877431,180368918#3,180368918#5,21.224,-381802881#2,skip,disabled_by_single_terminal_experiment,,
b0_valid_18route_ER_ACC_007_PT_016,PT_016,joinedS_11139302899_11139302904_11178710208_cluster_11139302901_5593950669_5593950674,19.0,ER_ACC_007,emergency_ER_ACC_007_PT_016,joinedS_4273893706_4273893707_7335400058_cluster_13348213189_13348213190_13348213191,cluster_13348213189_13348213190_13348213191,-1455512070,-1455512069,29.158,-174870621#2,skip,disabled_by_single_terminal_experiment,,
b0_valid_18route_ER_ACC_007_PT_016,PT_016,joinedS_11139302899_11139302904_11178710208_cluster_11139302901_5593950669_5593950674,27.0,ER_ACC_007,emergency_ER_ACC_007_PT_016,7335400049,7335400049,218773869#7,218773869#8,29.261,180368918#0,skip,disabled_by_single_terminal_experiment,,
b0_valid_18route_ER_ACC_007_PT_016,PT_016,joinedS_11139302899_11139302904_11178710208_cluster_11139302901_5593950669_5593950674,31.0,ER_ACC_007,emergency_ER_ACC_007_PT_016,11346754524,11346754524,785130598#0,785130598#1,29.726,180368918#6,skip,disabled_by_single_terminal_experiment,,
b0_valid_18route_ER_ACC_007_PT_017,PT_017,joinedS_11203001806_11203001814_13721232731_5851251250_#6more,1.0,ER_ACC_007,emergency_ER_ACC_007_PT_017,cluster_1326096615_3849700763,cluster_1326096615_3849700763,-381802847#2,-183272625#1,2.979,-381802881#2,skip,disabled_by_single_terminal_experiment,,
b0_valid_18route_ER_ACC_007_PT_017,PT_017,joinedS_11203001806_11203001814_13721232731_5851251250_#6more,2.0,ER_ACC_007,emergency_ER_ACC_007_PT_017,cluster_3846534041_436877431,cluster_3846534041_436877431,180368918#3,180368918#5,21.224,-381802881#2,skip,disabled_by_single_terminal_experiment,,
b0_valid_18route_ER_ACC_007_PT_017,PT_017,joinedS_11203001806_11203001814_13721232731_5851251250_#6more,19.0,ER_ACC_007,emergency_ER_ACC_007_PT_017,joinedS_4273893706_4273893707_7335400058_cluster_13348213189_13348213190_13348213191,cluster_13348213189_13348213190_13348213191,-1455512070,-1455512069,29.158,-174870621#2,skip,disabled_by_single_terminal_experiment,,
b0_valid_18route_ER_ACC_007_PT_017,PT_017,joinedS_11203001806_11203001814_13721232731_5851251250_#6more,27.0,ER_ACC_007,emergency_ER_ACC_007_PT_017,7335400049,7335400049,218773869#7,218773869#8,29.261,180368918#0,skip,disabled_by_single_terminal_experiment,,
b0_valid_18route_ER_ACC_007_PT_017,PT_017,joinedS_11203001806_11203001814_13721232731_5851251250_#6more,31.0,ER_ACC_007,emergency_ER_ACC_007_PT_017,11346754524,11346754524,785130598#0,785130598#1,29.726,180368918#6,skip,disabled_by_single_terminal_experiment,,
b0_valid_18route_ER_ACC_007_PT_018,PT_018,joinedS_11203052957_cluster_11203052955_11203052956_11203052960_11203052961_#11more,1.0,ER_ACC_007,emergency_ER_ACC_007_PT_018,cluster_1326096615_3849700763,cluster_1326096615_3849700763,-381802847#2,-183272625#1,2.979,-381802881#2,skip,disabled_by_single_terminal_experiment,,
b0_valid_18route_ER_ACC_007_PT_018,PT_018,joinedS_11203052957_cluster_11203052955_11203052956_11203052960_11203052961_#11more,2.0,ER_ACC_007,emergency_ER_ACC_007_PT_018,cluster_3846534041_436877431,cluster_3846534041_436877431,180368918#3,180368918#5,21.224,-381802881#2,skip,disabled_by_single_terminal_experiment,,
b0_valid_18route_ER_ACC_007_PT_018,PT_018,joinedS_11203052957_cluster_11203052955_11203052956_11203052960_11203052961_#11more,19.0,ER_ACC_007,emergency_ER_ACC_007_PT_018,joinedS_4273893706_4273893707_7335400058_cluster_13348213189_13348213190_13348213191,cluster_13348213189_13348213190_13348213191,-1455512070,-1455512069,29.158,-174870621#2,skip,disabled_by_single_terminal_experiment,,
b0_valid_18route_ER_ACC_007_PT_018,PT_018,joinedS_11203052957_cluster_11203052955_11203052956_11203052960_11203052961_#11more,27.0,ER_ACC_007,emergency_ER_ACC_007_PT_018,7335400049,7335400049,218773869#7,218773869#8,29.261,180368918#0,skip,disabled_by_single_terminal_experiment,,
b0_valid_18route_ER_ACC_007_PT_018,PT_018,joinedS_11203052957_cluster_11203052955_11203052956_11203052960_11203052961_#11more,31.0,ER_ACC_007,emergency_ER_ACC_007_PT_018,11346754524,11346754524,785130598#0,785130598#1,29.726,180368918#6,skip,disabled_by_single_terminal_experiment,,
b0_valid_18route_ER_ACC_007_PT_019,PT_019,joinedS_4273893706_4273893707_7335400058_cluster_13348213189_13348213190_13348213191,1.0,ER_ACC_007,emergency_ER_ACC_007_PT_019,cluster_1326096615_3849700763,cluster_1326096615_3849700763,-381802847#2,-183272625#1,2.979,-381802881#2,skip,disabled_by_single_terminal_experiment,,
b0_valid_18route_ER_ACC_007_PT_019,PT_019,joinedS_4273893706_4273893707_7335400058_cluster_13348213189_13348213190_13348213191,2.0,ER_ACC_007,emergency_ER_ACC_007_PT_019,cluster_3846534041_436877431,cluster_3846534041_436877431,180368918#3,180368918#5,21.224,-381802881#2,skip,disabled_by_single_terminal_experiment,,
b0_valid_18route_ER_ACC_007_PT_019,PT_019,joinedS_4273893706_4273893707_7335400058_cluster_13348213189_13348213190_13348213191,19.0,ER_ACC_007,emergency_ER_ACC_007_PT_019,joinedS_4273893706_4273893707_7335400058_cluster_13348213189_13348213190_13348213191,cluster_13348213189_13348213190_13348213191,-1455512070,-1455512069,29.158,-174870621#2,extend_green,current_phase_already_green,0,
b0_valid_18route_ER_ACC_007_PT_019,PT_019,joinedS_4273893706_4273893707_7335400058_cluster_13348213189_13348213190_13348213191,27.0,ER_ACC_007,emergency_ER_ACC_007_PT_019,7335400049,7335400049,218773869#7,218773869#8,29.261,180368918#0,skip,disabled_by_single_terminal_experiment,,
b0_valid_18route_ER_ACC_007_PT_019,PT_019,joinedS_4273893706_4273893707_7335400058_cluster_13348213189_13348213190_13348213191,31.0,ER_ACC_007,emergency_ER_ACC_007_PT_019,11346754524,11346754524,785130598#0,785130598#1,29.726,180368918#6,skip,disabled_by_single_terminal_experiment,,
b0_valid_18route_ER_ACC_007_PT_020,PT_020,joinedS_4276255150_4276255151_4276255152_cluster_4276255149_436839431,1.0,ER_ACC_007,emergency_ER_ACC_007_PT_020,cluster_1326096615_3849700763,cluster_1326096615_3849700763,-381802847#2,-183272625#1,2.979,-381802881#2,skip,disabled_by_single_terminal_experiment,,
b0_valid_18route_ER_ACC_007_PT_020,PT_020,joinedS_4276255150_4276255151_4276255152_cluster_4276255149_436839431,2.0,ER_ACC_007,emergency_ER_ACC_007_PT_020,cluster_3846534041_436877431,cluster_3846534041_436877431,180368918#3,180368918#5,21.224,-381802881#2,skip,disabled_by_single_terminal_experiment,,
b0_valid_18route_ER_ACC_007_PT_020,PT_020,joinedS_4276255150_4276255151_4276255152_cluster_4276255149_436839431,19.0,ER_ACC_007,emergency_ER_ACC_007_PT_020,joinedS_4273893706_4273893707_7335400058_cluster_13348213189_13348213190_13348213191,cluster_13348213189_13348213190_13348213191,-1455512070,-1455512069,29.158,-174870621#2,skip,disabled_by_single_terminal_experiment,,
b0_valid_18route_ER_ACC_007_PT_020,PT_020,joinedS_4276255150_4276255151_4276255152_cluster_4276255149_436839431,27.0,ER_ACC_007,emergency_ER_ACC_007_PT_020,7335400049,7335400049,218773869#7,218773869#8,29.261,180368918#0,skip,disabled_by_single_terminal_experiment,,
b0_valid_18route_ER_ACC_007_PT_020,PT_020,joinedS_4276255150_4276255151_4276255152_cluster_4276255149_436839431,31.0,ER_ACC_007,emergency_ER_ACC_007_PT_020,11346754524,11346754524,785130598#0,785130598#1,29.726,180368918#6,skip,disabled_by_single_terminal_experiment,,
b0_valid_18route_ER_ACC_008_PT_001,PT_001,11203059756,1.0,ER_ACC_008,emergency_ER_ACC_008_PT_001,cluster_1326096615_3849700763,cluster_1326096615_3849700763,-381802847#2,-183272625#1,2.979,-381802881#2,skip,disabled_by_single_terminal_experiment,,
b0_valid_18route_ER_ACC_008_PT_001,PT_001,11203059756,2.0,ER_ACC_008,emergency_ER_ACC_008_PT_001,cluster_3846534041_436877431,cluster_3846534041_436877431,180368918#3,180368918#5,21.224,-381802881#2,skip,disabled_by_single_terminal_experiment,,
b0_valid_18route_ER_ACC_008_PT_001,PT_001,11203059756,19.0,ER_ACC_008,emergency_ER_ACC_008_PT_001,436870729,436870729,-913009312#5,-913009312#4,26.794,-174870621#2,skip,disabled_by_single_terminal_experiment,,
b0_valid_18route_ER_ACC_008_PT_002,PT_002,11346754524,1.0,ER_ACC_008,emergency_ER_ACC_008_PT_002,cluster_1326096615_3849700763,cluster_1326096615_3849700763,-381802847#2,-183272625#1,2.979,-381802881#2,skip,disabled_by_single_terminal_experiment,,
b0_valid_18route_ER_ACC_008_PT_002,PT_002,11346754524,2.0,ER_ACC_008,emergency_ER_ACC_008_PT_002,cluster_3846534041_436877431,cluster_3846534041_436877431,180368918#3,180368918#5,21.224,-381802881#2,skip,disabled_by_single_terminal_experiment,,
b0_valid_18route_ER_ACC_008_PT_002,PT_002,11346754524,19.0,ER_ACC_008,emergency_ER_ACC_008_PT_002,436870729,436870729,-913009312#5,-913009312#4,26.794,-174870621#2,skip,disabled_by_single_terminal_experiment,,
b0_valid_18route_ER_ACC_008_PT_003,PT_003,11346754525,1.0,ER_ACC_008,emergency_ER_ACC_008_PT_003,cluster_1326096615_3849700763,cluster_1326096615_3849700763,-381802847#2,-183272625#1,2.979,-381802881#2,skip,disabled_by_single_terminal_experiment,,
b0_valid_18route_ER_ACC_008_PT_003,PT_003,11346754525,2.0,ER_ACC_008,emergency_ER_ACC_008_PT_003,cluster_3846534041_436877431,cluster_3846534041_436877431,180368918#3,180368918#5,21.224,-381802881#2,skip,disabled_by_single_terminal_experiment,,
b0_valid_18route_ER_ACC_008_PT_003,PT_003,11346754525,19.0,ER_ACC_008,emergency_ER_ACC_008_PT_003,436870729,436870729,-913009312#5,-913009312#4,26.794,-174870621#2,skip,disabled_by_single_terminal_experiment,,
b0_valid_18route_ER_ACC_008_PT_004,PT_004,13732389937,1.0,ER_ACC_008,emergency_ER_ACC_008_PT_004,cluster_1326096615_3849700763,cluster_1326096615_3849700763,-381802847#2,-183272625#1,2.979,-381802881#2,skip,disabled_by_single_terminal_experiment,,
b0_valid_18route_ER_ACC_008_PT_004,PT_004,13732389937,2.0,ER_ACC_008,emergency_ER_ACC_008_PT_004,cluster_3846534041_436877431,cluster_3846534041_436877431,180368918#3,180368918#5,21.224,-381802881#2,skip,disabled_by_single_terminal_experiment,,
b0_valid_18route_ER_ACC_008_PT_004,PT_004,13732389937,19.0,ER_ACC_008,emergency_ER_ACC_008_PT_004,436870729,436870729,-913009312#5,-913009312#4,26.794,-174870621#2,skip,disabled_by_single_terminal_experiment,,
b0_valid_18route_ER_ACC_008_PT_005,PT_005,13732389938,1.0,ER_ACC_008,emergency_ER_ACC_008_PT_005,cluster_1326096615_3849700763,cluster_1326096615_3849700763,-381802847#2,-183272625#1,2.979,-381802881#2,skip,disabled_by_single_terminal_experiment,,
b0_valid_18route_ER_ACC_008_PT_005,PT_005,13732389938,2.0,ER_ACC_008,emergency_ER_ACC_008_PT_005,cluster_3846534041_436877431,cluster_3846534041_436877431,180368918#3,180368918#5,21.224,-381802881#2,skip,disabled_by_single_terminal_experiment,,
b0_valid_18route_ER_ACC_008_PT_005,PT_005,13732389938,19.0,ER_ACC_008,emergency_ER_ACC_008_PT_005,436870729,436870729,-913009312#5,-913009312#4,26.794,-174870621#2,skip,disabled_by_single_terminal_experiment,,
b0_valid_18route_ER_ACC_008_PT_006,PT_006,4202879197,1.0,ER_ACC_008,emergency_ER_ACC_008_PT_006,cluster_1326096615_3849700763,cluster_1326096615_3849700763,-381802847#2,-183272625#1,2.979,-381802881#2,skip,disabled_by_single_terminal_experiment,,
b0_valid_18route_ER_ACC_008_PT_006,PT_006,4202879197,2.0,ER_ACC_008,emergency_ER_ACC_008_PT_006,cluster_3846534041_436877431,cluster_3846534041_436877431,180368918#3,180368918#5,21.224,-381802881#2,skip,disabled_by_single_terminal_experiment,,
b0_valid_18route_ER_ACC_008_PT_006,PT_006,4202879197,19.0,ER_ACC_008,emergency_ER_ACC_008_PT_006,436870729,436870729,-913009312#5,-913009312#4,26.794,-174870621#2,skip,disabled_by_single_terminal_experiment,,
b0_valid_18route_ER_ACC_008_PT_007,PT_007,436870729,1.0,ER_ACC_008,emergency_ER_ACC_008_PT_007,cluster_1326096615_3849700763,cluster_1326096615_3849700763,-381802847#2,-183272625#1,2.979,-381802881#2,skip,disabled_by_single_terminal_experiment,,
b0_valid_18route_ER_ACC_008_PT_007,PT_007,436870729,2.0,ER_ACC_008,emergency_ER_ACC_008_PT_007,cluster_3846534041_436877431,cluster_3846534041_436877431,180368918#3,180368918#5,21.224,-381802881#2,skip,disabled_by_single_terminal_experiment,,
b0_valid_18route_ER_ACC_008_PT_007,PT_007,436870729,19.0,ER_ACC_008,emergency_ER_ACC_008_PT_007,436870729,436870729,-913009312#5,-913009312#4,26.794,-174870621#2,extend_green,current_phase_already_green,0,
b0_valid_18route_ER_ACC_008_PT_008,PT_008,7311080426,1.0,ER_ACC_008,emergency_ER_ACC_008_PT_008,cluster_1326096615_3849700763,cluster_1326096615_3849700763,-381802847#2,-183272625#1,2.979,-381802881#2,skip,disabled_by_single_terminal_experiment,,
b0_valid_18route_ER_ACC_008_PT_008,PT_008,7311080426,2.0,ER_ACC_008,emergency_ER_ACC_008_PT_008,cluster_3846534041_436877431,cluster_3846534041_436877431,180368918#3,180368918#5,21.224,-381802881#2,skip,disabled_by_single_terminal_experiment,,
b0_valid_18route_ER_ACC_008_PT_008,PT_008,7311080426,19.0,ER_ACC_008,emergency_ER_ACC_008_PT_008,436870729,436870729,-913009312#5,-913009312#4,26.794,-174870621#2,skip,disabled_by_single_terminal_experiment,,
b0_valid_18route_ER_ACC_008_PT_009,PT_009,7335400049,1.0,ER_ACC_008,emergency_ER_ACC_008_PT_009,cluster_1326096615_3849700763,cluster_1326096615_3849700763,-381802847#2,-183272625#1,2.979,-381802881#2,skip,disabled_by_single_terminal_experiment,,
b0_valid_18route_ER_ACC_008_PT_009,PT_009,7335400049,2.0,ER_ACC_008,emergency_ER_ACC_008_PT_009,cluster_3846534041_436877431,cluster_3846534041_436877431,180368918#3,180368918#5,21.224,-381802881#2,skip,disabled_by_single_terminal_experiment,,
b0_valid_18route_ER_ACC_008_PT_009,PT_009,7335400049,19.0,ER_ACC_008,emergency_ER_ACC_008_PT_009,436870729,436870729,-913009312#5,-913009312#4,26.794,-174870621#2,skip,disabled_by_single_terminal_experiment,,
b0_valid_18route_ER_ACC_008_PT_010,PT_010,cluster_11203041632_11203041633_11203041634_11203041635_#5more,1.0,ER_ACC_008,emergency_ER_ACC_008_PT_010,cluster_1326096615_3849700763,cluster_1326096615_3849700763,-381802847#2,-183272625#1,2.979,-381802881#2,skip,disabled_by_single_terminal_experiment,,
b0_valid_18route_ER_ACC_008_PT_010,PT_010,cluster_11203041632_11203041633_11203041634_11203041635_#5more,2.0,ER_ACC_008,emergency_ER_ACC_008_PT_010,cluster_3846534041_436877431,cluster_3846534041_436877431,180368918#3,180368918#5,21.224,-381802881#2,skip,disabled_by_single_terminal_experiment,,
b0_valid_18route_ER_ACC_008_PT_010,PT_010,cluster_11203041632_11203041633_11203041634_11203041635_#5more,19.0,ER_ACC_008,emergency_ER_ACC_008_PT_010,436870729,436870729,-913009312#5,-913009312#4,26.794,-174870621#2,skip,disabled_by_single_terminal_experiment,,
b0_valid_18route_ER_ACC_008_PT_011,PT_011,cluster_11277565408_11277565409_414685823_5851251280,1.0,ER_ACC_008,emergency_ER_ACC_008_PT_011,cluster_1326096615_3849700763,cluster_1326096615_3849700763,-381802847#2,-183272625#1,2.979,-381802881#2,skip,disabled_by_single_terminal_experiment,,
b0_valid_18route_ER_ACC_008_PT_011,PT_011,cluster_11277565408_11277565409_414685823_5851251280,2.0,ER_ACC_008,emergency_ER_ACC_008_PT_011,cluster_3846534041_436877431,cluster_3846534041_436877431,180368918#3,180368918#5,21.224,-381802881#2,skip,disabled_by_single_terminal_experiment,,
b0_valid_18route_ER_ACC_008_PT_011,PT_011,cluster_11277565408_11277565409_414685823_5851251280,19.0,ER_ACC_008,emergency_ER_ACC_008_PT_011,436870729,436870729,-913009312#5,-913009312#4,26.794,-174870621#2,skip,disabled_by_single_terminal_experiment,,
b0_valid_18route_ER_ACC_008_PT_012,PT_012,cluster_12785870414_3337522189,1.0,ER_ACC_008,emergency_ER_ACC_008_PT_012,cluster_1326096615_3849700763,cluster_1326096615_3849700763,-381802847#2,-183272625#1,2.979,-381802881#2,skip,disabled_by_single_terminal_experiment,,
b0_valid_18route_ER_ACC_008_PT_012,PT_012,cluster_12785870414_3337522189,2.0,ER_ACC_008,emergency_ER_ACC_008_PT_012,cluster_3846534041_436877431,cluster_3846534041_436877431,180368918#3,180368918#5,21.224,-381802881#2,skip,disabled_by_single_terminal_experiment,,
b0_valid_18route_ER_ACC_008_PT_012,PT_012,cluster_12785870414_3337522189,19.0,ER_ACC_008,emergency_ER_ACC_008_PT_012,436870729,436870729,-913009312#5,-913009312#4,26.794,-174870621#2,skip,disabled_by_single_terminal_experiment,,
b0_valid_18route_ER_ACC_008_PT_013,PT_013,cluster_1326096615_3849700763,1.0,ER_ACC_008,emergency_ER_ACC_008_PT_013,cluster_1326096615_3849700763,cluster_1326096615_3849700763,-381802847#2,-183272625#1,2.979,-381802881#2,skip,safe_green_not_current_or_next_phase,0,2
b0_valid_18route_ER_ACC_008_PT_013,PT_013,cluster_1326096615_3849700763,2.0,ER_ACC_008,emergency_ER_ACC_008_PT_013,cluster_3846534041_436877431,cluster_3846534041_436877431,180368918#3,180368918#5,21.224,-381802881#2,skip,disabled_by_single_terminal_experiment,,
b0_valid_18route_ER_ACC_008_PT_013,PT_013,cluster_1326096615_3849700763,19.0,ER_ACC_008,emergency_ER_ACC_008_PT_013,436870729,436870729,-913009312#5,-913009312#4,26.794,-174870621#2,skip,disabled_by_single_terminal_experiment,,
b0_valid_18route_ER_ACC_008_PT_014,PT_014,cluster_13348293702_13348293703_414685829,1.0,ER_ACC_008,emergency_ER_ACC_008_PT_014,cluster_1326096615_3849700763,cluster_1326096615_3849700763,-381802847#2,-183272625#1,2.979,-381802881#2,skip,disabled_by_single_terminal_experiment,,
b0_valid_18route_ER_ACC_008_PT_014,PT_014,cluster_13348293702_13348293703_414685829,2.0,ER_ACC_008,emergency_ER_ACC_008_PT_014,cluster_3846534041_436877431,cluster_3846534041_436877431,180368918#3,180368918#5,21.224,-381802881#2,skip,disabled_by_single_terminal_experiment,,
b0_valid_18route_ER_ACC_008_PT_014,PT_014,cluster_13348293702_13348293703_414685829,19.0,ER_ACC_008,emergency_ER_ACC_008_PT_014,436870729,436870729,-913009312#5,-913009312#4,26.794,-174870621#2,skip,disabled_by_single_terminal_experiment,,
b0_valid_18route_ER_ACC_008_PT_015,PT_015,cluster_3846534041_436877431,1.0,ER_ACC_008,emergency_ER_ACC_008_PT_015,cluster_1326096615_3849700763,cluster_1326096615_3849700763,-381802847#2,-183272625#1,2.979,-381802881#2,skip,disabled_by_single_terminal_experiment,,
b0_valid_18route_ER_ACC_008_PT_015,PT_015,cluster_3846534041_436877431,2.0,ER_ACC_008,emergency_ER_ACC_008_PT_015,cluster_3846534041_436877431,cluster_3846534041_436877431,180368918#3,180368918#5,21.224,-381802881#2,extend_green,current_phase_already_green,0,
b0_valid_18route_ER_ACC_008_PT_015,PT_015,cluster_3846534041_436877431,19.0,ER_ACC_008,emergency_ER_ACC_008_PT_015,436870729,436870729,-913009312#5,-913009312#4,26.794,-174870621#2,skip,disabled_by_single_terminal_experiment,,
b0_valid_18route_ER_ACC_008_PT_016,PT_016,joinedS_11139302899_11139302904_11178710208_cluster_11139302901_5593950669_5593950674,1.0,ER_ACC_008,emergency_ER_ACC_008_PT_016,cluster_1326096615_3849700763,cluster_1326096615_3849700763,-381802847#2,-183272625#1,2.979,-381802881#2,skip,disabled_by_single_terminal_experiment,,
b0_valid_18route_ER_ACC_008_PT_016,PT_016,joinedS_11139302899_11139302904_11178710208_cluster_11139302901_5593950669_5593950674,2.0,ER_ACC_008,emergency_ER_ACC_008_PT_016,cluster_3846534041_436877431,cluster_3846534041_436877431,180368918#3,180368918#5,21.224,-381802881#2,skip,disabled_by_single_terminal_experiment,,
b0_valid_18route_ER_ACC_008_PT_016,PT_016,joinedS_11139302899_11139302904_11178710208_cluster_11139302901_5593950669_5593950674,19.0,ER_ACC_008,emergency_ER_ACC_008_PT_016,436870729,436870729,-913009312#5,-913009312#4,26.794,-174870621#2,skip,disabled_by_single_terminal_experiment,,
b0_valid_18route_ER_ACC_008_PT_017,PT_017,joinedS_11203001806_11203001814_13721232731_5851251250_#6more,1.0,ER_ACC_008,emergency_ER_ACC_008_PT_017,cluster_1326096615_3849700763,cluster_1326096615_3849700763,-381802847#2,-183272625#1,2.979,-381802881#2,skip,disabled_by_single_terminal_experiment,,
b0_valid_18route_ER_ACC_008_PT_017,PT_017,joinedS_11203001806_11203001814_13721232731_5851251250_#6more,2.0,ER_ACC_008,emergency_ER_ACC_008_PT_017,cluster_3846534041_436877431,cluster_3846534041_436877431,180368918#3,180368918#5,21.224,-381802881#2,skip,disabled_by_single_terminal_experiment,,
b0_valid_18route_ER_ACC_008_PT_017,PT_017,joinedS_11203001806_11203001814_13721232731_5851251250_#6more,19.0,ER_ACC_008,emergency_ER_ACC_008_PT_017,436870729,436870729,-913009312#5,-913009312#4,26.794,-174870621#2,skip,disabled_by_single_terminal_experiment,,
b0_valid_18route_ER_ACC_008_PT_018,PT_018,joinedS_11203052957_cluster_11203052955_11203052956_11203052960_11203052961_#11more,1.0,ER_ACC_008,emergency_ER_ACC_008_PT_018,cluster_1326096615_3849700763,cluster_1326096615_3849700763,-381802847#2,-183272625#1,2.979,-381802881#2,skip,disabled_by_single_terminal_experiment,,
b0_valid_18route_ER_ACC_008_PT_018,PT_018,joinedS_11203052957_cluster_11203052955_11203052956_11203052960_11203052961_#11more,2.0,ER_ACC_008,emergency_ER_ACC_008_PT_018,cluster_3846534041_436877431,cluster_3846534041_436877431,180368918#3,180368918#5,21.224,-381802881#2,skip,disabled_by_single_terminal_experiment,,
b0_valid_18route_ER_ACC_008_PT_018,PT_018,joinedS_11203052957_cluster_11203052955_11203052956_11203052960_11203052961_#11more,19.0,ER_ACC_008,emergency_ER_ACC_008_PT_018,436870729,436870729,-913009312#5,-913009312#4,26.794,-174870621#2,skip,disabled_by_single_terminal_experiment,,
b0_valid_18route_ER_ACC_008_PT_019,PT_019,joinedS_4273893706_4273893707_7335400058_cluster_13348213189_13348213190_13348213191,1.0,ER_ACC_008,emergency_ER_ACC_008_PT_019,cluster_1326096615_3849700763,cluster_1326096615_3849700763,-381802847#2,-183272625#1,2.979,-381802881#2,skip,disabled_by_single_terminal_experiment,,
b0_valid_18route_ER_ACC_008_PT_019,PT_019,joinedS_4273893706_4273893707_7335400058_cluster_13348213189_13348213190_13348213191,2.0,ER_ACC_008,emergency_ER_ACC_008_PT_019,cluster_3846534041_436877431,cluster_3846534041_436877431,180368918#3,180368918#5,21.224,-381802881#2,skip,disabled_by_single_terminal_experiment,,
b0_valid_18route_ER_ACC_008_PT_019,PT_019,joinedS_4273893706_4273893707_7335400058_cluster_13348213189_13348213190_13348213191,19.0,ER_ACC_008,emergency_ER_ACC_008_PT_019,436870729,436870729,-913009312#5,-913009312#4,26.794,-174870621#2,skip,disabled_by_single_terminal_experiment,,
b0_valid_18route_ER_ACC_008_PT_020,PT_020,joinedS_4276255150_4276255151_4276255152_cluster_4276255149_436839431,1.0,ER_ACC_008,emergency_ER_ACC_008_PT_020,cluster_1326096615_3849700763,cluster_1326096615_3849700763,-381802847#2,-183272625#1,2.979,-381802881#2,skip,disabled_by_single_terminal_experiment,,
b0_valid_18route_ER_ACC_008_PT_020,PT_020,joinedS_4276255150_4276255151_4276255152_cluster_4276255149_436839431,2.0,ER_ACC_008,emergency_ER_ACC_008_PT_020,cluster_3846534041_436877431,cluster_3846534041_436877431,180368918#3,180368918#5,21.224,-381802881#2,skip,disabled_by_single_terminal_experiment,,
b0_valid_18route_ER_ACC_008_PT_020,PT_020,joinedS_4276255150_4276255151_4276255152_cluster_4276255149_436839431,19.0,ER_ACC_008,emergency_ER_ACC_008_PT_020,436870729,436870729,-913009312#5,-913009312#4,26.794,-174870621#2,skip,disabled_by_single_terminal_experiment,,
b0_valid_18route_ER_ACC_009_PT_001,PT_001,11203059756,1.0,ER_ACC_009,emergency_ER_ACC_009_PT_001,cluster_1326096615_3849700763,cluster_1326096615_3849700763,-381802847#2,-183272625#1,2.979,-381802881#2,skip,disabled_by_single_terminal_experiment,,
b0_valid_18route_ER_ACC_009_PT_001,PT_001,11203059756,2.0,ER_ACC_009,emergency_ER_ACC_009_PT_001,cluster_3846534041_436877431,cluster_3846534041_436877431,180368918#3,180368918#5,21.224,-381802881#2,skip,disabled_by_single_terminal_experiment,,
b0_valid_18route_ER_ACC_009_PT_001,PT_001,11203059756,19.0,ER_ACC_009,emergency_ER_ACC_009_PT_001,joinedS_4273893706_4273893707_7335400058_cluster_13348213189_13348213190_13348213191,cluster_13348213189_13348213190_13348213191,-1455512070,1455512071,29.158,-174870621#2,skip,disabled_by_single_terminal_experiment,,
b0_valid_18route_ER_ACC_009_PT_001,PT_001,11203059756,21.0,ER_ACC_009,emergency_ER_ACC_009_PT_001,cluster_13348293702_13348293703_414685829,cluster_13348293702_13348293703_414685829,1455518728,-198564928#28,28.88,-174870621#2,skip,disabled_by_single_terminal_experiment,,
b0_valid_18route_ER_ACC_009_PT_001,PT_001,11203059756,24.0,ER_ACC_009,emergency_ER_ACC_009_PT_001,joinedS_4276255150_4276255151_4276255152_cluster_4276255149_436839431,4276255150,-198564928#24,-198564928#23,28.406,-174870621#0,skip,disabled_by_single_terminal_experiment,,
b0_valid_18route_ER_ACC_009_PT_002,PT_002,11346754524,1.0,ER_ACC_009,emergency_ER_ACC_009_PT_002,cluster_1326096615_3849700763,cluster_1326096615_3849700763,-381802847#2,-183272625#1,2.979,-381802881#2,skip,disabled_by_single_terminal_experiment,,
b0_valid_18route_ER_ACC_009_PT_002,PT_002,11346754524,2.0,ER_ACC_009,emergency_ER_ACC_009_PT_002,cluster_3846534041_436877431,cluster_3846534041_436877431,180368918#3,180368918#5,21.224,-381802881#2,skip,disabled_by_single_terminal_experiment,,
b0_valid_18route_ER_ACC_009_PT_002,PT_002,11346754524,19.0,ER_ACC_009,emergency_ER_ACC_009_PT_002,joinedS_4273893706_4273893707_7335400058_cluster_13348213189_13348213190_13348213191,cluster_13348213189_13348213190_13348213191,-1455512070,1455512071,29.158,-174870621#2,skip,disabled_by_single_terminal_experiment,,
b0_valid_18route_ER_ACC_009_PT_002,PT_002,11346754524,21.0,ER_ACC_009,emergency_ER_ACC_009_PT_002,cluster_13348293702_13348293703_414685829,cluster_13348293702_13348293703_414685829,1455518728,-198564928#28,28.88,-174870621#2,skip,disabled_by_single_terminal_experiment,,
b0_valid_18route_ER_ACC_009_PT_002,PT_002,11346754524,24.0,ER_ACC_009,emergency_ER_ACC_009_PT_002,joinedS_4276255150_4276255151_4276255152_cluster_4276255149_436839431,4276255150,-198564928#24,-198564928#23,28.406,-174870621#0,skip,disabled_by_single_terminal_experiment,,
b0_valid_18route_ER_ACC_009_PT_003,PT_003,11346754525,1.0,ER_ACC_009,emergency_ER_ACC_009_PT_003,cluster_1326096615_3849700763,cluster_1326096615_3849700763,-381802847#2,-183272625#1,2.979,-381802881#2,skip,disabled_by_single_terminal_experiment,,
b0_valid_18route_ER_ACC_009_PT_003,PT_003,11346754525,2.0,ER_ACC_009,emergency_ER_ACC_009_PT_003,cluster_3846534041_436877431,cluster_3846534041_436877431,180368918#3,180368918#5,21.224,-381802881#2,skip,disabled_by_single_terminal_experiment,,
b0_valid_18route_ER_ACC_009_PT_003,PT_003,11346754525,19.0,ER_ACC_009,emergency_ER_ACC_009_PT_003,joinedS_4273893706_4273893707_7335400058_cluster_13348213189_13348213190_13348213191,cluster_13348213189_13348213190_13348213191,-1455512070,1455512071,29.158,-174870621#2,skip,disabled_by_single_terminal_experiment,,
b0_valid_18route_ER_ACC_009_PT_003,PT_003,11346754525,21.0,ER_ACC_009,emergency_ER_ACC_009_PT_003,cluster_13348293702_13348293703_414685829,cluster_13348293702_13348293703_414685829,1455518728,-198564928#28,28.88,-174870621#2,skip,disabled_by_single_terminal_experiment,,
b0_valid_18route_ER_ACC_009_PT_003,PT_003,11346754525,24.0,ER_ACC_009,emergency_ER_ACC_009_PT_003,joinedS_4276255150_4276255151_4276255152_cluster_4276255149_436839431,4276255150,-198564928#24,-198564928#23,28.406,-174870621#0,skip,disabled_by_single_terminal_experiment,,
b0_valid_18route_ER_ACC_009_PT_004,PT_004,13732389937,1.0,ER_ACC_009,emergency_ER_ACC_009_PT_004,cluster_1326096615_3849700763,cluster_1326096615_3849700763,-381802847#2,-183272625#1,2.979,-381802881#2,skip,disabled_by_single_terminal_experiment,,
b0_valid_18route_ER_ACC_009_PT_004,PT_004,13732389937,2.0,ER_ACC_009,emergency_ER_ACC_009_PT_004,cluster_3846534041_436877431,cluster_3846534041_436877431,180368918#3,180368918#5,21.224,-381802881#2,skip,disabled_by_single_terminal_experiment,,
b0_valid_18route_ER_ACC_009_PT_004,PT_004,13732389937,19.0,ER_ACC_009,emergency_ER_ACC_009_PT_004,joinedS_4273893706_4273893707_7335400058_cluster_13348213189_13348213190_13348213191,cluster_13348213189_13348213190_13348213191,-1455512070,1455512071,29.158,-174870621#2,skip,disabled_by_single_terminal_experiment,,
b0_valid_18route_ER_ACC_009_PT_004,PT_004,13732389937,21.0,ER_ACC_009,emergency_ER_ACC_009_PT_004,cluster_13348293702_13348293703_414685829,cluster_13348293702_13348293703_414685829,1455518728,-198564928#28,28.88,-174870621#2,skip,disabled_by_single_terminal_experiment,,
b0_valid_18route_ER_ACC_009_PT_004,PT_004,13732389937,24.0,ER_ACC_009,emergency_ER_ACC_009_PT_004,joinedS_4276255150_4276255151_4276255152_cluster_4276255149_436839431,4276255150,-198564928#24,-198564928#23,28.406,-174870621#0,skip,disabled_by_single_terminal_experiment,,
b0_valid_18route_ER_ACC_009_PT_005,PT_005,13732389938,1.0,ER_ACC_009,emergency_ER_ACC_009_PT_005,cluster_1326096615_3849700763,cluster_1326096615_3849700763,-381802847#2,-183272625#1,2.979,-381802881#2,skip,disabled_by_single_terminal_experiment,,
b0_valid_18route_ER_ACC_009_PT_005,PT_005,13732389938,2.0,ER_ACC_009,emergency_ER_ACC_009_PT_005,cluster_3846534041_436877431,cluster_3846534041_436877431,180368918#3,180368918#5,21.224,-381802881#2,skip,disabled_by_single_terminal_experiment,,
b0_valid_18route_ER_ACC_009_PT_005,PT_005,13732389938,19.0,ER_ACC_009,emergency_ER_ACC_009_PT_005,joinedS_4273893706_4273893707_7335400058_cluster_13348213189_13348213190_13348213191,cluster_13348213189_13348213190_13348213191,-1455512070,1455512071,29.158,-174870621#2,skip,disabled_by_single_terminal_experiment,,
b0_valid_18route_ER_ACC_009_PT_005,PT_005,13732389938,21.0,ER_ACC_009,emergency_ER_ACC_009_PT_005,cluster_13348293702_13348293703_414685829,cluster_13348293702_13348293703_414685829,1455518728,-198564928#28,28.88,-174870621#2,skip,disabled_by_single_terminal_experiment,,
b0_valid_18route_ER_ACC_009_PT_005,PT_005,13732389938,24.0,ER_ACC_009,emergency_ER_ACC_009_PT_005,joinedS_4276255150_4276255151_4276255152_cluster_4276255149_436839431,4276255150,-198564928#24,-198564928#23,28.406,-174870621#0,skip,disabled_by_single_terminal_experiment,,
b0_valid_18route_ER_ACC_009_PT_006,PT_006,4202879197,1.0,ER_ACC_009,emergency_ER_ACC_009_PT_006,cluster_1326096615_3849700763,cluster_1326096615_3849700763,-381802847#2,-183272625#1,2.979,-381802881#2,skip,disabled_by_single_terminal_experiment,,
b0_valid_18route_ER_ACC_009_PT_006,PT_006,4202879197,2.0,ER_ACC_009,emergency_ER_ACC_009_PT_006,cluster_3846534041_436877431,cluster_3846534041_436877431,180368918#3,180368918#5,21.224,-381802881#2,skip,disabled_by_single_terminal_experiment,,
b0_valid_18route_ER_ACC_009_PT_006,PT_006,4202879197,19.0,ER_ACC_009,emergency_ER_ACC_009_PT_006,joinedS_4273893706_4273893707_7335400058_cluster_13348213189_13348213190_13348213191,cluster_13348213189_13348213190_13348213191,-1455512070,1455512071,29.158,-174870621#2,skip,disabled_by_single_terminal_experiment,,
b0_valid_18route_ER_ACC_009_PT_006,PT_006,4202879197,21.0,ER_ACC_009,emergency_ER_ACC_009_PT_006,cluster_13348293702_13348293703_414685829,cluster_13348293702_13348293703_414685829,1455518728,-198564928#28,28.88,-174870621#2,skip,disabled_by_single_terminal_experiment,,
b0_valid_18route_ER_ACC_009_PT_006,PT_006,4202879197,24.0,ER_ACC_009,emergency_ER_ACC_009_PT_006,joinedS_4276255150_4276255151_4276255152_cluster_4276255149_436839431,4276255150,-198564928#24,-198564928#23,28.406,-174870621#0,skip,disabled_by_single_terminal_experiment,,
b0_valid_18route_ER_ACC_009_PT_007,PT_007,436870729,1.0,ER_ACC_009,emergency_ER_ACC_009_PT_007,cluster_1326096615_3849700763,cluster_1326096615_3849700763,-381802847#2,-183272625#1,2.979,-381802881#2,skip,disabled_by_single_terminal_experiment,,
b0_valid_18route_ER_ACC_009_PT_007,PT_007,436870729,2.0,ER_ACC_009,emergency_ER_ACC_009_PT_007,cluster_3846534041_436877431,cluster_3846534041_436877431,180368918#3,180368918#5,21.224,-381802881#2,skip,disabled_by_single_terminal_experiment,,
b0_valid_18route_ER_ACC_009_PT_007,PT_007,436870729,19.0,ER_ACC_009,emergency_ER_ACC_009_PT_007,joinedS_4273893706_4273893707_7335400058_cluster_13348213189_13348213190_13348213191,cluster_13348213189_13348213190_13348213191,-1455512070,1455512071,29.158,-174870621#2,skip,disabled_by_single_terminal_experiment,,
b0_valid_18route_ER_ACC_009_PT_007,PT_007,436870729,21.0,ER_ACC_009,emergency_ER_ACC_009_PT_007,cluster_13348293702_13348293703_414685829,cluster_13348293702_13348293703_414685829,1455518728,-198564928#28,28.88,-174870621#2,skip,disabled_by_single_terminal_experiment,,
b0_valid_18route_ER_ACC_009_PT_007,PT_007,436870729,24.0,ER_ACC_009,emergency_ER_ACC_009_PT_007,joinedS_4276255150_4276255151_4276255152_cluster_4276255149_436839431,4276255150,-198564928#24,-198564928#23,28.406,-174870621#0,skip,disabled_by_single_terminal_experiment,,
b0_valid_18route_ER_ACC_009_PT_008,PT_008,7311080426,1.0,ER_ACC_009,emergency_ER_ACC_009_PT_008,cluster_1326096615_3849700763,cluster_1326096615_3849700763,-381802847#2,-183272625#1,2.979,-381802881#2,skip,disabled_by_single_terminal_experiment,,
b0_valid_18route_ER_ACC_009_PT_008,PT_008,7311080426,2.0,ER_ACC_009,emergency_ER_ACC_009_PT_008,cluster_3846534041_436877431,cluster_3846534041_436877431,180368918#3,180368918#5,21.224,-381802881#2,skip,disabled_by_single_terminal_experiment,,
b0_valid_18route_ER_ACC_009_PT_008,PT_008,7311080426,19.0,ER_ACC_009,emergency_ER_ACC_009_PT_008,joinedS_4273893706_4273893707_7335400058_cluster_13348213189_13348213190_13348213191,cluster_13348213189_13348213190_13348213191,-1455512070,1455512071,29.158,-174870621#2,skip,disabled_by_single_terminal_experiment,,
b0_valid_18route_ER_ACC_009_PT_008,PT_008,7311080426,21.0,ER_ACC_009,emergency_ER_ACC_009_PT_008,cluster_13348293702_13348293703_414685829,cluster_13348293702_13348293703_414685829,1455518728,-198564928#28,28.88,-174870621#2,skip,disabled_by_single_terminal_experiment,,
b0_valid_18route_ER_ACC_009_PT_008,PT_008,7311080426,24.0,ER_ACC_009,emergency_ER_ACC_009_PT_008,joinedS_4276255150_4276255151_4276255152_cluster_4276255149_436839431,4276255150,-198564928#24,-198564928#23,28.406,-174870621#0,skip,disabled_by_single_terminal_experiment,,
b0_valid_18route_ER_ACC_009_PT_009,PT_009,7335400049,1.0,ER_ACC_009,emergency_ER_ACC_009_PT_009,cluster_1326096615_3849700763,cluster_1326096615_3849700763,-381802847#2,-183272625#1,2.979,-381802881#2,skip,disabled_by_single_terminal_experiment,,
b0_valid_18route_ER_ACC_009_PT_009,PT_009,7335400049,2.0,ER_ACC_009,emergency_ER_ACC_009_PT_009,cluster_3846534041_436877431,cluster_3846534041_436877431,180368918#3,180368918#5,21.224,-381802881#2,skip,disabled_by_single_terminal_experiment,,
b0_valid_18route_ER_ACC_009_PT_009,PT_009,7335400049,19.0,ER_ACC_009,emergency_ER_ACC_009_PT_009,joinedS_4273893706_4273893707_7335400058_cluster_13348213189_13348213190_13348213191,cluster_13348213189_13348213190_13348213191,-1455512070,1455512071,29.158,-174870621#2,skip,disabled_by_single_terminal_experiment,,
b0_valid_18route_ER_ACC_009_PT_009,PT_009,7335400049,21.0,ER_ACC_009,emergency_ER_ACC_009_PT_009,cluster_13348293702_13348293703_414685829,cluster_13348293702_13348293703_414685829,1455518728,-198564928#28,28.88,-174870621#2,skip,disabled_by_single_terminal_experiment,,
b0_valid_18route_ER_ACC_009_PT_009,PT_009,7335400049,24.0,ER_ACC_009,emergency_ER_ACC_009_PT_009,joinedS_4276255150_4276255151_4276255152_cluster_4276255149_436839431,4276255150,-198564928#24,-198564928#23,28.406,-174870621#0,skip,disabled_by_single_terminal_experiment,,
b0_valid_18route_ER_ACC_009_PT_010,PT_010,cluster_11203041632_11203041633_11203041634_11203041635_#5more,1.0,ER_ACC_009,emergency_ER_ACC_009_PT_010,cluster_1326096615_3849700763,cluster_1326096615_3849700763,-381802847#2,-183272625#1,2.979,-381802881#2,skip,disabled_by_single_terminal_experiment,,
b0_valid_18route_ER_ACC_009_PT_010,PT_010,cluster_11203041632_11203041633_11203041634_11203041635_#5more,2.0,ER_ACC_009,emergency_ER_ACC_009_PT_010,cluster_3846534041_436877431,cluster_3846534041_436877431,180368918#3,180368918#5,21.224,-381802881#2,skip,disabled_by_single_terminal_experiment,,
b0_valid_18route_ER_ACC_009_PT_010,PT_010,cluster_11203041632_11203041633_11203041634_11203041635_#5more,19.0,ER_ACC_009,emergency_ER_ACC_009_PT_010,joinedS_4273893706_4273893707_7335400058_cluster_13348213189_13348213190_13348213191,cluster_13348213189_13348213190_13348213191,-1455512070,1455512071,29.158,-174870621#2,skip,disabled_by_single_terminal_experiment,,
b0_valid_18route_ER_ACC_009_PT_010,PT_010,cluster_11203041632_11203041633_11203041634_11203041635_#5more,21.0,ER_ACC_009,emergency_ER_ACC_009_PT_010,cluster_13348293702_13348293703_414685829,cluster_13348293702_13348293703_414685829,1455518728,-198564928#28,28.88,-174870621#2,skip,disabled_by_single_terminal_experiment,,
b0_valid_18route_ER_ACC_009_PT_010,PT_010,cluster_11203041632_11203041633_11203041634_11203041635_#5more,24.0,ER_ACC_009,emergency_ER_ACC_009_PT_010,joinedS_4276255150_4276255151_4276255152_cluster_4276255149_436839431,4276255150,-198564928#24,-198564928#23,28.406,-174870621#0,skip,disabled_by_single_terminal_experiment,,
b0_valid_18route_ER_ACC_009_PT_011,PT_011,cluster_11277565408_11277565409_414685823_5851251280,1.0,ER_ACC_009,emergency_ER_ACC_009_PT_011,cluster_1326096615_3849700763,cluster_1326096615_3849700763,-381802847#2,-183272625#1,2.979,-381802881#2,skip,disabled_by_single_terminal_experiment,,
b0_valid_18route_ER_ACC_009_PT_011,PT_011,cluster_11277565408_11277565409_414685823_5851251280,2.0,ER_ACC_009,emergency_ER_ACC_009_PT_011,cluster_3846534041_436877431,cluster_3846534041_436877431,180368918#3,180368918#5,21.224,-381802881#2,skip,disabled_by_single_terminal_experiment,,
b0_valid_18route_ER_ACC_009_PT_011,PT_011,cluster_11277565408_11277565409_414685823_5851251280,19.0,ER_ACC_009,emergency_ER_ACC_009_PT_011,joinedS_4273893706_4273893707_7335400058_cluster_13348213189_13348213190_13348213191,cluster_13348213189_13348213190_13348213191,-1455512070,1455512071,29.158,-174870621#2,skip,disabled_by_single_terminal_experiment,,
b0_valid_18route_ER_ACC_009_PT_011,PT_011,cluster_11277565408_11277565409_414685823_5851251280,21.0,ER_ACC_009,emergency_ER_ACC_009_PT_011,cluster_13348293702_13348293703_414685829,cluster_13348293702_13348293703_414685829,1455518728,-198564928#28,28.88,-174870621#2,skip,disabled_by_single_terminal_experiment,,
b0_valid_18route_ER_ACC_009_PT_011,PT_011,cluster_11277565408_11277565409_414685823_5851251280,24.0,ER_ACC_009,emergency_ER_ACC_009_PT_011,joinedS_4276255150_4276255151_4276255152_cluster_4276255149_436839431,4276255150,-198564928#24,-198564928#23,28.406,-174870621#0,skip,disabled_by_single_terminal_experiment,,
b0_valid_18route_ER_ACC_009_PT_012,PT_012,cluster_12785870414_3337522189,1.0,ER_ACC_009,emergency_ER_ACC_009_PT_012,cluster_1326096615_3849700763,cluster_1326096615_3849700763,-381802847#2,-183272625#1,2.979,-381802881#2,skip,disabled_by_single_terminal_experiment,,
b0_valid_18route_ER_ACC_009_PT_012,PT_012,cluster_12785870414_3337522189,2.0,ER_ACC_009,emergency_ER_ACC_009_PT_012,cluster_3846534041_436877431,cluster_3846534041_436877431,180368918#3,180368918#5,21.224,-381802881#2,skip,disabled_by_single_terminal_experiment,,
b0_valid_18route_ER_ACC_009_PT_012,PT_012,cluster_12785870414_3337522189,19.0,ER_ACC_009,emergency_ER_ACC_009_PT_012,joinedS_4273893706_4273893707_7335400058_cluster_13348213189_13348213190_13348213191,cluster_13348213189_13348213190_13348213191,-1455512070,1455512071,29.158,-174870621#2,skip,disabled_by_single_terminal_experiment,,
b0_valid_18route_ER_ACC_009_PT_012,PT_012,cluster_12785870414_3337522189,21.0,ER_ACC_009,emergency_ER_ACC_009_PT_012,cluster_13348293702_13348293703_414685829,cluster_13348293702_13348293703_414685829,1455518728,-198564928#28,28.88,-174870621#2,skip,disabled_by_single_terminal_experiment,,
b0_valid_18route_ER_ACC_009_PT_012,PT_012,cluster_12785870414_3337522189,24.0,ER_ACC_009,emergency_ER_ACC_009_PT_012,joinedS_4276255150_4276255151_4276255152_cluster_4276255149_436839431,4276255150,-198564928#24,-198564928#23,28.406,-174870621#0,skip,disabled_by_single_terminal_experiment,,
b0_valid_18route_ER_ACC_009_PT_013,PT_013,cluster_1326096615_3849700763,1.0,ER_ACC_009,emergency_ER_ACC_009_PT_013,cluster_1326096615_3849700763,cluster_1326096615_3849700763,-381802847#2,-183272625#1,2.979,-381802881#2,skip,safe_green_not_current_or_next_phase,0,2
b0_valid_18route_ER_ACC_009_PT_013,PT_013,cluster_1326096615_3849700763,2.0,ER_ACC_009,emergency_ER_ACC_009_PT_013,cluster_3846534041_436877431,cluster_3846534041_436877431,180368918#3,180368918#5,21.224,-381802881#2,skip,disabled_by_single_terminal_experiment,,
b0_valid_18route_ER_ACC_009_PT_013,PT_013,cluster_1326096615_3849700763,19.0,ER_ACC_009,emergency_ER_ACC_009_PT_013,joinedS_4273893706_4273893707_7335400058_cluster_13348213189_13348213190_13348213191,cluster_13348213189_13348213190_13348213191,-1455512070,1455512071,29.158,-174870621#2,skip,disabled_by_single_terminal_experiment,,
b0_valid_18route_ER_ACC_009_PT_013,PT_013,cluster_1326096615_3849700763,21.0,ER_ACC_009,emergency_ER_ACC_009_PT_013,cluster_13348293702_13348293703_414685829,cluster_13348293702_13348293703_414685829,1455518728,-198564928#28,28.88,-174870621#2,skip,disabled_by_single_terminal_experiment,,
b0_valid_18route_ER_ACC_009_PT_013,PT_013,cluster_1326096615_3849700763,24.0,ER_ACC_009,emergency_ER_ACC_009_PT_013,joinedS_4276255150_4276255151_4276255152_cluster_4276255149_436839431,4276255150,-198564928#24,-198564928#23,28.406,-174870621#0,skip,disabled_by_single_terminal_experiment,,
b0_valid_18route_ER_ACC_009_PT_014,PT_014,cluster_13348293702_13348293703_414685829,1.0,ER_ACC_009,emergency_ER_ACC_009_PT_014,cluster_1326096615_3849700763,cluster_1326096615_3849700763,-381802847#2,-183272625#1,2.979,-381802881#2,skip,disabled_by_single_terminal_experiment,,
b0_valid_18route_ER_ACC_009_PT_014,PT_014,cluster_13348293702_13348293703_414685829,2.0,ER_ACC_009,emergency_ER_ACC_009_PT_014,cluster_3846534041_436877431,cluster_3846534041_436877431,180368918#3,180368918#5,21.224,-381802881#2,skip,disabled_by_single_terminal_experiment,,
b0_valid_18route_ER_ACC_009_PT_014,PT_014,cluster_13348293702_13348293703_414685829,19.0,ER_ACC_009,emergency_ER_ACC_009_PT_014,joinedS_4273893706_4273893707_7335400058_cluster_13348213189_13348213190_13348213191,cluster_13348213189_13348213190_13348213191,-1455512070,1455512071,29.158,-174870621#2,skip,disabled_by_single_terminal_experiment,,
b0_valid_18route_ER_ACC_009_PT_014,PT_014,cluster_13348293702_13348293703_414685829,21.0,ER_ACC_009,emergency_ER_ACC_009_PT_014,cluster_13348293702_13348293703_414685829,cluster_13348293702_13348293703_414685829,1455518728,-198564928#28,28.88,-174870621#2,extend_green,current_phase_already_green,0,
b0_valid_18route_ER_ACC_009_PT_014,PT_014,cluster_13348293702_13348293703_414685829,24.0,ER_ACC_009,emergency_ER_ACC_009_PT_014,joinedS_4276255150_4276255151_4276255152_cluster_4276255149_436839431,4276255150,-198564928#24,-198564928#23,28.406,-174870621#0,skip,disabled_by_single_terminal_experiment,,
b0_valid_18route_ER_ACC_009_PT_015,PT_015,cluster_3846534041_436877431,1.0,ER_ACC_009,emergency_ER_ACC_009_PT_015,cluster_1326096615_3849700763,cluster_1326096615_3849700763,-381802847#2,-183272625#1,2.979,-381802881#2,skip,disabled_by_single_terminal_experiment,,
b0_valid_18route_ER_ACC_009_PT_015,PT_015,cluster_3846534041_436877431,2.0,ER_ACC_009,emergency_ER_ACC_009_PT_015,cluster_3846534041_436877431,cluster_3846534041_436877431,180368918#3,180368918#5,21.224,-381802881#2,extend_green,current_phase_already_green,0,
b0_valid_18route_ER_ACC_009_PT_015,PT_015,cluster_3846534041_436877431,19.0,ER_ACC_009,emergency_ER_ACC_009_PT_015,joinedS_4273893706_4273893707_7335400058_cluster_13348213189_13348213190_13348213191,cluster_13348213189_13348213190_13348213191,-1455512070,1455512071,29.158,-174870621#2,skip,disabled_by_single_terminal_experiment,,
b0_valid_18route_ER_ACC_009_PT_015,PT_015,cluster_3846534041_436877431,21.0,ER_ACC_009,emergency_ER_ACC_009_PT_015,cluster_13348293702_13348293703_414685829,cluster_13348293702_13348293703_414685829,1455518728,-198564928#28,28.88,-174870621#2,skip,disabled_by_single_terminal_experiment,,
b0_valid_18route_ER_ACC_009_PT_015,PT_015,cluster_3846534041_436877431,24.0,ER_ACC_009,emergency_ER_ACC_009_PT_015,joinedS_4276255150_4276255151_4276255152_cluster_4276255149_436839431,4276255150,-198564928#24,-198564928#23,28.406,-174870621#0,skip,disabled_by_single_terminal_experiment,,
b0_valid_18route_ER_ACC_009_PT_016,PT_016,joinedS_11139302899_11139302904_11178710208_cluster_11139302901_5593950669_5593950674,1.0,ER_ACC_009,emergency_ER_ACC_009_PT_016,cluster_1326096615_3849700763,cluster_1326096615_3849700763,-381802847#2,-183272625#1,2.979,-381802881#2,skip,disabled_by_single_terminal_experiment,,
b0_valid_18route_ER_ACC_009_PT_016,PT_016,joinedS_11139302899_11139302904_11178710208_cluster_11139302901_5593950669_5593950674,2.0,ER_ACC_009,emergency_ER_ACC_009_PT_016,cluster_3846534041_436877431,cluster_3846534041_436877431,180368918#3,180368918#5,21.224,-381802881#2,skip,disabled_by_single_terminal_experiment,,
b0_valid_18route_ER_ACC_009_PT_016,PT_016,joinedS_11139302899_11139302904_11178710208_cluster_11139302901_5593950669_5593950674,19.0,ER_ACC_009,emergency_ER_ACC_009_PT_016,joinedS_4273893706_4273893707_7335400058_cluster_13348213189_13348213190_13348213191,cluster_13348213189_13348213190_13348213191,-1455512070,1455512071,29.158,-174870621#2,skip,disabled_by_single_terminal_experiment,,
b0_valid_18route_ER_ACC_009_PT_016,PT_016,joinedS_11139302899_11139302904_11178710208_cluster_11139302901_5593950669_5593950674,21.0,ER_ACC_009,emergency_ER_ACC_009_PT_016,cluster_13348293702_13348293703_414685829,cluster_13348293702_13348293703_414685829,1455518728,-198564928#28,28.88,-174870621#2,skip,disabled_by_single_terminal_experiment,,
b0_valid_18route_ER_ACC_009_PT_016,PT_016,joinedS_11139302899_11139302904_11178710208_cluster_11139302901_5593950669_5593950674,24.0,ER_ACC_009,emergency_ER_ACC_009_PT_016,joinedS_4276255150_4276255151_4276255152_cluster_4276255149_436839431,4276255150,-198564928#24,-198564928#23,28.406,-174870621#0,skip,disabled_by_single_terminal_experiment,,
b0_valid_18route_ER_ACC_009_PT_017,PT_017,joinedS_11203001806_11203001814_13721232731_5851251250_#6more,1.0,ER_ACC_009,emergency_ER_ACC_009_PT_017,cluster_1326096615_3849700763,cluster_1326096615_3849700763,-381802847#2,-183272625#1,2.979,-381802881#2,skip,disabled_by_single_terminal_experiment,,
b0_valid_18route_ER_ACC_009_PT_017,PT_017,joinedS_11203001806_11203001814_13721232731_5851251250_#6more,2.0,ER_ACC_009,emergency_ER_ACC_009_PT_017,cluster_3846534041_436877431,cluster_3846534041_436877431,180368918#3,180368918#5,21.224,-381802881#2,skip,disabled_by_single_terminal_experiment,,
b0_valid_18route_ER_ACC_009_PT_017,PT_017,joinedS_11203001806_11203001814_13721232731_5851251250_#6more,19.0,ER_ACC_009,emergency_ER_ACC_009_PT_017,joinedS_4273893706_4273893707_7335400058_cluster_13348213189_13348213190_13348213191,cluster_13348213189_13348213190_13348213191,-1455512070,1455512071,29.158,-174870621#2,skip,disabled_by_single_terminal_experiment,,
b0_valid_18route_ER_ACC_009_PT_017,PT_017,joinedS_11203001806_11203001814_13721232731_5851251250_#6more,21.0,ER_ACC_009,emergency_ER_ACC_009_PT_017,cluster_13348293702_13348293703_414685829,cluster_13348293702_13348293703_414685829,1455518728,-198564928#28,28.88,-174870621#2,skip,disabled_by_single_terminal_experiment,,
b0_valid_18route_ER_ACC_009_PT_017,PT_017,joinedS_11203001806_11203001814_13721232731_5851251250_#6more,24.0,ER_ACC_009,emergency_ER_ACC_009_PT_017,joinedS_4276255150_4276255151_4276255152_cluster_4276255149_436839431,4276255150,-198564928#24,-198564928#23,28.406,-174870621#0,skip,disabled_by_single_terminal_experiment,,
b0_valid_18route_ER_ACC_009_PT_018,PT_018,joinedS_11203052957_cluster_11203052955_11203052956_11203052960_11203052961_#11more,1.0,ER_ACC_009,emergency_ER_ACC_009_PT_018,cluster_1326096615_3849700763,cluster_1326096615_3849700763,-381802847#2,-183272625#1,2.979,-381802881#2,skip,disabled_by_single_terminal_experiment,,
b0_valid_18route_ER_ACC_009_PT_018,PT_018,joinedS_11203052957_cluster_11203052955_11203052956_11203052960_11203052961_#11more,2.0,ER_ACC_009,emergency_ER_ACC_009_PT_018,cluster_3846534041_436877431,cluster_3846534041_436877431,180368918#3,180368918#5,21.224,-381802881#2,skip,disabled_by_single_terminal_experiment,,
b0_valid_18route_ER_ACC_009_PT_018,PT_018,joinedS_11203052957_cluster_11203052955_11203052956_11203052960_11203052961_#11more,19.0,ER_ACC_009,emergency_ER_ACC_009_PT_018,joinedS_4273893706_4273893707_7335400058_cluster_13348213189_13348213190_13348213191,cluster_13348213189_13348213190_13348213191,-1455512070,1455512071,29.158,-174870621#2,skip,disabled_by_single_terminal_experiment,,
b0_valid_18route_ER_ACC_009_PT_018,PT_018,joinedS_11203052957_cluster_11203052955_11203052956_11203052960_11203052961_#11more,21.0,ER_ACC_009,emergency_ER_ACC_009_PT_018,cluster_13348293702_13348293703_414685829,cluster_13348293702_13348293703_414685829,1455518728,-198564928#28,28.88,-174870621#2,skip,disabled_by_single_terminal_experiment,,
b0_valid_18route_ER_ACC_009_PT_018,PT_018,joinedS_11203052957_cluster_11203052955_11203052956_11203052960_11203052961_#11more,24.0,ER_ACC_009,emergency_ER_ACC_009_PT_018,joinedS_4276255150_4276255151_4276255152_cluster_4276255149_436839431,4276255150,-198564928#24,-198564928#23,28.406,-174870621#0,skip,disabled_by_single_terminal_experiment,,
b0_valid_18route_ER_ACC_009_PT_019,PT_019,joinedS_4273893706_4273893707_7335400058_cluster_13348213189_13348213190_13348213191,1.0,ER_ACC_009,emergency_ER_ACC_009_PT_019,cluster_1326096615_3849700763,cluster_1326096615_3849700763,-381802847#2,-183272625#1,2.979,-381802881#2,skip,disabled_by_single_terminal_experiment,,
b0_valid_18route_ER_ACC_009_PT_019,PT_019,joinedS_4273893706_4273893707_7335400058_cluster_13348213189_13348213190_13348213191,2.0,ER_ACC_009,emergency_ER_ACC_009_PT_019,cluster_3846534041_436877431,cluster_3846534041_436877431,180368918#3,180368918#5,21.224,-381802881#2,skip,disabled_by_single_terminal_experiment,,
b0_valid_18route_ER_ACC_009_PT_019,PT_019,joinedS_4273893706_4273893707_7335400058_cluster_13348213189_13348213190_13348213191,19.0,ER_ACC_009,emergency_ER_ACC_009_PT_019,joinedS_4273893706_4273893707_7335400058_cluster_13348213189_13348213190_13348213191,cluster_13348213189_13348213190_13348213191,-1455512070,1455512071,29.158,-174870621#2,extend_green,current_phase_already_green,0,
b0_valid_18route_ER_ACC_009_PT_019,PT_019,joinedS_4273893706_4273893707_7335400058_cluster_13348213189_13348213190_13348213191,21.0,ER_ACC_009,emergency_ER_ACC_009_PT_019,cluster_13348293702_13348293703_414685829,cluster_13348293702_13348293703_414685829,1455518728,-198564928#28,28.88,-174870621#2,skip,disabled_by_single_terminal_experiment,,
b0_valid_18route_ER_ACC_009_PT_019,PT_019,joinedS_4273893706_4273893707_7335400058_cluster_13348213189_13348213190_13348213191,24.0,ER_ACC_009,emergency_ER_ACC_009_PT_019,joinedS_4276255150_4276255151_4276255152_cluster_4276255149_436839431,4276255150,-198564928#24,-198564928#23,28.406,-174870621#0,skip,disabled_by_single_terminal_experiment,,
b0_valid_18route_ER_ACC_009_PT_020,PT_020,joinedS_4276255150_4276255151_4276255152_cluster_4276255149_436839431,1.0,ER_ACC_009,emergency_ER_ACC_009_PT_020,cluster_1326096615_3849700763,cluster_1326096615_3849700763,-381802847#2,-183272625#1,2.979,-381802881#2,skip,disabled_by_single_terminal_experiment,,
b0_valid_18route_ER_ACC_009_PT_020,PT_020,joinedS_4276255150_4276255151_4276255152_cluster_4276255149_436839431,2.0,ER_ACC_009,emergency_ER_ACC_009_PT_020,cluster_3846534041_436877431,cluster_3846534041_436877431,180368918#3,180368918#5,21.224,-381802881#2,skip,disabled_by_single_terminal_experiment,,
b0_valid_18route_ER_ACC_009_PT_020,PT_020,joinedS_4276255150_4276255151_4276255152_cluster_4276255149_436839431,19.0,ER_ACC_009,emergency_ER_ACC_009_PT_020,joinedS_4273893706_4273893707_7335400058_cluster_13348213189_13348213190_13348213191,cluster_13348213189_13348213190_13348213191,-1455512070,1455512071,29.158,-174870621#2,skip,disabled_by_single_terminal_experiment,,
b0_valid_18route_ER_ACC_009_PT_020,PT_020,joinedS_4276255150_4276255151_4276255152_cluster_4276255149_436839431,21.0,ER_ACC_009,emergency_ER_ACC_009_PT_020,cluster_13348293702_13348293703_414685829,cluster_13348293702_13348293703_414685829,1455518728,-198564928#28,28.88,-174870621#2,skip,disabled_by_single_terminal_experiment,,
b0_valid_18route_ER_ACC_009_PT_020,PT_020,joinedS_4276255150_4276255151_4276255152_cluster_4276255149_436839431,24.0,ER_ACC_009,emergency_ER_ACC_009_PT_020,joinedS_4276255150_4276255151_4276255152_cluster_4276255149_436839431,4276255150,-198564928#24,-198564928#23,28.406,-174870621#0,extend_green,current_phase_already_green,0,
b0_valid_18route_ER_ACC_010_PT_001,PT_001,11203059756,1.0,ER_ACC_010,emergency_ER_ACC_010_PT_001,cluster_1326096615_3849700763,cluster_1326096615_3849700763,-381802847#2,-183272625#1,2.979,-381802881#2,skip,disabled_by_single_terminal_experiment,,
b0_valid_18route_ER_ACC_010_PT_001,PT_001,11203059756,2.0,ER_ACC_010,emergency_ER_ACC_010_PT_001,cluster_3846534041_436877431,cluster_3846534041_436877431,180368918#3,180368918#5,21.224,-381802881#2,skip,disabled_by_single_terminal_experiment,,
b0_valid_18route_ER_ACC_010_PT_001,PT_001,11203059756,19.0,ER_ACC_010,emergency_ER_ACC_010_PT_001,joinedS_4273893706_4273893707_7335400058_cluster_13348213189_13348213190_13348213191,cluster_13348213189_13348213190_13348213191,-1455512070,1455512071,29.158,-174870621#2,skip,disabled_by_single_terminal_experiment,,
b0_valid_18route_ER_ACC_010_PT_001,PT_001,11203059756,21.0,ER_ACC_010,emergency_ER_ACC_010_PT_001,cluster_13348293702_13348293703_414685829,cluster_13348293702_13348293703_414685829,1455518728,-198564928#28,28.88,-174870621#2,skip,disabled_by_single_terminal_experiment,,
b0_valid_18route_ER_ACC_010_PT_001,PT_001,11203059756,24.0,ER_ACC_010,emergency_ER_ACC_010_PT_001,4202879197,4202879197,-395564622#1,-395564622#0,29.709,-174870621#0,skip,disabled_by_single_terminal_experiment,,
b0_valid_18route_ER_ACC_010_PT_001,PT_001,11203059756,25.0,ER_ACC_010,emergency_ER_ACC_010_PT_001,cluster_12785870414_3337522189,cluster_12785870414_3337522189,-1456115806#0,1456115804#0,29.078,:cluster_10608000079_4202697453_0,skip,disabled_by_single_terminal_experiment,,
b0_valid_18route_ER_ACC_010_PT_002,PT_002,11346754524,1.0,ER_ACC_010,emergency_ER_ACC_010_PT_002,cluster_1326096615_3849700763,cluster_1326096615_3849700763,-381802847#2,-183272625#1,2.979,-381802881#2,skip,disabled_by_single_terminal_experiment,,
b0_valid_18route_ER_ACC_010_PT_002,PT_002,11346754524,2.0,ER_ACC_010,emergency_ER_ACC_010_PT_002,cluster_3846534041_436877431,cluster_3846534041_436877431,180368918#3,180368918#5,21.224,-381802881#2,skip,disabled_by_single_terminal_experiment,,
b0_valid_18route_ER_ACC_010_PT_002,PT_002,11346754524,19.0,ER_ACC_010,emergency_ER_ACC_010_PT_002,joinedS_4273893706_4273893707_7335400058_cluster_13348213189_13348213190_13348213191,cluster_13348213189_13348213190_13348213191,-1455512070,1455512071,29.158,-174870621#2,skip,disabled_by_single_terminal_experiment,,
b0_valid_18route_ER_ACC_010_PT_002,PT_002,11346754524,21.0,ER_ACC_010,emergency_ER_ACC_010_PT_002,cluster_13348293702_13348293703_414685829,cluster_13348293702_13348293703_414685829,1455518728,-198564928#28,28.88,-174870621#2,skip,disabled_by_single_terminal_experiment,,
b0_valid_18route_ER_ACC_010_PT_002,PT_002,11346754524,24.0,ER_ACC_010,emergency_ER_ACC_010_PT_002,4202879197,4202879197,-395564622#1,-395564622#0,29.709,-174870621#0,skip,disabled_by_single_terminal_experiment,,
b0_valid_18route_ER_ACC_010_PT_002,PT_002,11346754524,25.0,ER_ACC_010,emergency_ER_ACC_010_PT_002,cluster_12785870414_3337522189,cluster_12785870414_3337522189,-1456115806#0,1456115804#0,29.078,:cluster_10608000079_4202697453_0,skip,disabled_by_single_terminal_experiment,,
b0_valid_18route_ER_ACC_010_PT_003,PT_003,11346754525,1.0,ER_ACC_010,emergency_ER_ACC_010_PT_003,cluster_1326096615_3849700763,cluster_1326096615_3849700763,-381802847#2,-183272625#1,2.979,-381802881#2,skip,disabled_by_single_terminal_experiment,,
b0_valid_18route_ER_ACC_010_PT_003,PT_003,11346754525,2.0,ER_ACC_010,emergency_ER_ACC_010_PT_003,cluster_3846534041_436877431,cluster_3846534041_436877431,180368918#3,180368918#5,21.224,-381802881#2,skip,disabled_by_single_terminal_experiment,,
b0_valid_18route_ER_ACC_010_PT_003,PT_003,11346754525,19.0,ER_ACC_010,emergency_ER_ACC_010_PT_003,joinedS_4273893706_4273893707_7335400058_cluster_13348213189_13348213190_13348213191,cluster_13348213189_13348213190_13348213191,-1455512070,1455512071,29.158,-174870621#2,skip,disabled_by_single_terminal_experiment,,
b0_valid_18route_ER_ACC_010_PT_003,PT_003,11346754525,21.0,ER_ACC_010,emergency_ER_ACC_010_PT_003,cluster_13348293702_13348293703_414685829,cluster_13348293702_13348293703_414685829,1455518728,-198564928#28,28.88,-174870621#2,skip,disabled_by_single_terminal_experiment,,
b0_valid_18route_ER_ACC_010_PT_003,PT_003,11346754525,24.0,ER_ACC_010,emergency_ER_ACC_010_PT_003,4202879197,4202879197,-395564622#1,-395564622#0,29.709,-174870621#0,skip,disabled_by_single_terminal_experiment,,
b0_valid_18route_ER_ACC_010_PT_003,PT_003,11346754525,25.0,ER_ACC_010,emergency_ER_ACC_010_PT_003,cluster_12785870414_3337522189,cluster_12785870414_3337522189,-1456115806#0,1456115804#0,29.078,:cluster_10608000079_4202697453_0,skip,disabled_by_single_terminal_experiment,,
b0_valid_18route_ER_ACC_010_PT_004,PT_004,13732389937,1.0,ER_ACC_010,emergency_ER_ACC_010_PT_004,cluster_1326096615_3849700763,cluster_1326096615_3849700763,-381802847#2,-183272625#1,2.979,-381802881#2,skip,disabled_by_single_terminal_experiment,,
b0_valid_18route_ER_ACC_010_PT_004,PT_004,13732389937,2.0,ER_ACC_010,emergency_ER_ACC_010_PT_004,cluster_3846534041_436877431,cluster_3846534041_436877431,180368918#3,180368918#5,21.224,-381802881#2,skip,disabled_by_single_terminal_experiment,,
b0_valid_18route_ER_ACC_010_PT_004,PT_004,13732389937,19.0,ER_ACC_010,emergency_ER_ACC_010_PT_004,joinedS_4273893706_4273893707_7335400058_cluster_13348213189_13348213190_13348213191,cluster_13348213189_13348213190_13348213191,-1455512070,1455512071,29.158,-174870621#2,skip,disabled_by_single_terminal_experiment,,
b0_valid_18route_ER_ACC_010_PT_004,PT_004,13732389937,21.0,ER_ACC_010,emergency_ER_ACC_010_PT_004,cluster_13348293702_13348293703_414685829,cluster_13348293702_13348293703_414685829,1455518728,-198564928#28,28.88,-174870621#2,skip,disabled_by_single_terminal_experiment,,
b0_valid_18route_ER_ACC_010_PT_004,PT_004,13732389937,24.0,ER_ACC_010,emergency_ER_ACC_010_PT_004,4202879197,4202879197,-395564622#1,-395564622#0,29.709,-174870621#0,skip,disabled_by_single_terminal_experiment,,
b0_valid_18route_ER_ACC_010_PT_004,PT_004,13732389937,25.0,ER_ACC_010,emergency_ER_ACC_010_PT_004,cluster_12785870414_3337522189,cluster_12785870414_3337522189,-1456115806#0,1456115804#0,29.078,:cluster_10608000079_4202697453_0,skip,disabled_by_single_terminal_experiment,,
b0_valid_18route_ER_ACC_010_PT_005,PT_005,13732389938,1.0,ER_ACC_010,emergency_ER_ACC_010_PT_005,cluster_1326096615_3849700763,cluster_1326096615_3849700763,-381802847#2,-183272625#1,2.979,-381802881#2,skip,disabled_by_single_terminal_experiment,,
b0_valid_18route_ER_ACC_010_PT_005,PT_005,13732389938,2.0,ER_ACC_010,emergency_ER_ACC_010_PT_005,cluster_3846534041_436877431,cluster_3846534041_436877431,180368918#3,180368918#5,21.224,-381802881#2,skip,disabled_by_single_terminal_experiment,,
b0_valid_18route_ER_ACC_010_PT_005,PT_005,13732389938,19.0,ER_ACC_010,emergency_ER_ACC_010_PT_005,joinedS_4273893706_4273893707_7335400058_cluster_13348213189_13348213190_13348213191,cluster_13348213189_13348213190_13348213191,-1455512070,1455512071,29.158,-174870621#2,skip,disabled_by_single_terminal_experiment,,
b0_valid_18route_ER_ACC_010_PT_005,PT_005,13732389938,21.0,ER_ACC_010,emergency_ER_ACC_010_PT_005,cluster_13348293702_13348293703_414685829,cluster_13348293702_13348293703_414685829,1455518728,-198564928#28,28.88,-174870621#2,skip,disabled_by_single_terminal_experiment,,
b0_valid_18route_ER_ACC_010_PT_005,PT_005,13732389938,24.0,ER_ACC_010,emergency_ER_ACC_010_PT_005,4202879197,4202879197,-395564622#1,-395564622#0,29.709,-174870621#0,skip,disabled_by_single_terminal_experiment,,
b0_valid_18route_ER_ACC_010_PT_005,PT_005,13732389938,25.0,ER_ACC_010,emergency_ER_ACC_010_PT_005,cluster_12785870414_3337522189,cluster_12785870414_3337522189,-1456115806#0,1456115804#0,29.078,:cluster_10608000079_4202697453_0,skip,disabled_by_single_terminal_experiment,,
b0_valid_18route_ER_ACC_010_PT_006,PT_006,4202879197,1.0,ER_ACC_010,emergency_ER_ACC_010_PT_006,cluster_1326096615_3849700763,cluster_1326096615_3849700763,-381802847#2,-183272625#1,2.979,-381802881#2,skip,disabled_by_single_terminal_experiment,,
b0_valid_18route_ER_ACC_010_PT_006,PT_006,4202879197,2.0,ER_ACC_010,emergency_ER_ACC_010_PT_006,cluster_3846534041_436877431,cluster_3846534041_436877431,180368918#3,180368918#5,21.224,-381802881#2,skip,disabled_by_single_terminal_experiment,,
b0_valid_18route_ER_ACC_010_PT_006,PT_006,4202879197,19.0,ER_ACC_010,emergency_ER_ACC_010_PT_006,joinedS_4273893706_4273893707_7335400058_cluster_13348213189_13348213190_13348213191,cluster_13348213189_13348213190_13348213191,-1455512070,1455512071,29.158,-174870621#2,skip,disabled_by_single_terminal_experiment,,
b0_valid_18route_ER_ACC_010_PT_006,PT_006,4202879197,21.0,ER_ACC_010,emergency_ER_ACC_010_PT_006,cluster_13348293702_13348293703_414685829,cluster_13348293702_13348293703_414685829,1455518728,-198564928#28,28.88,-174870621#2,skip,disabled_by_single_terminal_experiment,,
b0_valid_18route_ER_ACC_010_PT_006,PT_006,4202879197,24.0,ER_ACC_010,emergency_ER_ACC_010_PT_006,4202879197,4202879197,-395564622#1,-395564622#0,29.709,-174870621#0,skip,safe_green_not_current_or_next_phase,0,4
b0_valid_18route_ER_ACC_010_PT_006,PT_006,4202879197,25.0,ER_ACC_010,emergency_ER_ACC_010_PT_006,cluster_12785870414_3337522189,cluster_12785870414_3337522189,-1456115806#0,1456115804#0,29.078,:cluster_10608000079_4202697453_0,skip,disabled_by_single_terminal_experiment,,
b0_valid_18route_ER_ACC_010_PT_007,PT_007,436870729,1.0,ER_ACC_010,emergency_ER_ACC_010_PT_007,cluster_1326096615_3849700763,cluster_1326096615_3849700763,-381802847#2,-183272625#1,2.979,-381802881#2,skip,disabled_by_single_terminal_experiment,,
b0_valid_18route_ER_ACC_010_PT_007,PT_007,436870729,2.0,ER_ACC_010,emergency_ER_ACC_010_PT_007,cluster_3846534041_436877431,cluster_3846534041_436877431,180368918#3,180368918#5,21.224,-381802881#2,skip,disabled_by_single_terminal_experiment,,
b0_valid_18route_ER_ACC_010_PT_007,PT_007,436870729,19.0,ER_ACC_010,emergency_ER_ACC_010_PT_007,joinedS_4273893706_4273893707_7335400058_cluster_13348213189_13348213190_13348213191,cluster_13348213189_13348213190_13348213191,-1455512070,1455512071,29.158,-174870621#2,skip,disabled_by_single_terminal_experiment,,
b0_valid_18route_ER_ACC_010_PT_007,PT_007,436870729,21.0,ER_ACC_010,emergency_ER_ACC_010_PT_007,cluster_13348293702_13348293703_414685829,cluster_13348293702_13348293703_414685829,1455518728,-198564928#28,28.88,-174870621#2,skip,disabled_by_single_terminal_experiment,,
b0_valid_18route_ER_ACC_010_PT_007,PT_007,436870729,24.0,ER_ACC_010,emergency_ER_ACC_010_PT_007,4202879197,4202879197,-395564622#1,-395564622#0,29.709,-174870621#0,skip,disabled_by_single_terminal_experiment,,
b0_valid_18route_ER_ACC_010_PT_007,PT_007,436870729,25.0,ER_ACC_010,emergency_ER_ACC_010_PT_007,cluster_12785870414_3337522189,cluster_12785870414_3337522189,-1456115806#0,1456115804#0,29.078,:cluster_10608000079_4202697453_0,skip,disabled_by_single_terminal_experiment,,
b0_valid_18route_ER_ACC_010_PT_008,PT_008,7311080426,1.0,ER_ACC_010,emergency_ER_ACC_010_PT_008,cluster_1326096615_3849700763,cluster_1326096615_3849700763,-381802847#2,-183272625#1,2.979,-381802881#2,skip,disabled_by_single_terminal_experiment,,
b0_valid_18route_ER_ACC_010_PT_008,PT_008,7311080426,2.0,ER_ACC_010,emergency_ER_ACC_010_PT_008,cluster_3846534041_436877431,cluster_3846534041_436877431,180368918#3,180368918#5,21.224,-381802881#2,skip,disabled_by_single_terminal_experiment,,
b0_valid_18route_ER_ACC_010_PT_008,PT_008,7311080426,19.0,ER_ACC_010,emergency_ER_ACC_010_PT_008,joinedS_4273893706_4273893707_7335400058_cluster_13348213189_13348213190_13348213191,cluster_13348213189_13348213190_13348213191,-1455512070,1455512071,29.158,-174870621#2,skip,disabled_by_single_terminal_experiment,,
b0_valid_18route_ER_ACC_010_PT_008,PT_008,7311080426,21.0,ER_ACC_010,emergency_ER_ACC_010_PT_008,cluster_13348293702_13348293703_414685829,cluster_13348293702_13348293703_414685829,1455518728,-198564928#28,28.88,-174870621#2,skip,disabled_by_single_terminal_experiment,,
b0_valid_18route_ER_ACC_010_PT_008,PT_008,7311080426,24.0,ER_ACC_010,emergency_ER_ACC_010_PT_008,4202879197,4202879197,-395564622#1,-395564622#0,29.709,-174870621#0,skip,disabled_by_single_terminal_experiment,,
b0_valid_18route_ER_ACC_010_PT_008,PT_008,7311080426,25.0,ER_ACC_010,emergency_ER_ACC_010_PT_008,cluster_12785870414_3337522189,cluster_12785870414_3337522189,-1456115806#0,1456115804#0,29.078,:cluster_10608000079_4202697453_0,skip,disabled_by_single_terminal_experiment,,
b0_valid_18route_ER_ACC_010_PT_009,PT_009,7335400049,1.0,ER_ACC_010,emergency_ER_ACC_010_PT_009,cluster_1326096615_3849700763,cluster_1326096615_3849700763,-381802847#2,-183272625#1,2.979,-381802881#2,skip,disabled_by_single_terminal_experiment,,
b0_valid_18route_ER_ACC_010_PT_009,PT_009,7335400049,2.0,ER_ACC_010,emergency_ER_ACC_010_PT_009,cluster_3846534041_436877431,cluster_3846534041_436877431,180368918#3,180368918#5,21.224,-381802881#2,skip,disabled_by_single_terminal_experiment,,
b0_valid_18route_ER_ACC_010_PT_009,PT_009,7335400049,19.0,ER_ACC_010,emergency_ER_ACC_010_PT_009,joinedS_4273893706_4273893707_7335400058_cluster_13348213189_13348213190_13348213191,cluster_13348213189_13348213190_13348213191,-1455512070,1455512071,29.158,-174870621#2,skip,disabled_by_single_terminal_experiment,,
b0_valid_18route_ER_ACC_010_PT_009,PT_009,7335400049,21.0,ER_ACC_010,emergency_ER_ACC_010_PT_009,cluster_13348293702_13348293703_414685829,cluster_13348293702_13348293703_414685829,1455518728,-198564928#28,28.88,-174870621#2,skip,disabled_by_single_terminal_experiment,,
b0_valid_18route_ER_ACC_010_PT_009,PT_009,7335400049,24.0,ER_ACC_010,emergency_ER_ACC_010_PT_009,4202879197,4202879197,-395564622#1,-395564622#0,29.709,-174870621#0,skip,disabled_by_single_terminal_experiment,,
b0_valid_18route_ER_ACC_010_PT_009,PT_009,7335400049,25.0,ER_ACC_010,emergency_ER_ACC_010_PT_009,cluster_12785870414_3337522189,cluster_12785870414_3337522189,-1456115806#0,1456115804#0,29.078,:cluster_10608000079_4202697453_0,skip,disabled_by_single_terminal_experiment,,
b0_valid_18route_ER_ACC_010_PT_010,PT_010,cluster_11203041632_11203041633_11203041634_11203041635_#5more,1.0,ER_ACC_010,emergency_ER_ACC_010_PT_010,cluster_1326096615_3849700763,cluster_1326096615_3849700763,-381802847#2,-183272625#1,2.979,-381802881#2,skip,disabled_by_single_terminal_experiment,,
b0_valid_18route_ER_ACC_010_PT_010,PT_010,cluster_11203041632_11203041633_11203041634_11203041635_#5more,2.0,ER_ACC_010,emergency_ER_ACC_010_PT_010,cluster_3846534041_436877431,cluster_3846534041_436877431,180368918#3,180368918#5,21.224,-381802881#2,skip,disabled_by_single_terminal_experiment,,
b0_valid_18route_ER_ACC_010_PT_010,PT_010,cluster_11203041632_11203041633_11203041634_11203041635_#5more,19.0,ER_ACC_010,emergency_ER_ACC_010_PT_010,joinedS_4273893706_4273893707_7335400058_cluster_13348213189_13348213190_13348213191,cluster_13348213189_13348213190_13348213191,-1455512070,1455512071,29.158,-174870621#2,skip,disabled_by_single_terminal_experiment,,
b0_valid_18route_ER_ACC_010_PT_010,PT_010,cluster_11203041632_11203041633_11203041634_11203041635_#5more,21.0,ER_ACC_010,emergency_ER_ACC_010_PT_010,cluster_13348293702_13348293703_414685829,cluster_13348293702_13348293703_414685829,1455518728,-198564928#28,28.88,-174870621#2,skip,disabled_by_single_terminal_experiment,,
b0_valid_18route_ER_ACC_010_PT_010,PT_010,cluster_11203041632_11203041633_11203041634_11203041635_#5more,24.0,ER_ACC_010,emergency_ER_ACC_010_PT_010,4202879197,4202879197,-395564622#1,-395564622#0,29.709,-174870621#0,skip,disabled_by_single_terminal_experiment,,
b0_valid_18route_ER_ACC_010_PT_010,PT_010,cluster_11203041632_11203041633_11203041634_11203041635_#5more,25.0,ER_ACC_010,emergency_ER_ACC_010_PT_010,cluster_12785870414_3337522189,cluster_12785870414_3337522189,-1456115806#0,1456115804#0,29.078,:cluster_10608000079_4202697453_0,skip,disabled_by_single_terminal_experiment,,
b0_valid_18route_ER_ACC_010_PT_011,PT_011,cluster_11277565408_11277565409_414685823_5851251280,1.0,ER_ACC_010,emergency_ER_ACC_010_PT_011,cluster_1326096615_3849700763,cluster_1326096615_3849700763,-381802847#2,-183272625#1,2.979,-381802881#2,skip,disabled_by_single_terminal_experiment,,
b0_valid_18route_ER_ACC_010_PT_011,PT_011,cluster_11277565408_11277565409_414685823_5851251280,2.0,ER_ACC_010,emergency_ER_ACC_010_PT_011,cluster_3846534041_436877431,cluster_3846534041_436877431,180368918#3,180368918#5,21.224,-381802881#2,skip,disabled_by_single_terminal_experiment,,
b0_valid_18route_ER_ACC_010_PT_011,PT_011,cluster_11277565408_11277565409_414685823_5851251280,19.0,ER_ACC_010,emergency_ER_ACC_010_PT_011,joinedS_4273893706_4273893707_7335400058_cluster_13348213189_13348213190_13348213191,cluster_13348213189_13348213190_13348213191,-1455512070,1455512071,29.158,-174870621#2,skip,disabled_by_single_terminal_experiment,,
b0_valid_18route_ER_ACC_010_PT_011,PT_011,cluster_11277565408_11277565409_414685823_5851251280,21.0,ER_ACC_010,emergency_ER_ACC_010_PT_011,cluster_13348293702_13348293703_414685829,cluster_13348293702_13348293703_414685829,1455518728,-198564928#28,28.88,-174870621#2,skip,disabled_by_single_terminal_experiment,,
b0_valid_18route_ER_ACC_010_PT_011,PT_011,cluster_11277565408_11277565409_414685823_5851251280,24.0,ER_ACC_010,emergency_ER_ACC_010_PT_011,4202879197,4202879197,-395564622#1,-395564622#0,29.709,-174870621#0,skip,disabled_by_single_terminal_experiment,,
b0_valid_18route_ER_ACC_010_PT_011,PT_011,cluster_11277565408_11277565409_414685823_5851251280,25.0,ER_ACC_010,emergency_ER_ACC_010_PT_011,cluster_12785870414_3337522189,cluster_12785870414_3337522189,-1456115806#0,1456115804#0,29.078,:cluster_10608000079_4202697453_0,skip,disabled_by_single_terminal_experiment,,
b0_valid_18route_ER_ACC_010_PT_012,PT_012,cluster_12785870414_3337522189,1.0,ER_ACC_010,emergency_ER_ACC_010_PT_012,cluster_1326096615_3849700763,cluster_1326096615_3849700763,-381802847#2,-183272625#1,2.979,-381802881#2,skip,disabled_by_single_terminal_experiment,,
b0_valid_18route_ER_ACC_010_PT_012,PT_012,cluster_12785870414_3337522189,2.0,ER_ACC_010,emergency_ER_ACC_010_PT_012,cluster_3846534041_436877431,cluster_3846534041_436877431,180368918#3,180368918#5,21.224,-381802881#2,skip,disabled_by_single_terminal_experiment,,
b0_valid_18route_ER_ACC_010_PT_012,PT_012,cluster_12785870414_3337522189,19.0,ER_ACC_010,emergency_ER_ACC_010_PT_012,joinedS_4273893706_4273893707_7335400058_cluster_13348213189_13348213190_13348213191,cluster_13348213189_13348213190_13348213191,-1455512070,1455512071,29.158,-174870621#2,skip,disabled_by_single_terminal_experiment,,
b0_valid_18route_ER_ACC_010_PT_012,PT_012,cluster_12785870414_3337522189,21.0,ER_ACC_010,emergency_ER_ACC_010_PT_012,cluster_13348293702_13348293703_414685829,cluster_13348293702_13348293703_414685829,1455518728,-198564928#28,28.88,-174870621#2,skip,disabled_by_single_terminal_experiment,,
b0_valid_18route_ER_ACC_010_PT_012,PT_012,cluster_12785870414_3337522189,24.0,ER_ACC_010,emergency_ER_ACC_010_PT_012,4202879197,4202879197,-395564622#1,-395564622#0,29.709,-174870621#0,skip,disabled_by_single_terminal_experiment,,
b0_valid_18route_ER_ACC_010_PT_012,PT_012,cluster_12785870414_3337522189,25.0,ER_ACC_010,emergency_ER_ACC_010_PT_012,cluster_12785870414_3337522189,cluster_12785870414_3337522189,-1456115806#0,1456115804#0,29.078,:cluster_10608000079_4202697453_0,skip,safe_green_not_current_or_next_phase,0,4
b0_valid_18route_ER_ACC_010_PT_013,PT_013,cluster_1326096615_3849700763,1.0,ER_ACC_010,emergency_ER_ACC_010_PT_013,cluster_1326096615_3849700763,cluster_1326096615_3849700763,-381802847#2,-183272625#1,2.979,-381802881#2,skip,safe_green_not_current_or_next_phase,0,2
b0_valid_18route_ER_ACC_010_PT_013,PT_013,cluster_1326096615_3849700763,2.0,ER_ACC_010,emergency_ER_ACC_010_PT_013,cluster_3846534041_436877431,cluster_3846534041_436877431,180368918#3,180368918#5,21.224,-381802881#2,skip,disabled_by_single_terminal_experiment,,
b0_valid_18route_ER_ACC_010_PT_013,PT_013,cluster_1326096615_3849700763,19.0,ER_ACC_010,emergency_ER_ACC_010_PT_013,joinedS_4273893706_4273893707_7335400058_cluster_13348213189_13348213190_13348213191,cluster_13348213189_13348213190_13348213191,-1455512070,1455512071,29.158,-174870621#2,skip,disabled_by_single_terminal_experiment,,
b0_valid_18route_ER_ACC_010_PT_013,PT_013,cluster_1326096615_3849700763,21.0,ER_ACC_010,emergency_ER_ACC_010_PT_013,cluster_13348293702_13348293703_414685829,cluster_13348293702_13348293703_414685829,1455518728,-198564928#28,28.88,-174870621#2,skip,disabled_by_single_terminal_experiment,,
b0_valid_18route_ER_ACC_010_PT_013,PT_013,cluster_1326096615_3849700763,24.0,ER_ACC_010,emergency_ER_ACC_010_PT_013,4202879197,4202879197,-395564622#1,-395564622#0,29.709,-174870621#0,skip,disabled_by_single_terminal_experiment,,
b0_valid_18route_ER_ACC_010_PT_013,PT_013,cluster_1326096615_3849700763,25.0,ER_ACC_010,emergency_ER_ACC_010_PT_013,cluster_12785870414_3337522189,cluster_12785870414_3337522189,-1456115806#0,1456115804#0,29.078,:cluster_10608000079_4202697453_0,skip,disabled_by_single_terminal_experiment,,
b0_valid_18route_ER_ACC_010_PT_014,PT_014,cluster_13348293702_13348293703_414685829,1.0,ER_ACC_010,emergency_ER_ACC_010_PT_014,cluster_1326096615_3849700763,cluster_1326096615_3849700763,-381802847#2,-183272625#1,2.979,-381802881#2,skip,disabled_by_single_terminal_experiment,,
b0_valid_18route_ER_ACC_010_PT_014,PT_014,cluster_13348293702_13348293703_414685829,2.0,ER_ACC_010,emergency_ER_ACC_010_PT_014,cluster_3846534041_436877431,cluster_3846534041_436877431,180368918#3,180368918#5,21.224,-381802881#2,skip,disabled_by_single_terminal_experiment,,
b0_valid_18route_ER_ACC_010_PT_014,PT_014,cluster_13348293702_13348293703_414685829,19.0,ER_ACC_010,emergency_ER_ACC_010_PT_014,joinedS_4273893706_4273893707_7335400058_cluster_13348213189_13348213190_13348213191,cluster_13348213189_13348213190_13348213191,-1455512070,1455512071,29.158,-174870621#2,skip,disabled_by_single_terminal_experiment,,
b0_valid_18route_ER_ACC_010_PT_014,PT_014,cluster_13348293702_13348293703_414685829,21.0,ER_ACC_010,emergency_ER_ACC_010_PT_014,cluster_13348293702_13348293703_414685829,cluster_13348293702_13348293703_414685829,1455518728,-198564928#28,28.88,-174870621#2,extend_green,current_phase_already_green,0,
b0_valid_18route_ER_ACC_010_PT_014,PT_014,cluster_13348293702_13348293703_414685829,24.0,ER_ACC_010,emergency_ER_ACC_010_PT_014,4202879197,4202879197,-395564622#1,-395564622#0,29.709,-174870621#0,skip,disabled_by_single_terminal_experiment,,
b0_valid_18route_ER_ACC_010_PT_014,PT_014,cluster_13348293702_13348293703_414685829,25.0,ER_ACC_010,emergency_ER_ACC_010_PT_014,cluster_12785870414_3337522189,cluster_12785870414_3337522189,-1456115806#0,1456115804#0,29.078,:cluster_10608000079_4202697453_0,skip,disabled_by_single_terminal_experiment,,
b0_valid_18route_ER_ACC_010_PT_015,PT_015,cluster_3846534041_436877431,1.0,ER_ACC_010,emergency_ER_ACC_010_PT_015,cluster_1326096615_3849700763,cluster_1326096615_3849700763,-381802847#2,-183272625#1,2.979,-381802881#2,skip,disabled_by_single_terminal_experiment,,
b0_valid_18route_ER_ACC_010_PT_015,PT_015,cluster_3846534041_436877431,2.0,ER_ACC_010,emergency_ER_ACC_010_PT_015,cluster_3846534041_436877431,cluster_3846534041_436877431,180368918#3,180368918#5,21.224,-381802881#2,extend_green,current_phase_already_green,0,
b0_valid_18route_ER_ACC_010_PT_015,PT_015,cluster_3846534041_436877431,19.0,ER_ACC_010,emergency_ER_ACC_010_PT_015,joinedS_4273893706_4273893707_7335400058_cluster_13348213189_13348213190_13348213191,cluster_13348213189_13348213190_13348213191,-1455512070,1455512071,29.158,-174870621#2,skip,disabled_by_single_terminal_experiment,,
b0_valid_18route_ER_ACC_010_PT_015,PT_015,cluster_3846534041_436877431,21.0,ER_ACC_010,emergency_ER_ACC_010_PT_015,cluster_13348293702_13348293703_414685829,cluster_13348293702_13348293703_414685829,1455518728,-198564928#28,28.88,-174870621#2,skip,disabled_by_single_terminal_experiment,,
b0_valid_18route_ER_ACC_010_PT_015,PT_015,cluster_3846534041_436877431,24.0,ER_ACC_010,emergency_ER_ACC_010_PT_015,4202879197,4202879197,-395564622#1,-395564622#0,29.709,-174870621#0,skip,disabled_by_single_terminal_experiment,,
b0_valid_18route_ER_ACC_010_PT_015,PT_015,cluster_3846534041_436877431,25.0,ER_ACC_010,emergency_ER_ACC_010_PT_015,cluster_12785870414_3337522189,cluster_12785870414_3337522189,-1456115806#0,1456115804#0,29.078,:cluster_10608000079_4202697453_0,skip,disabled_by_single_terminal_experiment,,
b0_valid_18route_ER_ACC_010_PT_016,PT_016,joinedS_11139302899_11139302904_11178710208_cluster_11139302901_5593950669_5593950674,1.0,ER_ACC_010,emergency_ER_ACC_010_PT_016,cluster_1326096615_3849700763,cluster_1326096615_3849700763,-381802847#2,-183272625#1,2.979,-381802881#2,skip,disabled_by_single_terminal_experiment,,
b0_valid_18route_ER_ACC_010_PT_016,PT_016,joinedS_11139302899_11139302904_11178710208_cluster_11139302901_5593950669_5593950674,2.0,ER_ACC_010,emergency_ER_ACC_010_PT_016,cluster_3846534041_436877431,cluster_3846534041_436877431,180368918#3,180368918#5,21.224,-381802881#2,skip,disabled_by_single_terminal_experiment,,
b0_valid_18route_ER_ACC_010_PT_016,PT_016,joinedS_11139302899_11139302904_11178710208_cluster_11139302901_5593950669_5593950674,19.0,ER_ACC_010,emergency_ER_ACC_010_PT_016,joinedS_4273893706_4273893707_7335400058_cluster_13348213189_13348213190_13348213191,cluster_13348213189_13348213190_13348213191,-1455512070,1455512071,29.158,-174870621#2,skip,disabled_by_single_terminal_experiment,,
b0_valid_18route_ER_ACC_010_PT_016,PT_016,joinedS_11139302899_11139302904_11178710208_cluster_11139302901_5593950669_5593950674,21.0,ER_ACC_010,emergency_ER_ACC_010_PT_016,cluster_13348293702_13348293703_414685829,cluster_13348293702_13348293703_414685829,1455518728,-198564928#28,28.88,-174870621#2,skip,disabled_by_single_terminal_experiment,,
b0_valid_18route_ER_ACC_010_PT_016,PT_016,joinedS_11139302899_11139302904_11178710208_cluster_11139302901_5593950669_5593950674,24.0,ER_ACC_010,emergency_ER_ACC_010_PT_016,4202879197,4202879197,-395564622#1,-395564622#0,29.709,-174870621#0,skip,disabled_by_single_terminal_experiment,,
b0_valid_18route_ER_ACC_010_PT_016,PT_016,joinedS_11139302899_11139302904_11178710208_cluster_11139302901_5593950669_5593950674,25.0,ER_ACC_010,emergency_ER_ACC_010_PT_016,cluster_12785870414_3337522189,cluster_12785870414_3337522189,-1456115806#0,1456115804#0,29.078,:cluster_10608000079_4202697453_0,skip,disabled_by_single_terminal_experiment,,
b0_valid_18route_ER_ACC_010_PT_017,PT_017,joinedS_11203001806_11203001814_13721232731_5851251250_#6more,1.0,ER_ACC_010,emergency_ER_ACC_010_PT_017,cluster_1326096615_3849700763,cluster_1326096615_3849700763,-381802847#2,-183272625#1,2.979,-381802881#2,skip,disabled_by_single_terminal_experiment,,
b0_valid_18route_ER_ACC_010_PT_017,PT_017,joinedS_11203001806_11203001814_13721232731_5851251250_#6more,2.0,ER_ACC_010,emergency_ER_ACC_010_PT_017,cluster_3846534041_436877431,cluster_3846534041_436877431,180368918#3,180368918#5,21.224,-381802881#2,skip,disabled_by_single_terminal_experiment,,
b0_valid_18route_ER_ACC_010_PT_017,PT_017,joinedS_11203001806_11203001814_13721232731_5851251250_#6more,19.0,ER_ACC_010,emergency_ER_ACC_010_PT_017,joinedS_4273893706_4273893707_7335400058_cluster_13348213189_13348213190_13348213191,cluster_13348213189_13348213190_13348213191,-1455512070,1455512071,29.158,-174870621#2,skip,disabled_by_single_terminal_experiment,,
b0_valid_18route_ER_ACC_010_PT_017,PT_017,joinedS_11203001806_11203001814_13721232731_5851251250_#6more,21.0,ER_ACC_010,emergency_ER_ACC_010_PT_017,cluster_13348293702_13348293703_414685829,cluster_13348293702_13348293703_414685829,1455518728,-198564928#28,28.88,-174870621#2,skip,disabled_by_single_terminal_experiment,,
b0_valid_18route_ER_ACC_010_PT_017,PT_017,joinedS_11203001806_11203001814_13721232731_5851251250_#6more,24.0,ER_ACC_010,emergency_ER_ACC_010_PT_017,4202879197,4202879197,-395564622#1,-395564622#0,29.709,-174870621#0,skip,disabled_by_single_terminal_experiment,,
b0_valid_18route_ER_ACC_010_PT_017,PT_017,joinedS_11203001806_11203001814_13721232731_5851251250_#6more,25.0,ER_ACC_010,emergency_ER_ACC_010_PT_017,cluster_12785870414_3337522189,cluster_12785870414_3337522189,-1456115806#0,1456115804#0,29.078,:cluster_10608000079_4202697453_0,skip,disabled_by_single_terminal_experiment,,
b0_valid_18route_ER_ACC_010_PT_018,PT_018,joinedS_11203052957_cluster_11203052955_11203052956_11203052960_11203052961_#11more,1.0,ER_ACC_010,emergency_ER_ACC_010_PT_018,cluster_1326096615_3849700763,cluster_1326096615_3849700763,-381802847#2,-183272625#1,2.979,-381802881#2,skip,disabled_by_single_terminal_experiment,,
b0_valid_18route_ER_ACC_010_PT_018,PT_018,joinedS_11203052957_cluster_11203052955_11203052956_11203052960_11203052961_#11more,2.0,ER_ACC_010,emergency_ER_ACC_010_PT_018,cluster_3846534041_436877431,cluster_3846534041_436877431,180368918#3,180368918#5,21.224,-381802881#2,skip,disabled_by_single_terminal_experiment,,
b0_valid_18route_ER_ACC_010_PT_018,PT_018,joinedS_11203052957_cluster_11203052955_11203052956_11203052960_11203052961_#11more,19.0,ER_ACC_010,emergency_ER_ACC_010_PT_018,joinedS_4273893706_4273893707_7335400058_cluster_13348213189_13348213190_13348213191,cluster_13348213189_13348213190_13348213191,-1455512070,1455512071,29.158,-174870621#2,skip,disabled_by_single_terminal_experiment,,
b0_valid_18route_ER_ACC_010_PT_018,PT_018,joinedS_11203052957_cluster_11203052955_11203052956_11203052960_11203052961_#11more,21.0,ER_ACC_010,emergency_ER_ACC_010_PT_018,cluster_13348293702_13348293703_414685829,cluster_13348293702_13348293703_414685829,1455518728,-198564928#28,28.88,-174870621#2,skip,disabled_by_single_terminal_experiment,,
b0_valid_18route_ER_ACC_010_PT_018,PT_018,joinedS_11203052957_cluster_11203052955_11203052956_11203052960_11203052961_#11more,24.0,ER_ACC_010,emergency_ER_ACC_010_PT_018,4202879197,4202879197,-395564622#1,-395564622#0,29.709,-174870621#0,skip,disabled_by_single_terminal_experiment,,
b0_valid_18route_ER_ACC_010_PT_018,PT_018,joinedS_11203052957_cluster_11203052955_11203052956_11203052960_11203052961_#11more,25.0,ER_ACC_010,emergency_ER_ACC_010_PT_018,cluster_12785870414_3337522189,cluster_12785870414_3337522189,-1456115806#0,1456115804#0,29.078,:cluster_10608000079_4202697453_0,skip,disabled_by_single_terminal_experiment,,
b0_valid_18route_ER_ACC_010_PT_019,PT_019,joinedS_4273893706_4273893707_7335400058_cluster_13348213189_13348213190_13348213191,1.0,ER_ACC_010,emergency_ER_ACC_010_PT_019,cluster_1326096615_3849700763,cluster_1326096615_3849700763,-381802847#2,-183272625#1,2.979,-381802881#2,skip,disabled_by_single_terminal_experiment,,
b0_valid_18route_ER_ACC_010_PT_019,PT_019,joinedS_4273893706_4273893707_7335400058_cluster_13348213189_13348213190_13348213191,2.0,ER_ACC_010,emergency_ER_ACC_010_PT_019,cluster_3846534041_436877431,cluster_3846534041_436877431,180368918#3,180368918#5,21.224,-381802881#2,skip,disabled_by_single_terminal_experiment,,
b0_valid_18route_ER_ACC_010_PT_019,PT_019,joinedS_4273893706_4273893707_7335400058_cluster_13348213189_13348213190_13348213191,19.0,ER_ACC_010,emergency_ER_ACC_010_PT_019,joinedS_4273893706_4273893707_7335400058_cluster_13348213189_13348213190_13348213191,cluster_13348213189_13348213190_13348213191,-1455512070,1455512071,29.158,-174870621#2,extend_green,current_phase_already_green,0,
b0_valid_18route_ER_ACC_010_PT_019,PT_019,joinedS_4273893706_4273893707_7335400058_cluster_13348213189_13348213190_13348213191,21.0,ER_ACC_010,emergency_ER_ACC_010_PT_019,cluster_13348293702_13348293703_414685829,cluster_13348293702_13348293703_414685829,1455518728,-198564928#28,28.88,-174870621#2,skip,disabled_by_single_terminal_experiment,,
b0_valid_18route_ER_ACC_010_PT_019,PT_019,joinedS_4273893706_4273893707_7335400058_cluster_13348213189_13348213190_13348213191,24.0,ER_ACC_010,emergency_ER_ACC_010_PT_019,4202879197,4202879197,-395564622#1,-395564622#0,29.709,-174870621#0,skip,disabled_by_single_terminal_experiment,,
b0_valid_18route_ER_ACC_010_PT_019,PT_019,joinedS_4273893706_4273893707_7335400058_cluster_13348213189_13348213190_13348213191,25.0,ER_ACC_010,emergency_ER_ACC_010_PT_019,cluster_12785870414_3337522189,cluster_12785870414_3337522189,-1456115806#0,1456115804#0,29.078,:cluster_10608000079_4202697453_0,skip,disabled_by_single_terminal_experiment,,
b0_valid_18route_ER_ACC_010_PT_020,PT_020,joinedS_4276255150_4276255151_4276255152_cluster_4276255149_436839431,1.0,ER_ACC_010,emergency_ER_ACC_010_PT_020,cluster_1326096615_3849700763,cluster_1326096615_3849700763,-381802847#2,-183272625#1,2.979,-381802881#2,skip,disabled_by_single_terminal_experiment,,
b0_valid_18route_ER_ACC_010_PT_020,PT_020,joinedS_4276255150_4276255151_4276255152_cluster_4276255149_436839431,2.0,ER_ACC_010,emergency_ER_ACC_010_PT_020,cluster_3846534041_436877431,cluster_3846534041_436877431,180368918#3,180368918#5,21.224,-381802881#2,skip,disabled_by_single_terminal_experiment,,
b0_valid_18route_ER_ACC_010_PT_020,PT_020,joinedS_4276255150_4276255151_4276255152_cluster_4276255149_436839431,19.0,ER_ACC_010,emergency_ER_ACC_010_PT_020,joinedS_4273893706_4273893707_7335400058_cluster_13348213189_13348213190_13348213191,cluster_13348213189_13348213190_13348213191,-1455512070,1455512071,29.158,-174870621#2,skip,disabled_by_single_terminal_experiment,,
b0_valid_18route_ER_ACC_010_PT_020,PT_020,joinedS_4276255150_4276255151_4276255152_cluster_4276255149_436839431,21.0,ER_ACC_010,emergency_ER_ACC_010_PT_020,cluster_13348293702_13348293703_414685829,cluster_13348293702_13348293703_414685829,1455518728,-198564928#28,28.88,-174870621#2,skip,disabled_by_single_terminal_experiment,,
b0_valid_18route_ER_ACC_010_PT_020,PT_020,joinedS_4276255150_4276255151_4276255152_cluster_4276255149_436839431,24.0,ER_ACC_010,emergency_ER_ACC_010_PT_020,4202879197,4202879197,-395564622#1,-395564622#0,29.709,-174870621#0,skip,disabled_by_single_terminal_experiment,,
b0_valid_18route_ER_ACC_010_PT_020,PT_020,joinedS_4276255150_4276255151_4276255152_cluster_4276255149_436839431,25.0,ER_ACC_010,emergency_ER_ACC_010_PT_020,cluster_12785870414_3337522189,cluster_12785870414_3337522189,-1456115806#0,1456115804#0,29.078,:cluster_10608000079_4202697453_0,skip,disabled_by_single_terminal_experiment,,
b0_valid_18route_ER_ACC_011_PT_001,PT_001,11203059756,1.0,ER_ACC_011,emergency_ER_ACC_011_PT_001,cluster_1326096615_3849700763,cluster_1326096615_3849700763,-381802847#2,-183272625#1,2.979,-381802881#2,skip,disabled_by_single_terminal_experiment,,
b0_valid_18route_ER_ACC_011_PT_001,PT_001,11203059756,2.0,ER_ACC_011,emergency_ER_ACC_011_PT_001,cluster_3846534041_436877431,cluster_3846534041_436877431,180368918#3,180368918#5,21.224,-381802881#2,skip,disabled_by_single_terminal_experiment,,
b0_valid_18route_ER_ACC_011_PT_001,PT_001,11203059756,19.0,ER_ACC_011,emergency_ER_ACC_011_PT_001,joinedS_4273893706_4273893707_7335400058_cluster_13348213189_13348213190_13348213191,cluster_13348213189_13348213190_13348213191,-1455512070,-1455512069,29.158,-174870621#2,skip,disabled_by_single_terminal_experiment,,
b0_valid_18route_ER_ACC_011_PT_001,PT_001,11203059756,27.0,ER_ACC_011,emergency_ER_ACC_011_PT_001,7335400049,7335400049,218773869#7,218773869#8,29.261,180368918#0,skip,disabled_by_single_terminal_experiment,,
b0_valid_18route_ER_ACC_011_PT_001,PT_001,11203059756,31.0,ER_ACC_011,emergency_ER_ACC_011_PT_001,11346754525,11346754525,219696193#0,219696193#1,29.72,180368918#6,skip,disabled_by_single_terminal_experiment,,
b0_valid_18route_ER_ACC_011_PT_001,PT_001,11203059756,43.0,ER_ACC_011,emergency_ER_ACC_011_PT_001,11203059756,11203059756,782892489#0,782892489#2,29.125,218773868#5,extend_green,current_phase_already_green,0,
b0_valid_18route_ER_ACC_011_PT_001,PT_001,11203059756,48.0,ER_ACC_011,emergency_ER_ACC_011_PT_001,7311080426,7311080426,782892489#5,198564926,29.193,428260110,skip,disabled_by_single_terminal_experiment,,
b0_valid_18route_ER_ACC_011_PT_002,PT_002,11346754524,1.0,ER_ACC_011,emergency_ER_ACC_011_PT_002,cluster_1326096615_3849700763,cluster_1326096615_3849700763,-381802847#2,-183272625#1,2.979,-381802881#2,skip,disabled_by_single_terminal_experiment,,
b0_valid_18route_ER_ACC_011_PT_002,PT_002,11346754524,2.0,ER_ACC_011,emergency_ER_ACC_011_PT_002,cluster_3846534041_436877431,cluster_3846534041_436877431,180368918#3,180368918#5,21.224,-381802881#2,skip,disabled_by_single_terminal_experiment,,
b0_valid_18route_ER_ACC_011_PT_002,PT_002,11346754524,19.0,ER_ACC_011,emergency_ER_ACC_011_PT_002,joinedS_4273893706_4273893707_7335400058_cluster_13348213189_13348213190_13348213191,cluster_13348213189_13348213190_13348213191,-1455512070,-1455512069,29.158,-174870621#2,skip,disabled_by_single_terminal_experiment,,
b0_valid_18route_ER_ACC_011_PT_002,PT_002,11346754524,27.0,ER_ACC_011,emergency_ER_ACC_011_PT_002,7335400049,7335400049,218773869#7,218773869#8,29.261,180368918#0,skip,disabled_by_single_terminal_experiment,,
b0_valid_18route_ER_ACC_011_PT_002,PT_002,11346754524,31.0,ER_ACC_011,emergency_ER_ACC_011_PT_002,11346754525,11346754525,219696193#0,219696193#1,29.72,180368918#6,skip,disabled_by_single_terminal_experiment,,
b0_valid_18route_ER_ACC_011_PT_002,PT_002,11346754524,43.0,ER_ACC_011,emergency_ER_ACC_011_PT_002,11203059756,11203059756,782892489#0,782892489#2,29.125,218773868#5,skip,disabled_by_single_terminal_experiment,,
b0_valid_18route_ER_ACC_011_PT_002,PT_002,11346754524,48.0,ER_ACC_011,emergency_ER_ACC_011_PT_002,7311080426,7311080426,782892489#5,198564926,29.193,428260110,skip,disabled_by_single_terminal_experiment,,
b0_valid_18route_ER_ACC_011_PT_003,PT_003,11346754525,1.0,ER_ACC_011,emergency_ER_ACC_011_PT_003,cluster_1326096615_3849700763,cluster_1326096615_3849700763,-381802847#2,-183272625#1,2.979,-381802881#2,skip,disabled_by_single_terminal_experiment,,
b0_valid_18route_ER_ACC_011_PT_003,PT_003,11346754525,2.0,ER_ACC_011,emergency_ER_ACC_011_PT_003,cluster_3846534041_436877431,cluster_3846534041_436877431,180368918#3,180368918#5,21.224,-381802881#2,skip,disabled_by_single_terminal_experiment,,
b0_valid_18route_ER_ACC_011_PT_003,PT_003,11346754525,19.0,ER_ACC_011,emergency_ER_ACC_011_PT_003,joinedS_4273893706_4273893707_7335400058_cluster_13348213189_13348213190_13348213191,cluster_13348213189_13348213190_13348213191,-1455512070,-1455512069,29.158,-174870621#2,skip,disabled_by_single_terminal_experiment,,
b0_valid_18route_ER_ACC_011_PT_003,PT_003,11346754525,27.0,ER_ACC_011,emergency_ER_ACC_011_PT_003,7335400049,7335400049,218773869#7,218773869#8,29.261,180368918#0,skip,disabled_by_single_terminal_experiment,,
b0_valid_18route_ER_ACC_011_PT_003,PT_003,11346754525,31.0,ER_ACC_011,emergency_ER_ACC_011_PT_003,11346754525,11346754525,219696193#0,219696193#1,29.72,180368918#6,extend_green,current_phase_already_green,0,
b0_valid_18route_ER_ACC_011_PT_003,PT_003,11346754525,43.0,ER_ACC_011,emergency_ER_ACC_011_PT_003,11203059756,11203059756,782892489#0,782892489#2,29.125,218773868#5,skip,disabled_by_single_terminal_experiment,,
b0_valid_18route_ER_ACC_011_PT_003,PT_003,11346754525,48.0,ER_ACC_011,emergency_ER_ACC_011_PT_003,7311080426,7311080426,782892489#5,198564926,29.193,428260110,skip,disabled_by_single_terminal_experiment,,
b0_valid_18route_ER_ACC_011_PT_004,PT_004,13732389937,1.0,ER_ACC_011,emergency_ER_ACC_011_PT_004,cluster_1326096615_3849700763,cluster_1326096615_3849700763,-381802847#2,-183272625#1,2.979,-381802881#2,skip,disabled_by_single_terminal_experiment,,
b0_valid_18route_ER_ACC_011_PT_004,PT_004,13732389937,2.0,ER_ACC_011,emergency_ER_ACC_011_PT_004,cluster_3846534041_436877431,cluster_3846534041_436877431,180368918#3,180368918#5,21.224,-381802881#2,skip,disabled_by_single_terminal_experiment,,
b0_valid_18route_ER_ACC_011_PT_004,PT_004,13732389937,19.0,ER_ACC_011,emergency_ER_ACC_011_PT_004,joinedS_4273893706_4273893707_7335400058_cluster_13348213189_13348213190_13348213191,cluster_13348213189_13348213190_13348213191,-1455512070,-1455512069,29.158,-174870621#2,skip,disabled_by_single_terminal_experiment,,
b0_valid_18route_ER_ACC_011_PT_004,PT_004,13732389937,27.0,ER_ACC_011,emergency_ER_ACC_011_PT_004,7335400049,7335400049,218773869#7,218773869#8,29.261,180368918#0,skip,disabled_by_single_terminal_experiment,,
b0_valid_18route_ER_ACC_011_PT_004,PT_004,13732389937,31.0,ER_ACC_011,emergency_ER_ACC_011_PT_004,11346754525,11346754525,219696193#0,219696193#1,29.72,180368918#6,skip,disabled_by_single_terminal_experiment,,
b0_valid_18route_ER_ACC_011_PT_004,PT_004,13732389937,43.0,ER_ACC_011,emergency_ER_ACC_011_PT_004,11203059756,11203059756,782892489#0,782892489#2,29.125,218773868#5,skip,disabled_by_single_terminal_experiment,,
b0_valid_18route_ER_ACC_011_PT_004,PT_004,13732389937,48.0,ER_ACC_011,emergency_ER_ACC_011_PT_004,7311080426,7311080426,782892489#5,198564926,29.193,428260110,skip,disabled_by_single_terminal_experiment,,
b0_valid_18route_ER_ACC_011_PT_005,PT_005,13732389938,1.0,ER_ACC_011,emergency_ER_ACC_011_PT_005,cluster_1326096615_3849700763,cluster_1326096615_3849700763,-381802847#2,-183272625#1,2.979,-381802881#2,skip,disabled_by_single_terminal_experiment,,
b0_valid_18route_ER_ACC_011_PT_005,PT_005,13732389938,2.0,ER_ACC_011,emergency_ER_ACC_011_PT_005,cluster_3846534041_436877431,cluster_3846534041_436877431,180368918#3,180368918#5,21.224,-381802881#2,skip,disabled_by_single_terminal_experiment,,
b0_valid_18route_ER_ACC_011_PT_005,PT_005,13732389938,19.0,ER_ACC_011,emergency_ER_ACC_011_PT_005,joinedS_4273893706_4273893707_7335400058_cluster_13348213189_13348213190_13348213191,cluster_13348213189_13348213190_13348213191,-1455512070,-1455512069,29.158,-174870621#2,skip,disabled_by_single_terminal_experiment,,
b0_valid_18route_ER_ACC_011_PT_005,PT_005,13732389938,27.0,ER_ACC_011,emergency_ER_ACC_011_PT_005,7335400049,7335400049,218773869#7,218773869#8,29.261,180368918#0,skip,disabled_by_single_terminal_experiment,,
b0_valid_18route_ER_ACC_011_PT_005,PT_005,13732389938,31.0,ER_ACC_011,emergency_ER_ACC_011_PT_005,11346754525,11346754525,219696193#0,219696193#1,29.72,180368918#6,skip,disabled_by_single_terminal_experiment,,
b0_valid_18route_ER_ACC_011_PT_005,PT_005,13732389938,43.0,ER_ACC_011,emergency_ER_ACC_011_PT_005,11203059756,11203059756,782892489#0,782892489#2,29.125,218773868#5,skip,disabled_by_single_terminal_experiment,,
b0_valid_18route_ER_ACC_011_PT_005,PT_005,13732389938,48.0,ER_ACC_011,emergency_ER_ACC_011_PT_005,7311080426,7311080426,782892489#5,198564926,29.193,428260110,skip,disabled_by_single_terminal_experiment,,
b0_valid_18route_ER_ACC_011_PT_006,PT_006,4202879197,1.0,ER_ACC_011,emergency_ER_ACC_011_PT_006,cluster_1326096615_3849700763,cluster_1326096615_3849700763,-381802847#2,-183272625#1,2.979,-381802881#2,skip,disabled_by_single_terminal_experiment,,
b0_valid_18route_ER_ACC_011_PT_006,PT_006,4202879197,2.0,ER_ACC_011,emergency_ER_ACC_011_PT_006,cluster_3846534041_436877431,cluster_3846534041_436877431,180368918#3,180368918#5,21.224,-381802881#2,skip,disabled_by_single_terminal_experiment,,
b0_valid_18route_ER_ACC_011_PT_006,PT_006,4202879197,19.0,ER_ACC_011,emergency_ER_ACC_011_PT_006,joinedS_4273893706_4273893707_7335400058_cluster_13348213189_13348213190_13348213191,cluster_13348213189_13348213190_13348213191,-1455512070,-1455512069,29.158,-174870621#2,skip,disabled_by_single_terminal_experiment,,
b0_valid_18route_ER_ACC_011_PT_006,PT_006,4202879197,27.0,ER_ACC_011,emergency_ER_ACC_011_PT_006,7335400049,7335400049,218773869#7,218773869#8,29.261,180368918#0,skip,disabled_by_single_terminal_experiment,,
b0_valid_18route_ER_ACC_011_PT_006,PT_006,4202879197,31.0,ER_ACC_011,emergency_ER_ACC_011_PT_006,11346754525,11346754525,219696193#0,219696193#1,29.72,180368918#6,skip,disabled_by_single_terminal_experiment,,
b0_valid_18route_ER_ACC_011_PT_006,PT_006,4202879197,43.0,ER_ACC_011,emergency_ER_ACC_011_PT_006,11203059756,11203059756,782892489#0,782892489#2,29.125,218773868#5,skip,disabled_by_single_terminal_experiment,,
b0_valid_18route_ER_ACC_011_PT_006,PT_006,4202879197,48.0,ER_ACC_011,emergency_ER_ACC_011_PT_006,7311080426,7311080426,782892489#5,198564926,29.193,428260110,skip,disabled_by_single_terminal_experiment,,
b0_valid_18route_ER_ACC_011_PT_007,PT_007,436870729,1.0,ER_ACC_011,emergency_ER_ACC_011_PT_007,cluster_1326096615_3849700763,cluster_1326096615_3849700763,-381802847#2,-183272625#1,2.979,-381802881#2,skip,disabled_by_single_terminal_experiment,,
b0_valid_18route_ER_ACC_011_PT_007,PT_007,436870729,2.0,ER_ACC_011,emergency_ER_ACC_011_PT_007,cluster_3846534041_436877431,cluster_3846534041_436877431,180368918#3,180368918#5,21.224,-381802881#2,skip,disabled_by_single_terminal_experiment,,
b0_valid_18route_ER_ACC_011_PT_007,PT_007,436870729,19.0,ER_ACC_011,emergency_ER_ACC_011_PT_007,joinedS_4273893706_4273893707_7335400058_cluster_13348213189_13348213190_13348213191,cluster_13348213189_13348213190_13348213191,-1455512070,-1455512069,29.158,-174870621#2,skip,disabled_by_single_terminal_experiment,,
b0_valid_18route_ER_ACC_011_PT_007,PT_007,436870729,27.0,ER_ACC_011,emergency_ER_ACC_011_PT_007,7335400049,7335400049,218773869#7,218773869#8,29.261,180368918#0,skip,disabled_by_single_terminal_experiment,,
b0_valid_18route_ER_ACC_011_PT_007,PT_007,436870729,31.0,ER_ACC_011,emergency_ER_ACC_011_PT_007,11346754525,11346754525,219696193#0,219696193#1,29.72,180368918#6,skip,disabled_by_single_terminal_experiment,,
b0_valid_18route_ER_ACC_011_PT_007,PT_007,436870729,43.0,ER_ACC_011,emergency_ER_ACC_011_PT_007,11203059756,11203059756,782892489#0,782892489#2,29.125,218773868#5,skip,disabled_by_single_terminal_experiment,,
b0_valid_18route_ER_ACC_011_PT_007,PT_007,436870729,48.0,ER_ACC_011,emergency_ER_ACC_011_PT_007,7311080426,7311080426,782892489#5,198564926,29.193,428260110,skip,disabled_by_single_terminal_experiment,,
b0_valid_18route_ER_ACC_011_PT_008,PT_008,7311080426,1.0,ER_ACC_011,emergency_ER_ACC_011_PT_008,cluster_1326096615_3849700763,cluster_1326096615_3849700763,-381802847#2,-183272625#1,2.979,-381802881#2,skip,disabled_by_single_terminal_experiment,,
b0_valid_18route_ER_ACC_011_PT_008,PT_008,7311080426,2.0,ER_ACC_011,emergency_ER_ACC_011_PT_008,cluster_3846534041_436877431,cluster_3846534041_436877431,180368918#3,180368918#5,21.224,-381802881#2,skip,disabled_by_single_terminal_experiment,,
b0_valid_18route_ER_ACC_011_PT_008,PT_008,7311080426,19.0,ER_ACC_011,emergency_ER_ACC_011_PT_008,joinedS_4273893706_4273893707_7335400058_cluster_13348213189_13348213190_13348213191,cluster_13348213189_13348213190_13348213191,-1455512070,-1455512069,29.158,-174870621#2,skip,disabled_by_single_terminal_experiment,,
b0_valid_18route_ER_ACC_011_PT_008,PT_008,7311080426,27.0,ER_ACC_011,emergency_ER_ACC_011_PT_008,7335400049,7335400049,218773869#7,218773869#8,29.261,180368918#0,skip,disabled_by_single_terminal_experiment,,
b0_valid_18route_ER_ACC_011_PT_008,PT_008,7311080426,31.0,ER_ACC_011,emergency_ER_ACC_011_PT_008,11346754525,11346754525,219696193#0,219696193#1,29.72,180368918#6,skip,disabled_by_single_terminal_experiment,,
b0_valid_18route_ER_ACC_011_PT_008,PT_008,7311080426,43.0,ER_ACC_011,emergency_ER_ACC_011_PT_008,11203059756,11203059756,782892489#0,782892489#2,29.125,218773868#5,skip,disabled_by_single_terminal_experiment,,
b0_valid_18route_ER_ACC_011_PT_008,PT_008,7311080426,48.0,ER_ACC_011,emergency_ER_ACC_011_PT_008,7311080426,7311080426,782892489#5,198564926,29.193,428260110,extend_green,current_phase_already_green,0,
b0_valid_18route_ER_ACC_011_PT_009,PT_009,7335400049,1.0,ER_ACC_011,emergency_ER_ACC_011_PT_009,cluster_1326096615_3849700763,cluster_1326096615_3849700763,-381802847#2,-183272625#1,2.979,-381802881#2,skip,disabled_by_single_terminal_experiment,,
b0_valid_18route_ER_ACC_011_PT_009,PT_009,7335400049,2.0,ER_ACC_011,emergency_ER_ACC_011_PT_009,cluster_3846534041_436877431,cluster_3846534041_436877431,180368918#3,180368918#5,21.224,-381802881#2,skip,disabled_by_single_terminal_experiment,,
b0_valid_18route_ER_ACC_011_PT_009,PT_009,7335400049,19.0,ER_ACC_011,emergency_ER_ACC_011_PT_009,joinedS_4273893706_4273893707_7335400058_cluster_13348213189_13348213190_13348213191,cluster_13348213189_13348213190_13348213191,-1455512070,-1455512069,29.158,-174870621#2,skip,disabled_by_single_terminal_experiment,,
b0_valid_18route_ER_ACC_011_PT_009,PT_009,7335400049,27.0,ER_ACC_011,emergency_ER_ACC_011_PT_009,7335400049,7335400049,218773869#7,218773869#8,29.261,180368918#0,extend_green,current_phase_already_green,0,
b0_valid_18route_ER_ACC_011_PT_009,PT_009,7335400049,31.0,ER_ACC_011,emergency_ER_ACC_011_PT_009,11346754525,11346754525,219696193#0,219696193#1,29.72,180368918#6,skip,disabled_by_single_terminal_experiment,,
b0_valid_18route_ER_ACC_011_PT_009,PT_009,7335400049,43.0,ER_ACC_011,emergency_ER_ACC_011_PT_009,11203059756,11203059756,782892489#0,782892489#2,29.125,218773868#5,skip,disabled_by_single_terminal_experiment,,
b0_valid_18route_ER_ACC_011_PT_009,PT_009,7335400049,48.0,ER_ACC_011,emergency_ER_ACC_011_PT_009,7311080426,7311080426,782892489#5,198564926,29.193,428260110,skip,disabled_by_single_terminal_experiment,,
b0_valid_18route_ER_ACC_011_PT_010,PT_010,cluster_11203041632_11203041633_11203041634_11203041635_#5more,1.0,ER_ACC_011,emergency_ER_ACC_011_PT_010,cluster_1326096615_3849700763,cluster_1326096615_3849700763,-381802847#2,-183272625#1,2.979,-381802881#2,skip,disabled_by_single_terminal_experiment,,
b0_valid_18route_ER_ACC_011_PT_010,PT_010,cluster_11203041632_11203041633_11203041634_11203041635_#5more,2.0,ER_ACC_011,emergency_ER_ACC_011_PT_010,cluster_3846534041_436877431,cluster_3846534041_436877431,180368918#3,180368918#5,21.224,-381802881#2,skip,disabled_by_single_terminal_experiment,,
b0_valid_18route_ER_ACC_011_PT_010,PT_010,cluster_11203041632_11203041633_11203041634_11203041635_#5more,19.0,ER_ACC_011,emergency_ER_ACC_011_PT_010,joinedS_4273893706_4273893707_7335400058_cluster_13348213189_13348213190_13348213191,cluster_13348213189_13348213190_13348213191,-1455512070,-1455512069,29.158,-174870621#2,skip,disabled_by_single_terminal_experiment,,
b0_valid_18route_ER_ACC_011_PT_010,PT_010,cluster_11203041632_11203041633_11203041634_11203041635_#5more,27.0,ER_ACC_011,emergency_ER_ACC_011_PT_010,7335400049,7335400049,218773869#7,218773869#8,29.261,180368918#0,skip,disabled_by_single_terminal_experiment,,
b0_valid_18route_ER_ACC_011_PT_010,PT_010,cluster_11203041632_11203041633_11203041634_11203041635_#5more,31.0,ER_ACC_011,emergency_ER_ACC_011_PT_010,11346754525,11346754525,219696193#0,219696193#1,29.72,180368918#6,skip,disabled_by_single_terminal_experiment,,
b0_valid_18route_ER_ACC_011_PT_010,PT_010,cluster_11203041632_11203041633_11203041634_11203041635_#5more,43.0,ER_ACC_011,emergency_ER_ACC_011_PT_010,11203059756,11203059756,782892489#0,782892489#2,29.125,218773868#5,skip,disabled_by_single_terminal_experiment,,
b0_valid_18route_ER_ACC_011_PT_010,PT_010,cluster_11203041632_11203041633_11203041634_11203041635_#5more,48.0,ER_ACC_011,emergency_ER_ACC_011_PT_010,7311080426,7311080426,782892489#5,198564926,29.193,428260110,skip,disabled_by_single_terminal_experiment,,
b0_valid_18route_ER_ACC_011_PT_011,PT_011,cluster_11277565408_11277565409_414685823_5851251280,1.0,ER_ACC_011,emergency_ER_ACC_011_PT_011,cluster_1326096615_3849700763,cluster_1326096615_3849700763,-381802847#2,-183272625#1,2.979,-381802881#2,skip,disabled_by_single_terminal_experiment,,
b0_valid_18route_ER_ACC_011_PT_011,PT_011,cluster_11277565408_11277565409_414685823_5851251280,2.0,ER_ACC_011,emergency_ER_ACC_011_PT_011,cluster_3846534041_436877431,cluster_3846534041_436877431,180368918#3,180368918#5,21.224,-381802881#2,skip,disabled_by_single_terminal_experiment,,
b0_valid_18route_ER_ACC_011_PT_011,PT_011,cluster_11277565408_11277565409_414685823_5851251280,19.0,ER_ACC_011,emergency_ER_ACC_011_PT_011,joinedS_4273893706_4273893707_7335400058_cluster_13348213189_13348213190_13348213191,cluster_13348213189_13348213190_13348213191,-1455512070,-1455512069,29.158,-174870621#2,skip,disabled_by_single_terminal_experiment,,
b0_valid_18route_ER_ACC_011_PT_011,PT_011,cluster_11277565408_11277565409_414685823_5851251280,27.0,ER_ACC_011,emergency_ER_ACC_011_PT_011,7335400049,7335400049,218773869#7,218773869#8,29.261,180368918#0,skip,disabled_by_single_terminal_experiment,,
b0_valid_18route_ER_ACC_011_PT_011,PT_011,cluster_11277565408_11277565409_414685823_5851251280,31.0,ER_ACC_011,emergency_ER_ACC_011_PT_011,11346754525,11346754525,219696193#0,219696193#1,29.72,180368918#6,skip,disabled_by_single_terminal_experiment,,
b0_valid_18route_ER_ACC_011_PT_011,PT_011,cluster_11277565408_11277565409_414685823_5851251280,43.0,ER_ACC_011,emergency_ER_ACC_011_PT_011,11203059756,11203059756,782892489#0,782892489#2,29.125,218773868#5,skip,disabled_by_single_terminal_experiment,,
b0_valid_18route_ER_ACC_011_PT_011,PT_011,cluster_11277565408_11277565409_414685823_5851251280,48.0,ER_ACC_011,emergency_ER_ACC_011_PT_011,7311080426,7311080426,782892489#5,198564926,29.193,428260110,skip,disabled_by_single_terminal_experiment,,
b0_valid_18route_ER_ACC_011_PT_012,PT_012,cluster_12785870414_3337522189,1.0,ER_ACC_011,emergency_ER_ACC_011_PT_012,cluster_1326096615_3849700763,cluster_1326096615_3849700763,-381802847#2,-183272625#1,2.979,-381802881#2,skip,disabled_by_single_terminal_experiment,,
b0_valid_18route_ER_ACC_011_PT_012,PT_012,cluster_12785870414_3337522189,2.0,ER_ACC_011,emergency_ER_ACC_011_PT_012,cluster_3846534041_436877431,cluster_3846534041_436877431,180368918#3,180368918#5,21.224,-381802881#2,skip,disabled_by_single_terminal_experiment,,
b0_valid_18route_ER_ACC_011_PT_012,PT_012,cluster_12785870414_3337522189,19.0,ER_ACC_011,emergency_ER_ACC_011_PT_012,joinedS_4273893706_4273893707_7335400058_cluster_13348213189_13348213190_13348213191,cluster_13348213189_13348213190_13348213191,-1455512070,-1455512069,29.158,-174870621#2,skip,disabled_by_single_terminal_experiment,,
b0_valid_18route_ER_ACC_011_PT_012,PT_012,cluster_12785870414_3337522189,27.0,ER_ACC_011,emergency_ER_ACC_011_PT_012,7335400049,7335400049,218773869#7,218773869#8,29.261,180368918#0,skip,disabled_by_single_terminal_experiment,,
b0_valid_18route_ER_ACC_011_PT_012,PT_012,cluster_12785870414_3337522189,31.0,ER_ACC_011,emergency_ER_ACC_011_PT_012,11346754525,11346754525,219696193#0,219696193#1,29.72,180368918#6,skip,disabled_by_single_terminal_experiment,,
b0_valid_18route_ER_ACC_011_PT_012,PT_012,cluster_12785870414_3337522189,43.0,ER_ACC_011,emergency_ER_ACC_011_PT_012,11203059756,11203059756,782892489#0,782892489#2,29.125,218773868#5,skip,disabled_by_single_terminal_experiment,,
b0_valid_18route_ER_ACC_011_PT_012,PT_012,cluster_12785870414_3337522189,48.0,ER_ACC_011,emergency_ER_ACC_011_PT_012,7311080426,7311080426,782892489#5,198564926,29.193,428260110,skip,disabled_by_single_terminal_experiment,,
b0_valid_18route_ER_ACC_011_PT_013,PT_013,cluster_1326096615_3849700763,1.0,ER_ACC_011,emergency_ER_ACC_011_PT_013,cluster_1326096615_3849700763,cluster_1326096615_3849700763,-381802847#2,-183272625#1,2.979,-381802881#2,skip,safe_green_not_current_or_next_phase,0,2
b0_valid_18route_ER_ACC_011_PT_013,PT_013,cluster_1326096615_3849700763,2.0,ER_ACC_011,emergency_ER_ACC_011_PT_013,cluster_3846534041_436877431,cluster_3846534041_436877431,180368918#3,180368918#5,21.224,-381802881#2,skip,disabled_by_single_terminal_experiment,,
b0_valid_18route_ER_ACC_011_PT_013,PT_013,cluster_1326096615_3849700763,19.0,ER_ACC_011,emergency_ER_ACC_011_PT_013,joinedS_4273893706_4273893707_7335400058_cluster_13348213189_13348213190_13348213191,cluster_13348213189_13348213190_13348213191,-1455512070,-1455512069,29.158,-174870621#2,skip,disabled_by_single_terminal_experiment,,
b0_valid_18route_ER_ACC_011_PT_013,PT_013,cluster_1326096615_3849700763,27.0,ER_ACC_011,emergency_ER_ACC_011_PT_013,7335400049,7335400049,218773869#7,218773869#8,29.261,180368918#0,skip,disabled_by_single_terminal_experiment,,
b0_valid_18route_ER_ACC_011_PT_013,PT_013,cluster_1326096615_3849700763,31.0,ER_ACC_011,emergency_ER_ACC_011_PT_013,11346754525,11346754525,219696193#0,219696193#1,29.72,180368918#6,skip,disabled_by_single_terminal_experiment,,
b0_valid_18route_ER_ACC_011_PT_013,PT_013,cluster_1326096615_3849700763,43.0,ER_ACC_011,emergency_ER_ACC_011_PT_013,11203059756,11203059756,782892489#0,782892489#2,29.125,218773868#5,skip,disabled_by_single_terminal_experiment,,
b0_valid_18route_ER_ACC_011_PT_013,PT_013,cluster_1326096615_3849700763,48.0,ER_ACC_011,emergency_ER_ACC_011_PT_013,7311080426,7311080426,782892489#5,198564926,29.193,428260110,skip,disabled_by_single_terminal_experiment,,
b0_valid_18route_ER_ACC_011_PT_014,PT_014,cluster_13348293702_13348293703_414685829,1.0,ER_ACC_011,emergency_ER_ACC_011_PT_014,cluster_1326096615_3849700763,cluster_1326096615_3849700763,-381802847#2,-183272625#1,2.979,-381802881#2,skip,disabled_by_single_terminal_experiment,,
b0_valid_18route_ER_ACC_011_PT_014,PT_014,cluster_13348293702_13348293703_414685829,2.0,ER_ACC_011,emergency_ER_ACC_011_PT_014,cluster_3846534041_436877431,cluster_3846534041_436877431,180368918#3,180368918#5,21.224,-381802881#2,skip,disabled_by_single_terminal_experiment,,
b0_valid_18route_ER_ACC_011_PT_014,PT_014,cluster_13348293702_13348293703_414685829,19.0,ER_ACC_011,emergency_ER_ACC_011_PT_014,joinedS_4273893706_4273893707_7335400058_cluster_13348213189_13348213190_13348213191,cluster_13348213189_13348213190_13348213191,-1455512070,-1455512069,29.158,-174870621#2,skip,disabled_by_single_terminal_experiment,,
b0_valid_18route_ER_ACC_011_PT_014,PT_014,cluster_13348293702_13348293703_414685829,27.0,ER_ACC_011,emergency_ER_ACC_011_PT_014,7335400049,7335400049,218773869#7,218773869#8,29.261,180368918#0,skip,disabled_by_single_terminal_experiment,,
b0_valid_18route_ER_ACC_011_PT_014,PT_014,cluster_13348293702_13348293703_414685829,31.0,ER_ACC_011,emergency_ER_ACC_011_PT_014,11346754525,11346754525,219696193#0,219696193#1,29.72,180368918#6,skip,disabled_by_single_terminal_experiment,,
b0_valid_18route_ER_ACC_011_PT_014,PT_014,cluster_13348293702_13348293703_414685829,43.0,ER_ACC_011,emergency_ER_ACC_011_PT_014,11203059756,11203059756,782892489#0,782892489#2,29.125,218773868#5,skip,disabled_by_single_terminal_experiment,,
b0_valid_18route_ER_ACC_011_PT_014,PT_014,cluster_13348293702_13348293703_414685829,48.0,ER_ACC_011,emergency_ER_ACC_011_PT_014,7311080426,7311080426,782892489#5,198564926,29.193,428260110,skip,disabled_by_single_terminal_experiment,,
b0_valid_18route_ER_ACC_011_PT_015,PT_015,cluster_3846534041_436877431,1.0,ER_ACC_011,emergency_ER_ACC_011_PT_015,cluster_1326096615_3849700763,cluster_1326096615_3849700763,-381802847#2,-183272625#1,2.979,-381802881#2,skip,disabled_by_single_terminal_experiment,,
b0_valid_18route_ER_ACC_011_PT_015,PT_015,cluster_3846534041_436877431,2.0,ER_ACC_011,emergency_ER_ACC_011_PT_015,cluster_3846534041_436877431,cluster_3846534041_436877431,180368918#3,180368918#5,21.224,-381802881#2,extend_green,current_phase_already_green,0,
b0_valid_18route_ER_ACC_011_PT_015,PT_015,cluster_3846534041_436877431,19.0,ER_ACC_011,emergency_ER_ACC_011_PT_015,joinedS_4273893706_4273893707_7335400058_cluster_13348213189_13348213190_13348213191,cluster_13348213189_13348213190_13348213191,-1455512070,-1455512069,29.158,-174870621#2,skip,disabled_by_single_terminal_experiment,,
b0_valid_18route_ER_ACC_011_PT_015,PT_015,cluster_3846534041_436877431,27.0,ER_ACC_011,emergency_ER_ACC_011_PT_015,7335400049,7335400049,218773869#7,218773869#8,29.261,180368918#0,skip,disabled_by_single_terminal_experiment,,
b0_valid_18route_ER_ACC_011_PT_015,PT_015,cluster_3846534041_436877431,31.0,ER_ACC_011,emergency_ER_ACC_011_PT_015,11346754525,11346754525,219696193#0,219696193#1,29.72,180368918#6,skip,disabled_by_single_terminal_experiment,,
b0_valid_18route_ER_ACC_011_PT_015,PT_015,cluster_3846534041_436877431,43.0,ER_ACC_011,emergency_ER_ACC_011_PT_015,11203059756,11203059756,782892489#0,782892489#2,29.125,218773868#5,skip,disabled_by_single_terminal_experiment,,
b0_valid_18route_ER_ACC_011_PT_015,PT_015,cluster_3846534041_436877431,48.0,ER_ACC_011,emergency_ER_ACC_011_PT_015,7311080426,7311080426,782892489#5,198564926,29.193,428260110,skip,disabled_by_single_terminal_experiment,,
b0_valid_18route_ER_ACC_011_PT_016,PT_016,joinedS_11139302899_11139302904_11178710208_cluster_11139302901_5593950669_5593950674,1.0,ER_ACC_011,emergency_ER_ACC_011_PT_016,cluster_1326096615_3849700763,cluster_1326096615_3849700763,-381802847#2,-183272625#1,2.979,-381802881#2,skip,disabled_by_single_terminal_experiment,,
b0_valid_18route_ER_ACC_011_PT_016,PT_016,joinedS_11139302899_11139302904_11178710208_cluster_11139302901_5593950669_5593950674,2.0,ER_ACC_011,emergency_ER_ACC_011_PT_016,cluster_3846534041_436877431,cluster_3846534041_436877431,180368918#3,180368918#5,21.224,-381802881#2,skip,disabled_by_single_terminal_experiment,,
b0_valid_18route_ER_ACC_011_PT_016,PT_016,joinedS_11139302899_11139302904_11178710208_cluster_11139302901_5593950669_5593950674,19.0,ER_ACC_011,emergency_ER_ACC_011_PT_016,joinedS_4273893706_4273893707_7335400058_cluster_13348213189_13348213190_13348213191,cluster_13348213189_13348213190_13348213191,-1455512070,-1455512069,29.158,-174870621#2,skip,disabled_by_single_terminal_experiment,,
b0_valid_18route_ER_ACC_011_PT_016,PT_016,joinedS_11139302899_11139302904_11178710208_cluster_11139302901_5593950669_5593950674,27.0,ER_ACC_011,emergency_ER_ACC_011_PT_016,7335400049,7335400049,218773869#7,218773869#8,29.261,180368918#0,skip,disabled_by_single_terminal_experiment,,
b0_valid_18route_ER_ACC_011_PT_016,PT_016,joinedS_11139302899_11139302904_11178710208_cluster_11139302901_5593950669_5593950674,31.0,ER_ACC_011,emergency_ER_ACC_011_PT_016,11346754525,11346754525,219696193#0,219696193#1,29.72,180368918#6,skip,disabled_by_single_terminal_experiment,,
b0_valid_18route_ER_ACC_011_PT_016,PT_016,joinedS_11139302899_11139302904_11178710208_cluster_11139302901_5593950669_5593950674,43.0,ER_ACC_011,emergency_ER_ACC_011_PT_016,11203059756,11203059756,782892489#0,782892489#2,29.125,218773868#5,skip,disabled_by_single_terminal_experiment,,
b0_valid_18route_ER_ACC_011_PT_016,PT_016,joinedS_11139302899_11139302904_11178710208_cluster_11139302901_5593950669_5593950674,48.0,ER_ACC_011,emergency_ER_ACC_011_PT_016,7311080426,7311080426,782892489#5,198564926,29.193,428260110,skip,disabled_by_single_terminal_experiment,,
b0_valid_18route_ER_ACC_011_PT_017,PT_017,joinedS_11203001806_11203001814_13721232731_5851251250_#6more,1.0,ER_ACC_011,emergency_ER_ACC_011_PT_017,cluster_1326096615_3849700763,cluster_1326096615_3849700763,-381802847#2,-183272625#1,2.979,-381802881#2,skip,disabled_by_single_terminal_experiment,,
b0_valid_18route_ER_ACC_011_PT_017,PT_017,joinedS_11203001806_11203001814_13721232731_5851251250_#6more,2.0,ER_ACC_011,emergency_ER_ACC_011_PT_017,cluster_3846534041_436877431,cluster_3846534041_436877431,180368918#3,180368918#5,21.224,-381802881#2,skip,disabled_by_single_terminal_experiment,,
b0_valid_18route_ER_ACC_011_PT_017,PT_017,joinedS_11203001806_11203001814_13721232731_5851251250_#6more,19.0,ER_ACC_011,emergency_ER_ACC_011_PT_017,joinedS_4273893706_4273893707_7335400058_cluster_13348213189_13348213190_13348213191,cluster_13348213189_13348213190_13348213191,-1455512070,-1455512069,29.158,-174870621#2,skip,disabled_by_single_terminal_experiment,,
b0_valid_18route_ER_ACC_011_PT_017,PT_017,joinedS_11203001806_11203001814_13721232731_5851251250_#6more,27.0,ER_ACC_011,emergency_ER_ACC_011_PT_017,7335400049,7335400049,218773869#7,218773869#8,29.261,180368918#0,skip,disabled_by_single_terminal_experiment,,
b0_valid_18route_ER_ACC_011_PT_017,PT_017,joinedS_11203001806_11203001814_13721232731_5851251250_#6more,31.0,ER_ACC_011,emergency_ER_ACC_011_PT_017,11346754525,11346754525,219696193#0,219696193#1,29.72,180368918#6,skip,disabled_by_single_terminal_experiment,,
b0_valid_18route_ER_ACC_011_PT_017,PT_017,joinedS_11203001806_11203001814_13721232731_5851251250_#6more,43.0,ER_ACC_011,emergency_ER_ACC_011_PT_017,11203059756,11203059756,782892489#0,782892489#2,29.125,218773868#5,skip,disabled_by_single_terminal_experiment,,
b0_valid_18route_ER_ACC_011_PT_017,PT_017,joinedS_11203001806_11203001814_13721232731_5851251250_#6more,48.0,ER_ACC_011,emergency_ER_ACC_011_PT_017,7311080426,7311080426,782892489#5,198564926,29.193,428260110,skip,disabled_by_single_terminal_experiment,,
b0_valid_18route_ER_ACC_011_PT_018,PT_018,joinedS_11203052957_cluster_11203052955_11203052956_11203052960_11203052961_#11more,1.0,ER_ACC_011,emergency_ER_ACC_011_PT_018,cluster_1326096615_3849700763,cluster_1326096615_3849700763,-381802847#2,-183272625#1,2.979,-381802881#2,skip,disabled_by_single_terminal_experiment,,
b0_valid_18route_ER_ACC_011_PT_018,PT_018,joinedS_11203052957_cluster_11203052955_11203052956_11203052960_11203052961_#11more,2.0,ER_ACC_011,emergency_ER_ACC_011_PT_018,cluster_3846534041_436877431,cluster_3846534041_436877431,180368918#3,180368918#5,21.224,-381802881#2,skip,disabled_by_single_terminal_experiment,,
b0_valid_18route_ER_ACC_011_PT_018,PT_018,joinedS_11203052957_cluster_11203052955_11203052956_11203052960_11203052961_#11more,19.0,ER_ACC_011,emergency_ER_ACC_011_PT_018,joinedS_4273893706_4273893707_7335400058_cluster_13348213189_13348213190_13348213191,cluster_13348213189_13348213190_13348213191,-1455512070,-1455512069,29.158,-174870621#2,skip,disabled_by_single_terminal_experiment,,
b0_valid_18route_ER_ACC_011_PT_018,PT_018,joinedS_11203052957_cluster_11203052955_11203052956_11203052960_11203052961_#11more,27.0,ER_ACC_011,emergency_ER_ACC_011_PT_018,7335400049,7335400049,218773869#7,218773869#8,29.261,180368918#0,skip,disabled_by_single_terminal_experiment,,
b0_valid_18route_ER_ACC_011_PT_018,PT_018,joinedS_11203052957_cluster_11203052955_11203052956_11203052960_11203052961_#11more,31.0,ER_ACC_011,emergency_ER_ACC_011_PT_018,11346754525,11346754525,219696193#0,219696193#1,29.72,180368918#6,skip,disabled_by_single_terminal_experiment,,
b0_valid_18route_ER_ACC_011_PT_018,PT_018,joinedS_11203052957_cluster_11203052955_11203052956_11203052960_11203052961_#11more,43.0,ER_ACC_011,emergency_ER_ACC_011_PT_018,11203059756,11203059756,782892489#0,782892489#2,29.125,218773868#5,skip,disabled_by_single_terminal_experiment,,
b0_valid_18route_ER_ACC_011_PT_018,PT_018,joinedS_11203052957_cluster_11203052955_11203052956_11203052960_11203052961_#11more,48.0,ER_ACC_011,emergency_ER_ACC_011_PT_018,7311080426,7311080426,782892489#5,198564926,29.193,428260110,skip,disabled_by_single_terminal_experiment,,
b0_valid_18route_ER_ACC_011_PT_019,PT_019,joinedS_4273893706_4273893707_7335400058_cluster_13348213189_13348213190_13348213191,1.0,ER_ACC_011,emergency_ER_ACC_011_PT_019,cluster_1326096615_3849700763,cluster_1326096615_3849700763,-381802847#2,-183272625#1,2.979,-381802881#2,skip,disabled_by_single_terminal_experiment,,
b0_valid_18route_ER_ACC_011_PT_019,PT_019,joinedS_4273893706_4273893707_7335400058_cluster_13348213189_13348213190_13348213191,2.0,ER_ACC_011,emergency_ER_ACC_011_PT_019,cluster_3846534041_436877431,cluster_3846534041_436877431,180368918#3,180368918#5,21.224,-381802881#2,skip,disabled_by_single_terminal_experiment,,
b0_valid_18route_ER_ACC_011_PT_019,PT_019,joinedS_4273893706_4273893707_7335400058_cluster_13348213189_13348213190_13348213191,19.0,ER_ACC_011,emergency_ER_ACC_011_PT_019,joinedS_4273893706_4273893707_7335400058_cluster_13348213189_13348213190_13348213191,cluster_13348213189_13348213190_13348213191,-1455512070,-1455512069,29.158,-174870621#2,extend_green,current_phase_already_green,0,
b0_valid_18route_ER_ACC_011_PT_019,PT_019,joinedS_4273893706_4273893707_7335400058_cluster_13348213189_13348213190_13348213191,27.0,ER_ACC_011,emergency_ER_ACC_011_PT_019,7335400049,7335400049,218773869#7,218773869#8,29.261,180368918#0,skip,disabled_by_single_terminal_experiment,,
b0_valid_18route_ER_ACC_011_PT_019,PT_019,joinedS_4273893706_4273893707_7335400058_cluster_13348213189_13348213190_13348213191,31.0,ER_ACC_011,emergency_ER_ACC_011_PT_019,11346754525,11346754525,219696193#0,219696193#1,29.72,180368918#6,skip,disabled_by_single_terminal_experiment,,
b0_valid_18route_ER_ACC_011_PT_019,PT_019,joinedS_4273893706_4273893707_7335400058_cluster_13348213189_13348213190_13348213191,43.0,ER_ACC_011,emergency_ER_ACC_011_PT_019,11203059756,11203059756,782892489#0,782892489#2,29.125,218773868#5,skip,disabled_by_single_terminal_experiment,,
b0_valid_18route_ER_ACC_011_PT_019,PT_019,joinedS_4273893706_4273893707_7335400058_cluster_13348213189_13348213190_13348213191,48.0,ER_ACC_011,emergency_ER_ACC_011_PT_019,7311080426,7311080426,782892489#5,198564926,29.193,428260110,skip,disabled_by_single_terminal_experiment,,
b0_valid_18route_ER_ACC_011_PT_020,PT_020,joinedS_4276255150_4276255151_4276255152_cluster_4276255149_436839431,1.0,ER_ACC_011,emergency_ER_ACC_011_PT_020,cluster_1326096615_3849700763,cluster_1326096615_3849700763,-381802847#2,-183272625#1,2.979,-381802881#2,skip,disabled_by_single_terminal_experiment,,
b0_valid_18route_ER_ACC_011_PT_020,PT_020,joinedS_4276255150_4276255151_4276255152_cluster_4276255149_436839431,2.0,ER_ACC_011,emergency_ER_ACC_011_PT_020,cluster_3846534041_436877431,cluster_3846534041_436877431,180368918#3,180368918#5,21.224,-381802881#2,skip,disabled_by_single_terminal_experiment,,
b0_valid_18route_ER_ACC_011_PT_020,PT_020,joinedS_4276255150_4276255151_4276255152_cluster_4276255149_436839431,19.0,ER_ACC_011,emergency_ER_ACC_011_PT_020,joinedS_4273893706_4273893707_7335400058_cluster_13348213189_13348213190_13348213191,cluster_13348213189_13348213190_13348213191,-1455512070,-1455512069,29.158,-174870621#2,skip,disabled_by_single_terminal_experiment,,
b0_valid_18route_ER_ACC_011_PT_020,PT_020,joinedS_4276255150_4276255151_4276255152_cluster_4276255149_436839431,27.0,ER_ACC_011,emergency_ER_ACC_011_PT_020,7335400049,7335400049,218773869#7,218773869#8,29.261,180368918#0,skip,disabled_by_single_terminal_experiment,,
b0_valid_18route_ER_ACC_011_PT_020,PT_020,joinedS_4276255150_4276255151_4276255152_cluster_4276255149_436839431,31.0,ER_ACC_011,emergency_ER_ACC_011_PT_020,11346754525,11346754525,219696193#0,219696193#1,29.72,180368918#6,skip,disabled_by_single_terminal_experiment,,
b0_valid_18route_ER_ACC_011_PT_020,PT_020,joinedS_4276255150_4276255151_4276255152_cluster_4276255149_436839431,43.0,ER_ACC_011,emergency_ER_ACC_011_PT_020,11203059756,11203059756,782892489#0,782892489#2,29.125,218773868#5,skip,disabled_by_single_terminal_experiment,,
b0_valid_18route_ER_ACC_011_PT_020,PT_020,joinedS_4276255150_4276255151_4276255152_cluster_4276255149_436839431,48.0,ER_ACC_011,emergency_ER_ACC_011_PT_020,7311080426,7311080426,782892489#5,198564926,29.193,428260110,skip,disabled_by_single_terminal_experiment,,
b0_valid_18route_ER_ACC_012_PT_001,PT_001,11203059756,1.0,ER_ACC_012,emergency_ER_ACC_012_PT_001,cluster_1326096615_3849700763,cluster_1326096615_3849700763,-381802847#2,-183272625#1,2.979,-381802881#2,skip,disabled_by_single_terminal_experiment,,
b0_valid_18route_ER_ACC_012_PT_001,PT_001,11203059756,2.0,ER_ACC_012,emergency_ER_ACC_012_PT_001,cluster_3846534041_436877431,cluster_3846534041_436877431,180368918#3,180368918#5,21.224,-381802881#2,skip,disabled_by_single_terminal_experiment,,
b0_valid_18route_ER_ACC_012_PT_001,PT_001,11203059756,19.0,ER_ACC_012,emergency_ER_ACC_012_PT_001,joinedS_4273893706_4273893707_7335400058_cluster_13348213189_13348213190_13348213191,cluster_13348213189_13348213190_13348213191,-1455512070,1455512071,29.158,-174870621#2,skip,disabled_by_single_terminal_experiment,,
b0_valid_18route_ER_ACC_012_PT_001,PT_001,11203059756,21.0,ER_ACC_012,emergency_ER_ACC_012_PT_001,cluster_13348293702_13348293703_414685829,cluster_13348293702_13348293703_414685829,1455518728,-198564928#28,28.88,-174870621#2,skip,disabled_by_single_terminal_experiment,,
b0_valid_18route_ER_ACC_012_PT_001,PT_001,11203059756,24.0,ER_ACC_012,emergency_ER_ACC_012_PT_001,joinedS_4276255150_4276255151_4276255152_cluster_4276255149_436839431,4276255150,-198564928#24,-198564928#23,28.406,-174870621#0,skip,disabled_by_single_terminal_experiment,,
b0_valid_18route_ER_ACC_012_PT_002,PT_002,11346754524,1.0,ER_ACC_012,emergency_ER_ACC_012_PT_002,cluster_1326096615_3849700763,cluster_1326096615_3849700763,-381802847#2,-183272625#1,2.979,-381802881#2,skip,disabled_by_single_terminal_experiment,,
b0_valid_18route_ER_ACC_012_PT_002,PT_002,11346754524,2.0,ER_ACC_012,emergency_ER_ACC_012_PT_002,cluster_3846534041_436877431,cluster_3846534041_436877431,180368918#3,180368918#5,21.224,-381802881#2,skip,disabled_by_single_terminal_experiment,,
b0_valid_18route_ER_ACC_012_PT_002,PT_002,11346754524,19.0,ER_ACC_012,emergency_ER_ACC_012_PT_002,joinedS_4273893706_4273893707_7335400058_cluster_13348213189_13348213190_13348213191,cluster_13348213189_13348213190_13348213191,-1455512070,1455512071,29.158,-174870621#2,skip,disabled_by_single_terminal_experiment,,
b0_valid_18route_ER_ACC_012_PT_002,PT_002,11346754524,21.0,ER_ACC_012,emergency_ER_ACC_012_PT_002,cluster_13348293702_13348293703_414685829,cluster_13348293702_13348293703_414685829,1455518728,-198564928#28,28.88,-174870621#2,skip,disabled_by_single_terminal_experiment,,
b0_valid_18route_ER_ACC_012_PT_002,PT_002,11346754524,24.0,ER_ACC_012,emergency_ER_ACC_012_PT_002,joinedS_4276255150_4276255151_4276255152_cluster_4276255149_436839431,4276255150,-198564928#24,-198564928#23,28.406,-174870621#0,skip,disabled_by_single_terminal_experiment,,
b0_valid_18route_ER_ACC_012_PT_003,PT_003,11346754525,1.0,ER_ACC_012,emergency_ER_ACC_012_PT_003,cluster_1326096615_3849700763,cluster_1326096615_3849700763,-381802847#2,-183272625#1,2.979,-381802881#2,skip,disabled_by_single_terminal_experiment,,
b0_valid_18route_ER_ACC_012_PT_003,PT_003,11346754525,2.0,ER_ACC_012,emergency_ER_ACC_012_PT_003,cluster_3846534041_436877431,cluster_3846534041_436877431,180368918#3,180368918#5,21.224,-381802881#2,skip,disabled_by_single_terminal_experiment,,
b0_valid_18route_ER_ACC_012_PT_003,PT_003,11346754525,19.0,ER_ACC_012,emergency_ER_ACC_012_PT_003,joinedS_4273893706_4273893707_7335400058_cluster_13348213189_13348213190_13348213191,cluster_13348213189_13348213190_13348213191,-1455512070,1455512071,29.158,-174870621#2,skip,disabled_by_single_terminal_experiment,,
b0_valid_18route_ER_ACC_012_PT_003,PT_003,11346754525,21.0,ER_ACC_012,emergency_ER_ACC_012_PT_003,cluster_13348293702_13348293703_414685829,cluster_13348293702_13348293703_414685829,1455518728,-198564928#28,28.88,-174870621#2,skip,disabled_by_single_terminal_experiment,,
b0_valid_18route_ER_ACC_012_PT_003,PT_003,11346754525,24.0,ER_ACC_012,emergency_ER_ACC_012_PT_003,joinedS_4276255150_4276255151_4276255152_cluster_4276255149_436839431,4276255150,-198564928#24,-198564928#23,28.406,-174870621#0,skip,disabled_by_single_terminal_experiment,,
b0_valid_18route_ER_ACC_012_PT_004,PT_004,13732389937,1.0,ER_ACC_012,emergency_ER_ACC_012_PT_004,cluster_1326096615_3849700763,cluster_1326096615_3849700763,-381802847#2,-183272625#1,2.979,-381802881#2,skip,disabled_by_single_terminal_experiment,,
b0_valid_18route_ER_ACC_012_PT_004,PT_004,13732389937,2.0,ER_ACC_012,emergency_ER_ACC_012_PT_004,cluster_3846534041_436877431,cluster_3846534041_436877431,180368918#3,180368918#5,21.224,-381802881#2,skip,disabled_by_single_terminal_experiment,,
b0_valid_18route_ER_ACC_012_PT_004,PT_004,13732389937,19.0,ER_ACC_012,emergency_ER_ACC_012_PT_004,joinedS_4273893706_4273893707_7335400058_cluster_13348213189_13348213190_13348213191,cluster_13348213189_13348213190_13348213191,-1455512070,1455512071,29.158,-174870621#2,skip,disabled_by_single_terminal_experiment,,
b0_valid_18route_ER_ACC_012_PT_004,PT_004,13732389937,21.0,ER_ACC_012,emergency_ER_ACC_012_PT_004,cluster_13348293702_13348293703_414685829,cluster_13348293702_13348293703_414685829,1455518728,-198564928#28,28.88,-174870621#2,skip,disabled_by_single_terminal_experiment,,
b0_valid_18route_ER_ACC_012_PT_004,PT_004,13732389937,24.0,ER_ACC_012,emergency_ER_ACC_012_PT_004,joinedS_4276255150_4276255151_4276255152_cluster_4276255149_436839431,4276255150,-198564928#24,-198564928#23,28.406,-174870621#0,skip,disabled_by_single_terminal_experiment,,
b0_valid_18route_ER_ACC_012_PT_005,PT_005,13732389938,1.0,ER_ACC_012,emergency_ER_ACC_012_PT_005,cluster_1326096615_3849700763,cluster_1326096615_3849700763,-381802847#2,-183272625#1,2.979,-381802881#2,skip,disabled_by_single_terminal_experiment,,
b0_valid_18route_ER_ACC_012_PT_005,PT_005,13732389938,2.0,ER_ACC_012,emergency_ER_ACC_012_PT_005,cluster_3846534041_436877431,cluster_3846534041_436877431,180368918#3,180368918#5,21.224,-381802881#2,skip,disabled_by_single_terminal_experiment,,
b0_valid_18route_ER_ACC_012_PT_005,PT_005,13732389938,19.0,ER_ACC_012,emergency_ER_ACC_012_PT_005,joinedS_4273893706_4273893707_7335400058_cluster_13348213189_13348213190_13348213191,cluster_13348213189_13348213190_13348213191,-1455512070,1455512071,29.158,-174870621#2,skip,disabled_by_single_terminal_experiment,,
b0_valid_18route_ER_ACC_012_PT_005,PT_005,13732389938,21.0,ER_ACC_012,emergency_ER_ACC_012_PT_005,cluster_13348293702_13348293703_414685829,cluster_13348293702_13348293703_414685829,1455518728,-198564928#28,28.88,-174870621#2,skip,disabled_by_single_terminal_experiment,,
b0_valid_18route_ER_ACC_012_PT_005,PT_005,13732389938,24.0,ER_ACC_012,emergency_ER_ACC_012_PT_005,joinedS_4276255150_4276255151_4276255152_cluster_4276255149_436839431,4276255150,-198564928#24,-198564928#23,28.406,-174870621#0,skip,disabled_by_single_terminal_experiment,,
b0_valid_18route_ER_ACC_012_PT_006,PT_006,4202879197,1.0,ER_ACC_012,emergency_ER_ACC_012_PT_006,cluster_1326096615_3849700763,cluster_1326096615_3849700763,-381802847#2,-183272625#1,2.979,-381802881#2,skip,disabled_by_single_terminal_experiment,,
b0_valid_18route_ER_ACC_012_PT_006,PT_006,4202879197,2.0,ER_ACC_012,emergency_ER_ACC_012_PT_006,cluster_3846534041_436877431,cluster_3846534041_436877431,180368918#3,180368918#5,21.224,-381802881#2,skip,disabled_by_single_terminal_experiment,,
b0_valid_18route_ER_ACC_012_PT_006,PT_006,4202879197,19.0,ER_ACC_012,emergency_ER_ACC_012_PT_006,joinedS_4273893706_4273893707_7335400058_cluster_13348213189_13348213190_13348213191,cluster_13348213189_13348213190_13348213191,-1455512070,1455512071,29.158,-174870621#2,skip,disabled_by_single_terminal_experiment,,
b0_valid_18route_ER_ACC_012_PT_006,PT_006,4202879197,21.0,ER_ACC_012,emergency_ER_ACC_012_PT_006,cluster_13348293702_13348293703_414685829,cluster_13348293702_13348293703_414685829,1455518728,-198564928#28,28.88,-174870621#2,skip,disabled_by_single_terminal_experiment,,
b0_valid_18route_ER_ACC_012_PT_006,PT_006,4202879197,24.0,ER_ACC_012,emergency_ER_ACC_012_PT_006,joinedS_4276255150_4276255151_4276255152_cluster_4276255149_436839431,4276255150,-198564928#24,-198564928#23,28.406,-174870621#0,skip,disabled_by_single_terminal_experiment,,
b0_valid_18route_ER_ACC_012_PT_007,PT_007,436870729,1.0,ER_ACC_012,emergency_ER_ACC_012_PT_007,cluster_1326096615_3849700763,cluster_1326096615_3849700763,-381802847#2,-183272625#1,2.979,-381802881#2,skip,disabled_by_single_terminal_experiment,,
b0_valid_18route_ER_ACC_012_PT_007,PT_007,436870729,2.0,ER_ACC_012,emergency_ER_ACC_012_PT_007,cluster_3846534041_436877431,cluster_3846534041_436877431,180368918#3,180368918#5,21.224,-381802881#2,skip,disabled_by_single_terminal_experiment,,
b0_valid_18route_ER_ACC_012_PT_007,PT_007,436870729,19.0,ER_ACC_012,emergency_ER_ACC_012_PT_007,joinedS_4273893706_4273893707_7335400058_cluster_13348213189_13348213190_13348213191,cluster_13348213189_13348213190_13348213191,-1455512070,1455512071,29.158,-174870621#2,skip,disabled_by_single_terminal_experiment,,
b0_valid_18route_ER_ACC_012_PT_007,PT_007,436870729,21.0,ER_ACC_012,emergency_ER_ACC_012_PT_007,cluster_13348293702_13348293703_414685829,cluster_13348293702_13348293703_414685829,1455518728,-198564928#28,28.88,-174870621#2,skip,disabled_by_single_terminal_experiment,,
b0_valid_18route_ER_ACC_012_PT_007,PT_007,436870729,24.0,ER_ACC_012,emergency_ER_ACC_012_PT_007,joinedS_4276255150_4276255151_4276255152_cluster_4276255149_436839431,4276255150,-198564928#24,-198564928#23,28.406,-174870621#0,skip,disabled_by_single_terminal_experiment,,
b0_valid_18route_ER_ACC_012_PT_008,PT_008,7311080426,1.0,ER_ACC_012,emergency_ER_ACC_012_PT_008,cluster_1326096615_3849700763,cluster_1326096615_3849700763,-381802847#2,-183272625#1,2.979,-381802881#2,skip,disabled_by_single_terminal_experiment,,
b0_valid_18route_ER_ACC_012_PT_008,PT_008,7311080426,2.0,ER_ACC_012,emergency_ER_ACC_012_PT_008,cluster_3846534041_436877431,cluster_3846534041_436877431,180368918#3,180368918#5,21.224,-381802881#2,skip,disabled_by_single_terminal_experiment,,
b0_valid_18route_ER_ACC_012_PT_008,PT_008,7311080426,19.0,ER_ACC_012,emergency_ER_ACC_012_PT_008,joinedS_4273893706_4273893707_7335400058_cluster_13348213189_13348213190_13348213191,cluster_13348213189_13348213190_13348213191,-1455512070,1455512071,29.158,-174870621#2,skip,disabled_by_single_terminal_experiment,,
b0_valid_18route_ER_ACC_012_PT_008,PT_008,7311080426,21.0,ER_ACC_012,emergency_ER_ACC_012_PT_008,cluster_13348293702_13348293703_414685829,cluster_13348293702_13348293703_414685829,1455518728,-198564928#28,28.88,-174870621#2,skip,disabled_by_single_terminal_experiment,,
b0_valid_18route_ER_ACC_012_PT_008,PT_008,7311080426,24.0,ER_ACC_012,emergency_ER_ACC_012_PT_008,joinedS_4276255150_4276255151_4276255152_cluster_4276255149_436839431,4276255150,-198564928#24,-198564928#23,28.406,-174870621#0,skip,disabled_by_single_terminal_experiment,,
b0_valid_18route_ER_ACC_012_PT_009,PT_009,7335400049,1.0,ER_ACC_012,emergency_ER_ACC_012_PT_009,cluster_1326096615_3849700763,cluster_1326096615_3849700763,-381802847#2,-183272625#1,2.979,-381802881#2,skip,disabled_by_single_terminal_experiment,,
b0_valid_18route_ER_ACC_012_PT_009,PT_009,7335400049,2.0,ER_ACC_012,emergency_ER_ACC_012_PT_009,cluster_3846534041_436877431,cluster_3846534041_436877431,180368918#3,180368918#5,21.224,-381802881#2,skip,disabled_by_single_terminal_experiment,,
b0_valid_18route_ER_ACC_012_PT_009,PT_009,7335400049,19.0,ER_ACC_012,emergency_ER_ACC_012_PT_009,joinedS_4273893706_4273893707_7335400058_cluster_13348213189_13348213190_13348213191,cluster_13348213189_13348213190_13348213191,-1455512070,1455512071,29.158,-174870621#2,skip,disabled_by_single_terminal_experiment,,
b0_valid_18route_ER_ACC_012_PT_009,PT_009,7335400049,21.0,ER_ACC_012,emergency_ER_ACC_012_PT_009,cluster_13348293702_13348293703_414685829,cluster_13348293702_13348293703_414685829,1455518728,-198564928#28,28.88,-174870621#2,skip,disabled_by_single_terminal_experiment,,
b0_valid_18route_ER_ACC_012_PT_009,PT_009,7335400049,24.0,ER_ACC_012,emergency_ER_ACC_012_PT_009,joinedS_4276255150_4276255151_4276255152_cluster_4276255149_436839431,4276255150,-198564928#24,-198564928#23,28.406,-174870621#0,skip,disabled_by_single_terminal_experiment,,
b0_valid_18route_ER_ACC_012_PT_010,PT_010,cluster_11203041632_11203041633_11203041634_11203041635_#5more,1.0,ER_ACC_012,emergency_ER_ACC_012_PT_010,cluster_1326096615_3849700763,cluster_1326096615_3849700763,-381802847#2,-183272625#1,2.979,-381802881#2,skip,disabled_by_single_terminal_experiment,,
b0_valid_18route_ER_ACC_012_PT_010,PT_010,cluster_11203041632_11203041633_11203041634_11203041635_#5more,2.0,ER_ACC_012,emergency_ER_ACC_012_PT_010,cluster_3846534041_436877431,cluster_3846534041_436877431,180368918#3,180368918#5,21.224,-381802881#2,skip,disabled_by_single_terminal_experiment,,
b0_valid_18route_ER_ACC_012_PT_010,PT_010,cluster_11203041632_11203041633_11203041634_11203041635_#5more,19.0,ER_ACC_012,emergency_ER_ACC_012_PT_010,joinedS_4273893706_4273893707_7335400058_cluster_13348213189_13348213190_13348213191,cluster_13348213189_13348213190_13348213191,-1455512070,1455512071,29.158,-174870621#2,skip,disabled_by_single_terminal_experiment,,
b0_valid_18route_ER_ACC_012_PT_010,PT_010,cluster_11203041632_11203041633_11203041634_11203041635_#5more,21.0,ER_ACC_012,emergency_ER_ACC_012_PT_010,cluster_13348293702_13348293703_414685829,cluster_13348293702_13348293703_414685829,1455518728,-198564928#28,28.88,-174870621#2,skip,disabled_by_single_terminal_experiment,,
b0_valid_18route_ER_ACC_012_PT_010,PT_010,cluster_11203041632_11203041633_11203041634_11203041635_#5more,24.0,ER_ACC_012,emergency_ER_ACC_012_PT_010,joinedS_4276255150_4276255151_4276255152_cluster_4276255149_436839431,4276255150,-198564928#24,-198564928#23,28.406,-174870621#0,skip,disabled_by_single_terminal_experiment,,
b0_valid_18route_ER_ACC_012_PT_011,PT_011,cluster_11277565408_11277565409_414685823_5851251280,1.0,ER_ACC_012,emergency_ER_ACC_012_PT_011,cluster_1326096615_3849700763,cluster_1326096615_3849700763,-381802847#2,-183272625#1,2.979,-381802881#2,skip,disabled_by_single_terminal_experiment,,
b0_valid_18route_ER_ACC_012_PT_011,PT_011,cluster_11277565408_11277565409_414685823_5851251280,2.0,ER_ACC_012,emergency_ER_ACC_012_PT_011,cluster_3846534041_436877431,cluster_3846534041_436877431,180368918#3,180368918#5,21.224,-381802881#2,skip,disabled_by_single_terminal_experiment,,
b0_valid_18route_ER_ACC_012_PT_011,PT_011,cluster_11277565408_11277565409_414685823_5851251280,19.0,ER_ACC_012,emergency_ER_ACC_012_PT_011,joinedS_4273893706_4273893707_7335400058_cluster_13348213189_13348213190_13348213191,cluster_13348213189_13348213190_13348213191,-1455512070,1455512071,29.158,-174870621#2,skip,disabled_by_single_terminal_experiment,,
b0_valid_18route_ER_ACC_012_PT_011,PT_011,cluster_11277565408_11277565409_414685823_5851251280,21.0,ER_ACC_012,emergency_ER_ACC_012_PT_011,cluster_13348293702_13348293703_414685829,cluster_13348293702_13348293703_414685829,1455518728,-198564928#28,28.88,-174870621#2,skip,disabled_by_single_terminal_experiment,,
b0_valid_18route_ER_ACC_012_PT_011,PT_011,cluster_11277565408_11277565409_414685823_5851251280,24.0,ER_ACC_012,emergency_ER_ACC_012_PT_011,joinedS_4276255150_4276255151_4276255152_cluster_4276255149_436839431,4276255150,-198564928#24,-198564928#23,28.406,-174870621#0,skip,disabled_by_single_terminal_experiment,,
b0_valid_18route_ER_ACC_012_PT_012,PT_012,cluster_12785870414_3337522189,1.0,ER_ACC_012,emergency_ER_ACC_012_PT_012,cluster_1326096615_3849700763,cluster_1326096615_3849700763,-381802847#2,-183272625#1,2.979,-381802881#2,skip,disabled_by_single_terminal_experiment,,
b0_valid_18route_ER_ACC_012_PT_012,PT_012,cluster_12785870414_3337522189,2.0,ER_ACC_012,emergency_ER_ACC_012_PT_012,cluster_3846534041_436877431,cluster_3846534041_436877431,180368918#3,180368918#5,21.224,-381802881#2,skip,disabled_by_single_terminal_experiment,,
b0_valid_18route_ER_ACC_012_PT_012,PT_012,cluster_12785870414_3337522189,19.0,ER_ACC_012,emergency_ER_ACC_012_PT_012,joinedS_4273893706_4273893707_7335400058_cluster_13348213189_13348213190_13348213191,cluster_13348213189_13348213190_13348213191,-1455512070,1455512071,29.158,-174870621#2,skip,disabled_by_single_terminal_experiment,,
b0_valid_18route_ER_ACC_012_PT_012,PT_012,cluster_12785870414_3337522189,21.0,ER_ACC_012,emergency_ER_ACC_012_PT_012,cluster_13348293702_13348293703_414685829,cluster_13348293702_13348293703_414685829,1455518728,-198564928#28,28.88,-174870621#2,skip,disabled_by_single_terminal_experiment,,
b0_valid_18route_ER_ACC_012_PT_012,PT_012,cluster_12785870414_3337522189,24.0,ER_ACC_012,emergency_ER_ACC_012_PT_012,joinedS_4276255150_4276255151_4276255152_cluster_4276255149_436839431,4276255150,-198564928#24,-198564928#23,28.406,-174870621#0,skip,disabled_by_single_terminal_experiment,,
b0_valid_18route_ER_ACC_012_PT_013,PT_013,cluster_1326096615_3849700763,1.0,ER_ACC_012,emergency_ER_ACC_012_PT_013,cluster_1326096615_3849700763,cluster_1326096615_3849700763,-381802847#2,-183272625#1,2.979,-381802881#2,skip,safe_green_not_current_or_next_phase,0,2
b0_valid_18route_ER_ACC_012_PT_013,PT_013,cluster_1326096615_3849700763,2.0,ER_ACC_012,emergency_ER_ACC_012_PT_013,cluster_3846534041_436877431,cluster_3846534041_436877431,180368918#3,180368918#5,21.224,-381802881#2,skip,disabled_by_single_terminal_experiment,,
b0_valid_18route_ER_ACC_012_PT_013,PT_013,cluster_1326096615_3849700763,19.0,ER_ACC_012,emergency_ER_ACC_012_PT_013,joinedS_4273893706_4273893707_7335400058_cluster_13348213189_13348213190_13348213191,cluster_13348213189_13348213190_13348213191,-1455512070,1455512071,29.158,-174870621#2,skip,disabled_by_single_terminal_experiment,,
b0_valid_18route_ER_ACC_012_PT_013,PT_013,cluster_1326096615_3849700763,21.0,ER_ACC_012,emergency_ER_ACC_012_PT_013,cluster_13348293702_13348293703_414685829,cluster_13348293702_13348293703_414685829,1455518728,-198564928#28,28.88,-174870621#2,skip,disabled_by_single_terminal_experiment,,
b0_valid_18route_ER_ACC_012_PT_013,PT_013,cluster_1326096615_3849700763,24.0,ER_ACC_012,emergency_ER_ACC_012_PT_013,joinedS_4276255150_4276255151_4276255152_cluster_4276255149_436839431,4276255150,-198564928#24,-198564928#23,28.406,-174870621#0,skip,disabled_by_single_terminal_experiment,,
b0_valid_18route_ER_ACC_012_PT_014,PT_014,cluster_13348293702_13348293703_414685829,1.0,ER_ACC_012,emergency_ER_ACC_012_PT_014,cluster_1326096615_3849700763,cluster_1326096615_3849700763,-381802847#2,-183272625#1,2.979,-381802881#2,skip,disabled_by_single_terminal_experiment,,
b0_valid_18route_ER_ACC_012_PT_014,PT_014,cluster_13348293702_13348293703_414685829,2.0,ER_ACC_012,emergency_ER_ACC_012_PT_014,cluster_3846534041_436877431,cluster_3846534041_436877431,180368918#3,180368918#5,21.224,-381802881#2,skip,disabled_by_single_terminal_experiment,,
b0_valid_18route_ER_ACC_012_PT_014,PT_014,cluster_13348293702_13348293703_414685829,19.0,ER_ACC_012,emergency_ER_ACC_012_PT_014,joinedS_4273893706_4273893707_7335400058_cluster_13348213189_13348213190_13348213191,cluster_13348213189_13348213190_13348213191,-1455512070,1455512071,29.158,-174870621#2,skip,disabled_by_single_terminal_experiment,,
b0_valid_18route_ER_ACC_012_PT_014,PT_014,cluster_13348293702_13348293703_414685829,21.0,ER_ACC_012,emergency_ER_ACC_012_PT_014,cluster_13348293702_13348293703_414685829,cluster_13348293702_13348293703_414685829,1455518728,-198564928#28,28.88,-174870621#2,extend_green,current_phase_already_green,0,
b0_valid_18route_ER_ACC_012_PT_014,PT_014,cluster_13348293702_13348293703_414685829,24.0,ER_ACC_012,emergency_ER_ACC_012_PT_014,joinedS_4276255150_4276255151_4276255152_cluster_4276255149_436839431,4276255150,-198564928#24,-198564928#23,28.406,-174870621#0,skip,disabled_by_single_terminal_experiment,,
b0_valid_18route_ER_ACC_012_PT_015,PT_015,cluster_3846534041_436877431,1.0,ER_ACC_012,emergency_ER_ACC_012_PT_015,cluster_1326096615_3849700763,cluster_1326096615_3849700763,-381802847#2,-183272625#1,2.979,-381802881#2,skip,disabled_by_single_terminal_experiment,,
b0_valid_18route_ER_ACC_012_PT_015,PT_015,cluster_3846534041_436877431,2.0,ER_ACC_012,emergency_ER_ACC_012_PT_015,cluster_3846534041_436877431,cluster_3846534041_436877431,180368918#3,180368918#5,21.224,-381802881#2,extend_green,current_phase_already_green,0,
b0_valid_18route_ER_ACC_012_PT_015,PT_015,cluster_3846534041_436877431,19.0,ER_ACC_012,emergency_ER_ACC_012_PT_015,joinedS_4273893706_4273893707_7335400058_cluster_13348213189_13348213190_13348213191,cluster_13348213189_13348213190_13348213191,-1455512070,1455512071,29.158,-174870621#2,skip,disabled_by_single_terminal_experiment,,
b0_valid_18route_ER_ACC_012_PT_015,PT_015,cluster_3846534041_436877431,21.0,ER_ACC_012,emergency_ER_ACC_012_PT_015,cluster_13348293702_13348293703_414685829,cluster_13348293702_13348293703_414685829,1455518728,-198564928#28,28.88,-174870621#2,skip,disabled_by_single_terminal_experiment,,
b0_valid_18route_ER_ACC_012_PT_015,PT_015,cluster_3846534041_436877431,24.0,ER_ACC_012,emergency_ER_ACC_012_PT_015,joinedS_4276255150_4276255151_4276255152_cluster_4276255149_436839431,4276255150,-198564928#24,-198564928#23,28.406,-174870621#0,skip,disabled_by_single_terminal_experiment,,
b0_valid_18route_ER_ACC_012_PT_016,PT_016,joinedS_11139302899_11139302904_11178710208_cluster_11139302901_5593950669_5593950674,1.0,ER_ACC_012,emergency_ER_ACC_012_PT_016,cluster_1326096615_3849700763,cluster_1326096615_3849700763,-381802847#2,-183272625#1,2.979,-381802881#2,skip,disabled_by_single_terminal_experiment,,
b0_valid_18route_ER_ACC_012_PT_016,PT_016,joinedS_11139302899_11139302904_11178710208_cluster_11139302901_5593950669_5593950674,2.0,ER_ACC_012,emergency_ER_ACC_012_PT_016,cluster_3846534041_436877431,cluster_3846534041_436877431,180368918#3,180368918#5,21.224,-381802881#2,skip,disabled_by_single_terminal_experiment,,
b0_valid_18route_ER_ACC_012_PT_016,PT_016,joinedS_11139302899_11139302904_11178710208_cluster_11139302901_5593950669_5593950674,19.0,ER_ACC_012,emergency_ER_ACC_012_PT_016,joinedS_4273893706_4273893707_7335400058_cluster_13348213189_13348213190_13348213191,cluster_13348213189_13348213190_13348213191,-1455512070,1455512071,29.158,-174870621#2,skip,disabled_by_single_terminal_experiment,,
b0_valid_18route_ER_ACC_012_PT_016,PT_016,joinedS_11139302899_11139302904_11178710208_cluster_11139302901_5593950669_5593950674,21.0,ER_ACC_012,emergency_ER_ACC_012_PT_016,cluster_13348293702_13348293703_414685829,cluster_13348293702_13348293703_414685829,1455518728,-198564928#28,28.88,-174870621#2,skip,disabled_by_single_terminal_experiment,,
b0_valid_18route_ER_ACC_012_PT_016,PT_016,joinedS_11139302899_11139302904_11178710208_cluster_11139302901_5593950669_5593950674,24.0,ER_ACC_012,emergency_ER_ACC_012_PT_016,joinedS_4276255150_4276255151_4276255152_cluster_4276255149_436839431,4276255150,-198564928#24,-198564928#23,28.406,-174870621#0,skip,disabled_by_single_terminal_experiment,,
b0_valid_18route_ER_ACC_012_PT_017,PT_017,joinedS_11203001806_11203001814_13721232731_5851251250_#6more,1.0,ER_ACC_012,emergency_ER_ACC_012_PT_017,cluster_1326096615_3849700763,cluster_1326096615_3849700763,-381802847#2,-183272625#1,2.979,-381802881#2,skip,disabled_by_single_terminal_experiment,,
b0_valid_18route_ER_ACC_012_PT_017,PT_017,joinedS_11203001806_11203001814_13721232731_5851251250_#6more,2.0,ER_ACC_012,emergency_ER_ACC_012_PT_017,cluster_3846534041_436877431,cluster_3846534041_436877431,180368918#3,180368918#5,21.224,-381802881#2,skip,disabled_by_single_terminal_experiment,,
b0_valid_18route_ER_ACC_012_PT_017,PT_017,joinedS_11203001806_11203001814_13721232731_5851251250_#6more,19.0,ER_ACC_012,emergency_ER_ACC_012_PT_017,joinedS_4273893706_4273893707_7335400058_cluster_13348213189_13348213190_13348213191,cluster_13348213189_13348213190_13348213191,-1455512070,1455512071,29.158,-174870621#2,skip,disabled_by_single_terminal_experiment,,
b0_valid_18route_ER_ACC_012_PT_017,PT_017,joinedS_11203001806_11203001814_13721232731_5851251250_#6more,21.0,ER_ACC_012,emergency_ER_ACC_012_PT_017,cluster_13348293702_13348293703_414685829,cluster_13348293702_13348293703_414685829,1455518728,-198564928#28,28.88,-174870621#2,skip,disabled_by_single_terminal_experiment,,
b0_valid_18route_ER_ACC_012_PT_017,PT_017,joinedS_11203001806_11203001814_13721232731_5851251250_#6more,24.0,ER_ACC_012,emergency_ER_ACC_012_PT_017,joinedS_4276255150_4276255151_4276255152_cluster_4276255149_436839431,4276255150,-198564928#24,-198564928#23,28.406,-174870621#0,skip,disabled_by_single_terminal_experiment,,
b0_valid_18route_ER_ACC_012_PT_018,PT_018,joinedS_11203052957_cluster_11203052955_11203052956_11203052960_11203052961_#11more,1.0,ER_ACC_012,emergency_ER_ACC_012_PT_018,cluster_1326096615_3849700763,cluster_1326096615_3849700763,-381802847#2,-183272625#1,2.979,-381802881#2,skip,disabled_by_single_terminal_experiment,,
b0_valid_18route_ER_ACC_012_PT_018,PT_018,joinedS_11203052957_cluster_11203052955_11203052956_11203052960_11203052961_#11more,2.0,ER_ACC_012,emergency_ER_ACC_012_PT_018,cluster_3846534041_436877431,cluster_3846534041_436877431,180368918#3,180368918#5,21.224,-381802881#2,skip,disabled_by_single_terminal_experiment,,
b0_valid_18route_ER_ACC_012_PT_018,PT_018,joinedS_11203052957_cluster_11203052955_11203052956_11203052960_11203052961_#11more,19.0,ER_ACC_012,emergency_ER_ACC_012_PT_018,joinedS_4273893706_4273893707_7335400058_cluster_13348213189_13348213190_13348213191,cluster_13348213189_13348213190_13348213191,-1455512070,1455512071,29.158,-174870621#2,skip,disabled_by_single_terminal_experiment,,
b0_valid_18route_ER_ACC_012_PT_018,PT_018,joinedS_11203052957_cluster_11203052955_11203052956_11203052960_11203052961_#11more,21.0,ER_ACC_012,emergency_ER_ACC_012_PT_018,cluster_13348293702_13348293703_414685829,cluster_13348293702_13348293703_414685829,1455518728,-198564928#28,28.88,-174870621#2,skip,disabled_by_single_terminal_experiment,,
b0_valid_18route_ER_ACC_012_PT_018,PT_018,joinedS_11203052957_cluster_11203052955_11203052956_11203052960_11203052961_#11more,24.0,ER_ACC_012,emergency_ER_ACC_012_PT_018,joinedS_4276255150_4276255151_4276255152_cluster_4276255149_436839431,4276255150,-198564928#24,-198564928#23,28.406,-174870621#0,skip,disabled_by_single_terminal_experiment,,
b0_valid_18route_ER_ACC_012_PT_019,PT_019,joinedS_4273893706_4273893707_7335400058_cluster_13348213189_13348213190_13348213191,1.0,ER_ACC_012,emergency_ER_ACC_012_PT_019,cluster_1326096615_3849700763,cluster_1326096615_3849700763,-381802847#2,-183272625#1,2.979,-381802881#2,skip,disabled_by_single_terminal_experiment,,
b0_valid_18route_ER_ACC_012_PT_019,PT_019,joinedS_4273893706_4273893707_7335400058_cluster_13348213189_13348213190_13348213191,2.0,ER_ACC_012,emergency_ER_ACC_012_PT_019,cluster_3846534041_436877431,cluster_3846534041_436877431,180368918#3,180368918#5,21.224,-381802881#2,skip,disabled_by_single_terminal_experiment,,
b0_valid_18route_ER_ACC_012_PT_019,PT_019,joinedS_4273893706_4273893707_7335400058_cluster_13348213189_13348213190_13348213191,19.0,ER_ACC_012,emergency_ER_ACC_012_PT_019,joinedS_4273893706_4273893707_7335400058_cluster_13348213189_13348213190_13348213191,cluster_13348213189_13348213190_13348213191,-1455512070,1455512071,29.158,-174870621#2,extend_green,current_phase_already_green,0,
b0_valid_18route_ER_ACC_012_PT_019,PT_019,joinedS_4273893706_4273893707_7335400058_cluster_13348213189_13348213190_13348213191,21.0,ER_ACC_012,emergency_ER_ACC_012_PT_019,cluster_13348293702_13348293703_414685829,cluster_13348293702_13348293703_414685829,1455518728,-198564928#28,28.88,-174870621#2,skip,disabled_by_single_terminal_experiment,,
b0_valid_18route_ER_ACC_012_PT_019,PT_019,joinedS_4273893706_4273893707_7335400058_cluster_13348213189_13348213190_13348213191,24.0,ER_ACC_012,emergency_ER_ACC_012_PT_019,joinedS_4276255150_4276255151_4276255152_cluster_4276255149_436839431,4276255150,-198564928#24,-198564928#23,28.406,-174870621#0,skip,disabled_by_single_terminal_experiment,,
b0_valid_18route_ER_ACC_012_PT_020,PT_020,joinedS_4276255150_4276255151_4276255152_cluster_4276255149_436839431,1.0,ER_ACC_012,emergency_ER_ACC_012_PT_020,cluster_1326096615_3849700763,cluster_1326096615_3849700763,-381802847#2,-183272625#1,2.979,-381802881#2,skip,disabled_by_single_terminal_experiment,,
b0_valid_18route_ER_ACC_012_PT_020,PT_020,joinedS_4276255150_4276255151_4276255152_cluster_4276255149_436839431,2.0,ER_ACC_012,emergency_ER_ACC_012_PT_020,cluster_3846534041_436877431,cluster_3846534041_436877431,180368918#3,180368918#5,21.224,-381802881#2,skip,disabled_by_single_terminal_experiment,,
b0_valid_18route_ER_ACC_012_PT_020,PT_020,joinedS_4276255150_4276255151_4276255152_cluster_4276255149_436839431,19.0,ER_ACC_012,emergency_ER_ACC_012_PT_020,joinedS_4273893706_4273893707_7335400058_cluster_13348213189_13348213190_13348213191,cluster_13348213189_13348213190_13348213191,-1455512070,1455512071,29.158,-174870621#2,skip,disabled_by_single_terminal_experiment,,
b0_valid_18route_ER_ACC_012_PT_020,PT_020,joinedS_4276255150_4276255151_4276255152_cluster_4276255149_436839431,21.0,ER_ACC_012,emergency_ER_ACC_012_PT_020,cluster_13348293702_13348293703_414685829,cluster_13348293702_13348293703_414685829,1455518728,-198564928#28,28.88,-174870621#2,skip,disabled_by_single_terminal_experiment,,
b0_valid_18route_ER_ACC_012_PT_020,PT_020,joinedS_4276255150_4276255151_4276255152_cluster_4276255149_436839431,24.0,ER_ACC_012,emergency_ER_ACC_012_PT_020,joinedS_4276255150_4276255151_4276255152_cluster_4276255149_436839431,4276255150,-198564928#24,-198564928#23,28.406,-174870621#0,extend_green,current_phase_already_green,0,
b0_valid_18route_ER_ACC_014_PT_001,PT_001,11203059756,1.0,ER_ACC_014,emergency_ER_ACC_014_PT_001,cluster_1326096615_3849700763,cluster_1326096615_3849700763,-381802847#2,-183272625#1,2.979,-381802881#2,skip,disabled_by_single_terminal_experiment,,
b0_valid_18route_ER_ACC_014_PT_001,PT_001,11203059756,2.0,ER_ACC_014,emergency_ER_ACC_014_PT_001,cluster_3846534041_436877431,cluster_3846534041_436877431,180368918#3,180368918#5,21.224,-381802881#2,skip,disabled_by_single_terminal_experiment,,
b0_valid_18route_ER_ACC_014_PT_001,PT_001,11203059756,19.0,ER_ACC_014,emergency_ER_ACC_014_PT_001,joinedS_4273893706_4273893707_7335400058_cluster_13348213189_13348213190_13348213191,cluster_13348213189_13348213190_13348213191,-1455512070,-1455512069,29.158,-174870621#2,skip,disabled_by_single_terminal_experiment,,
b0_valid_18route_ER_ACC_014_PT_001,PT_001,11203059756,27.0,ER_ACC_014,emergency_ER_ACC_014_PT_001,7335400049,7335400049,218773869#7,218773869#8,29.261,180368918#0,skip,disabled_by_single_terminal_experiment,,
b0_valid_18route_ER_ACC_014_PT_001,PT_001,11203059756,31.0,ER_ACC_014,emergency_ER_ACC_014_PT_001,11346754525,11346754525,219696193#0,219696193#1,29.72,180368918#6,skip,disabled_by_single_terminal_experiment,,
b0_valid_18route_ER_ACC_014_PT_001,PT_001,11203059756,61.0,ER_ACC_014,emergency_ER_ACC_014_PT_001,joinedS_11203052957_cluster_11203052955_11203052956_11203052960_11203052961_#11more,cluster_11203052955_11203052956_11203052960_11203052961_#11more,781985787#0,-781985788#0,29.823,218773869#1,skip,disabled_by_single_terminal_experiment,,
b0_valid_18route_ER_ACC_014_PT_001,PT_001,11203059756,67.0,ER_ACC_014,emergency_ER_ACC_014_PT_001,cluster_11203041632_11203041633_11203041634_11203041635_#5more,cluster_11203041632_11203041633_11203041634_11203041635_#5more,1499619438#0,1499619445#2,29.249,218773869#6,skip,disabled_by_single_terminal_experiment,,
b0_valid_18route_ER_ACC_014_PT_001,PT_001,11203059756,72.0,ER_ACC_014,emergency_ER_ACC_014_PT_001,13732389938,13732389938,1499619443#4,1499619443#8,29.748,219696193#1,skip,disabled_by_single_terminal_experiment,,
b0_valid_18route_ER_ACC_014_PT_001,PT_001,11203059756,75.0,ER_ACC_014,emergency_ER_ACC_014_PT_001,13732389937,13732389937,1499619443#8,1499619443#9,29.305,219696193#2,skip,disabled_by_single_terminal_experiment,,
b0_valid_18route_ER_ACC_014_PT_002,PT_002,11346754524,1.0,ER_ACC_014,emergency_ER_ACC_014_PT_002,cluster_1326096615_3849700763,cluster_1326096615_3849700763,-381802847#2,-183272625#1,2.979,-381802881#2,skip,disabled_by_single_terminal_experiment,,
b0_valid_18route_ER_ACC_014_PT_002,PT_002,11346754524,2.0,ER_ACC_014,emergency_ER_ACC_014_PT_002,cluster_3846534041_436877431,cluster_3846534041_436877431,180368918#3,180368918#5,21.224,-381802881#2,skip,disabled_by_single_terminal_experiment,,
b0_valid_18route_ER_ACC_014_PT_002,PT_002,11346754524,19.0,ER_ACC_014,emergency_ER_ACC_014_PT_002,joinedS_4273893706_4273893707_7335400058_cluster_13348213189_13348213190_13348213191,cluster_13348213189_13348213190_13348213191,-1455512070,-1455512069,29.158,-174870621#2,skip,disabled_by_single_terminal_experiment,,
b0_valid_18route_ER_ACC_014_PT_002,PT_002,11346754524,27.0,ER_ACC_014,emergency_ER_ACC_014_PT_002,7335400049,7335400049,218773869#7,218773869#8,29.261,180368918#0,skip,disabled_by_single_terminal_experiment,,
b0_valid_18route_ER_ACC_014_PT_002,PT_002,11346754524,31.0,ER_ACC_014,emergency_ER_ACC_014_PT_002,11346754525,11346754525,219696193#0,219696193#1,29.72,180368918#6,skip,disabled_by_single_terminal_experiment,,
b0_valid_18route_ER_ACC_014_PT_002,PT_002,11346754524,61.0,ER_ACC_014,emergency_ER_ACC_014_PT_002,joinedS_11203052957_cluster_11203052955_11203052956_11203052960_11203052961_#11more,cluster_11203052955_11203052956_11203052960_11203052961_#11more,781985787#0,-781985788#0,29.823,218773869#1,skip,disabled_by_single_terminal_experiment,,
b0_valid_18route_ER_ACC_014_PT_002,PT_002,11346754524,67.0,ER_ACC_014,emergency_ER_ACC_014_PT_002,cluster_11203041632_11203041633_11203041634_11203041635_#5more,cluster_11203041632_11203041633_11203041634_11203041635_#5more,1499619438#0,1499619445#2,29.249,218773869#6,skip,disabled_by_single_terminal_experiment,,
b0_valid_18route_ER_ACC_014_PT_002,PT_002,11346754524,72.0,ER_ACC_014,emergency_ER_ACC_014_PT_002,13732389938,13732389938,1499619443#4,1499619443#8,29.748,219696193#1,skip,disabled_by_single_terminal_experiment,,
b0_valid_18route_ER_ACC_014_PT_002,PT_002,11346754524,75.0,ER_ACC_014,emergency_ER_ACC_014_PT_002,13732389937,13732389937,1499619443#8,1499619443#9,29.305,219696193#2,skip,disabled_by_single_terminal_experiment,,
b0_valid_18route_ER_ACC_014_PT_003,PT_003,11346754525,1.0,ER_ACC_014,emergency_ER_ACC_014_PT_003,cluster_1326096615_3849700763,cluster_1326096615_3849700763,-381802847#2,-183272625#1,2.979,-381802881#2,skip,disabled_by_single_terminal_experiment,,
b0_valid_18route_ER_ACC_014_PT_003,PT_003,11346754525,2.0,ER_ACC_014,emergency_ER_ACC_014_PT_003,cluster_3846534041_436877431,cluster_3846534041_436877431,180368918#3,180368918#5,21.224,-381802881#2,skip,disabled_by_single_terminal_experiment,,
b0_valid_18route_ER_ACC_014_PT_003,PT_003,11346754525,19.0,ER_ACC_014,emergency_ER_ACC_014_PT_003,joinedS_4273893706_4273893707_7335400058_cluster_13348213189_13348213190_13348213191,cluster_13348213189_13348213190_13348213191,-1455512070,-1455512069,29.158,-174870621#2,skip,disabled_by_single_terminal_experiment,,
b0_valid_18route_ER_ACC_014_PT_003,PT_003,11346754525,27.0,ER_ACC_014,emergency_ER_ACC_014_PT_003,7335400049,7335400049,218773869#7,218773869#8,29.261,180368918#0,skip,disabled_by_single_terminal_experiment,,
b0_valid_18route_ER_ACC_014_PT_003,PT_003,11346754525,31.0,ER_ACC_014,emergency_ER_ACC_014_PT_003,11346754525,11346754525,219696193#0,219696193#1,29.72,180368918#6,extend_green,current_phase_already_green,0,
b0_valid_18route_ER_ACC_014_PT_003,PT_003,11346754525,61.0,ER_ACC_014,emergency_ER_ACC_014_PT_003,joinedS_11203052957_cluster_11203052955_11203052956_11203052960_11203052961_#11more,cluster_11203052955_11203052956_11203052960_11203052961_#11more,781985787#0,-781985788#0,29.823,218773869#1,skip,disabled_by_single_terminal_experiment,,
b0_valid_18route_ER_ACC_014_PT_003,PT_003,11346754525,67.0,ER_ACC_014,emergency_ER_ACC_014_PT_003,cluster_11203041632_11203041633_11203041634_11203041635_#5more,cluster_11203041632_11203041633_11203041634_11203041635_#5more,1499619438#0,1499619445#2,29.249,218773869#6,skip,disabled_by_single_terminal_experiment,,
b0_valid_18route_ER_ACC_014_PT_003,PT_003,11346754525,72.0,ER_ACC_014,emergency_ER_ACC_014_PT_003,13732389938,13732389938,1499619443#4,1499619443#8,29.748,219696193#1,skip,disabled_by_single_terminal_experiment,,
b0_valid_18route_ER_ACC_014_PT_003,PT_003,11346754525,75.0,ER_ACC_014,emergency_ER_ACC_014_PT_003,13732389937,13732389937,1499619443#8,1499619443#9,29.305,219696193#2,skip,disabled_by_single_terminal_experiment,,
b0_valid_18route_ER_ACC_014_PT_004,PT_004,13732389937,1.0,ER_ACC_014,emergency_ER_ACC_014_PT_004,cluster_1326096615_3849700763,cluster_1326096615_3849700763,-381802847#2,-183272625#1,2.979,-381802881#2,skip,disabled_by_single_terminal_experiment,,
b0_valid_18route_ER_ACC_014_PT_004,PT_004,13732389937,2.0,ER_ACC_014,emergency_ER_ACC_014_PT_004,cluster_3846534041_436877431,cluster_3846534041_436877431,180368918#3,180368918#5,21.224,-381802881#2,skip,disabled_by_single_terminal_experiment,,
b0_valid_18route_ER_ACC_014_PT_004,PT_004,13732389937,19.0,ER_ACC_014,emergency_ER_ACC_014_PT_004,joinedS_4273893706_4273893707_7335400058_cluster_13348213189_13348213190_13348213191,cluster_13348213189_13348213190_13348213191,-1455512070,-1455512069,29.158,-174870621#2,skip,disabled_by_single_terminal_experiment,,
b0_valid_18route_ER_ACC_014_PT_004,PT_004,13732389937,27.0,ER_ACC_014,emergency_ER_ACC_014_PT_004,7335400049,7335400049,218773869#7,218773869#8,29.261,180368918#0,skip,disabled_by_single_terminal_experiment,,
b0_valid_18route_ER_ACC_014_PT_004,PT_004,13732389937,31.0,ER_ACC_014,emergency_ER_ACC_014_PT_004,11346754525,11346754525,219696193#0,219696193#1,29.72,180368918#6,skip,disabled_by_single_terminal_experiment,,
b0_valid_18route_ER_ACC_014_PT_004,PT_004,13732389937,61.0,ER_ACC_014,emergency_ER_ACC_014_PT_004,joinedS_11203052957_cluster_11203052955_11203052956_11203052960_11203052961_#11more,cluster_11203052955_11203052956_11203052960_11203052961_#11more,781985787#0,-781985788#0,29.823,218773869#1,skip,disabled_by_single_terminal_experiment,,
b0_valid_18route_ER_ACC_014_PT_004,PT_004,13732389937,67.0,ER_ACC_014,emergency_ER_ACC_014_PT_004,cluster_11203041632_11203041633_11203041634_11203041635_#5more,cluster_11203041632_11203041633_11203041634_11203041635_#5more,1499619438#0,1499619445#2,29.249,218773869#6,skip,disabled_by_single_terminal_experiment,,
b0_valid_18route_ER_ACC_014_PT_004,PT_004,13732389937,72.0,ER_ACC_014,emergency_ER_ACC_014_PT_004,13732389938,13732389938,1499619443#4,1499619443#8,29.748,219696193#1,skip,disabled_by_single_terminal_experiment,,
b0_valid_18route_ER_ACC_014_PT_004,PT_004,13732389937,75.0,ER_ACC_014,emergency_ER_ACC_014_PT_004,13732389937,13732389937,1499619443#8,1499619443#9,29.305,219696193#2,extend_green,current_phase_already_green,2,
b0_valid_18route_ER_ACC_014_PT_005,PT_005,13732389938,1.0,ER_ACC_014,emergency_ER_ACC_014_PT_005,cluster_1326096615_3849700763,cluster_1326096615_3849700763,-381802847#2,-183272625#1,2.979,-381802881#2,skip,disabled_by_single_terminal_experiment,,
b0_valid_18route_ER_ACC_014_PT_005,PT_005,13732389938,2.0,ER_ACC_014,emergency_ER_ACC_014_PT_005,cluster_3846534041_436877431,cluster_3846534041_436877431,180368918#3,180368918#5,21.224,-381802881#2,skip,disabled_by_single_terminal_experiment,,
b0_valid_18route_ER_ACC_014_PT_005,PT_005,13732389938,19.0,ER_ACC_014,emergency_ER_ACC_014_PT_005,joinedS_4273893706_4273893707_7335400058_cluster_13348213189_13348213190_13348213191,cluster_13348213189_13348213190_13348213191,-1455512070,-1455512069,29.158,-174870621#2,skip,disabled_by_single_terminal_experiment,,
b0_valid_18route_ER_ACC_014_PT_005,PT_005,13732389938,27.0,ER_ACC_014,emergency_ER_ACC_014_PT_005,7335400049,7335400049,218773869#7,218773869#8,29.261,180368918#0,skip,disabled_by_single_terminal_experiment,,
b0_valid_18route_ER_ACC_014_PT_005,PT_005,13732389938,31.0,ER_ACC_014,emergency_ER_ACC_014_PT_005,11346754525,11346754525,219696193#0,219696193#1,29.72,180368918#6,skip,disabled_by_single_terminal_experiment,,
b0_valid_18route_ER_ACC_014_PT_005,PT_005,13732389938,61.0,ER_ACC_014,emergency_ER_ACC_014_PT_005,joinedS_11203052957_cluster_11203052955_11203052956_11203052960_11203052961_#11more,cluster_11203052955_11203052956_11203052960_11203052961_#11more,781985787#0,-781985788#0,29.823,218773869#1,skip,disabled_by_single_terminal_experiment,,
b0_valid_18route_ER_ACC_014_PT_005,PT_005,13732389938,67.0,ER_ACC_014,emergency_ER_ACC_014_PT_005,cluster_11203041632_11203041633_11203041634_11203041635_#5more,cluster_11203041632_11203041633_11203041634_11203041635_#5more,1499619438#0,1499619445#2,29.249,218773869#6,skip,disabled_by_single_terminal_experiment,,
b0_valid_18route_ER_ACC_014_PT_005,PT_005,13732389938,72.0,ER_ACC_014,emergency_ER_ACC_014_PT_005,13732389938,13732389938,1499619443#4,1499619443#8,29.748,219696193#1,extend_green,current_phase_already_green,2,
b0_valid_18route_ER_ACC_014_PT_005,PT_005,13732389938,75.0,ER_ACC_014,emergency_ER_ACC_014_PT_005,13732389937,13732389937,1499619443#8,1499619443#9,29.305,219696193#2,skip,disabled_by_single_terminal_experiment,,
b0_valid_18route_ER_ACC_014_PT_006,PT_006,4202879197,1.0,ER_ACC_014,emergency_ER_ACC_014_PT_006,cluster_1326096615_3849700763,cluster_1326096615_3849700763,-381802847#2,-183272625#1,2.979,-381802881#2,skip,disabled_by_single_terminal_experiment,,
b0_valid_18route_ER_ACC_014_PT_006,PT_006,4202879197,2.0,ER_ACC_014,emergency_ER_ACC_014_PT_006,cluster_3846534041_436877431,cluster_3846534041_436877431,180368918#3,180368918#5,21.224,-381802881#2,skip,disabled_by_single_terminal_experiment,,
b0_valid_18route_ER_ACC_014_PT_006,PT_006,4202879197,19.0,ER_ACC_014,emergency_ER_ACC_014_PT_006,joinedS_4273893706_4273893707_7335400058_cluster_13348213189_13348213190_13348213191,cluster_13348213189_13348213190_13348213191,-1455512070,-1455512069,29.158,-174870621#2,skip,disabled_by_single_terminal_experiment,,
b0_valid_18route_ER_ACC_014_PT_006,PT_006,4202879197,27.0,ER_ACC_014,emergency_ER_ACC_014_PT_006,7335400049,7335400049,218773869#7,218773869#8,29.261,180368918#0,skip,disabled_by_single_terminal_experiment,,
b0_valid_18route_ER_ACC_014_PT_006,PT_006,4202879197,31.0,ER_ACC_014,emergency_ER_ACC_014_PT_006,11346754525,11346754525,219696193#0,219696193#1,29.72,180368918#6,skip,disabled_by_single_terminal_experiment,,
b0_valid_18route_ER_ACC_014_PT_006,PT_006,4202879197,61.0,ER_ACC_014,emergency_ER_ACC_014_PT_006,joinedS_11203052957_cluster_11203052955_11203052956_11203052960_11203052961_#11more,cluster_11203052955_11203052956_11203052960_11203052961_#11more,781985787#0,-781985788#0,29.823,218773869#1,skip,disabled_by_single_terminal_experiment,,
b0_valid_18route_ER_ACC_014_PT_006,PT_006,4202879197,67.0,ER_ACC_014,emergency_ER_ACC_014_PT_006,cluster_11203041632_11203041633_11203041634_11203041635_#5more,cluster_11203041632_11203041633_11203041634_11203041635_#5more,1499619438#0,1499619445#2,29.249,218773869#6,skip,disabled_by_single_terminal_experiment,,
b0_valid_18route_ER_ACC_014_PT_006,PT_006,4202879197,72.0,ER_ACC_014,emergency_ER_ACC_014_PT_006,13732389938,13732389938,1499619443#4,1499619443#8,29.748,219696193#1,skip,disabled_by_single_terminal_experiment,,
b0_valid_18route_ER_ACC_014_PT_006,PT_006,4202879197,75.0,ER_ACC_014,emergency_ER_ACC_014_PT_006,13732389937,13732389937,1499619443#8,1499619443#9,29.305,219696193#2,skip,disabled_by_single_terminal_experiment,,
b0_valid_18route_ER_ACC_014_PT_007,PT_007,436870729,1.0,ER_ACC_014,emergency_ER_ACC_014_PT_007,cluster_1326096615_3849700763,cluster_1326096615_3849700763,-381802847#2,-183272625#1,2.979,-381802881#2,skip,disabled_by_single_terminal_experiment,,
b0_valid_18route_ER_ACC_014_PT_007,PT_007,436870729,2.0,ER_ACC_014,emergency_ER_ACC_014_PT_007,cluster_3846534041_436877431,cluster_3846534041_436877431,180368918#3,180368918#5,21.224,-381802881#2,skip,disabled_by_single_terminal_experiment,,
b0_valid_18route_ER_ACC_014_PT_007,PT_007,436870729,19.0,ER_ACC_014,emergency_ER_ACC_014_PT_007,joinedS_4273893706_4273893707_7335400058_cluster_13348213189_13348213190_13348213191,cluster_13348213189_13348213190_13348213191,-1455512070,-1455512069,29.158,-174870621#2,skip,disabled_by_single_terminal_experiment,,
b0_valid_18route_ER_ACC_014_PT_007,PT_007,436870729,27.0,ER_ACC_014,emergency_ER_ACC_014_PT_007,7335400049,7335400049,218773869#7,218773869#8,29.261,180368918#0,skip,disabled_by_single_terminal_experiment,,
b0_valid_18route_ER_ACC_014_PT_007,PT_007,436870729,31.0,ER_ACC_014,emergency_ER_ACC_014_PT_007,11346754525,11346754525,219696193#0,219696193#1,29.72,180368918#6,skip,disabled_by_single_terminal_experiment,,
b0_valid_18route_ER_ACC_014_PT_007,PT_007,436870729,61.0,ER_ACC_014,emergency_ER_ACC_014_PT_007,joinedS_11203052957_cluster_11203052955_11203052956_11203052960_11203052961_#11more,cluster_11203052955_11203052956_11203052960_11203052961_#11more,781985787#0,-781985788#0,29.823,218773869#1,skip,disabled_by_single_terminal_experiment,,
b0_valid_18route_ER_ACC_014_PT_007,PT_007,436870729,67.0,ER_ACC_014,emergency_ER_ACC_014_PT_007,cluster_11203041632_11203041633_11203041634_11203041635_#5more,cluster_11203041632_11203041633_11203041634_11203041635_#5more,1499619438#0,1499619445#2,29.249,218773869#6,skip,disabled_by_single_terminal_experiment,,
b0_valid_18route_ER_ACC_014_PT_007,PT_007,436870729,72.0,ER_ACC_014,emergency_ER_ACC_014_PT_007,13732389938,13732389938,1499619443#4,1499619443#8,29.748,219696193#1,skip,disabled_by_single_terminal_experiment,,
b0_valid_18route_ER_ACC_014_PT_007,PT_007,436870729,75.0,ER_ACC_014,emergency_ER_ACC_014_PT_007,13732389937,13732389937,1499619443#8,1499619443#9,29.305,219696193#2,skip,disabled_by_single_terminal_experiment,,
b0_valid_18route_ER_ACC_014_PT_008,PT_008,7311080426,1.0,ER_ACC_014,emergency_ER_ACC_014_PT_008,cluster_1326096615_3849700763,cluster_1326096615_3849700763,-381802847#2,-183272625#1,2.979,-381802881#2,skip,disabled_by_single_terminal_experiment,,
b0_valid_18route_ER_ACC_014_PT_008,PT_008,7311080426,2.0,ER_ACC_014,emergency_ER_ACC_014_PT_008,cluster_3846534041_436877431,cluster_3846534041_436877431,180368918#3,180368918#5,21.224,-381802881#2,skip,disabled_by_single_terminal_experiment,,
b0_valid_18route_ER_ACC_014_PT_008,PT_008,7311080426,19.0,ER_ACC_014,emergency_ER_ACC_014_PT_008,joinedS_4273893706_4273893707_7335400058_cluster_13348213189_13348213190_13348213191,cluster_13348213189_13348213190_13348213191,-1455512070,-1455512069,29.158,-174870621#2,skip,disabled_by_single_terminal_experiment,,
b0_valid_18route_ER_ACC_014_PT_008,PT_008,7311080426,27.0,ER_ACC_014,emergency_ER_ACC_014_PT_008,7335400049,7335400049,218773869#7,218773869#8,29.261,180368918#0,skip,disabled_by_single_terminal_experiment,,
b0_valid_18route_ER_ACC_014_PT_008,PT_008,7311080426,31.0,ER_ACC_014,emergency_ER_ACC_014_PT_008,11346754525,11346754525,219696193#0,219696193#1,29.72,180368918#6,skip,disabled_by_single_terminal_experiment,,
b0_valid_18route_ER_ACC_014_PT_008,PT_008,7311080426,61.0,ER_ACC_014,emergency_ER_ACC_014_PT_008,joinedS_11203052957_cluster_11203052955_11203052956_11203052960_11203052961_#11more,cluster_11203052955_11203052956_11203052960_11203052961_#11more,781985787#0,-781985788#0,29.823,218773869#1,skip,disabled_by_single_terminal_experiment,,
b0_valid_18route_ER_ACC_014_PT_008,PT_008,7311080426,67.0,ER_ACC_014,emergency_ER_ACC_014_PT_008,cluster_11203041632_11203041633_11203041634_11203041635_#5more,cluster_11203041632_11203041633_11203041634_11203041635_#5more,1499619438#0,1499619445#2,29.249,218773869#6,skip,disabled_by_single_terminal_experiment,,
b0_valid_18route_ER_ACC_014_PT_008,PT_008,7311080426,72.0,ER_ACC_014,emergency_ER_ACC_014_PT_008,13732389938,13732389938,1499619443#4,1499619443#8,29.748,219696193#1,skip,disabled_by_single_terminal_experiment,,
b0_valid_18route_ER_ACC_014_PT_008,PT_008,7311080426,75.0,ER_ACC_014,emergency_ER_ACC_014_PT_008,13732389937,13732389937,1499619443#8,1499619443#9,29.305,219696193#2,skip,disabled_by_single_terminal_experiment,,
b0_valid_18route_ER_ACC_014_PT_009,PT_009,7335400049,1.0,ER_ACC_014,emergency_ER_ACC_014_PT_009,cluster_1326096615_3849700763,cluster_1326096615_3849700763,-381802847#2,-183272625#1,2.979,-381802881#2,skip,disabled_by_single_terminal_experiment,,
b0_valid_18route_ER_ACC_014_PT_009,PT_009,7335400049,2.0,ER_ACC_014,emergency_ER_ACC_014_PT_009,cluster_3846534041_436877431,cluster_3846534041_436877431,180368918#3,180368918#5,21.224,-381802881#2,skip,disabled_by_single_terminal_experiment,,
b0_valid_18route_ER_ACC_014_PT_009,PT_009,7335400049,19.0,ER_ACC_014,emergency_ER_ACC_014_PT_009,joinedS_4273893706_4273893707_7335400058_cluster_13348213189_13348213190_13348213191,cluster_13348213189_13348213190_13348213191,-1455512070,-1455512069,29.158,-174870621#2,skip,disabled_by_single_terminal_experiment,,
b0_valid_18route_ER_ACC_014_PT_009,PT_009,7335400049,27.0,ER_ACC_014,emergency_ER_ACC_014_PT_009,7335400049,7335400049,218773869#7,218773869#8,29.261,180368918#0,extend_green,current_phase_already_green,0,
b0_valid_18route_ER_ACC_014_PT_009,PT_009,7335400049,31.0,ER_ACC_014,emergency_ER_ACC_014_PT_009,11346754525,11346754525,219696193#0,219696193#1,29.72,180368918#6,skip,disabled_by_single_terminal_experiment,,
b0_valid_18route_ER_ACC_014_PT_009,PT_009,7335400049,61.0,ER_ACC_014,emergency_ER_ACC_014_PT_009,joinedS_11203052957_cluster_11203052955_11203052956_11203052960_11203052961_#11more,cluster_11203052955_11203052956_11203052960_11203052961_#11more,781985787#0,-781985788#0,29.823,218773869#1,skip,disabled_by_single_terminal_experiment,,
b0_valid_18route_ER_ACC_014_PT_009,PT_009,7335400049,67.0,ER_ACC_014,emergency_ER_ACC_014_PT_009,cluster_11203041632_11203041633_11203041634_11203041635_#5more,cluster_11203041632_11203041633_11203041634_11203041635_#5more,1499619438#0,1499619445#2,29.249,218773869#6,skip,disabled_by_single_terminal_experiment,,
b0_valid_18route_ER_ACC_014_PT_009,PT_009,7335400049,72.0,ER_ACC_014,emergency_ER_ACC_014_PT_009,13732389938,13732389938,1499619443#4,1499619443#8,29.748,219696193#1,skip,disabled_by_single_terminal_experiment,,
b0_valid_18route_ER_ACC_014_PT_009,PT_009,7335400049,75.0,ER_ACC_014,emergency_ER_ACC_014_PT_009,13732389937,13732389937,1499619443#8,1499619443#9,29.305,219696193#2,skip,disabled_by_single_terminal_experiment,,
b0_valid_18route_ER_ACC_014_PT_010,PT_010,cluster_11203041632_11203041633_11203041634_11203041635_#5more,1.0,ER_ACC_014,emergency_ER_ACC_014_PT_010,cluster_1326096615_3849700763,cluster_1326096615_3849700763,-381802847#2,-183272625#1,2.979,-381802881#2,skip,disabled_by_single_terminal_experiment,,
b0_valid_18route_ER_ACC_014_PT_010,PT_010,cluster_11203041632_11203041633_11203041634_11203041635_#5more,2.0,ER_ACC_014,emergency_ER_ACC_014_PT_010,cluster_3846534041_436877431,cluster_3846534041_436877431,180368918#3,180368918#5,21.224,-381802881#2,skip,disabled_by_single_terminal_experiment,,
b0_valid_18route_ER_ACC_014_PT_010,PT_010,cluster_11203041632_11203041633_11203041634_11203041635_#5more,19.0,ER_ACC_014,emergency_ER_ACC_014_PT_010,joinedS_4273893706_4273893707_7335400058_cluster_13348213189_13348213190_13348213191,cluster_13348213189_13348213190_13348213191,-1455512070,-1455512069,29.158,-174870621#2,skip,disabled_by_single_terminal_experiment,,
b0_valid_18route_ER_ACC_014_PT_010,PT_010,cluster_11203041632_11203041633_11203041634_11203041635_#5more,27.0,ER_ACC_014,emergency_ER_ACC_014_PT_010,7335400049,7335400049,218773869#7,218773869#8,29.261,180368918#0,skip,disabled_by_single_terminal_experiment,,
b0_valid_18route_ER_ACC_014_PT_010,PT_010,cluster_11203041632_11203041633_11203041634_11203041635_#5more,31.0,ER_ACC_014,emergency_ER_ACC_014_PT_010,11346754525,11346754525,219696193#0,219696193#1,29.72,180368918#6,skip,disabled_by_single_terminal_experiment,,
b0_valid_18route_ER_ACC_014_PT_010,PT_010,cluster_11203041632_11203041633_11203041634_11203041635_#5more,61.0,ER_ACC_014,emergency_ER_ACC_014_PT_010,joinedS_11203052957_cluster_11203052955_11203052956_11203052960_11203052961_#11more,cluster_11203052955_11203052956_11203052960_11203052961_#11more,781985787#0,-781985788#0,29.823,218773869#1,skip,disabled_by_single_terminal_experiment,,
b0_valid_18route_ER_ACC_014_PT_010,PT_010,cluster_11203041632_11203041633_11203041634_11203041635_#5more,67.0,ER_ACC_014,emergency_ER_ACC_014_PT_010,cluster_11203041632_11203041633_11203041634_11203041635_#5more,cluster_11203041632_11203041633_11203041634_11203041635_#5more,1499619438#0,1499619445#2,29.249,218773869#6,skip,safe_green_not_current_or_next_phase,4,0
b0_valid_18route_ER_ACC_014_PT_010,PT_010,cluster_11203041632_11203041633_11203041634_11203041635_#5more,72.0,ER_ACC_014,emergency_ER_ACC_014_PT_010,13732389938,13732389938,1499619443#4,1499619443#8,29.748,219696193#1,skip,disabled_by_single_terminal_experiment,,
b0_valid_18route_ER_ACC_014_PT_010,PT_010,cluster_11203041632_11203041633_11203041634_11203041635_#5more,75.0,ER_ACC_014,emergency_ER_ACC_014_PT_010,13732389937,13732389937,1499619443#8,1499619443#9,29.305,219696193#2,skip,disabled_by_single_terminal_experiment,,
b0_valid_18route_ER_ACC_014_PT_011,PT_011,cluster_11277565408_11277565409_414685823_5851251280,1.0,ER_ACC_014,emergency_ER_ACC_014_PT_011,cluster_1326096615_3849700763,cluster_1326096615_3849700763,-381802847#2,-183272625#1,2.979,-381802881#2,skip,disabled_by_single_terminal_experiment,,
b0_valid_18route_ER_ACC_014_PT_011,PT_011,cluster_11277565408_11277565409_414685823_5851251280,2.0,ER_ACC_014,emergency_ER_ACC_014_PT_011,cluster_3846534041_436877431,cluster_3846534041_436877431,180368918#3,180368918#5,21.224,-381802881#2,skip,disabled_by_single_terminal_experiment,,
b0_valid_18route_ER_ACC_014_PT_011,PT_011,cluster_11277565408_11277565409_414685823_5851251280,19.0,ER_ACC_014,emergency_ER_ACC_014_PT_011,joinedS_4273893706_4273893707_7335400058_cluster_13348213189_13348213190_13348213191,cluster_13348213189_13348213190_13348213191,-1455512070,-1455512069,29.158,-174870621#2,skip,disabled_by_single_terminal_experiment,,
b0_valid_18route_ER_ACC_014_PT_011,PT_011,cluster_11277565408_11277565409_414685823_5851251280,27.0,ER_ACC_014,emergency_ER_ACC_014_PT_011,7335400049,7335400049,218773869#7,218773869#8,29.261,180368918#0,skip,disabled_by_single_terminal_experiment,,
b0_valid_18route_ER_ACC_014_PT_011,PT_011,cluster_11277565408_11277565409_414685823_5851251280,31.0,ER_ACC_014,emergency_ER_ACC_014_PT_011,11346754525,11346754525,219696193#0,219696193#1,29.72,180368918#6,skip,disabled_by_single_terminal_experiment,,
b0_valid_18route_ER_ACC_014_PT_011,PT_011,cluster_11277565408_11277565409_414685823_5851251280,61.0,ER_ACC_014,emergency_ER_ACC_014_PT_011,joinedS_11203052957_cluster_11203052955_11203052956_11203052960_11203052961_#11more,cluster_11203052955_11203052956_11203052960_11203052961_#11more,781985787#0,-781985788#0,29.823,218773869#1,skip,disabled_by_single_terminal_experiment,,
b0_valid_18route_ER_ACC_014_PT_011,PT_011,cluster_11277565408_11277565409_414685823_5851251280,67.0,ER_ACC_014,emergency_ER_ACC_014_PT_011,cluster_11203041632_11203041633_11203041634_11203041635_#5more,cluster_11203041632_11203041633_11203041634_11203041635_#5more,1499619438#0,1499619445#2,29.249,218773869#6,skip,disabled_by_single_terminal_experiment,,
b0_valid_18route_ER_ACC_014_PT_011,PT_011,cluster_11277565408_11277565409_414685823_5851251280,72.0,ER_ACC_014,emergency_ER_ACC_014_PT_011,13732389938,13732389938,1499619443#4,1499619443#8,29.748,219696193#1,skip,disabled_by_single_terminal_experiment,,
b0_valid_18route_ER_ACC_014_PT_011,PT_011,cluster_11277565408_11277565409_414685823_5851251280,75.0,ER_ACC_014,emergency_ER_ACC_014_PT_011,13732389937,13732389937,1499619443#8,1499619443#9,29.305,219696193#2,skip,disabled_by_single_terminal_experiment,,
b0_valid_18route_ER_ACC_014_PT_012,PT_012,cluster_12785870414_3337522189,1.0,ER_ACC_014,emergency_ER_ACC_014_PT_012,cluster_1326096615_3849700763,cluster_1326096615_3849700763,-381802847#2,-183272625#1,2.979,-381802881#2,skip,disabled_by_single_terminal_experiment,,
b0_valid_18route_ER_ACC_014_PT_012,PT_012,cluster_12785870414_3337522189,2.0,ER_ACC_014,emergency_ER_ACC_014_PT_012,cluster_3846534041_436877431,cluster_3846534041_436877431,180368918#3,180368918#5,21.224,-381802881#2,skip,disabled_by_single_terminal_experiment,,
b0_valid_18route_ER_ACC_014_PT_012,PT_012,cluster_12785870414_3337522189,19.0,ER_ACC_014,emergency_ER_ACC_014_PT_012,joinedS_4273893706_4273893707_7335400058_cluster_13348213189_13348213190_13348213191,cluster_13348213189_13348213190_13348213191,-1455512070,-1455512069,29.158,-174870621#2,skip,disabled_by_single_terminal_experiment,,
b0_valid_18route_ER_ACC_014_PT_012,PT_012,cluster_12785870414_3337522189,27.0,ER_ACC_014,emergency_ER_ACC_014_PT_012,7335400049,7335400049,218773869#7,218773869#8,29.261,180368918#0,skip,disabled_by_single_terminal_experiment,,
b0_valid_18route_ER_ACC_014_PT_012,PT_012,cluster_12785870414_3337522189,31.0,ER_ACC_014,emergency_ER_ACC_014_PT_012,11346754525,11346754525,219696193#0,219696193#1,29.72,180368918#6,skip,disabled_by_single_terminal_experiment,,
b0_valid_18route_ER_ACC_014_PT_012,PT_012,cluster_12785870414_3337522189,61.0,ER_ACC_014,emergency_ER_ACC_014_PT_012,joinedS_11203052957_cluster_11203052955_11203052956_11203052960_11203052961_#11more,cluster_11203052955_11203052956_11203052960_11203052961_#11more,781985787#0,-781985788#0,29.823,218773869#1,skip,disabled_by_single_terminal_experiment,,
b0_valid_18route_ER_ACC_014_PT_012,PT_012,cluster_12785870414_3337522189,67.0,ER_ACC_014,emergency_ER_ACC_014_PT_012,cluster_11203041632_11203041633_11203041634_11203041635_#5more,cluster_11203041632_11203041633_11203041634_11203041635_#5more,1499619438#0,1499619445#2,29.249,218773869#6,skip,disabled_by_single_terminal_experiment,,
b0_valid_18route_ER_ACC_014_PT_012,PT_012,cluster_12785870414_3337522189,72.0,ER_ACC_014,emergency_ER_ACC_014_PT_012,13732389938,13732389938,1499619443#4,1499619443#8,29.748,219696193#1,skip,disabled_by_single_terminal_experiment,,
b0_valid_18route_ER_ACC_014_PT_012,PT_012,cluster_12785870414_3337522189,75.0,ER_ACC_014,emergency_ER_ACC_014_PT_012,13732389937,13732389937,1499619443#8,1499619443#9,29.305,219696193#2,skip,disabled_by_single_terminal_experiment,,
b0_valid_18route_ER_ACC_014_PT_013,PT_013,cluster_1326096615_3849700763,1.0,ER_ACC_014,emergency_ER_ACC_014_PT_013,cluster_1326096615_3849700763,cluster_1326096615_3849700763,-381802847#2,-183272625#1,2.979,-381802881#2,skip,safe_green_not_current_or_next_phase,0,2
b0_valid_18route_ER_ACC_014_PT_013,PT_013,cluster_1326096615_3849700763,2.0,ER_ACC_014,emergency_ER_ACC_014_PT_013,cluster_3846534041_436877431,cluster_3846534041_436877431,180368918#3,180368918#5,21.224,-381802881#2,skip,disabled_by_single_terminal_experiment,,
b0_valid_18route_ER_ACC_014_PT_013,PT_013,cluster_1326096615_3849700763,19.0,ER_ACC_014,emergency_ER_ACC_014_PT_013,joinedS_4273893706_4273893707_7335400058_cluster_13348213189_13348213190_13348213191,cluster_13348213189_13348213190_13348213191,-1455512070,-1455512069,29.158,-174870621#2,skip,disabled_by_single_terminal_experiment,,
b0_valid_18route_ER_ACC_014_PT_013,PT_013,cluster_1326096615_3849700763,27.0,ER_ACC_014,emergency_ER_ACC_014_PT_013,7335400049,7335400049,218773869#7,218773869#8,29.261,180368918#0,skip,disabled_by_single_terminal_experiment,,
b0_valid_18route_ER_ACC_014_PT_013,PT_013,cluster_1326096615_3849700763,31.0,ER_ACC_014,emergency_ER_ACC_014_PT_013,11346754525,11346754525,219696193#0,219696193#1,29.72,180368918#6,skip,disabled_by_single_terminal_experiment,,
b0_valid_18route_ER_ACC_014_PT_013,PT_013,cluster_1326096615_3849700763,61.0,ER_ACC_014,emergency_ER_ACC_014_PT_013,joinedS_11203052957_cluster_11203052955_11203052956_11203052960_11203052961_#11more,cluster_11203052955_11203052956_11203052960_11203052961_#11more,781985787#0,-781985788#0,29.823,218773869#1,skip,disabled_by_single_terminal_experiment,,
b0_valid_18route_ER_ACC_014_PT_013,PT_013,cluster_1326096615_3849700763,67.0,ER_ACC_014,emergency_ER_ACC_014_PT_013,cluster_11203041632_11203041633_11203041634_11203041635_#5more,cluster_11203041632_11203041633_11203041634_11203041635_#5more,1499619438#0,1499619445#2,29.249,218773869#6,skip,disabled_by_single_terminal_experiment,,
b0_valid_18route_ER_ACC_014_PT_013,PT_013,cluster_1326096615_3849700763,72.0,ER_ACC_014,emergency_ER_ACC_014_PT_013,13732389938,13732389938,1499619443#4,1499619443#8,29.748,219696193#1,skip,disabled_by_single_terminal_experiment,,
b0_valid_18route_ER_ACC_014_PT_013,PT_013,cluster_1326096615_3849700763,75.0,ER_ACC_014,emergency_ER_ACC_014_PT_013,13732389937,13732389937,1499619443#8,1499619443#9,29.305,219696193#2,skip,disabled_by_single_terminal_experiment,,
b0_valid_18route_ER_ACC_014_PT_014,PT_014,cluster_13348293702_13348293703_414685829,1.0,ER_ACC_014,emergency_ER_ACC_014_PT_014,cluster_1326096615_3849700763,cluster_1326096615_3849700763,-381802847#2,-183272625#1,2.979,-381802881#2,skip,disabled_by_single_terminal_experiment,,
b0_valid_18route_ER_ACC_014_PT_014,PT_014,cluster_13348293702_13348293703_414685829,2.0,ER_ACC_014,emergency_ER_ACC_014_PT_014,cluster_3846534041_436877431,cluster_3846534041_436877431,180368918#3,180368918#5,21.224,-381802881#2,skip,disabled_by_single_terminal_experiment,,
b0_valid_18route_ER_ACC_014_PT_014,PT_014,cluster_13348293702_13348293703_414685829,19.0,ER_ACC_014,emergency_ER_ACC_014_PT_014,joinedS_4273893706_4273893707_7335400058_cluster_13348213189_13348213190_13348213191,cluster_13348213189_13348213190_13348213191,-1455512070,-1455512069,29.158,-174870621#2,skip,disabled_by_single_terminal_experiment,,
b0_valid_18route_ER_ACC_014_PT_014,PT_014,cluster_13348293702_13348293703_414685829,27.0,ER_ACC_014,emergency_ER_ACC_014_PT_014,7335400049,7335400049,218773869#7,218773869#8,29.261,180368918#0,skip,disabled_by_single_terminal_experiment,,
b0_valid_18route_ER_ACC_014_PT_014,PT_014,cluster_13348293702_13348293703_414685829,31.0,ER_ACC_014,emergency_ER_ACC_014_PT_014,11346754525,11346754525,219696193#0,219696193#1,29.72,180368918#6,skip,disabled_by_single_terminal_experiment,,
b0_valid_18route_ER_ACC_014_PT_014,PT_014,cluster_13348293702_13348293703_414685829,61.0,ER_ACC_014,emergency_ER_ACC_014_PT_014,joinedS_11203052957_cluster_11203052955_11203052956_11203052960_11203052961_#11more,cluster_11203052955_11203052956_11203052960_11203052961_#11more,781985787#0,-781985788#0,29.823,218773869#1,skip,disabled_by_single_terminal_experiment,,
b0_valid_18route_ER_ACC_014_PT_014,PT_014,cluster_13348293702_13348293703_414685829,67.0,ER_ACC_014,emergency_ER_ACC_014_PT_014,cluster_11203041632_11203041633_11203041634_11203041635_#5more,cluster_11203041632_11203041633_11203041634_11203041635_#5more,1499619438#0,1499619445#2,29.249,218773869#6,skip,disabled_by_single_terminal_experiment,,
b0_valid_18route_ER_ACC_014_PT_014,PT_014,cluster_13348293702_13348293703_414685829,72.0,ER_ACC_014,emergency_ER_ACC_014_PT_014,13732389938,13732389938,1499619443#4,1499619443#8,29.748,219696193#1,skip,disabled_by_single_terminal_experiment,,
b0_valid_18route_ER_ACC_014_PT_014,PT_014,cluster_13348293702_13348293703_414685829,75.0,ER_ACC_014,emergency_ER_ACC_014_PT_014,13732389937,13732389937,1499619443#8,1499619443#9,29.305,219696193#2,skip,disabled_by_single_terminal_experiment,,
b0_valid_18route_ER_ACC_014_PT_015,PT_015,cluster_3846534041_436877431,1.0,ER_ACC_014,emergency_ER_ACC_014_PT_015,cluster_1326096615_3849700763,cluster_1326096615_3849700763,-381802847#2,-183272625#1,2.979,-381802881#2,skip,disabled_by_single_terminal_experiment,,
b0_valid_18route_ER_ACC_014_PT_015,PT_015,cluster_3846534041_436877431,2.0,ER_ACC_014,emergency_ER_ACC_014_PT_015,cluster_3846534041_436877431,cluster_3846534041_436877431,180368918#3,180368918#5,21.224,-381802881#2,extend_green,current_phase_already_green,0,
b0_valid_18route_ER_ACC_014_PT_015,PT_015,cluster_3846534041_436877431,19.0,ER_ACC_014,emergency_ER_ACC_014_PT_015,joinedS_4273893706_4273893707_7335400058_cluster_13348213189_13348213190_13348213191,cluster_13348213189_13348213190_13348213191,-1455512070,-1455512069,29.158,-174870621#2,skip,disabled_by_single_terminal_experiment,,
b0_valid_18route_ER_ACC_014_PT_015,PT_015,cluster_3846534041_436877431,27.0,ER_ACC_014,emergency_ER_ACC_014_PT_015,7335400049,7335400049,218773869#7,218773869#8,29.261,180368918#0,skip,disabled_by_single_terminal_experiment,,
b0_valid_18route_ER_ACC_014_PT_015,PT_015,cluster_3846534041_436877431,31.0,ER_ACC_014,emergency_ER_ACC_014_PT_015,11346754525,11346754525,219696193#0,219696193#1,29.72,180368918#6,skip,disabled_by_single_terminal_experiment,,
b0_valid_18route_ER_ACC_014_PT_015,PT_015,cluster_3846534041_436877431,61.0,ER_ACC_014,emergency_ER_ACC_014_PT_015,joinedS_11203052957_cluster_11203052955_11203052956_11203052960_11203052961_#11more,cluster_11203052955_11203052956_11203052960_11203052961_#11more,781985787#0,-781985788#0,29.823,218773869#1,skip,disabled_by_single_terminal_experiment,,
b0_valid_18route_ER_ACC_014_PT_015,PT_015,cluster_3846534041_436877431,67.0,ER_ACC_014,emergency_ER_ACC_014_PT_015,cluster_11203041632_11203041633_11203041634_11203041635_#5more,cluster_11203041632_11203041633_11203041634_11203041635_#5more,1499619438#0,1499619445#2,29.249,218773869#6,skip,disabled_by_single_terminal_experiment,,
b0_valid_18route_ER_ACC_014_PT_015,PT_015,cluster_3846534041_436877431,72.0,ER_ACC_014,emergency_ER_ACC_014_PT_015,13732389938,13732389938,1499619443#4,1499619443#8,29.737,219696193#1,skip,disabled_by_single_terminal_experiment,,
b0_valid_18route_ER_ACC_014_PT_015,PT_015,cluster_3846534041_436877431,75.0,ER_ACC_014,emergency_ER_ACC_014_PT_015,13732389937,13732389937,1499619443#8,1499619443#9,29.455,219696193#2,skip,disabled_by_single_terminal_experiment,,
b0_valid_18route_ER_ACC_014_PT_016,PT_016,joinedS_11139302899_11139302904_11178710208_cluster_11139302901_5593950669_5593950674,1.0,ER_ACC_014,emergency_ER_ACC_014_PT_016,cluster_1326096615_3849700763,cluster_1326096615_3849700763,-381802847#2,-183272625#1,2.979,-381802881#2,skip,disabled_by_single_terminal_experiment,,
b0_valid_18route_ER_ACC_014_PT_016,PT_016,joinedS_11139302899_11139302904_11178710208_cluster_11139302901_5593950669_5593950674,2.0,ER_ACC_014,emergency_ER_ACC_014_PT_016,cluster_3846534041_436877431,cluster_3846534041_436877431,180368918#3,180368918#5,21.224,-381802881#2,skip,disabled_by_single_terminal_experiment,,
b0_valid_18route_ER_ACC_014_PT_016,PT_016,joinedS_11139302899_11139302904_11178710208_cluster_11139302901_5593950669_5593950674,19.0,ER_ACC_014,emergency_ER_ACC_014_PT_016,joinedS_4273893706_4273893707_7335400058_cluster_13348213189_13348213190_13348213191,cluster_13348213189_13348213190_13348213191,-1455512070,-1455512069,29.158,-174870621#2,skip,disabled_by_single_terminal_experiment,,
b0_valid_18route_ER_ACC_014_PT_016,PT_016,joinedS_11139302899_11139302904_11178710208_cluster_11139302901_5593950669_5593950674,27.0,ER_ACC_014,emergency_ER_ACC_014_PT_016,7335400049,7335400049,218773869#7,218773869#8,29.261,180368918#0,skip,disabled_by_single_terminal_experiment,,
b0_valid_18route_ER_ACC_014_PT_016,PT_016,joinedS_11139302899_11139302904_11178710208_cluster_11139302901_5593950669_5593950674,31.0,ER_ACC_014,emergency_ER_ACC_014_PT_016,11346754525,11346754525,219696193#0,219696193#1,29.72,180368918#6,skip,disabled_by_single_terminal_experiment,,
b0_valid_18route_ER_ACC_014_PT_016,PT_016,joinedS_11139302899_11139302904_11178710208_cluster_11139302901_5593950669_5593950674,61.0,ER_ACC_014,emergency_ER_ACC_014_PT_016,joinedS_11203052957_cluster_11203052955_11203052956_11203052960_11203052961_#11more,cluster_11203052955_11203052956_11203052960_11203052961_#11more,781985787#0,-781985788#0,29.823,218773869#1,skip,disabled_by_single_terminal_experiment,,
b0_valid_18route_ER_ACC_014_PT_016,PT_016,joinedS_11139302899_11139302904_11178710208_cluster_11139302901_5593950669_5593950674,67.0,ER_ACC_014,emergency_ER_ACC_014_PT_016,cluster_11203041632_11203041633_11203041634_11203041635_#5more,cluster_11203041632_11203041633_11203041634_11203041635_#5more,1499619438#0,1499619445#2,29.249,218773869#6,skip,disabled_by_single_terminal_experiment,,
b0_valid_18route_ER_ACC_014_PT_016,PT_016,joinedS_11139302899_11139302904_11178710208_cluster_11139302901_5593950669_5593950674,72.0,ER_ACC_014,emergency_ER_ACC_014_PT_016,13732389938,13732389938,1499619443#4,1499619443#8,29.748,219696193#1,skip,disabled_by_single_terminal_experiment,,
b0_valid_18route_ER_ACC_014_PT_016,PT_016,joinedS_11139302899_11139302904_11178710208_cluster_11139302901_5593950669_5593950674,75.0,ER_ACC_014,emergency_ER_ACC_014_PT_016,13732389937,13732389937,1499619443#8,1499619443#9,29.305,219696193#2,skip,disabled_by_single_terminal_experiment,,
b0_valid_18route_ER_ACC_014_PT_017,PT_017,joinedS_11203001806_11203001814_13721232731_5851251250_#6more,1.0,ER_ACC_014,emergency_ER_ACC_014_PT_017,cluster_1326096615_3849700763,cluster_1326096615_3849700763,-381802847#2,-183272625#1,2.979,-381802881#2,skip,disabled_by_single_terminal_experiment,,
b0_valid_18route_ER_ACC_014_PT_017,PT_017,joinedS_11203001806_11203001814_13721232731_5851251250_#6more,2.0,ER_ACC_014,emergency_ER_ACC_014_PT_017,cluster_3846534041_436877431,cluster_3846534041_436877431,180368918#3,180368918#5,21.224,-381802881#2,skip,disabled_by_single_terminal_experiment,,
b0_valid_18route_ER_ACC_014_PT_017,PT_017,joinedS_11203001806_11203001814_13721232731_5851251250_#6more,19.0,ER_ACC_014,emergency_ER_ACC_014_PT_017,joinedS_4273893706_4273893707_7335400058_cluster_13348213189_13348213190_13348213191,cluster_13348213189_13348213190_13348213191,-1455512070,-1455512069,29.158,-174870621#2,skip,disabled_by_single_terminal_experiment,,
b0_valid_18route_ER_ACC_014_PT_017,PT_017,joinedS_11203001806_11203001814_13721232731_5851251250_#6more,27.0,ER_ACC_014,emergency_ER_ACC_014_PT_017,7335400049,7335400049,218773869#7,218773869#8,29.261,180368918#0,skip,disabled_by_single_terminal_experiment,,
b0_valid_18route_ER_ACC_014_PT_017,PT_017,joinedS_11203001806_11203001814_13721232731_5851251250_#6more,31.0,ER_ACC_014,emergency_ER_ACC_014_PT_017,11346754525,11346754525,219696193#0,219696193#1,29.72,180368918#6,skip,disabled_by_single_terminal_experiment,,
b0_valid_18route_ER_ACC_014_PT_017,PT_017,joinedS_11203001806_11203001814_13721232731_5851251250_#6more,61.0,ER_ACC_014,emergency_ER_ACC_014_PT_017,joinedS_11203052957_cluster_11203052955_11203052956_11203052960_11203052961_#11more,cluster_11203052955_11203052956_11203052960_11203052961_#11more,781985787#0,-781985788#0,29.823,218773869#1,skip,disabled_by_single_terminal_experiment,,
b0_valid_18route_ER_ACC_014_PT_017,PT_017,joinedS_11203001806_11203001814_13721232731_5851251250_#6more,67.0,ER_ACC_014,emergency_ER_ACC_014_PT_017,cluster_11203041632_11203041633_11203041634_11203041635_#5more,cluster_11203041632_11203041633_11203041634_11203041635_#5more,1499619438#0,1499619445#2,29.249,218773869#6,skip,disabled_by_single_terminal_experiment,,
b0_valid_18route_ER_ACC_014_PT_017,PT_017,joinedS_11203001806_11203001814_13721232731_5851251250_#6more,72.0,ER_ACC_014,emergency_ER_ACC_014_PT_017,13732389938,13732389938,1499619443#4,1499619443#8,29.748,219696193#1,skip,disabled_by_single_terminal_experiment,,
b0_valid_18route_ER_ACC_014_PT_017,PT_017,joinedS_11203001806_11203001814_13721232731_5851251250_#6more,75.0,ER_ACC_014,emergency_ER_ACC_014_PT_017,13732389937,13732389937,1499619443#8,1499619443#9,29.305,219696193#2,skip,disabled_by_single_terminal_experiment,,
b0_valid_18route_ER_ACC_014_PT_018,PT_018,joinedS_11203052957_cluster_11203052955_11203052956_11203052960_11203052961_#11more,1.0,ER_ACC_014,emergency_ER_ACC_014_PT_018,cluster_1326096615_3849700763,cluster_1326096615_3849700763,-381802847#2,-183272625#1,2.979,-381802881#2,skip,disabled_by_single_terminal_experiment,,
b0_valid_18route_ER_ACC_014_PT_018,PT_018,joinedS_11203052957_cluster_11203052955_11203052956_11203052960_11203052961_#11more,2.0,ER_ACC_014,emergency_ER_ACC_014_PT_018,cluster_3846534041_436877431,cluster_3846534041_436877431,180368918#3,180368918#5,21.224,-381802881#2,skip,disabled_by_single_terminal_experiment,,
b0_valid_18route_ER_ACC_014_PT_018,PT_018,joinedS_11203052957_cluster_11203052955_11203052956_11203052960_11203052961_#11more,19.0,ER_ACC_014,emergency_ER_ACC_014_PT_018,joinedS_4273893706_4273893707_7335400058_cluster_13348213189_13348213190_13348213191,cluster_13348213189_13348213190_13348213191,-1455512070,-1455512069,29.158,-174870621#2,skip,disabled_by_single_terminal_experiment,,
b0_valid_18route_ER_ACC_014_PT_018,PT_018,joinedS_11203052957_cluster_11203052955_11203052956_11203052960_11203052961_#11more,27.0,ER_ACC_014,emergency_ER_ACC_014_PT_018,7335400049,7335400049,218773869#7,218773869#8,29.261,180368918#0,skip,disabled_by_single_terminal_experiment,,
b0_valid_18route_ER_ACC_014_PT_018,PT_018,joinedS_11203052957_cluster_11203052955_11203052956_11203052960_11203052961_#11more,31.0,ER_ACC_014,emergency_ER_ACC_014_PT_018,11346754525,11346754525,219696193#0,219696193#1,29.72,180368918#6,skip,disabled_by_single_terminal_experiment,,
b0_valid_18route_ER_ACC_014_PT_018,PT_018,joinedS_11203052957_cluster_11203052955_11203052956_11203052960_11203052961_#11more,61.0,ER_ACC_014,emergency_ER_ACC_014_PT_018,joinedS_11203052957_cluster_11203052955_11203052956_11203052960_11203052961_#11more,cluster_11203052955_11203052956_11203052960_11203052961_#11more,781985787#0,-781985788#0,29.823,218773869#1,skip,safe_green_not_current_or_next_phase,6,4 8
b0_valid_18route_ER_ACC_014_PT_018,PT_018,joinedS_11203052957_cluster_11203052955_11203052956_11203052960_11203052961_#11more,67.0,ER_ACC_014,emergency_ER_ACC_014_PT_018,cluster_11203041632_11203041633_11203041634_11203041635_#5more,cluster_11203041632_11203041633_11203041634_11203041635_#5more,1499619438#0,1499619445#2,29.249,218773869#6,skip,disabled_by_single_terminal_experiment,,
b0_valid_18route_ER_ACC_014_PT_018,PT_018,joinedS_11203052957_cluster_11203052955_11203052956_11203052960_11203052961_#11more,72.0,ER_ACC_014,emergency_ER_ACC_014_PT_018,13732389938,13732389938,1499619443#4,1499619443#8,29.748,219696193#1,skip,disabled_by_single_terminal_experiment,,
b0_valid_18route_ER_ACC_014_PT_018,PT_018,joinedS_11203052957_cluster_11203052955_11203052956_11203052960_11203052961_#11more,75.0,ER_ACC_014,emergency_ER_ACC_014_PT_018,13732389937,13732389937,1499619443#8,1499619443#9,29.305,219696193#2,skip,disabled_by_single_terminal_experiment,,
b0_valid_18route_ER_ACC_014_PT_019,PT_019,joinedS_4273893706_4273893707_7335400058_cluster_13348213189_13348213190_13348213191,1.0,ER_ACC_014,emergency_ER_ACC_014_PT_019,cluster_1326096615_3849700763,cluster_1326096615_3849700763,-381802847#2,-183272625#1,2.979,-381802881#2,skip,disabled_by_single_terminal_experiment,,
b0_valid_18route_ER_ACC_014_PT_019,PT_019,joinedS_4273893706_4273893707_7335400058_cluster_13348213189_13348213190_13348213191,2.0,ER_ACC_014,emergency_ER_ACC_014_PT_019,cluster_3846534041_436877431,cluster_3846534041_436877431,180368918#3,180368918#5,21.224,-381802881#2,skip,disabled_by_single_terminal_experiment,,
b0_valid_18route_ER_ACC_014_PT_019,PT_019,joinedS_4273893706_4273893707_7335400058_cluster_13348213189_13348213190_13348213191,19.0,ER_ACC_014,emergency_ER_ACC_014_PT_019,joinedS_4273893706_4273893707_7335400058_cluster_13348213189_13348213190_13348213191,cluster_13348213189_13348213190_13348213191,-1455512070,-1455512069,29.158,-174870621#2,extend_green,current_phase_already_green,0,
b0_valid_18route_ER_ACC_014_PT_019,PT_019,joinedS_4273893706_4273893707_7335400058_cluster_13348213189_13348213190_13348213191,27.0,ER_ACC_014,emergency_ER_ACC_014_PT_019,7335400049,7335400049,218773869#7,218773869#8,29.261,180368918#0,skip,disabled_by_single_terminal_experiment,,
b0_valid_18route_ER_ACC_014_PT_019,PT_019,joinedS_4273893706_4273893707_7335400058_cluster_13348213189_13348213190_13348213191,31.0,ER_ACC_014,emergency_ER_ACC_014_PT_019,11346754525,11346754525,219696193#0,219696193#1,29.72,180368918#6,skip,disabled_by_single_terminal_experiment,,
b0_valid_18route_ER_ACC_014_PT_019,PT_019,joinedS_4273893706_4273893707_7335400058_cluster_13348213189_13348213190_13348213191,61.0,ER_ACC_014,emergency_ER_ACC_014_PT_019,joinedS_11203052957_cluster_11203052955_11203052956_11203052960_11203052961_#11more,cluster_11203052955_11203052956_11203052960_11203052961_#11more,781985787#0,-781985788#0,29.823,218773869#1,skip,disabled_by_single_terminal_experiment,,
b0_valid_18route_ER_ACC_014_PT_019,PT_019,joinedS_4273893706_4273893707_7335400058_cluster_13348213189_13348213190_13348213191,67.0,ER_ACC_014,emergency_ER_ACC_014_PT_019,cluster_11203041632_11203041633_11203041634_11203041635_#5more,cluster_11203041632_11203041633_11203041634_11203041635_#5more,1499619438#0,1499619445#2,29.249,218773869#6,skip,disabled_by_single_terminal_experiment,,
b0_valid_18route_ER_ACC_014_PT_019,PT_019,joinedS_4273893706_4273893707_7335400058_cluster_13348213189_13348213190_13348213191,72.0,ER_ACC_014,emergency_ER_ACC_014_PT_019,13732389938,13732389938,1499619443#4,1499619443#8,29.748,219696193#1,skip,disabled_by_single_terminal_experiment,,
b0_valid_18route_ER_ACC_014_PT_019,PT_019,joinedS_4273893706_4273893707_7335400058_cluster_13348213189_13348213190_13348213191,75.0,ER_ACC_014,emergency_ER_ACC_014_PT_019,13732389937,13732389937,1499619443#8,1499619443#9,29.305,219696193#2,skip,disabled_by_single_terminal_experiment,,
b0_valid_18route_ER_ACC_014_PT_020,PT_020,joinedS_4276255150_4276255151_4276255152_cluster_4276255149_436839431,1.0,ER_ACC_014,emergency_ER_ACC_014_PT_020,cluster_1326096615_3849700763,cluster_1326096615_3849700763,-381802847#2,-183272625#1,2.979,-381802881#2,skip,disabled_by_single_terminal_experiment,,
b0_valid_18route_ER_ACC_014_PT_020,PT_020,joinedS_4276255150_4276255151_4276255152_cluster_4276255149_436839431,2.0,ER_ACC_014,emergency_ER_ACC_014_PT_020,cluster_3846534041_436877431,cluster_3846534041_436877431,180368918#3,180368918#5,21.224,-381802881#2,skip,disabled_by_single_terminal_experiment,,
b0_valid_18route_ER_ACC_014_PT_020,PT_020,joinedS_4276255150_4276255151_4276255152_cluster_4276255149_436839431,19.0,ER_ACC_014,emergency_ER_ACC_014_PT_020,joinedS_4273893706_4273893707_7335400058_cluster_13348213189_13348213190_13348213191,cluster_13348213189_13348213190_13348213191,-1455512070,-1455512069,29.158,-174870621#2,skip,disabled_by_single_terminal_experiment,,
b0_valid_18route_ER_ACC_014_PT_020,PT_020,joinedS_4276255150_4276255151_4276255152_cluster_4276255149_436839431,27.0,ER_ACC_014,emergency_ER_ACC_014_PT_020,7335400049,7335400049,218773869#7,218773869#8,29.261,180368918#0,skip,disabled_by_single_terminal_experiment,,
b0_valid_18route_ER_ACC_014_PT_020,PT_020,joinedS_4276255150_4276255151_4276255152_cluster_4276255149_436839431,31.0,ER_ACC_014,emergency_ER_ACC_014_PT_020,11346754525,11346754525,219696193#0,219696193#1,29.72,180368918#6,skip,disabled_by_single_terminal_experiment,,
b0_valid_18route_ER_ACC_014_PT_020,PT_020,joinedS_4276255150_4276255151_4276255152_cluster_4276255149_436839431,61.0,ER_ACC_014,emergency_ER_ACC_014_PT_020,joinedS_11203052957_cluster_11203052955_11203052956_11203052960_11203052961_#11more,cluster_11203052955_11203052956_11203052960_11203052961_#11more,781985787#0,-781985788#0,29.823,218773869#1,skip,disabled_by_single_terminal_experiment,,
b0_valid_18route_ER_ACC_014_PT_020,PT_020,joinedS_4276255150_4276255151_4276255152_cluster_4276255149_436839431,67.0,ER_ACC_014,emergency_ER_ACC_014_PT_020,cluster_11203041632_11203041633_11203041634_11203041635_#5more,cluster_11203041632_11203041633_11203041634_11203041635_#5more,1499619438#0,1499619445#2,29.249,218773869#6,skip,disabled_by_single_terminal_experiment,,
b0_valid_18route_ER_ACC_014_PT_020,PT_020,joinedS_4276255150_4276255151_4276255152_cluster_4276255149_436839431,72.0,ER_ACC_014,emergency_ER_ACC_014_PT_020,13732389938,13732389938,1499619443#4,1499619443#8,29.748,219696193#1,skip,disabled_by_single_terminal_experiment,,
b0_valid_18route_ER_ACC_014_PT_020,PT_020,joinedS_4276255150_4276255151_4276255152_cluster_4276255149_436839431,75.0,ER_ACC_014,emergency_ER_ACC_014_PT_020,13732389937,13732389937,1499619443#8,1499619443#9,29.305,219696193#2,skip,disabled_by_single_terminal_experiment,,
b0_valid_18route_ER_ACC_015_PT_001,PT_001,11203059756,1.0,ER_ACC_015,emergency_ER_ACC_015_PT_001,cluster_1326096615_3849700763,cluster_1326096615_3849700763,-381802847#2,-183272625#1,2.979,-381802881#2,skip,disabled_by_single_terminal_experiment,,
b0_valid_18route_ER_ACC_015_PT_001,PT_001,11203059756,2.0,ER_ACC_015,emergency_ER_ACC_015_PT_001,cluster_3846534041_436877431,cluster_3846534041_436877431,180368918#3,180368918#5,21.224,-381802881#2,skip,disabled_by_single_terminal_experiment,,
b0_valid_18route_ER_ACC_015_PT_001,PT_001,11203059756,19.0,ER_ACC_015,emergency_ER_ACC_015_PT_001,joinedS_4273893706_4273893707_7335400058_cluster_13348213189_13348213190_13348213191,cluster_13348213189_13348213190_13348213191,-1455512070,-1455512069,29.158,-174870621#2,skip,disabled_by_single_terminal_experiment,,
b0_valid_18route_ER_ACC_015_PT_001,PT_001,11203059756,27.0,ER_ACC_015,emergency_ER_ACC_015_PT_001,7335400049,7335400049,218773869#7,218773869#8,29.261,180368918#0,skip,disabled_by_single_terminal_experiment,,
b0_valid_18route_ER_ACC_015_PT_001,PT_001,11203059756,31.0,ER_ACC_015,emergency_ER_ACC_015_PT_001,11346754525,11346754525,219696193#0,219696193#1,29.72,180368918#6,skip,disabled_by_single_terminal_experiment,,
b0_valid_18route_ER_ACC_015_PT_001,PT_001,11203059756,61.0,ER_ACC_015,emergency_ER_ACC_015_PT_001,joinedS_11203052957_cluster_11203052955_11203052956_11203052960_11203052961_#11more,cluster_11203052955_11203052956_11203052960_11203052961_#11more,781985787#0,1465558146#0,29.823,218773869#1,skip,disabled_by_single_terminal_experiment,,
b0_valid_18route_ER_ACC_015_PT_002,PT_002,11346754524,1.0,ER_ACC_015,emergency_ER_ACC_015_PT_002,cluster_1326096615_3849700763,cluster_1326096615_3849700763,-381802847#2,-183272625#1,2.979,-381802881#2,skip,disabled_by_single_terminal_experiment,,
b0_valid_18route_ER_ACC_015_PT_002,PT_002,11346754524,2.0,ER_ACC_015,emergency_ER_ACC_015_PT_002,cluster_3846534041_436877431,cluster_3846534041_436877431,180368918#3,180368918#5,21.224,-381802881#2,skip,disabled_by_single_terminal_experiment,,
b0_valid_18route_ER_ACC_015_PT_002,PT_002,11346754524,19.0,ER_ACC_015,emergency_ER_ACC_015_PT_002,joinedS_4273893706_4273893707_7335400058_cluster_13348213189_13348213190_13348213191,cluster_13348213189_13348213190_13348213191,-1455512070,-1455512069,29.158,-174870621#2,skip,disabled_by_single_terminal_experiment,,
b0_valid_18route_ER_ACC_015_PT_002,PT_002,11346754524,27.0,ER_ACC_015,emergency_ER_ACC_015_PT_002,7335400049,7335400049,218773869#7,218773869#8,29.261,180368918#0,skip,disabled_by_single_terminal_experiment,,
b0_valid_18route_ER_ACC_015_PT_002,PT_002,11346754524,31.0,ER_ACC_015,emergency_ER_ACC_015_PT_002,11346754525,11346754525,219696193#0,219696193#1,29.72,180368918#6,skip,disabled_by_single_terminal_experiment,,
b0_valid_18route_ER_ACC_015_PT_002,PT_002,11346754524,61.0,ER_ACC_015,emergency_ER_ACC_015_PT_002,joinedS_11203052957_cluster_11203052955_11203052956_11203052960_11203052961_#11more,cluster_11203052955_11203052956_11203052960_11203052961_#11more,781985787#0,1465558146#0,29.823,218773869#1,skip,disabled_by_single_terminal_experiment,,
b0_valid_18route_ER_ACC_015_PT_003,PT_003,11346754525,1.0,ER_ACC_015,emergency_ER_ACC_015_PT_003,cluster_1326096615_3849700763,cluster_1326096615_3849700763,-381802847#2,-183272625#1,2.979,-381802881#2,skip,disabled_by_single_terminal_experiment,,
b0_valid_18route_ER_ACC_015_PT_003,PT_003,11346754525,2.0,ER_ACC_015,emergency_ER_ACC_015_PT_003,cluster_3846534041_436877431,cluster_3846534041_436877431,180368918#3,180368918#5,21.224,-381802881#2,skip,disabled_by_single_terminal_experiment,,
b0_valid_18route_ER_ACC_015_PT_003,PT_003,11346754525,19.0,ER_ACC_015,emergency_ER_ACC_015_PT_003,joinedS_4273893706_4273893707_7335400058_cluster_13348213189_13348213190_13348213191,cluster_13348213189_13348213190_13348213191,-1455512070,-1455512069,29.158,-174870621#2,skip,disabled_by_single_terminal_experiment,,
b0_valid_18route_ER_ACC_015_PT_003,PT_003,11346754525,27.0,ER_ACC_015,emergency_ER_ACC_015_PT_003,7335400049,7335400049,218773869#7,218773869#8,29.261,180368918#0,skip,disabled_by_single_terminal_experiment,,
b0_valid_18route_ER_ACC_015_PT_003,PT_003,11346754525,31.0,ER_ACC_015,emergency_ER_ACC_015_PT_003,11346754525,11346754525,219696193#0,219696193#1,29.72,180368918#6,extend_green,current_phase_already_green,0,
b0_valid_18route_ER_ACC_015_PT_003,PT_003,11346754525,61.0,ER_ACC_015,emergency_ER_ACC_015_PT_003,joinedS_11203052957_cluster_11203052955_11203052956_11203052960_11203052961_#11more,cluster_11203052955_11203052956_11203052960_11203052961_#11more,781985787#0,1465558146#0,29.823,218773869#1,skip,disabled_by_single_terminal_experiment,,
b0_valid_18route_ER_ACC_015_PT_004,PT_004,13732389937,1.0,ER_ACC_015,emergency_ER_ACC_015_PT_004,cluster_1326096615_3849700763,cluster_1326096615_3849700763,-381802847#2,-183272625#1,2.979,-381802881#2,skip,disabled_by_single_terminal_experiment,,
b0_valid_18route_ER_ACC_015_PT_004,PT_004,13732389937,2.0,ER_ACC_015,emergency_ER_ACC_015_PT_004,cluster_3846534041_436877431,cluster_3846534041_436877431,180368918#3,180368918#5,21.224,-381802881#2,skip,disabled_by_single_terminal_experiment,,
b0_valid_18route_ER_ACC_015_PT_004,PT_004,13732389937,19.0,ER_ACC_015,emergency_ER_ACC_015_PT_004,joinedS_4273893706_4273893707_7335400058_cluster_13348213189_13348213190_13348213191,cluster_13348213189_13348213190_13348213191,-1455512070,-1455512069,29.158,-174870621#2,skip,disabled_by_single_terminal_experiment,,
b0_valid_18route_ER_ACC_015_PT_004,PT_004,13732389937,27.0,ER_ACC_015,emergency_ER_ACC_015_PT_004,7335400049,7335400049,218773869#7,218773869#8,29.261,180368918#0,skip,disabled_by_single_terminal_experiment,,
b0_valid_18route_ER_ACC_015_PT_004,PT_004,13732389937,31.0,ER_ACC_015,emergency_ER_ACC_015_PT_004,11346754525,11346754525,219696193#0,219696193#1,29.72,180368918#6,skip,disabled_by_single_terminal_experiment,,
b0_valid_18route_ER_ACC_015_PT_004,PT_004,13732389937,61.0,ER_ACC_015,emergency_ER_ACC_015_PT_004,joinedS_11203052957_cluster_11203052955_11203052956_11203052960_11203052961_#11more,cluster_11203052955_11203052956_11203052960_11203052961_#11more,781985787#0,1465558146#0,29.823,218773869#1,skip,disabled_by_single_terminal_experiment,,
b0_valid_18route_ER_ACC_015_PT_005,PT_005,13732389938,1.0,ER_ACC_015,emergency_ER_ACC_015_PT_005,cluster_1326096615_3849700763,cluster_1326096615_3849700763,-381802847#2,-183272625#1,2.979,-381802881#2,skip,disabled_by_single_terminal_experiment,,
b0_valid_18route_ER_ACC_015_PT_005,PT_005,13732389938,2.0,ER_ACC_015,emergency_ER_ACC_015_PT_005,cluster_3846534041_436877431,cluster_3846534041_436877431,180368918#3,180368918#5,21.224,-381802881#2,skip,disabled_by_single_terminal_experiment,,
b0_valid_18route_ER_ACC_015_PT_005,PT_005,13732389938,19.0,ER_ACC_015,emergency_ER_ACC_015_PT_005,joinedS_4273893706_4273893707_7335400058_cluster_13348213189_13348213190_13348213191,cluster_13348213189_13348213190_13348213191,-1455512070,-1455512069,29.158,-174870621#2,skip,disabled_by_single_terminal_experiment,,
b0_valid_18route_ER_ACC_015_PT_005,PT_005,13732389938,27.0,ER_ACC_015,emergency_ER_ACC_015_PT_005,7335400049,7335400049,218773869#7,218773869#8,29.261,180368918#0,skip,disabled_by_single_terminal_experiment,,
b0_valid_18route_ER_ACC_015_PT_005,PT_005,13732389938,31.0,ER_ACC_015,emergency_ER_ACC_015_PT_005,11346754525,11346754525,219696193#0,219696193#1,29.72,180368918#6,skip,disabled_by_single_terminal_experiment,,
b0_valid_18route_ER_ACC_015_PT_005,PT_005,13732389938,61.0,ER_ACC_015,emergency_ER_ACC_015_PT_005,joinedS_11203052957_cluster_11203052955_11203052956_11203052960_11203052961_#11more,cluster_11203052955_11203052956_11203052960_11203052961_#11more,781985787#0,1465558146#0,29.823,218773869#1,skip,disabled_by_single_terminal_experiment,,
b0_valid_18route_ER_ACC_015_PT_006,PT_006,4202879197,1.0,ER_ACC_015,emergency_ER_ACC_015_PT_006,cluster_1326096615_3849700763,cluster_1326096615_3849700763,-381802847#2,-183272625#1,2.979,-381802881#2,skip,disabled_by_single_terminal_experiment,,
b0_valid_18route_ER_ACC_015_PT_006,PT_006,4202879197,2.0,ER_ACC_015,emergency_ER_ACC_015_PT_006,cluster_3846534041_436877431,cluster_3846534041_436877431,180368918#3,180368918#5,21.224,-381802881#2,skip,disabled_by_single_terminal_experiment,,
b0_valid_18route_ER_ACC_015_PT_006,PT_006,4202879197,19.0,ER_ACC_015,emergency_ER_ACC_015_PT_006,joinedS_4273893706_4273893707_7335400058_cluster_13348213189_13348213190_13348213191,cluster_13348213189_13348213190_13348213191,-1455512070,-1455512069,29.158,-174870621#2,skip,disabled_by_single_terminal_experiment,,
b0_valid_18route_ER_ACC_015_PT_006,PT_006,4202879197,27.0,ER_ACC_015,emergency_ER_ACC_015_PT_006,7335400049,7335400049,218773869#7,218773869#8,29.261,180368918#0,skip,disabled_by_single_terminal_experiment,,
b0_valid_18route_ER_ACC_015_PT_006,PT_006,4202879197,31.0,ER_ACC_015,emergency_ER_ACC_015_PT_006,11346754525,11346754525,219696193#0,219696193#1,29.72,180368918#6,skip,disabled_by_single_terminal_experiment,,
b0_valid_18route_ER_ACC_015_PT_006,PT_006,4202879197,61.0,ER_ACC_015,emergency_ER_ACC_015_PT_006,joinedS_11203052957_cluster_11203052955_11203052956_11203052960_11203052961_#11more,cluster_11203052955_11203052956_11203052960_11203052961_#11more,781985787#0,1465558146#0,29.823,218773869#1,skip,disabled_by_single_terminal_experiment,,
b0_valid_18route_ER_ACC_015_PT_007,PT_007,436870729,1.0,ER_ACC_015,emergency_ER_ACC_015_PT_007,cluster_1326096615_3849700763,cluster_1326096615_3849700763,-381802847#2,-183272625#1,2.979,-381802881#2,skip,disabled_by_single_terminal_experiment,,
b0_valid_18route_ER_ACC_015_PT_007,PT_007,436870729,2.0,ER_ACC_015,emergency_ER_ACC_015_PT_007,cluster_3846534041_436877431,cluster_3846534041_436877431,180368918#3,180368918#5,21.224,-381802881#2,skip,disabled_by_single_terminal_experiment,,
b0_valid_18route_ER_ACC_015_PT_007,PT_007,436870729,19.0,ER_ACC_015,emergency_ER_ACC_015_PT_007,joinedS_4273893706_4273893707_7335400058_cluster_13348213189_13348213190_13348213191,cluster_13348213189_13348213190_13348213191,-1455512070,-1455512069,29.158,-174870621#2,skip,disabled_by_single_terminal_experiment,,
b0_valid_18route_ER_ACC_015_PT_007,PT_007,436870729,27.0,ER_ACC_015,emergency_ER_ACC_015_PT_007,7335400049,7335400049,218773869#7,218773869#8,29.261,180368918#0,skip,disabled_by_single_terminal_experiment,,
b0_valid_18route_ER_ACC_015_PT_007,PT_007,436870729,31.0,ER_ACC_015,emergency_ER_ACC_015_PT_007,11346754525,11346754525,219696193#0,219696193#1,29.72,180368918#6,skip,disabled_by_single_terminal_experiment,,
b0_valid_18route_ER_ACC_015_PT_007,PT_007,436870729,61.0,ER_ACC_015,emergency_ER_ACC_015_PT_007,joinedS_11203052957_cluster_11203052955_11203052956_11203052960_11203052961_#11more,cluster_11203052955_11203052956_11203052960_11203052961_#11more,781985787#0,1465558146#0,29.823,218773869#1,skip,disabled_by_single_terminal_experiment,,
b0_valid_18route_ER_ACC_015_PT_008,PT_008,7311080426,1.0,ER_ACC_015,emergency_ER_ACC_015_PT_008,cluster_1326096615_3849700763,cluster_1326096615_3849700763,-381802847#2,-183272625#1,2.979,-381802881#2,skip,disabled_by_single_terminal_experiment,,
b0_valid_18route_ER_ACC_015_PT_008,PT_008,7311080426,2.0,ER_ACC_015,emergency_ER_ACC_015_PT_008,cluster_3846534041_436877431,cluster_3846534041_436877431,180368918#3,180368918#5,21.224,-381802881#2,skip,disabled_by_single_terminal_experiment,,
b0_valid_18route_ER_ACC_015_PT_008,PT_008,7311080426,19.0,ER_ACC_015,emergency_ER_ACC_015_PT_008,joinedS_4273893706_4273893707_7335400058_cluster_13348213189_13348213190_13348213191,cluster_13348213189_13348213190_13348213191,-1455512070,-1455512069,29.158,-174870621#2,skip,disabled_by_single_terminal_experiment,,
b0_valid_18route_ER_ACC_015_PT_008,PT_008,7311080426,27.0,ER_ACC_015,emergency_ER_ACC_015_PT_008,7335400049,7335400049,218773869#7,218773869#8,29.261,180368918#0,skip,disabled_by_single_terminal_experiment,,
b0_valid_18route_ER_ACC_015_PT_008,PT_008,7311080426,31.0,ER_ACC_015,emergency_ER_ACC_015_PT_008,11346754525,11346754525,219696193#0,219696193#1,29.72,180368918#6,skip,disabled_by_single_terminal_experiment,,
b0_valid_18route_ER_ACC_015_PT_008,PT_008,7311080426,61.0,ER_ACC_015,emergency_ER_ACC_015_PT_008,joinedS_11203052957_cluster_11203052955_11203052956_11203052960_11203052961_#11more,cluster_11203052955_11203052956_11203052960_11203052961_#11more,781985787#0,1465558146#0,29.823,218773869#1,skip,disabled_by_single_terminal_experiment,,
b0_valid_18route_ER_ACC_015_PT_009,PT_009,7335400049,1.0,ER_ACC_015,emergency_ER_ACC_015_PT_009,cluster_1326096615_3849700763,cluster_1326096615_3849700763,-381802847#2,-183272625#1,2.979,-381802881#2,skip,disabled_by_single_terminal_experiment,,
b0_valid_18route_ER_ACC_015_PT_009,PT_009,7335400049,2.0,ER_ACC_015,emergency_ER_ACC_015_PT_009,cluster_3846534041_436877431,cluster_3846534041_436877431,180368918#3,180368918#5,21.224,-381802881#2,skip,disabled_by_single_terminal_experiment,,
b0_valid_18route_ER_ACC_015_PT_009,PT_009,7335400049,19.0,ER_ACC_015,emergency_ER_ACC_015_PT_009,joinedS_4273893706_4273893707_7335400058_cluster_13348213189_13348213190_13348213191,cluster_13348213189_13348213190_13348213191,-1455512070,-1455512069,29.158,-174870621#2,skip,disabled_by_single_terminal_experiment,,
b0_valid_18route_ER_ACC_015_PT_009,PT_009,7335400049,27.0,ER_ACC_015,emergency_ER_ACC_015_PT_009,7335400049,7335400049,218773869#7,218773869#8,29.261,180368918#0,extend_green,current_phase_already_green,0,
b0_valid_18route_ER_ACC_015_PT_009,PT_009,7335400049,31.0,ER_ACC_015,emergency_ER_ACC_015_PT_009,11346754525,11346754525,219696193#0,219696193#1,29.72,180368918#6,skip,disabled_by_single_terminal_experiment,,
b0_valid_18route_ER_ACC_015_PT_009,PT_009,7335400049,61.0,ER_ACC_015,emergency_ER_ACC_015_PT_009,joinedS_11203052957_cluster_11203052955_11203052956_11203052960_11203052961_#11more,cluster_11203052955_11203052956_11203052960_11203052961_#11more,781985787#0,1465558146#0,29.823,218773869#1,skip,disabled_by_single_terminal_experiment,,
b0_valid_18route_ER_ACC_015_PT_010,PT_010,cluster_11203041632_11203041633_11203041634_11203041635_#5more,1.0,ER_ACC_015,emergency_ER_ACC_015_PT_010,cluster_1326096615_3849700763,cluster_1326096615_3849700763,-381802847#2,-183272625#1,2.979,-381802881#2,skip,disabled_by_single_terminal_experiment,,
b0_valid_18route_ER_ACC_015_PT_010,PT_010,cluster_11203041632_11203041633_11203041634_11203041635_#5more,2.0,ER_ACC_015,emergency_ER_ACC_015_PT_010,cluster_3846534041_436877431,cluster_3846534041_436877431,180368918#3,180368918#5,21.224,-381802881#2,skip,disabled_by_single_terminal_experiment,,
b0_valid_18route_ER_ACC_015_PT_010,PT_010,cluster_11203041632_11203041633_11203041634_11203041635_#5more,19.0,ER_ACC_015,emergency_ER_ACC_015_PT_010,joinedS_4273893706_4273893707_7335400058_cluster_13348213189_13348213190_13348213191,cluster_13348213189_13348213190_13348213191,-1455512070,-1455512069,29.158,-174870621#2,skip,disabled_by_single_terminal_experiment,,
b0_valid_18route_ER_ACC_015_PT_010,PT_010,cluster_11203041632_11203041633_11203041634_11203041635_#5more,27.0,ER_ACC_015,emergency_ER_ACC_015_PT_010,7335400049,7335400049,218773869#7,218773869#8,29.261,180368918#0,skip,disabled_by_single_terminal_experiment,,
b0_valid_18route_ER_ACC_015_PT_010,PT_010,cluster_11203041632_11203041633_11203041634_11203041635_#5more,31.0,ER_ACC_015,emergency_ER_ACC_015_PT_010,11346754525,11346754525,219696193#0,219696193#1,29.72,180368918#6,skip,disabled_by_single_terminal_experiment,,
b0_valid_18route_ER_ACC_015_PT_010,PT_010,cluster_11203041632_11203041633_11203041634_11203041635_#5more,61.0,ER_ACC_015,emergency_ER_ACC_015_PT_010,joinedS_11203052957_cluster_11203052955_11203052956_11203052960_11203052961_#11more,cluster_11203052955_11203052956_11203052960_11203052961_#11more,781985787#0,1465558146#0,29.823,218773869#1,skip,disabled_by_single_terminal_experiment,,
b0_valid_18route_ER_ACC_015_PT_011,PT_011,cluster_11277565408_11277565409_414685823_5851251280,1.0,ER_ACC_015,emergency_ER_ACC_015_PT_011,cluster_1326096615_3849700763,cluster_1326096615_3849700763,-381802847#2,-183272625#1,2.979,-381802881#2,skip,disabled_by_single_terminal_experiment,,
b0_valid_18route_ER_ACC_015_PT_011,PT_011,cluster_11277565408_11277565409_414685823_5851251280,2.0,ER_ACC_015,emergency_ER_ACC_015_PT_011,cluster_3846534041_436877431,cluster_3846534041_436877431,180368918#3,180368918#5,21.224,-381802881#2,skip,disabled_by_single_terminal_experiment,,
b0_valid_18route_ER_ACC_015_PT_011,PT_011,cluster_11277565408_11277565409_414685823_5851251280,19.0,ER_ACC_015,emergency_ER_ACC_015_PT_011,joinedS_4273893706_4273893707_7335400058_cluster_13348213189_13348213190_13348213191,cluster_13348213189_13348213190_13348213191,-1455512070,-1455512069,29.158,-174870621#2,skip,disabled_by_single_terminal_experiment,,
b0_valid_18route_ER_ACC_015_PT_011,PT_011,cluster_11277565408_11277565409_414685823_5851251280,27.0,ER_ACC_015,emergency_ER_ACC_015_PT_011,7335400049,7335400049,218773869#7,218773869#8,29.261,180368918#0,skip,disabled_by_single_terminal_experiment,,
b0_valid_18route_ER_ACC_015_PT_011,PT_011,cluster_11277565408_11277565409_414685823_5851251280,31.0,ER_ACC_015,emergency_ER_ACC_015_PT_011,11346754525,11346754525,219696193#0,219696193#1,29.72,180368918#6,skip,disabled_by_single_terminal_experiment,,
b0_valid_18route_ER_ACC_015_PT_011,PT_011,cluster_11277565408_11277565409_414685823_5851251280,61.0,ER_ACC_015,emergency_ER_ACC_015_PT_011,joinedS_11203052957_cluster_11203052955_11203052956_11203052960_11203052961_#11more,cluster_11203052955_11203052956_11203052960_11203052961_#11more,781985787#0,1465558146#0,29.823,218773869#1,skip,disabled_by_single_terminal_experiment,,
b0_valid_18route_ER_ACC_015_PT_012,PT_012,cluster_12785870414_3337522189,1.0,ER_ACC_015,emergency_ER_ACC_015_PT_012,cluster_1326096615_3849700763,cluster_1326096615_3849700763,-381802847#2,-183272625#1,2.979,-381802881#2,skip,disabled_by_single_terminal_experiment,,
b0_valid_18route_ER_ACC_015_PT_012,PT_012,cluster_12785870414_3337522189,2.0,ER_ACC_015,emergency_ER_ACC_015_PT_012,cluster_3846534041_436877431,cluster_3846534041_436877431,180368918#3,180368918#5,21.224,-381802881#2,skip,disabled_by_single_terminal_experiment,,
b0_valid_18route_ER_ACC_015_PT_012,PT_012,cluster_12785870414_3337522189,19.0,ER_ACC_015,emergency_ER_ACC_015_PT_012,joinedS_4273893706_4273893707_7335400058_cluster_13348213189_13348213190_13348213191,cluster_13348213189_13348213190_13348213191,-1455512070,-1455512069,29.158,-174870621#2,skip,disabled_by_single_terminal_experiment,,
b0_valid_18route_ER_ACC_015_PT_012,PT_012,cluster_12785870414_3337522189,27.0,ER_ACC_015,emergency_ER_ACC_015_PT_012,7335400049,7335400049,218773869#7,218773869#8,29.261,180368918#0,skip,disabled_by_single_terminal_experiment,,
b0_valid_18route_ER_ACC_015_PT_012,PT_012,cluster_12785870414_3337522189,31.0,ER_ACC_015,emergency_ER_ACC_015_PT_012,11346754525,11346754525,219696193#0,219696193#1,29.72,180368918#6,skip,disabled_by_single_terminal_experiment,,
b0_valid_18route_ER_ACC_015_PT_012,PT_012,cluster_12785870414_3337522189,61.0,ER_ACC_015,emergency_ER_ACC_015_PT_012,joinedS_11203052957_cluster_11203052955_11203052956_11203052960_11203052961_#11more,cluster_11203052955_11203052956_11203052960_11203052961_#11more,781985787#0,1465558146#0,29.823,218773869#1,skip,disabled_by_single_terminal_experiment,,
b0_valid_18route_ER_ACC_015_PT_013,PT_013,cluster_1326096615_3849700763,1.0,ER_ACC_015,emergency_ER_ACC_015_PT_013,cluster_1326096615_3849700763,cluster_1326096615_3849700763,-381802847#2,-183272625#1,2.979,-381802881#2,skip,safe_green_not_current_or_next_phase,0,2
b0_valid_18route_ER_ACC_015_PT_013,PT_013,cluster_1326096615_3849700763,2.0,ER_ACC_015,emergency_ER_ACC_015_PT_013,cluster_3846534041_436877431,cluster_3846534041_436877431,180368918#3,180368918#5,21.224,-381802881#2,skip,disabled_by_single_terminal_experiment,,
b0_valid_18route_ER_ACC_015_PT_013,PT_013,cluster_1326096615_3849700763,19.0,ER_ACC_015,emergency_ER_ACC_015_PT_013,joinedS_4273893706_4273893707_7335400058_cluster_13348213189_13348213190_13348213191,cluster_13348213189_13348213190_13348213191,-1455512070,-1455512069,29.158,-174870621#2,skip,disabled_by_single_terminal_experiment,,
b0_valid_18route_ER_ACC_015_PT_013,PT_013,cluster_1326096615_3849700763,27.0,ER_ACC_015,emergency_ER_ACC_015_PT_013,7335400049,7335400049,218773869#7,218773869#8,29.261,180368918#0,skip,disabled_by_single_terminal_experiment,,
b0_valid_18route_ER_ACC_015_PT_013,PT_013,cluster_1326096615_3849700763,31.0,ER_ACC_015,emergency_ER_ACC_015_PT_013,11346754525,11346754525,219696193#0,219696193#1,29.72,180368918#6,skip,disabled_by_single_terminal_experiment,,
b0_valid_18route_ER_ACC_015_PT_013,PT_013,cluster_1326096615_3849700763,61.0,ER_ACC_015,emergency_ER_ACC_015_PT_013,joinedS_11203052957_cluster_11203052955_11203052956_11203052960_11203052961_#11more,cluster_11203052955_11203052956_11203052960_11203052961_#11more,781985787#0,1465558146#0,29.823,218773869#1,skip,disabled_by_single_terminal_experiment,,
b0_valid_18route_ER_ACC_015_PT_014,PT_014,cluster_13348293702_13348293703_414685829,1.0,ER_ACC_015,emergency_ER_ACC_015_PT_014,cluster_1326096615_3849700763,cluster_1326096615_3849700763,-381802847#2,-183272625#1,2.979,-381802881#2,skip,disabled_by_single_terminal_experiment,,
b0_valid_18route_ER_ACC_015_PT_014,PT_014,cluster_13348293702_13348293703_414685829,2.0,ER_ACC_015,emergency_ER_ACC_015_PT_014,cluster_3846534041_436877431,cluster_3846534041_436877431,180368918#3,180368918#5,21.224,-381802881#2,skip,disabled_by_single_terminal_experiment,,
b0_valid_18route_ER_ACC_015_PT_014,PT_014,cluster_13348293702_13348293703_414685829,19.0,ER_ACC_015,emergency_ER_ACC_015_PT_014,joinedS_4273893706_4273893707_7335400058_cluster_13348213189_13348213190_13348213191,cluster_13348213189_13348213190_13348213191,-1455512070,-1455512069,29.158,-174870621#2,skip,disabled_by_single_terminal_experiment,,
b0_valid_18route_ER_ACC_015_PT_014,PT_014,cluster_13348293702_13348293703_414685829,27.0,ER_ACC_015,emergency_ER_ACC_015_PT_014,7335400049,7335400049,218773869#7,218773869#8,29.261,180368918#0,skip,disabled_by_single_terminal_experiment,,
b0_valid_18route_ER_ACC_015_PT_014,PT_014,cluster_13348293702_13348293703_414685829,31.0,ER_ACC_015,emergency_ER_ACC_015_PT_014,11346754525,11346754525,219696193#0,219696193#1,29.72,180368918#6,skip,disabled_by_single_terminal_experiment,,
b0_valid_18route_ER_ACC_015_PT_014,PT_014,cluster_13348293702_13348293703_414685829,61.0,ER_ACC_015,emergency_ER_ACC_015_PT_014,joinedS_11203052957_cluster_11203052955_11203052956_11203052960_11203052961_#11more,cluster_11203052955_11203052956_11203052960_11203052961_#11more,781985787#0,1465558146#0,29.823,218773869#1,skip,disabled_by_single_terminal_experiment,,
b0_valid_18route_ER_ACC_015_PT_015,PT_015,cluster_3846534041_436877431,1.0,ER_ACC_015,emergency_ER_ACC_015_PT_015,cluster_1326096615_3849700763,cluster_1326096615_3849700763,-381802847#2,-183272625#1,2.979,-381802881#2,skip,disabled_by_single_terminal_experiment,,
b0_valid_18route_ER_ACC_015_PT_015,PT_015,cluster_3846534041_436877431,2.0,ER_ACC_015,emergency_ER_ACC_015_PT_015,cluster_3846534041_436877431,cluster_3846534041_436877431,180368918#3,180368918#5,21.224,-381802881#2,extend_green,current_phase_already_green,0,
b0_valid_18route_ER_ACC_015_PT_015,PT_015,cluster_3846534041_436877431,19.0,ER_ACC_015,emergency_ER_ACC_015_PT_015,joinedS_4273893706_4273893707_7335400058_cluster_13348213189_13348213190_13348213191,cluster_13348213189_13348213190_13348213191,-1455512070,-1455512069,29.158,-174870621#2,skip,disabled_by_single_terminal_experiment,,
b0_valid_18route_ER_ACC_015_PT_015,PT_015,cluster_3846534041_436877431,27.0,ER_ACC_015,emergency_ER_ACC_015_PT_015,7335400049,7335400049,218773869#7,218773869#8,29.261,180368918#0,skip,disabled_by_single_terminal_experiment,,
b0_valid_18route_ER_ACC_015_PT_015,PT_015,cluster_3846534041_436877431,31.0,ER_ACC_015,emergency_ER_ACC_015_PT_015,11346754525,11346754525,219696193#0,219696193#1,29.72,180368918#6,skip,disabled_by_single_terminal_experiment,,
b0_valid_18route_ER_ACC_015_PT_015,PT_015,cluster_3846534041_436877431,61.0,ER_ACC_015,emergency_ER_ACC_015_PT_015,joinedS_11203052957_cluster_11203052955_11203052956_11203052960_11203052961_#11more,cluster_11203052955_11203052956_11203052960_11203052961_#11more,781985787#0,1465558146#0,29.823,218773869#1,skip,disabled_by_single_terminal_experiment,,
b0_valid_18route_ER_ACC_015_PT_016,PT_016,joinedS_11139302899_11139302904_11178710208_cluster_11139302901_5593950669_5593950674,1.0,ER_ACC_015,emergency_ER_ACC_015_PT_016,cluster_1326096615_3849700763,cluster_1326096615_3849700763,-381802847#2,-183272625#1,2.979,-381802881#2,skip,disabled_by_single_terminal_experiment,,
b0_valid_18route_ER_ACC_015_PT_016,PT_016,joinedS_11139302899_11139302904_11178710208_cluster_11139302901_5593950669_5593950674,2.0,ER_ACC_015,emergency_ER_ACC_015_PT_016,cluster_3846534041_436877431,cluster_3846534041_436877431,180368918#3,180368918#5,21.224,-381802881#2,skip,disabled_by_single_terminal_experiment,,
b0_valid_18route_ER_ACC_015_PT_016,PT_016,joinedS_11139302899_11139302904_11178710208_cluster_11139302901_5593950669_5593950674,19.0,ER_ACC_015,emergency_ER_ACC_015_PT_016,joinedS_4273893706_4273893707_7335400058_cluster_13348213189_13348213190_13348213191,cluster_13348213189_13348213190_13348213191,-1455512070,-1455512069,29.158,-174870621#2,skip,disabled_by_single_terminal_experiment,,
b0_valid_18route_ER_ACC_015_PT_016,PT_016,joinedS_11139302899_11139302904_11178710208_cluster_11139302901_5593950669_5593950674,27.0,ER_ACC_015,emergency_ER_ACC_015_PT_016,7335400049,7335400049,218773869#7,218773869#8,29.261,180368918#0,skip,disabled_by_single_terminal_experiment,,
b0_valid_18route_ER_ACC_015_PT_016,PT_016,joinedS_11139302899_11139302904_11178710208_cluster_11139302901_5593950669_5593950674,31.0,ER_ACC_015,emergency_ER_ACC_015_PT_016,11346754525,11346754525,219696193#0,219696193#1,29.72,180368918#6,skip,disabled_by_single_terminal_experiment,,
b0_valid_18route_ER_ACC_015_PT_016,PT_016,joinedS_11139302899_11139302904_11178710208_cluster_11139302901_5593950669_5593950674,61.0,ER_ACC_015,emergency_ER_ACC_015_PT_016,joinedS_11203052957_cluster_11203052955_11203052956_11203052960_11203052961_#11more,cluster_11203052955_11203052956_11203052960_11203052961_#11more,781985787#0,1465558146#0,29.823,218773869#1,skip,disabled_by_single_terminal_experiment,,
b0_valid_18route_ER_ACC_015_PT_017,PT_017,joinedS_11203001806_11203001814_13721232731_5851251250_#6more,1.0,ER_ACC_015,emergency_ER_ACC_015_PT_017,cluster_1326096615_3849700763,cluster_1326096615_3849700763,-381802847#2,-183272625#1,2.979,-381802881#2,skip,disabled_by_single_terminal_experiment,,
b0_valid_18route_ER_ACC_015_PT_017,PT_017,joinedS_11203001806_11203001814_13721232731_5851251250_#6more,2.0,ER_ACC_015,emergency_ER_ACC_015_PT_017,cluster_3846534041_436877431,cluster_3846534041_436877431,180368918#3,180368918#5,21.224,-381802881#2,skip,disabled_by_single_terminal_experiment,,
b0_valid_18route_ER_ACC_015_PT_017,PT_017,joinedS_11203001806_11203001814_13721232731_5851251250_#6more,19.0,ER_ACC_015,emergency_ER_ACC_015_PT_017,joinedS_4273893706_4273893707_7335400058_cluster_13348213189_13348213190_13348213191,cluster_13348213189_13348213190_13348213191,-1455512070,-1455512069,29.158,-174870621#2,skip,disabled_by_single_terminal_experiment,,
b0_valid_18route_ER_ACC_015_PT_017,PT_017,joinedS_11203001806_11203001814_13721232731_5851251250_#6more,27.0,ER_ACC_015,emergency_ER_ACC_015_PT_017,7335400049,7335400049,218773869#7,218773869#8,29.261,180368918#0,skip,disabled_by_single_terminal_experiment,,
b0_valid_18route_ER_ACC_015_PT_017,PT_017,joinedS_11203001806_11203001814_13721232731_5851251250_#6more,31.0,ER_ACC_015,emergency_ER_ACC_015_PT_017,11346754525,11346754525,219696193#0,219696193#1,29.72,180368918#6,skip,disabled_by_single_terminal_experiment,,
b0_valid_18route_ER_ACC_015_PT_017,PT_017,joinedS_11203001806_11203001814_13721232731_5851251250_#6more,61.0,ER_ACC_015,emergency_ER_ACC_015_PT_017,joinedS_11203052957_cluster_11203052955_11203052956_11203052960_11203052961_#11more,cluster_11203052955_11203052956_11203052960_11203052961_#11more,781985787#0,1465558146#0,29.823,218773869#1,skip,disabled_by_single_terminal_experiment,,
b0_valid_18route_ER_ACC_015_PT_018,PT_018,joinedS_11203052957_cluster_11203052955_11203052956_11203052960_11203052961_#11more,1.0,ER_ACC_015,emergency_ER_ACC_015_PT_018,cluster_1326096615_3849700763,cluster_1326096615_3849700763,-381802847#2,-183272625#1,2.979,-381802881#2,skip,disabled_by_single_terminal_experiment,,
b0_valid_18route_ER_ACC_015_PT_018,PT_018,joinedS_11203052957_cluster_11203052955_11203052956_11203052960_11203052961_#11more,2.0,ER_ACC_015,emergency_ER_ACC_015_PT_018,cluster_3846534041_436877431,cluster_3846534041_436877431,180368918#3,180368918#5,21.224,-381802881#2,skip,disabled_by_single_terminal_experiment,,
b0_valid_18route_ER_ACC_015_PT_018,PT_018,joinedS_11203052957_cluster_11203052955_11203052956_11203052960_11203052961_#11more,19.0,ER_ACC_015,emergency_ER_ACC_015_PT_018,joinedS_4273893706_4273893707_7335400058_cluster_13348213189_13348213190_13348213191,cluster_13348213189_13348213190_13348213191,-1455512070,-1455512069,29.158,-174870621#2,skip,disabled_by_single_terminal_experiment,,
b0_valid_18route_ER_ACC_015_PT_018,PT_018,joinedS_11203052957_cluster_11203052955_11203052956_11203052960_11203052961_#11more,27.0,ER_ACC_015,emergency_ER_ACC_015_PT_018,7335400049,7335400049,218773869#7,218773869#8,29.261,180368918#0,skip,disabled_by_single_terminal_experiment,,
b0_valid_18route_ER_ACC_015_PT_018,PT_018,joinedS_11203052957_cluster_11203052955_11203052956_11203052960_11203052961_#11more,31.0,ER_ACC_015,emergency_ER_ACC_015_PT_018,11346754525,11346754525,219696193#0,219696193#1,29.72,180368918#6,skip,disabled_by_single_terminal_experiment,,
b0_valid_18route_ER_ACC_015_PT_018,PT_018,joinedS_11203052957_cluster_11203052955_11203052956_11203052960_11203052961_#11more,61.0,ER_ACC_015,emergency_ER_ACC_015_PT_018,joinedS_11203052957_cluster_11203052955_11203052956_11203052960_11203052961_#11more,cluster_11203052955_11203052956_11203052960_11203052961_#11more,781985787#0,1465558146#0,29.823,218773869#1,extend_green,current_phase_already_green,6,
b0_valid_18route_ER_ACC_015_PT_019,PT_019,joinedS_4273893706_4273893707_7335400058_cluster_13348213189_13348213190_13348213191,1.0,ER_ACC_015,emergency_ER_ACC_015_PT_019,cluster_1326096615_3849700763,cluster_1326096615_3849700763,-381802847#2,-183272625#1,2.979,-381802881#2,skip,disabled_by_single_terminal_experiment,,
b0_valid_18route_ER_ACC_015_PT_019,PT_019,joinedS_4273893706_4273893707_7335400058_cluster_13348213189_13348213190_13348213191,2.0,ER_ACC_015,emergency_ER_ACC_015_PT_019,cluster_3846534041_436877431,cluster_3846534041_436877431,180368918#3,180368918#5,21.224,-381802881#2,skip,disabled_by_single_terminal_experiment,,
b0_valid_18route_ER_ACC_015_PT_019,PT_019,joinedS_4273893706_4273893707_7335400058_cluster_13348213189_13348213190_13348213191,19.0,ER_ACC_015,emergency_ER_ACC_015_PT_019,joinedS_4273893706_4273893707_7335400058_cluster_13348213189_13348213190_13348213191,cluster_13348213189_13348213190_13348213191,-1455512070,-1455512069,29.158,-174870621#2,extend_green,current_phase_already_green,0,
b0_valid_18route_ER_ACC_015_PT_019,PT_019,joinedS_4273893706_4273893707_7335400058_cluster_13348213189_13348213190_13348213191,27.0,ER_ACC_015,emergency_ER_ACC_015_PT_019,7335400049,7335400049,218773869#7,218773869#8,29.261,180368918#0,skip,disabled_by_single_terminal_experiment,,
b0_valid_18route_ER_ACC_015_PT_019,PT_019,joinedS_4273893706_4273893707_7335400058_cluster_13348213189_13348213190_13348213191,31.0,ER_ACC_015,emergency_ER_ACC_015_PT_019,11346754525,11346754525,219696193#0,219696193#1,29.72,180368918#6,skip,disabled_by_single_terminal_experiment,,
b0_valid_18route_ER_ACC_015_PT_019,PT_019,joinedS_4273893706_4273893707_7335400058_cluster_13348213189_13348213190_13348213191,61.0,ER_ACC_015,emergency_ER_ACC_015_PT_019,joinedS_11203052957_cluster_11203052955_11203052956_11203052960_11203052961_#11more,cluster_11203052955_11203052956_11203052960_11203052961_#11more,781985787#0,1465558146#0,29.823,218773869#1,skip,disabled_by_single_terminal_experiment,,
b0_valid_18route_ER_ACC_015_PT_020,PT_020,joinedS_4276255150_4276255151_4276255152_cluster_4276255149_436839431,1.0,ER_ACC_015,emergency_ER_ACC_015_PT_020,cluster_1326096615_3849700763,cluster_1326096615_3849700763,-381802847#2,-183272625#1,2.979,-381802881#2,skip,disabled_by_single_terminal_experiment,,
b0_valid_18route_ER_ACC_015_PT_020,PT_020,joinedS_4276255150_4276255151_4276255152_cluster_4276255149_436839431,2.0,ER_ACC_015,emergency_ER_ACC_015_PT_020,cluster_3846534041_436877431,cluster_3846534041_436877431,180368918#3,180368918#5,21.224,-381802881#2,skip,disabled_by_single_terminal_experiment,,
b0_valid_18route_ER_ACC_015_PT_020,PT_020,joinedS_4276255150_4276255151_4276255152_cluster_4276255149_436839431,19.0,ER_ACC_015,emergency_ER_ACC_015_PT_020,joinedS_4273893706_4273893707_7335400058_cluster_13348213189_13348213190_13348213191,cluster_13348213189_13348213190_13348213191,-1455512070,-1455512069,29.158,-174870621#2,skip,disabled_by_single_terminal_experiment,,
b0_valid_18route_ER_ACC_015_PT_020,PT_020,joinedS_4276255150_4276255151_4276255152_cluster_4276255149_436839431,27.0,ER_ACC_015,emergency_ER_ACC_015_PT_020,7335400049,7335400049,218773869#7,218773869#8,29.261,180368918#0,skip,disabled_by_single_terminal_experiment,,
b0_valid_18route_ER_ACC_015_PT_020,PT_020,joinedS_4276255150_4276255151_4276255152_cluster_4276255149_436839431,31.0,ER_ACC_015,emergency_ER_ACC_015_PT_020,11346754525,11346754525,219696193#0,219696193#1,29.72,180368918#6,skip,disabled_by_single_terminal_experiment,,
b0_valid_18route_ER_ACC_015_PT_020,PT_020,joinedS_4276255150_4276255151_4276255152_cluster_4276255149_436839431,61.0,ER_ACC_015,emergency_ER_ACC_015_PT_020,joinedS_11203052957_cluster_11203052955_11203052956_11203052960_11203052961_#11more,cluster_11203052955_11203052956_11203052960_11203052961_#11more,781985787#0,1465558146#0,29.823,218773869#1,skip,disabled_by_single_terminal_experiment,,
b0_valid_18route_ER_ACC_016_PT_001,PT_001,11203059756,1.0,ER_ACC_016,emergency_ER_ACC_016_PT_001,cluster_1326096615_3849700763,cluster_1326096615_3849700763,-381802847#2,-183272625#1,2.979,-381802881#2,skip,disabled_by_single_terminal_experiment,,
b0_valid_18route_ER_ACC_016_PT_001,PT_001,11203059756,2.0,ER_ACC_016,emergency_ER_ACC_016_PT_001,cluster_3846534041_436877431,cluster_3846534041_436877431,180368918#3,180368918#5,21.224,-381802881#2,skip,disabled_by_single_terminal_experiment,,
b0_valid_18route_ER_ACC_016_PT_001,PT_001,11203059756,19.0,ER_ACC_016,emergency_ER_ACC_016_PT_001,joinedS_4273893706_4273893707_7335400058_cluster_13348213189_13348213190_13348213191,cluster_13348213189_13348213190_13348213191,-1455512070,-1455512069,29.158,-174870621#2,skip,disabled_by_single_terminal_experiment,,
b0_valid_18route_ER_ACC_016_PT_001,PT_001,11203059756,27.0,ER_ACC_016,emergency_ER_ACC_016_PT_001,7335400049,7335400049,218773869#7,218773869#8,29.261,180368918#0,skip,disabled_by_single_terminal_experiment,,
b0_valid_18route_ER_ACC_016_PT_001,PT_001,11203059756,31.0,ER_ACC_016,emergency_ER_ACC_016_PT_001,11346754525,11346754525,219696193#0,219696193#1,29.72,180368918#6,skip,disabled_by_single_terminal_experiment,,
b0_valid_18route_ER_ACC_016_PT_001,PT_001,11203059756,61.0,ER_ACC_016,emergency_ER_ACC_016_PT_001,joinedS_11203052957_cluster_11203052955_11203052956_11203052960_11203052961_#11more,cluster_11203052955_11203052956_11203052960_11203052961_#11more,781985787#0,781985786#1,29.823,218773869#1,skip,disabled_by_single_terminal_experiment,,
b0_valid_18route_ER_ACC_016_PT_002,PT_002,11346754524,1.0,ER_ACC_016,emergency_ER_ACC_016_PT_002,cluster_1326096615_3849700763,cluster_1326096615_3849700763,-381802847#2,-183272625#1,2.979,-381802881#2,skip,disabled_by_single_terminal_experiment,,
b0_valid_18route_ER_ACC_016_PT_002,PT_002,11346754524,2.0,ER_ACC_016,emergency_ER_ACC_016_PT_002,cluster_3846534041_436877431,cluster_3846534041_436877431,180368918#3,180368918#5,21.224,-381802881#2,skip,disabled_by_single_terminal_experiment,,
b0_valid_18route_ER_ACC_016_PT_002,PT_002,11346754524,19.0,ER_ACC_016,emergency_ER_ACC_016_PT_002,joinedS_4273893706_4273893707_7335400058_cluster_13348213189_13348213190_13348213191,cluster_13348213189_13348213190_13348213191,-1455512070,-1455512069,29.158,-174870621#2,skip,disabled_by_single_terminal_experiment,,
b0_valid_18route_ER_ACC_016_PT_002,PT_002,11346754524,27.0,ER_ACC_016,emergency_ER_ACC_016_PT_002,7335400049,7335400049,218773869#7,218773869#8,29.261,180368918#0,skip,disabled_by_single_terminal_experiment,,
b0_valid_18route_ER_ACC_016_PT_002,PT_002,11346754524,31.0,ER_ACC_016,emergency_ER_ACC_016_PT_002,11346754525,11346754525,219696193#0,219696193#1,29.72,180368918#6,skip,disabled_by_single_terminal_experiment,,
b0_valid_18route_ER_ACC_016_PT_002,PT_002,11346754524,61.0,ER_ACC_016,emergency_ER_ACC_016_PT_002,joinedS_11203052957_cluster_11203052955_11203052956_11203052960_11203052961_#11more,cluster_11203052955_11203052956_11203052960_11203052961_#11more,781985787#0,781985786#1,29.823,218773869#1,skip,disabled_by_single_terminal_experiment,,
b0_valid_18route_ER_ACC_016_PT_003,PT_003,11346754525,1.0,ER_ACC_016,emergency_ER_ACC_016_PT_003,cluster_1326096615_3849700763,cluster_1326096615_3849700763,-381802847#2,-183272625#1,2.979,-381802881#2,skip,disabled_by_single_terminal_experiment,,
b0_valid_18route_ER_ACC_016_PT_003,PT_003,11346754525,2.0,ER_ACC_016,emergency_ER_ACC_016_PT_003,cluster_3846534041_436877431,cluster_3846534041_436877431,180368918#3,180368918#5,21.224,-381802881#2,skip,disabled_by_single_terminal_experiment,,
b0_valid_18route_ER_ACC_016_PT_003,PT_003,11346754525,19.0,ER_ACC_016,emergency_ER_ACC_016_PT_003,joinedS_4273893706_4273893707_7335400058_cluster_13348213189_13348213190_13348213191,cluster_13348213189_13348213190_13348213191,-1455512070,-1455512069,29.158,-174870621#2,skip,disabled_by_single_terminal_experiment,,
b0_valid_18route_ER_ACC_016_PT_003,PT_003,11346754525,27.0,ER_ACC_016,emergency_ER_ACC_016_PT_003,7335400049,7335400049,218773869#7,218773869#8,29.261,180368918#0,skip,disabled_by_single_terminal_experiment,,
b0_valid_18route_ER_ACC_016_PT_003,PT_003,11346754525,31.0,ER_ACC_016,emergency_ER_ACC_016_PT_003,11346754525,11346754525,219696193#0,219696193#1,29.72,180368918#6,extend_green,current_phase_already_green,0,
b0_valid_18route_ER_ACC_016_PT_003,PT_003,11346754525,61.0,ER_ACC_016,emergency_ER_ACC_016_PT_003,joinedS_11203052957_cluster_11203052955_11203052956_11203052960_11203052961_#11more,cluster_11203052955_11203052956_11203052960_11203052961_#11more,781985787#0,781985786#1,29.823,218773869#1,skip,disabled_by_single_terminal_experiment,,
b0_valid_18route_ER_ACC_016_PT_004,PT_004,13732389937,1.0,ER_ACC_016,emergency_ER_ACC_016_PT_004,cluster_1326096615_3849700763,cluster_1326096615_3849700763,-381802847#2,-183272625#1,2.979,-381802881#2,skip,disabled_by_single_terminal_experiment,,
b0_valid_18route_ER_ACC_016_PT_004,PT_004,13732389937,2.0,ER_ACC_016,emergency_ER_ACC_016_PT_004,cluster_3846534041_436877431,cluster_3846534041_436877431,180368918#3,180368918#5,21.224,-381802881#2,skip,disabled_by_single_terminal_experiment,,
b0_valid_18route_ER_ACC_016_PT_004,PT_004,13732389937,19.0,ER_ACC_016,emergency_ER_ACC_016_PT_004,joinedS_4273893706_4273893707_7335400058_cluster_13348213189_13348213190_13348213191,cluster_13348213189_13348213190_13348213191,-1455512070,-1455512069,29.158,-174870621#2,skip,disabled_by_single_terminal_experiment,,
b0_valid_18route_ER_ACC_016_PT_004,PT_004,13732389937,27.0,ER_ACC_016,emergency_ER_ACC_016_PT_004,7335400049,7335400049,218773869#7,218773869#8,29.261,180368918#0,skip,disabled_by_single_terminal_experiment,,
b0_valid_18route_ER_ACC_016_PT_004,PT_004,13732389937,31.0,ER_ACC_016,emergency_ER_ACC_016_PT_004,11346754525,11346754525,219696193#0,219696193#1,29.72,180368918#6,skip,disabled_by_single_terminal_experiment,,
b0_valid_18route_ER_ACC_016_PT_004,PT_004,13732389937,61.0,ER_ACC_016,emergency_ER_ACC_016_PT_004,joinedS_11203052957_cluster_11203052955_11203052956_11203052960_11203052961_#11more,cluster_11203052955_11203052956_11203052960_11203052961_#11more,781985787#0,781985786#1,29.823,218773869#1,skip,disabled_by_single_terminal_experiment,,
b0_valid_18route_ER_ACC_016_PT_005,PT_005,13732389938,1.0,ER_ACC_016,emergency_ER_ACC_016_PT_005,cluster_1326096615_3849700763,cluster_1326096615_3849700763,-381802847#2,-183272625#1,2.979,-381802881#2,skip,disabled_by_single_terminal_experiment,,
b0_valid_18route_ER_ACC_016_PT_005,PT_005,13732389938,2.0,ER_ACC_016,emergency_ER_ACC_016_PT_005,cluster_3846534041_436877431,cluster_3846534041_436877431,180368918#3,180368918#5,21.224,-381802881#2,skip,disabled_by_single_terminal_experiment,,
b0_valid_18route_ER_ACC_016_PT_005,PT_005,13732389938,19.0,ER_ACC_016,emergency_ER_ACC_016_PT_005,joinedS_4273893706_4273893707_7335400058_cluster_13348213189_13348213190_13348213191,cluster_13348213189_13348213190_13348213191,-1455512070,-1455512069,29.158,-174870621#2,skip,disabled_by_single_terminal_experiment,,
b0_valid_18route_ER_ACC_016_PT_005,PT_005,13732389938,27.0,ER_ACC_016,emergency_ER_ACC_016_PT_005,7335400049,7335400049,218773869#7,218773869#8,29.261,180368918#0,skip,disabled_by_single_terminal_experiment,,
b0_valid_18route_ER_ACC_016_PT_005,PT_005,13732389938,31.0,ER_ACC_016,emergency_ER_ACC_016_PT_005,11346754525,11346754525,219696193#0,219696193#1,29.72,180368918#6,skip,disabled_by_single_terminal_experiment,,
b0_valid_18route_ER_ACC_016_PT_005,PT_005,13732389938,61.0,ER_ACC_016,emergency_ER_ACC_016_PT_005,joinedS_11203052957_cluster_11203052955_11203052956_11203052960_11203052961_#11more,cluster_11203052955_11203052956_11203052960_11203052961_#11more,781985787#0,781985786#1,29.823,218773869#1,skip,disabled_by_single_terminal_experiment,,
b0_valid_18route_ER_ACC_016_PT_006,PT_006,4202879197,1.0,ER_ACC_016,emergency_ER_ACC_016_PT_006,cluster_1326096615_3849700763,cluster_1326096615_3849700763,-381802847#2,-183272625#1,2.979,-381802881#2,skip,disabled_by_single_terminal_experiment,,
b0_valid_18route_ER_ACC_016_PT_006,PT_006,4202879197,2.0,ER_ACC_016,emergency_ER_ACC_016_PT_006,cluster_3846534041_436877431,cluster_3846534041_436877431,180368918#3,180368918#5,21.224,-381802881#2,skip,disabled_by_single_terminal_experiment,,
b0_valid_18route_ER_ACC_016_PT_006,PT_006,4202879197,19.0,ER_ACC_016,emergency_ER_ACC_016_PT_006,joinedS_4273893706_4273893707_7335400058_cluster_13348213189_13348213190_13348213191,cluster_13348213189_13348213190_13348213191,-1455512070,-1455512069,29.158,-174870621#2,skip,disabled_by_single_terminal_experiment,,
b0_valid_18route_ER_ACC_016_PT_006,PT_006,4202879197,27.0,ER_ACC_016,emergency_ER_ACC_016_PT_006,7335400049,7335400049,218773869#7,218773869#8,29.261,180368918#0,skip,disabled_by_single_terminal_experiment,,
b0_valid_18route_ER_ACC_016_PT_006,PT_006,4202879197,31.0,ER_ACC_016,emergency_ER_ACC_016_PT_006,11346754525,11346754525,219696193#0,219696193#1,29.72,180368918#6,skip,disabled_by_single_terminal_experiment,,
b0_valid_18route_ER_ACC_016_PT_006,PT_006,4202879197,61.0,ER_ACC_016,emergency_ER_ACC_016_PT_006,joinedS_11203052957_cluster_11203052955_11203052956_11203052960_11203052961_#11more,cluster_11203052955_11203052956_11203052960_11203052961_#11more,781985787#0,781985786#1,29.823,218773869#1,skip,disabled_by_single_terminal_experiment,,
b0_valid_18route_ER_ACC_016_PT_007,PT_007,436870729,1.0,ER_ACC_016,emergency_ER_ACC_016_PT_007,cluster_1326096615_3849700763,cluster_1326096615_3849700763,-381802847#2,-183272625#1,2.979,-381802881#2,skip,disabled_by_single_terminal_experiment,,
b0_valid_18route_ER_ACC_016_PT_007,PT_007,436870729,2.0,ER_ACC_016,emergency_ER_ACC_016_PT_007,cluster_3846534041_436877431,cluster_3846534041_436877431,180368918#3,180368918#5,21.224,-381802881#2,skip,disabled_by_single_terminal_experiment,,
b0_valid_18route_ER_ACC_016_PT_007,PT_007,436870729,19.0,ER_ACC_016,emergency_ER_ACC_016_PT_007,joinedS_4273893706_4273893707_7335400058_cluster_13348213189_13348213190_13348213191,cluster_13348213189_13348213190_13348213191,-1455512070,-1455512069,29.158,-174870621#2,skip,disabled_by_single_terminal_experiment,,
b0_valid_18route_ER_ACC_016_PT_007,PT_007,436870729,27.0,ER_ACC_016,emergency_ER_ACC_016_PT_007,7335400049,7335400049,218773869#7,218773869#8,29.261,180368918#0,skip,disabled_by_single_terminal_experiment,,
b0_valid_18route_ER_ACC_016_PT_007,PT_007,436870729,31.0,ER_ACC_016,emergency_ER_ACC_016_PT_007,11346754525,11346754525,219696193#0,219696193#1,29.72,180368918#6,skip,disabled_by_single_terminal_experiment,,
b0_valid_18route_ER_ACC_016_PT_007,PT_007,436870729,61.0,ER_ACC_016,emergency_ER_ACC_016_PT_007,joinedS_11203052957_cluster_11203052955_11203052956_11203052960_11203052961_#11more,cluster_11203052955_11203052956_11203052960_11203052961_#11more,781985787#0,781985786#1,29.823,218773869#1,skip,disabled_by_single_terminal_experiment,,
b0_valid_18route_ER_ACC_016_PT_008,PT_008,7311080426,1.0,ER_ACC_016,emergency_ER_ACC_016_PT_008,cluster_1326096615_3849700763,cluster_1326096615_3849700763,-381802847#2,-183272625#1,2.979,-381802881#2,skip,disabled_by_single_terminal_experiment,,
b0_valid_18route_ER_ACC_016_PT_008,PT_008,7311080426,2.0,ER_ACC_016,emergency_ER_ACC_016_PT_008,cluster_3846534041_436877431,cluster_3846534041_436877431,180368918#3,180368918#5,21.224,-381802881#2,skip,disabled_by_single_terminal_experiment,,
b0_valid_18route_ER_ACC_016_PT_008,PT_008,7311080426,19.0,ER_ACC_016,emergency_ER_ACC_016_PT_008,joinedS_4273893706_4273893707_7335400058_cluster_13348213189_13348213190_13348213191,cluster_13348213189_13348213190_13348213191,-1455512070,-1455512069,29.158,-174870621#2,skip,disabled_by_single_terminal_experiment,,
b0_valid_18route_ER_ACC_016_PT_008,PT_008,7311080426,27.0,ER_ACC_016,emergency_ER_ACC_016_PT_008,7335400049,7335400049,218773869#7,218773869#8,29.261,180368918#0,skip,disabled_by_single_terminal_experiment,,
b0_valid_18route_ER_ACC_016_PT_008,PT_008,7311080426,31.0,ER_ACC_016,emergency_ER_ACC_016_PT_008,11346754525,11346754525,219696193#0,219696193#1,29.72,180368918#6,skip,disabled_by_single_terminal_experiment,,
b0_valid_18route_ER_ACC_016_PT_008,PT_008,7311080426,61.0,ER_ACC_016,emergency_ER_ACC_016_PT_008,joinedS_11203052957_cluster_11203052955_11203052956_11203052960_11203052961_#11more,cluster_11203052955_11203052956_11203052960_11203052961_#11more,781985787#0,781985786#1,29.823,218773869#1,skip,disabled_by_single_terminal_experiment,,
b0_valid_18route_ER_ACC_016_PT_009,PT_009,7335400049,1.0,ER_ACC_016,emergency_ER_ACC_016_PT_009,cluster_1326096615_3849700763,cluster_1326096615_3849700763,-381802847#2,-183272625#1,2.979,-381802881#2,skip,disabled_by_single_terminal_experiment,,
b0_valid_18route_ER_ACC_016_PT_009,PT_009,7335400049,2.0,ER_ACC_016,emergency_ER_ACC_016_PT_009,cluster_3846534041_436877431,cluster_3846534041_436877431,180368918#3,180368918#5,21.224,-381802881#2,skip,disabled_by_single_terminal_experiment,,
b0_valid_18route_ER_ACC_016_PT_009,PT_009,7335400049,19.0,ER_ACC_016,emergency_ER_ACC_016_PT_009,joinedS_4273893706_4273893707_7335400058_cluster_13348213189_13348213190_13348213191,cluster_13348213189_13348213190_13348213191,-1455512070,-1455512069,29.158,-174870621#2,skip,disabled_by_single_terminal_experiment,,
b0_valid_18route_ER_ACC_016_PT_009,PT_009,7335400049,27.0,ER_ACC_016,emergency_ER_ACC_016_PT_009,7335400049,7335400049,218773869#7,218773869#8,29.261,180368918#0,extend_green,current_phase_already_green,0,
b0_valid_18route_ER_ACC_016_PT_009,PT_009,7335400049,31.0,ER_ACC_016,emergency_ER_ACC_016_PT_009,11346754525,11346754525,219696193#0,219696193#1,29.72,180368918#6,skip,disabled_by_single_terminal_experiment,,
b0_valid_18route_ER_ACC_016_PT_009,PT_009,7335400049,61.0,ER_ACC_016,emergency_ER_ACC_016_PT_009,joinedS_11203052957_cluster_11203052955_11203052956_11203052960_11203052961_#11more,cluster_11203052955_11203052956_11203052960_11203052961_#11more,781985787#0,781985786#1,29.823,218773869#1,skip,disabled_by_single_terminal_experiment,,
b0_valid_18route_ER_ACC_016_PT_010,PT_010,cluster_11203041632_11203041633_11203041634_11203041635_#5more,1.0,ER_ACC_016,emergency_ER_ACC_016_PT_010,cluster_1326096615_3849700763,cluster_1326096615_3849700763,-381802847#2,-183272625#1,2.979,-381802881#2,skip,disabled_by_single_terminal_experiment,,
b0_valid_18route_ER_ACC_016_PT_010,PT_010,cluster_11203041632_11203041633_11203041634_11203041635_#5more,2.0,ER_ACC_016,emergency_ER_ACC_016_PT_010,cluster_3846534041_436877431,cluster_3846534041_436877431,180368918#3,180368918#5,21.224,-381802881#2,skip,disabled_by_single_terminal_experiment,,
b0_valid_18route_ER_ACC_016_PT_010,PT_010,cluster_11203041632_11203041633_11203041634_11203041635_#5more,19.0,ER_ACC_016,emergency_ER_ACC_016_PT_010,joinedS_4273893706_4273893707_7335400058_cluster_13348213189_13348213190_13348213191,cluster_13348213189_13348213190_13348213191,-1455512070,-1455512069,29.158,-174870621#2,skip,disabled_by_single_terminal_experiment,,
b0_valid_18route_ER_ACC_016_PT_010,PT_010,cluster_11203041632_11203041633_11203041634_11203041635_#5more,27.0,ER_ACC_016,emergency_ER_ACC_016_PT_010,7335400049,7335400049,218773869#7,218773869#8,29.261,180368918#0,skip,disabled_by_single_terminal_experiment,,
b0_valid_18route_ER_ACC_016_PT_010,PT_010,cluster_11203041632_11203041633_11203041634_11203041635_#5more,31.0,ER_ACC_016,emergency_ER_ACC_016_PT_010,11346754525,11346754525,219696193#0,219696193#1,29.72,180368918#6,skip,disabled_by_single_terminal_experiment,,
b0_valid_18route_ER_ACC_016_PT_010,PT_010,cluster_11203041632_11203041633_11203041634_11203041635_#5more,61.0,ER_ACC_016,emergency_ER_ACC_016_PT_010,joinedS_11203052957_cluster_11203052955_11203052956_11203052960_11203052961_#11more,cluster_11203052955_11203052956_11203052960_11203052961_#11more,781985787#0,781985786#1,29.823,218773869#1,skip,disabled_by_single_terminal_experiment,,
b0_valid_18route_ER_ACC_016_PT_011,PT_011,cluster_11277565408_11277565409_414685823_5851251280,1.0,ER_ACC_016,emergency_ER_ACC_016_PT_011,cluster_1326096615_3849700763,cluster_1326096615_3849700763,-381802847#2,-183272625#1,2.979,-381802881#2,skip,disabled_by_single_terminal_experiment,,
b0_valid_18route_ER_ACC_016_PT_011,PT_011,cluster_11277565408_11277565409_414685823_5851251280,2.0,ER_ACC_016,emergency_ER_ACC_016_PT_011,cluster_3846534041_436877431,cluster_3846534041_436877431,180368918#3,180368918#5,21.224,-381802881#2,skip,disabled_by_single_terminal_experiment,,
b0_valid_18route_ER_ACC_016_PT_011,PT_011,cluster_11277565408_11277565409_414685823_5851251280,19.0,ER_ACC_016,emergency_ER_ACC_016_PT_011,joinedS_4273893706_4273893707_7335400058_cluster_13348213189_13348213190_13348213191,cluster_13348213189_13348213190_13348213191,-1455512070,-1455512069,29.158,-174870621#2,skip,disabled_by_single_terminal_experiment,,
b0_valid_18route_ER_ACC_016_PT_011,PT_011,cluster_11277565408_11277565409_414685823_5851251280,27.0,ER_ACC_016,emergency_ER_ACC_016_PT_011,7335400049,7335400049,218773869#7,218773869#8,29.261,180368918#0,skip,disabled_by_single_terminal_experiment,,
b0_valid_18route_ER_ACC_016_PT_011,PT_011,cluster_11277565408_11277565409_414685823_5851251280,31.0,ER_ACC_016,emergency_ER_ACC_016_PT_011,11346754525,11346754525,219696193#0,219696193#1,29.72,180368918#6,skip,disabled_by_single_terminal_experiment,,
b0_valid_18route_ER_ACC_016_PT_011,PT_011,cluster_11277565408_11277565409_414685823_5851251280,61.0,ER_ACC_016,emergency_ER_ACC_016_PT_011,joinedS_11203052957_cluster_11203052955_11203052956_11203052960_11203052961_#11more,cluster_11203052955_11203052956_11203052960_11203052961_#11more,781985787#0,781985786#1,29.823,218773869#1,skip,disabled_by_single_terminal_experiment,,
b0_valid_18route_ER_ACC_016_PT_012,PT_012,cluster_12785870414_3337522189,1.0,ER_ACC_016,emergency_ER_ACC_016_PT_012,cluster_1326096615_3849700763,cluster_1326096615_3849700763,-381802847#2,-183272625#1,2.979,-381802881#2,skip,disabled_by_single_terminal_experiment,,
b0_valid_18route_ER_ACC_016_PT_012,PT_012,cluster_12785870414_3337522189,2.0,ER_ACC_016,emergency_ER_ACC_016_PT_012,cluster_3846534041_436877431,cluster_3846534041_436877431,180368918#3,180368918#5,21.224,-381802881#2,skip,disabled_by_single_terminal_experiment,,
b0_valid_18route_ER_ACC_016_PT_012,PT_012,cluster_12785870414_3337522189,19.0,ER_ACC_016,emergency_ER_ACC_016_PT_012,joinedS_4273893706_4273893707_7335400058_cluster_13348213189_13348213190_13348213191,cluster_13348213189_13348213190_13348213191,-1455512070,-1455512069,29.158,-174870621#2,skip,disabled_by_single_terminal_experiment,,
b0_valid_18route_ER_ACC_016_PT_012,PT_012,cluster_12785870414_3337522189,27.0,ER_ACC_016,emergency_ER_ACC_016_PT_012,7335400049,7335400049,218773869#7,218773869#8,29.261,180368918#0,skip,disabled_by_single_terminal_experiment,,
b0_valid_18route_ER_ACC_016_PT_012,PT_012,cluster_12785870414_3337522189,31.0,ER_ACC_016,emergency_ER_ACC_016_PT_012,11346754525,11346754525,219696193#0,219696193#1,29.72,180368918#6,skip,disabled_by_single_terminal_experiment,,
b0_valid_18route_ER_ACC_016_PT_012,PT_012,cluster_12785870414_3337522189,61.0,ER_ACC_016,emergency_ER_ACC_016_PT_012,joinedS_11203052957_cluster_11203052955_11203052956_11203052960_11203052961_#11more,cluster_11203052955_11203052956_11203052960_11203052961_#11more,781985787#0,781985786#1,29.823,218773869#1,skip,disabled_by_single_terminal_experiment,,
b0_valid_18route_ER_ACC_016_PT_013,PT_013,cluster_1326096615_3849700763,1.0,ER_ACC_016,emergency_ER_ACC_016_PT_013,cluster_1326096615_3849700763,cluster_1326096615_3849700763,-381802847#2,-183272625#1,2.979,-381802881#2,skip,safe_green_not_current_or_next_phase,0,2
b0_valid_18route_ER_ACC_016_PT_013,PT_013,cluster_1326096615_3849700763,2.0,ER_ACC_016,emergency_ER_ACC_016_PT_013,cluster_3846534041_436877431,cluster_3846534041_436877431,180368918#3,180368918#5,21.224,-381802881#2,skip,disabled_by_single_terminal_experiment,,
b0_valid_18route_ER_ACC_016_PT_013,PT_013,cluster_1326096615_3849700763,19.0,ER_ACC_016,emergency_ER_ACC_016_PT_013,joinedS_4273893706_4273893707_7335400058_cluster_13348213189_13348213190_13348213191,cluster_13348213189_13348213190_13348213191,-1455512070,-1455512069,29.158,-174870621#2,skip,disabled_by_single_terminal_experiment,,
b0_valid_18route_ER_ACC_016_PT_013,PT_013,cluster_1326096615_3849700763,27.0,ER_ACC_016,emergency_ER_ACC_016_PT_013,7335400049,7335400049,218773869#7,218773869#8,29.261,180368918#0,skip,disabled_by_single_terminal_experiment,,
b0_valid_18route_ER_ACC_016_PT_013,PT_013,cluster_1326096615_3849700763,31.0,ER_ACC_016,emergency_ER_ACC_016_PT_013,11346754525,11346754525,219696193#0,219696193#1,29.72,180368918#6,skip,disabled_by_single_terminal_experiment,,
b0_valid_18route_ER_ACC_016_PT_013,PT_013,cluster_1326096615_3849700763,61.0,ER_ACC_016,emergency_ER_ACC_016_PT_013,joinedS_11203052957_cluster_11203052955_11203052956_11203052960_11203052961_#11more,cluster_11203052955_11203052956_11203052960_11203052961_#11more,781985787#0,781985786#1,29.823,218773869#1,skip,disabled_by_single_terminal_experiment,,
b0_valid_18route_ER_ACC_016_PT_014,PT_014,cluster_13348293702_13348293703_414685829,1.0,ER_ACC_016,emergency_ER_ACC_016_PT_014,cluster_1326096615_3849700763,cluster_1326096615_3849700763,-381802847#2,-183272625#1,2.979,-381802881#2,skip,disabled_by_single_terminal_experiment,,
b0_valid_18route_ER_ACC_016_PT_014,PT_014,cluster_13348293702_13348293703_414685829,2.0,ER_ACC_016,emergency_ER_ACC_016_PT_014,cluster_3846534041_436877431,cluster_3846534041_436877431,180368918#3,180368918#5,21.224,-381802881#2,skip,disabled_by_single_terminal_experiment,,
b0_valid_18route_ER_ACC_016_PT_014,PT_014,cluster_13348293702_13348293703_414685829,19.0,ER_ACC_016,emergency_ER_ACC_016_PT_014,joinedS_4273893706_4273893707_7335400058_cluster_13348213189_13348213190_13348213191,cluster_13348213189_13348213190_13348213191,-1455512070,-1455512069,29.158,-174870621#2,skip,disabled_by_single_terminal_experiment,,
b0_valid_18route_ER_ACC_016_PT_014,PT_014,cluster_13348293702_13348293703_414685829,27.0,ER_ACC_016,emergency_ER_ACC_016_PT_014,7335400049,7335400049,218773869#7,218773869#8,29.261,180368918#0,skip,disabled_by_single_terminal_experiment,,
b0_valid_18route_ER_ACC_016_PT_014,PT_014,cluster_13348293702_13348293703_414685829,31.0,ER_ACC_016,emergency_ER_ACC_016_PT_014,11346754525,11346754525,219696193#0,219696193#1,29.72,180368918#6,skip,disabled_by_single_terminal_experiment,,
b0_valid_18route_ER_ACC_016_PT_014,PT_014,cluster_13348293702_13348293703_414685829,61.0,ER_ACC_016,emergency_ER_ACC_016_PT_014,joinedS_11203052957_cluster_11203052955_11203052956_11203052960_11203052961_#11more,cluster_11203052955_11203052956_11203052960_11203052961_#11more,781985787#0,781985786#1,29.823,218773869#1,skip,disabled_by_single_terminal_experiment,,
b0_valid_18route_ER_ACC_016_PT_015,PT_015,cluster_3846534041_436877431,1.0,ER_ACC_016,emergency_ER_ACC_016_PT_015,cluster_1326096615_3849700763,cluster_1326096615_3849700763,-381802847#2,-183272625#1,2.979,-381802881#2,skip,disabled_by_single_terminal_experiment,,
b0_valid_18route_ER_ACC_016_PT_015,PT_015,cluster_3846534041_436877431,2.0,ER_ACC_016,emergency_ER_ACC_016_PT_015,cluster_3846534041_436877431,cluster_3846534041_436877431,180368918#3,180368918#5,21.224,-381802881#2,extend_green,current_phase_already_green,0,
b0_valid_18route_ER_ACC_016_PT_015,PT_015,cluster_3846534041_436877431,19.0,ER_ACC_016,emergency_ER_ACC_016_PT_015,joinedS_4273893706_4273893707_7335400058_cluster_13348213189_13348213190_13348213191,cluster_13348213189_13348213190_13348213191,-1455512070,-1455512069,29.158,-174870621#2,skip,disabled_by_single_terminal_experiment,,
b0_valid_18route_ER_ACC_016_PT_015,PT_015,cluster_3846534041_436877431,27.0,ER_ACC_016,emergency_ER_ACC_016_PT_015,7335400049,7335400049,218773869#7,218773869#8,29.261,180368918#0,skip,disabled_by_single_terminal_experiment,,
b0_valid_18route_ER_ACC_016_PT_015,PT_015,cluster_3846534041_436877431,31.0,ER_ACC_016,emergency_ER_ACC_016_PT_015,11346754525,11346754525,219696193#0,219696193#1,29.72,180368918#6,skip,disabled_by_single_terminal_experiment,,
b0_valid_18route_ER_ACC_016_PT_015,PT_015,cluster_3846534041_436877431,61.0,ER_ACC_016,emergency_ER_ACC_016_PT_015,joinedS_11203052957_cluster_11203052955_11203052956_11203052960_11203052961_#11more,cluster_11203052955_11203052956_11203052960_11203052961_#11more,781985787#0,781985786#1,29.823,218773869#1,skip,disabled_by_single_terminal_experiment,,
b0_valid_18route_ER_ACC_016_PT_016,PT_016,joinedS_11139302899_11139302904_11178710208_cluster_11139302901_5593950669_5593950674,1.0,ER_ACC_016,emergency_ER_ACC_016_PT_016,cluster_1326096615_3849700763,cluster_1326096615_3849700763,-381802847#2,-183272625#1,2.979,-381802881#2,skip,disabled_by_single_terminal_experiment,,
b0_valid_18route_ER_ACC_016_PT_016,PT_016,joinedS_11139302899_11139302904_11178710208_cluster_11139302901_5593950669_5593950674,2.0,ER_ACC_016,emergency_ER_ACC_016_PT_016,cluster_3846534041_436877431,cluster_3846534041_436877431,180368918#3,180368918#5,21.224,-381802881#2,skip,disabled_by_single_terminal_experiment,,
b0_valid_18route_ER_ACC_016_PT_016,PT_016,joinedS_11139302899_11139302904_11178710208_cluster_11139302901_5593950669_5593950674,19.0,ER_ACC_016,emergency_ER_ACC_016_PT_016,joinedS_4273893706_4273893707_7335400058_cluster_13348213189_13348213190_13348213191,cluster_13348213189_13348213190_13348213191,-1455512070,-1455512069,29.158,-174870621#2,skip,disabled_by_single_terminal_experiment,,
b0_valid_18route_ER_ACC_016_PT_016,PT_016,joinedS_11139302899_11139302904_11178710208_cluster_11139302901_5593950669_5593950674,27.0,ER_ACC_016,emergency_ER_ACC_016_PT_016,7335400049,7335400049,218773869#7,218773869#8,29.261,180368918#0,skip,disabled_by_single_terminal_experiment,,
b0_valid_18route_ER_ACC_016_PT_016,PT_016,joinedS_11139302899_11139302904_11178710208_cluster_11139302901_5593950669_5593950674,31.0,ER_ACC_016,emergency_ER_ACC_016_PT_016,11346754525,11346754525,219696193#0,219696193#1,29.72,180368918#6,skip,disabled_by_single_terminal_experiment,,
b0_valid_18route_ER_ACC_016_PT_016,PT_016,joinedS_11139302899_11139302904_11178710208_cluster_11139302901_5593950669_5593950674,61.0,ER_ACC_016,emergency_ER_ACC_016_PT_016,joinedS_11203052957_cluster_11203052955_11203052956_11203052960_11203052961_#11more,cluster_11203052955_11203052956_11203052960_11203052961_#11more,781985787#0,781985786#1,29.823,218773869#1,skip,disabled_by_single_terminal_experiment,,
b0_valid_18route_ER_ACC_016_PT_017,PT_017,joinedS_11203001806_11203001814_13721232731_5851251250_#6more,1.0,ER_ACC_016,emergency_ER_ACC_016_PT_017,cluster_1326096615_3849700763,cluster_1326096615_3849700763,-381802847#2,-183272625#1,2.979,-381802881#2,skip,disabled_by_single_terminal_experiment,,
b0_valid_18route_ER_ACC_016_PT_017,PT_017,joinedS_11203001806_11203001814_13721232731_5851251250_#6more,2.0,ER_ACC_016,emergency_ER_ACC_016_PT_017,cluster_3846534041_436877431,cluster_3846534041_436877431,180368918#3,180368918#5,21.224,-381802881#2,skip,disabled_by_single_terminal_experiment,,
b0_valid_18route_ER_ACC_016_PT_017,PT_017,joinedS_11203001806_11203001814_13721232731_5851251250_#6more,19.0,ER_ACC_016,emergency_ER_ACC_016_PT_017,joinedS_4273893706_4273893707_7335400058_cluster_13348213189_13348213190_13348213191,cluster_13348213189_13348213190_13348213191,-1455512070,-1455512069,29.158,-174870621#2,skip,disabled_by_single_terminal_experiment,,
b0_valid_18route_ER_ACC_016_PT_017,PT_017,joinedS_11203001806_11203001814_13721232731_5851251250_#6more,27.0,ER_ACC_016,emergency_ER_ACC_016_PT_017,7335400049,7335400049,218773869#7,218773869#8,29.261,180368918#0,skip,disabled_by_single_terminal_experiment,,
b0_valid_18route_ER_ACC_016_PT_017,PT_017,joinedS_11203001806_11203001814_13721232731_5851251250_#6more,31.0,ER_ACC_016,emergency_ER_ACC_016_PT_017,11346754525,11346754525,219696193#0,219696193#1,29.72,180368918#6,skip,disabled_by_single_terminal_experiment,,
b0_valid_18route_ER_ACC_016_PT_017,PT_017,joinedS_11203001806_11203001814_13721232731_5851251250_#6more,61.0,ER_ACC_016,emergency_ER_ACC_016_PT_017,joinedS_11203052957_cluster_11203052955_11203052956_11203052960_11203052961_#11more,cluster_11203052955_11203052956_11203052960_11203052961_#11more,781985787#0,781985786#1,29.823,218773869#1,skip,disabled_by_single_terminal_experiment,,
b0_valid_18route_ER_ACC_016_PT_018,PT_018,joinedS_11203052957_cluster_11203052955_11203052956_11203052960_11203052961_#11more,1.0,ER_ACC_016,emergency_ER_ACC_016_PT_018,cluster_1326096615_3849700763,cluster_1326096615_3849700763,-381802847#2,-183272625#1,2.979,-381802881#2,skip,disabled_by_single_terminal_experiment,,
b0_valid_18route_ER_ACC_016_PT_018,PT_018,joinedS_11203052957_cluster_11203052955_11203052956_11203052960_11203052961_#11more,2.0,ER_ACC_016,emergency_ER_ACC_016_PT_018,cluster_3846534041_436877431,cluster_3846534041_436877431,180368918#3,180368918#5,21.224,-381802881#2,skip,disabled_by_single_terminal_experiment,,
b0_valid_18route_ER_ACC_016_PT_018,PT_018,joinedS_11203052957_cluster_11203052955_11203052956_11203052960_11203052961_#11more,19.0,ER_ACC_016,emergency_ER_ACC_016_PT_018,joinedS_4273893706_4273893707_7335400058_cluster_13348213189_13348213190_13348213191,cluster_13348213189_13348213190_13348213191,-1455512070,-1455512069,29.158,-174870621#2,skip,disabled_by_single_terminal_experiment,,
b0_valid_18route_ER_ACC_016_PT_018,PT_018,joinedS_11203052957_cluster_11203052955_11203052956_11203052960_11203052961_#11more,27.0,ER_ACC_016,emergency_ER_ACC_016_PT_018,7335400049,7335400049,218773869#7,218773869#8,29.261,180368918#0,skip,disabled_by_single_terminal_experiment,,
b0_valid_18route_ER_ACC_016_PT_018,PT_018,joinedS_11203052957_cluster_11203052955_11203052956_11203052960_11203052961_#11more,31.0,ER_ACC_016,emergency_ER_ACC_016_PT_018,11346754525,11346754525,219696193#0,219696193#1,29.72,180368918#6,skip,disabled_by_single_terminal_experiment,,
b0_valid_18route_ER_ACC_016_PT_018,PT_018,joinedS_11203052957_cluster_11203052955_11203052956_11203052960_11203052961_#11more,61.0,ER_ACC_016,emergency_ER_ACC_016_PT_018,joinedS_11203052957_cluster_11203052955_11203052956_11203052960_11203052961_#11more,cluster_11203052955_11203052956_11203052960_11203052961_#11more,781985787#0,781985786#1,29.823,218773869#1,extend_green,current_phase_already_green,6,
b0_valid_18route_ER_ACC_016_PT_019,PT_019,joinedS_4273893706_4273893707_7335400058_cluster_13348213189_13348213190_13348213191,1.0,ER_ACC_016,emergency_ER_ACC_016_PT_019,cluster_1326096615_3849700763,cluster_1326096615_3849700763,-381802847#2,-183272625#1,2.979,-381802881#2,skip,disabled_by_single_terminal_experiment,,
b0_valid_18route_ER_ACC_016_PT_019,PT_019,joinedS_4273893706_4273893707_7335400058_cluster_13348213189_13348213190_13348213191,2.0,ER_ACC_016,emergency_ER_ACC_016_PT_019,cluster_3846534041_436877431,cluster_3846534041_436877431,180368918#3,180368918#5,21.224,-381802881#2,skip,disabled_by_single_terminal_experiment,,
b0_valid_18route_ER_ACC_016_PT_019,PT_019,joinedS_4273893706_4273893707_7335400058_cluster_13348213189_13348213190_13348213191,19.0,ER_ACC_016,emergency_ER_ACC_016_PT_019,joinedS_4273893706_4273893707_7335400058_cluster_13348213189_13348213190_13348213191,cluster_13348213189_13348213190_13348213191,-1455512070,-1455512069,29.158,-174870621#2,extend_green,current_phase_already_green,0,
b0_valid_18route_ER_ACC_016_PT_019,PT_019,joinedS_4273893706_4273893707_7335400058_cluster_13348213189_13348213190_13348213191,27.0,ER_ACC_016,emergency_ER_ACC_016_PT_019,7335400049,7335400049,218773869#7,218773869#8,29.261,180368918#0,skip,disabled_by_single_terminal_experiment,,
b0_valid_18route_ER_ACC_016_PT_019,PT_019,joinedS_4273893706_4273893707_7335400058_cluster_13348213189_13348213190_13348213191,31.0,ER_ACC_016,emergency_ER_ACC_016_PT_019,11346754525,11346754525,219696193#0,219696193#1,29.72,180368918#6,skip,disabled_by_single_terminal_experiment,,
b0_valid_18route_ER_ACC_016_PT_019,PT_019,joinedS_4273893706_4273893707_7335400058_cluster_13348213189_13348213190_13348213191,61.0,ER_ACC_016,emergency_ER_ACC_016_PT_019,joinedS_11203052957_cluster_11203052955_11203052956_11203052960_11203052961_#11more,cluster_11203052955_11203052956_11203052960_11203052961_#11more,781985787#0,781985786#1,29.823,218773869#1,skip,disabled_by_single_terminal_experiment,,
b0_valid_18route_ER_ACC_016_PT_020,PT_020,joinedS_4276255150_4276255151_4276255152_cluster_4276255149_436839431,1.0,ER_ACC_016,emergency_ER_ACC_016_PT_020,cluster_1326096615_3849700763,cluster_1326096615_3849700763,-381802847#2,-183272625#1,2.979,-381802881#2,skip,disabled_by_single_terminal_experiment,,
b0_valid_18route_ER_ACC_016_PT_020,PT_020,joinedS_4276255150_4276255151_4276255152_cluster_4276255149_436839431,2.0,ER_ACC_016,emergency_ER_ACC_016_PT_020,cluster_3846534041_436877431,cluster_3846534041_436877431,180368918#3,180368918#5,21.224,-381802881#2,skip,disabled_by_single_terminal_experiment,,
b0_valid_18route_ER_ACC_016_PT_020,PT_020,joinedS_4276255150_4276255151_4276255152_cluster_4276255149_436839431,19.0,ER_ACC_016,emergency_ER_ACC_016_PT_020,joinedS_4273893706_4273893707_7335400058_cluster_13348213189_13348213190_13348213191,cluster_13348213189_13348213190_13348213191,-1455512070,-1455512069,29.158,-174870621#2,skip,disabled_by_single_terminal_experiment,,
b0_valid_18route_ER_ACC_016_PT_020,PT_020,joinedS_4276255150_4276255151_4276255152_cluster_4276255149_436839431,27.0,ER_ACC_016,emergency_ER_ACC_016_PT_020,7335400049,7335400049,218773869#7,218773869#8,29.261,180368918#0,skip,disabled_by_single_terminal_experiment,,
b0_valid_18route_ER_ACC_016_PT_020,PT_020,joinedS_4276255150_4276255151_4276255152_cluster_4276255149_436839431,31.0,ER_ACC_016,emergency_ER_ACC_016_PT_020,11346754525,11346754525,219696193#0,219696193#1,29.72,180368918#6,skip,disabled_by_single_terminal_experiment,,
b0_valid_18route_ER_ACC_016_PT_020,PT_020,joinedS_4276255150_4276255151_4276255152_cluster_4276255149_436839431,61.0,ER_ACC_016,emergency_ER_ACC_016_PT_020,joinedS_11203052957_cluster_11203052955_11203052956_11203052960_11203052961_#11more,cluster_11203052955_11203052956_11203052960_11203052961_#11more,781985787#0,781985786#1,29.823,218773869#1,skip,disabled_by_single_terminal_experiment,,
b0_valid_18route_ER_ACC_017_PT_001,PT_001,11203059756,1.0,ER_ACC_017,emergency_ER_ACC_017_PT_001,cluster_1326096615_3849700763,cluster_1326096615_3849700763,-381802847#2,-183272625#1,2.979,-381802881#2,skip,disabled_by_single_terminal_experiment,,
b0_valid_18route_ER_ACC_017_PT_001,PT_001,11203059756,2.0,ER_ACC_017,emergency_ER_ACC_017_PT_001,cluster_3846534041_436877431,cluster_3846534041_436877431,180368918#3,180368918#5,21.224,-381802881#2,skip,disabled_by_single_terminal_experiment,,
b0_valid_18route_ER_ACC_017_PT_001,PT_001,11203059756,19.0,ER_ACC_017,emergency_ER_ACC_017_PT_001,joinedS_4273893706_4273893707_7335400058_cluster_13348213189_13348213190_13348213191,cluster_13348213189_13348213190_13348213191,-1455512070,-1455512069,29.158,-174870621#2,skip,disabled_by_single_terminal_experiment,,
b0_valid_18route_ER_ACC_017_PT_001,PT_001,11203059756,27.0,ER_ACC_017,emergency_ER_ACC_017_PT_001,7335400049,7335400049,218773869#7,218773869#8,29.261,180368918#0,skip,disabled_by_single_terminal_experiment,,
b0_valid_18route_ER_ACC_017_PT_001,PT_001,11203059756,31.0,ER_ACC_017,emergency_ER_ACC_017_PT_001,11346754524,11346754524,785130598#0,785130598#1,29.726,180368918#6,skip,disabled_by_single_terminal_experiment,,
b0_valid_18route_ER_ACC_017_PT_002,PT_002,11346754524,1.0,ER_ACC_017,emergency_ER_ACC_017_PT_002,cluster_1326096615_3849700763,cluster_1326096615_3849700763,-381802847#2,-183272625#1,2.979,-381802881#2,skip,disabled_by_single_terminal_experiment,,
b0_valid_18route_ER_ACC_017_PT_002,PT_002,11346754524,2.0,ER_ACC_017,emergency_ER_ACC_017_PT_002,cluster_3846534041_436877431,cluster_3846534041_436877431,180368918#3,180368918#5,21.224,-381802881#2,skip,disabled_by_single_terminal_experiment,,
b0_valid_18route_ER_ACC_017_PT_002,PT_002,11346754524,19.0,ER_ACC_017,emergency_ER_ACC_017_PT_002,joinedS_4273893706_4273893707_7335400058_cluster_13348213189_13348213190_13348213191,cluster_13348213189_13348213190_13348213191,-1455512070,-1455512069,29.158,-174870621#2,skip,disabled_by_single_terminal_experiment,,
b0_valid_18route_ER_ACC_017_PT_002,PT_002,11346754524,27.0,ER_ACC_017,emergency_ER_ACC_017_PT_002,7335400049,7335400049,218773869#7,218773869#8,29.261,180368918#0,skip,disabled_by_single_terminal_experiment,,
b0_valid_18route_ER_ACC_017_PT_002,PT_002,11346754524,31.0,ER_ACC_017,emergency_ER_ACC_017_PT_002,11346754524,11346754524,785130598#0,785130598#1,29.726,180368918#6,extend_green,current_phase_already_green,0,
b0_valid_18route_ER_ACC_017_PT_003,PT_003,11346754525,1.0,ER_ACC_017,emergency_ER_ACC_017_PT_003,cluster_1326096615_3849700763,cluster_1326096615_3849700763,-381802847#2,-183272625#1,2.979,-381802881#2,skip,disabled_by_single_terminal_experiment,,
b0_valid_18route_ER_ACC_017_PT_003,PT_003,11346754525,2.0,ER_ACC_017,emergency_ER_ACC_017_PT_003,cluster_3846534041_436877431,cluster_3846534041_436877431,180368918#3,180368918#5,21.224,-381802881#2,skip,disabled_by_single_terminal_experiment,,
b0_valid_18route_ER_ACC_017_PT_003,PT_003,11346754525,19.0,ER_ACC_017,emergency_ER_ACC_017_PT_003,joinedS_4273893706_4273893707_7335400058_cluster_13348213189_13348213190_13348213191,cluster_13348213189_13348213190_13348213191,-1455512070,-1455512069,29.158,-174870621#2,skip,disabled_by_single_terminal_experiment,,
b0_valid_18route_ER_ACC_017_PT_003,PT_003,11346754525,27.0,ER_ACC_017,emergency_ER_ACC_017_PT_003,7335400049,7335400049,218773869#7,218773869#8,29.261,180368918#0,skip,disabled_by_single_terminal_experiment,,
b0_valid_18route_ER_ACC_017_PT_003,PT_003,11346754525,31.0,ER_ACC_017,emergency_ER_ACC_017_PT_003,11346754524,11346754524,785130598#0,785130598#1,29.726,180368918#6,skip,disabled_by_single_terminal_experiment,,
b0_valid_18route_ER_ACC_017_PT_004,PT_004,13732389937,1.0,ER_ACC_017,emergency_ER_ACC_017_PT_004,cluster_1326096615_3849700763,cluster_1326096615_3849700763,-381802847#2,-183272625#1,2.979,-381802881#2,skip,disabled_by_single_terminal_experiment,,
b0_valid_18route_ER_ACC_017_PT_004,PT_004,13732389937,2.0,ER_ACC_017,emergency_ER_ACC_017_PT_004,cluster_3846534041_436877431,cluster_3846534041_436877431,180368918#3,180368918#5,21.224,-381802881#2,skip,disabled_by_single_terminal_experiment,,
b0_valid_18route_ER_ACC_017_PT_004,PT_004,13732389937,19.0,ER_ACC_017,emergency_ER_ACC_017_PT_004,joinedS_4273893706_4273893707_7335400058_cluster_13348213189_13348213190_13348213191,cluster_13348213189_13348213190_13348213191,-1455512070,-1455512069,29.158,-174870621#2,skip,disabled_by_single_terminal_experiment,,
b0_valid_18route_ER_ACC_017_PT_004,PT_004,13732389937,27.0,ER_ACC_017,emergency_ER_ACC_017_PT_004,7335400049,7335400049,218773869#7,218773869#8,29.261,180368918#0,skip,disabled_by_single_terminal_experiment,,
b0_valid_18route_ER_ACC_017_PT_004,PT_004,13732389937,31.0,ER_ACC_017,emergency_ER_ACC_017_PT_004,11346754524,11346754524,785130598#0,785130598#1,29.726,180368918#6,skip,disabled_by_single_terminal_experiment,,
b0_valid_18route_ER_ACC_017_PT_005,PT_005,13732389938,1.0,ER_ACC_017,emergency_ER_ACC_017_PT_005,cluster_1326096615_3849700763,cluster_1326096615_3849700763,-381802847#2,-183272625#1,2.979,-381802881#2,skip,disabled_by_single_terminal_experiment,,
b0_valid_18route_ER_ACC_017_PT_005,PT_005,13732389938,2.0,ER_ACC_017,emergency_ER_ACC_017_PT_005,cluster_3846534041_436877431,cluster_3846534041_436877431,180368918#3,180368918#5,21.224,-381802881#2,skip,disabled_by_single_terminal_experiment,,
b0_valid_18route_ER_ACC_017_PT_005,PT_005,13732389938,19.0,ER_ACC_017,emergency_ER_ACC_017_PT_005,joinedS_4273893706_4273893707_7335400058_cluster_13348213189_13348213190_13348213191,cluster_13348213189_13348213190_13348213191,-1455512070,-1455512069,29.158,-174870621#2,skip,disabled_by_single_terminal_experiment,,
b0_valid_18route_ER_ACC_017_PT_005,PT_005,13732389938,27.0,ER_ACC_017,emergency_ER_ACC_017_PT_005,7335400049,7335400049,218773869#7,218773869#8,29.261,180368918#0,skip,disabled_by_single_terminal_experiment,,
b0_valid_18route_ER_ACC_017_PT_005,PT_005,13732389938,31.0,ER_ACC_017,emergency_ER_ACC_017_PT_005,11346754524,11346754524,785130598#0,785130598#1,29.726,180368918#6,skip,disabled_by_single_terminal_experiment,,
b0_valid_18route_ER_ACC_017_PT_006,PT_006,4202879197,1.0,ER_ACC_017,emergency_ER_ACC_017_PT_006,cluster_1326096615_3849700763,cluster_1326096615_3849700763,-381802847#2,-183272625#1,2.979,-381802881#2,skip,disabled_by_single_terminal_experiment,,
b0_valid_18route_ER_ACC_017_PT_006,PT_006,4202879197,2.0,ER_ACC_017,emergency_ER_ACC_017_PT_006,cluster_3846534041_436877431,cluster_3846534041_436877431,180368918#3,180368918#5,21.224,-381802881#2,skip,disabled_by_single_terminal_experiment,,
b0_valid_18route_ER_ACC_017_PT_006,PT_006,4202879197,19.0,ER_ACC_017,emergency_ER_ACC_017_PT_006,joinedS_4273893706_4273893707_7335400058_cluster_13348213189_13348213190_13348213191,cluster_13348213189_13348213190_13348213191,-1455512070,-1455512069,29.158,-174870621#2,skip,disabled_by_single_terminal_experiment,,
b0_valid_18route_ER_ACC_017_PT_006,PT_006,4202879197,27.0,ER_ACC_017,emergency_ER_ACC_017_PT_006,7335400049,7335400049,218773869#7,218773869#8,29.261,180368918#0,skip,disabled_by_single_terminal_experiment,,
b0_valid_18route_ER_ACC_017_PT_006,PT_006,4202879197,31.0,ER_ACC_017,emergency_ER_ACC_017_PT_006,11346754524,11346754524,785130598#0,785130598#1,29.726,180368918#6,skip,disabled_by_single_terminal_experiment,,
b0_valid_18route_ER_ACC_017_PT_007,PT_007,436870729,1.0,ER_ACC_017,emergency_ER_ACC_017_PT_007,cluster_1326096615_3849700763,cluster_1326096615_3849700763,-381802847#2,-183272625#1,2.979,-381802881#2,skip,disabled_by_single_terminal_experiment,,
b0_valid_18route_ER_ACC_017_PT_007,PT_007,436870729,2.0,ER_ACC_017,emergency_ER_ACC_017_PT_007,cluster_3846534041_436877431,cluster_3846534041_436877431,180368918#3,180368918#5,21.224,-381802881#2,skip,disabled_by_single_terminal_experiment,,
b0_valid_18route_ER_ACC_017_PT_007,PT_007,436870729,19.0,ER_ACC_017,emergency_ER_ACC_017_PT_007,joinedS_4273893706_4273893707_7335400058_cluster_13348213189_13348213190_13348213191,cluster_13348213189_13348213190_13348213191,-1455512070,-1455512069,29.158,-174870621#2,skip,disabled_by_single_terminal_experiment,,
b0_valid_18route_ER_ACC_017_PT_007,PT_007,436870729,27.0,ER_ACC_017,emergency_ER_ACC_017_PT_007,7335400049,7335400049,218773869#7,218773869#8,29.261,180368918#0,skip,disabled_by_single_terminal_experiment,,
b0_valid_18route_ER_ACC_017_PT_007,PT_007,436870729,31.0,ER_ACC_017,emergency_ER_ACC_017_PT_007,11346754524,11346754524,785130598#0,785130598#1,29.726,180368918#6,skip,disabled_by_single_terminal_experiment,,
b0_valid_18route_ER_ACC_017_PT_008,PT_008,7311080426,1.0,ER_ACC_017,emergency_ER_ACC_017_PT_008,cluster_1326096615_3849700763,cluster_1326096615_3849700763,-381802847#2,-183272625#1,2.979,-381802881#2,skip,disabled_by_single_terminal_experiment,,
b0_valid_18route_ER_ACC_017_PT_008,PT_008,7311080426,2.0,ER_ACC_017,emergency_ER_ACC_017_PT_008,cluster_3846534041_436877431,cluster_3846534041_436877431,180368918#3,180368918#5,21.224,-381802881#2,skip,disabled_by_single_terminal_experiment,,
b0_valid_18route_ER_ACC_017_PT_008,PT_008,7311080426,19.0,ER_ACC_017,emergency_ER_ACC_017_PT_008,joinedS_4273893706_4273893707_7335400058_cluster_13348213189_13348213190_13348213191,cluster_13348213189_13348213190_13348213191,-1455512070,-1455512069,29.158,-174870621#2,skip,disabled_by_single_terminal_experiment,,
b0_valid_18route_ER_ACC_017_PT_008,PT_008,7311080426,27.0,ER_ACC_017,emergency_ER_ACC_017_PT_008,7335400049,7335400049,218773869#7,218773869#8,29.261,180368918#0,skip,disabled_by_single_terminal_experiment,,
b0_valid_18route_ER_ACC_017_PT_008,PT_008,7311080426,31.0,ER_ACC_017,emergency_ER_ACC_017_PT_008,11346754524,11346754524,785130598#0,785130598#1,29.726,180368918#6,skip,disabled_by_single_terminal_experiment,,
b0_valid_18route_ER_ACC_017_PT_009,PT_009,7335400049,1.0,ER_ACC_017,emergency_ER_ACC_017_PT_009,cluster_1326096615_3849700763,cluster_1326096615_3849700763,-381802847#2,-183272625#1,2.979,-381802881#2,skip,disabled_by_single_terminal_experiment,,
b0_valid_18route_ER_ACC_017_PT_009,PT_009,7335400049,2.0,ER_ACC_017,emergency_ER_ACC_017_PT_009,cluster_3846534041_436877431,cluster_3846534041_436877431,180368918#3,180368918#5,21.224,-381802881#2,skip,disabled_by_single_terminal_experiment,,
b0_valid_18route_ER_ACC_017_PT_009,PT_009,7335400049,19.0,ER_ACC_017,emergency_ER_ACC_017_PT_009,joinedS_4273893706_4273893707_7335400058_cluster_13348213189_13348213190_13348213191,cluster_13348213189_13348213190_13348213191,-1455512070,-1455512069,29.158,-174870621#2,skip,disabled_by_single_terminal_experiment,,
b0_valid_18route_ER_ACC_017_PT_009,PT_009,7335400049,27.0,ER_ACC_017,emergency_ER_ACC_017_PT_009,7335400049,7335400049,218773869#7,218773869#8,29.261,180368918#0,extend_green,current_phase_already_green,0,
b0_valid_18route_ER_ACC_017_PT_009,PT_009,7335400049,31.0,ER_ACC_017,emergency_ER_ACC_017_PT_009,11346754524,11346754524,785130598#0,785130598#1,29.726,180368918#6,skip,disabled_by_single_terminal_experiment,,
b0_valid_18route_ER_ACC_017_PT_010,PT_010,cluster_11203041632_11203041633_11203041634_11203041635_#5more,1.0,ER_ACC_017,emergency_ER_ACC_017_PT_010,cluster_1326096615_3849700763,cluster_1326096615_3849700763,-381802847#2,-183272625#1,2.979,-381802881#2,skip,disabled_by_single_terminal_experiment,,
b0_valid_18route_ER_ACC_017_PT_010,PT_010,cluster_11203041632_11203041633_11203041634_11203041635_#5more,2.0,ER_ACC_017,emergency_ER_ACC_017_PT_010,cluster_3846534041_436877431,cluster_3846534041_436877431,180368918#3,180368918#5,21.224,-381802881#2,skip,disabled_by_single_terminal_experiment,,
b0_valid_18route_ER_ACC_017_PT_010,PT_010,cluster_11203041632_11203041633_11203041634_11203041635_#5more,19.0,ER_ACC_017,emergency_ER_ACC_017_PT_010,joinedS_4273893706_4273893707_7335400058_cluster_13348213189_13348213190_13348213191,cluster_13348213189_13348213190_13348213191,-1455512070,-1455512069,29.158,-174870621#2,skip,disabled_by_single_terminal_experiment,,
b0_valid_18route_ER_ACC_017_PT_010,PT_010,cluster_11203041632_11203041633_11203041634_11203041635_#5more,27.0,ER_ACC_017,emergency_ER_ACC_017_PT_010,7335400049,7335400049,218773869#7,218773869#8,29.261,180368918#0,skip,disabled_by_single_terminal_experiment,,
b0_valid_18route_ER_ACC_017_PT_010,PT_010,cluster_11203041632_11203041633_11203041634_11203041635_#5more,31.0,ER_ACC_017,emergency_ER_ACC_017_PT_010,11346754524,11346754524,785130598#0,785130598#1,29.726,180368918#6,skip,disabled_by_single_terminal_experiment,,
b0_valid_18route_ER_ACC_017_PT_011,PT_011,cluster_11277565408_11277565409_414685823_5851251280,1.0,ER_ACC_017,emergency_ER_ACC_017_PT_011,cluster_1326096615_3849700763,cluster_1326096615_3849700763,-381802847#2,-183272625#1,2.979,-381802881#2,skip,disabled_by_single_terminal_experiment,,
b0_valid_18route_ER_ACC_017_PT_011,PT_011,cluster_11277565408_11277565409_414685823_5851251280,2.0,ER_ACC_017,emergency_ER_ACC_017_PT_011,cluster_3846534041_436877431,cluster_3846534041_436877431,180368918#3,180368918#5,21.224,-381802881#2,skip,disabled_by_single_terminal_experiment,,
b0_valid_18route_ER_ACC_017_PT_011,PT_011,cluster_11277565408_11277565409_414685823_5851251280,19.0,ER_ACC_017,emergency_ER_ACC_017_PT_011,joinedS_4273893706_4273893707_7335400058_cluster_13348213189_13348213190_13348213191,cluster_13348213189_13348213190_13348213191,-1455512070,-1455512069,29.158,-174870621#2,skip,disabled_by_single_terminal_experiment,,
b0_valid_18route_ER_ACC_017_PT_011,PT_011,cluster_11277565408_11277565409_414685823_5851251280,27.0,ER_ACC_017,emergency_ER_ACC_017_PT_011,7335400049,7335400049,218773869#7,218773869#8,29.261,180368918#0,skip,disabled_by_single_terminal_experiment,,
b0_valid_18route_ER_ACC_017_PT_011,PT_011,cluster_11277565408_11277565409_414685823_5851251280,31.0,ER_ACC_017,emergency_ER_ACC_017_PT_011,11346754524,11346754524,785130598#0,785130598#1,29.726,180368918#6,skip,disabled_by_single_terminal_experiment,,
b0_valid_18route_ER_ACC_017_PT_012,PT_012,cluster_12785870414_3337522189,1.0,ER_ACC_017,emergency_ER_ACC_017_PT_012,cluster_1326096615_3849700763,cluster_1326096615_3849700763,-381802847#2,-183272625#1,2.979,-381802881#2,skip,disabled_by_single_terminal_experiment,,
b0_valid_18route_ER_ACC_017_PT_012,PT_012,cluster_12785870414_3337522189,2.0,ER_ACC_017,emergency_ER_ACC_017_PT_012,cluster_3846534041_436877431,cluster_3846534041_436877431,180368918#3,180368918#5,21.224,-381802881#2,skip,disabled_by_single_terminal_experiment,,
b0_valid_18route_ER_ACC_017_PT_012,PT_012,cluster_12785870414_3337522189,19.0,ER_ACC_017,emergency_ER_ACC_017_PT_012,joinedS_4273893706_4273893707_7335400058_cluster_13348213189_13348213190_13348213191,cluster_13348213189_13348213190_13348213191,-1455512070,-1455512069,29.158,-174870621#2,skip,disabled_by_single_terminal_experiment,,
b0_valid_18route_ER_ACC_017_PT_012,PT_012,cluster_12785870414_3337522189,27.0,ER_ACC_017,emergency_ER_ACC_017_PT_012,7335400049,7335400049,218773869#7,218773869#8,29.261,180368918#0,skip,disabled_by_single_terminal_experiment,,
b0_valid_18route_ER_ACC_017_PT_012,PT_012,cluster_12785870414_3337522189,31.0,ER_ACC_017,emergency_ER_ACC_017_PT_012,11346754524,11346754524,785130598#0,785130598#1,29.726,180368918#6,skip,disabled_by_single_terminal_experiment,,
b0_valid_18route_ER_ACC_017_PT_013,PT_013,cluster_1326096615_3849700763,1.0,ER_ACC_017,emergency_ER_ACC_017_PT_013,cluster_1326096615_3849700763,cluster_1326096615_3849700763,-381802847#2,-183272625#1,2.979,-381802881#2,skip,safe_green_not_current_or_next_phase,0,2
b0_valid_18route_ER_ACC_017_PT_013,PT_013,cluster_1326096615_3849700763,2.0,ER_ACC_017,emergency_ER_ACC_017_PT_013,cluster_3846534041_436877431,cluster_3846534041_436877431,180368918#3,180368918#5,21.224,-381802881#2,skip,disabled_by_single_terminal_experiment,,
b0_valid_18route_ER_ACC_017_PT_013,PT_013,cluster_1326096615_3849700763,19.0,ER_ACC_017,emergency_ER_ACC_017_PT_013,joinedS_4273893706_4273893707_7335400058_cluster_13348213189_13348213190_13348213191,cluster_13348213189_13348213190_13348213191,-1455512070,-1455512069,29.158,-174870621#2,skip,disabled_by_single_terminal_experiment,,
b0_valid_18route_ER_ACC_017_PT_013,PT_013,cluster_1326096615_3849700763,27.0,ER_ACC_017,emergency_ER_ACC_017_PT_013,7335400049,7335400049,218773869#7,218773869#8,29.261,180368918#0,skip,disabled_by_single_terminal_experiment,,
b0_valid_18route_ER_ACC_017_PT_013,PT_013,cluster_1326096615_3849700763,31.0,ER_ACC_017,emergency_ER_ACC_017_PT_013,11346754524,11346754524,785130598#0,785130598#1,29.726,180368918#6,skip,disabled_by_single_terminal_experiment,,
b0_valid_18route_ER_ACC_017_PT_014,PT_014,cluster_13348293702_13348293703_414685829,1.0,ER_ACC_017,emergency_ER_ACC_017_PT_014,cluster_1326096615_3849700763,cluster_1326096615_3849700763,-381802847#2,-183272625#1,2.979,-381802881#2,skip,disabled_by_single_terminal_experiment,,
b0_valid_18route_ER_ACC_017_PT_014,PT_014,cluster_13348293702_13348293703_414685829,2.0,ER_ACC_017,emergency_ER_ACC_017_PT_014,cluster_3846534041_436877431,cluster_3846534041_436877431,180368918#3,180368918#5,21.224,-381802881#2,skip,disabled_by_single_terminal_experiment,,
b0_valid_18route_ER_ACC_017_PT_014,PT_014,cluster_13348293702_13348293703_414685829,19.0,ER_ACC_017,emergency_ER_ACC_017_PT_014,joinedS_4273893706_4273893707_7335400058_cluster_13348213189_13348213190_13348213191,cluster_13348213189_13348213190_13348213191,-1455512070,-1455512069,29.158,-174870621#2,skip,disabled_by_single_terminal_experiment,,
b0_valid_18route_ER_ACC_017_PT_014,PT_014,cluster_13348293702_13348293703_414685829,27.0,ER_ACC_017,emergency_ER_ACC_017_PT_014,7335400049,7335400049,218773869#7,218773869#8,29.261,180368918#0,skip,disabled_by_single_terminal_experiment,,
b0_valid_18route_ER_ACC_017_PT_014,PT_014,cluster_13348293702_13348293703_414685829,31.0,ER_ACC_017,emergency_ER_ACC_017_PT_014,11346754524,11346754524,785130598#0,785130598#1,29.726,180368918#6,skip,disabled_by_single_terminal_experiment,,
b0_valid_18route_ER_ACC_017_PT_015,PT_015,cluster_3846534041_436877431,1.0,ER_ACC_017,emergency_ER_ACC_017_PT_015,cluster_1326096615_3849700763,cluster_1326096615_3849700763,-381802847#2,-183272625#1,2.979,-381802881#2,skip,disabled_by_single_terminal_experiment,,
b0_valid_18route_ER_ACC_017_PT_015,PT_015,cluster_3846534041_436877431,2.0,ER_ACC_017,emergency_ER_ACC_017_PT_015,cluster_3846534041_436877431,cluster_3846534041_436877431,180368918#3,180368918#5,21.224,-381802881#2,extend_green,current_phase_already_green,0,
b0_valid_18route_ER_ACC_017_PT_015,PT_015,cluster_3846534041_436877431,19.0,ER_ACC_017,emergency_ER_ACC_017_PT_015,joinedS_4273893706_4273893707_7335400058_cluster_13348213189_13348213190_13348213191,cluster_13348213189_13348213190_13348213191,-1455512070,-1455512069,29.158,-174870621#2,skip,disabled_by_single_terminal_experiment,,
b0_valid_18route_ER_ACC_017_PT_015,PT_015,cluster_3846534041_436877431,27.0,ER_ACC_017,emergency_ER_ACC_017_PT_015,7335400049,7335400049,218773869#7,218773869#8,29.261,180368918#0,skip,disabled_by_single_terminal_experiment,,
b0_valid_18route_ER_ACC_017_PT_015,PT_015,cluster_3846534041_436877431,31.0,ER_ACC_017,emergency_ER_ACC_017_PT_015,11346754524,11346754524,785130598#0,785130598#1,29.726,180368918#6,skip,disabled_by_single_terminal_experiment,,
b0_valid_18route_ER_ACC_017_PT_016,PT_016,joinedS_11139302899_11139302904_11178710208_cluster_11139302901_5593950669_5593950674,1.0,ER_ACC_017,emergency_ER_ACC_017_PT_016,cluster_1326096615_3849700763,cluster_1326096615_3849700763,-381802847#2,-183272625#1,2.979,-381802881#2,skip,disabled_by_single_terminal_experiment,,
b0_valid_18route_ER_ACC_017_PT_016,PT_016,joinedS_11139302899_11139302904_11178710208_cluster_11139302901_5593950669_5593950674,2.0,ER_ACC_017,emergency_ER_ACC_017_PT_016,cluster_3846534041_436877431,cluster_3846534041_436877431,180368918#3,180368918#5,21.224,-381802881#2,skip,disabled_by_single_terminal_experiment,,
b0_valid_18route_ER_ACC_017_PT_016,PT_016,joinedS_11139302899_11139302904_11178710208_cluster_11139302901_5593950669_5593950674,19.0,ER_ACC_017,emergency_ER_ACC_017_PT_016,joinedS_4273893706_4273893707_7335400058_cluster_13348213189_13348213190_13348213191,cluster_13348213189_13348213190_13348213191,-1455512070,-1455512069,29.158,-174870621#2,skip,disabled_by_single_terminal_experiment,,
b0_valid_18route_ER_ACC_017_PT_016,PT_016,joinedS_11139302899_11139302904_11178710208_cluster_11139302901_5593950669_5593950674,27.0,ER_ACC_017,emergency_ER_ACC_017_PT_016,7335400049,7335400049,218773869#7,218773869#8,29.261,180368918#0,skip,disabled_by_single_terminal_experiment,,
b0_valid_18route_ER_ACC_017_PT_016,PT_016,joinedS_11139302899_11139302904_11178710208_cluster_11139302901_5593950669_5593950674,31.0,ER_ACC_017,emergency_ER_ACC_017_PT_016,11346754524,11346754524,785130598#0,785130598#1,29.726,180368918#6,skip,disabled_by_single_terminal_experiment,,
b0_valid_18route_ER_ACC_017_PT_017,PT_017,joinedS_11203001806_11203001814_13721232731_5851251250_#6more,1.0,ER_ACC_017,emergency_ER_ACC_017_PT_017,cluster_1326096615_3849700763,cluster_1326096615_3849700763,-381802847#2,-183272625#1,2.979,-381802881#2,skip,disabled_by_single_terminal_experiment,,
b0_valid_18route_ER_ACC_017_PT_017,PT_017,joinedS_11203001806_11203001814_13721232731_5851251250_#6more,2.0,ER_ACC_017,emergency_ER_ACC_017_PT_017,cluster_3846534041_436877431,cluster_3846534041_436877431,180368918#3,180368918#5,21.224,-381802881#2,skip,disabled_by_single_terminal_experiment,,
b0_valid_18route_ER_ACC_017_PT_017,PT_017,joinedS_11203001806_11203001814_13721232731_5851251250_#6more,19.0,ER_ACC_017,emergency_ER_ACC_017_PT_017,joinedS_4273893706_4273893707_7335400058_cluster_13348213189_13348213190_13348213191,cluster_13348213189_13348213190_13348213191,-1455512070,-1455512069,29.158,-174870621#2,skip,disabled_by_single_terminal_experiment,,
b0_valid_18route_ER_ACC_017_PT_017,PT_017,joinedS_11203001806_11203001814_13721232731_5851251250_#6more,27.0,ER_ACC_017,emergency_ER_ACC_017_PT_017,7335400049,7335400049,218773869#7,218773869#8,29.261,180368918#0,skip,disabled_by_single_terminal_experiment,,
b0_valid_18route_ER_ACC_017_PT_017,PT_017,joinedS_11203001806_11203001814_13721232731_5851251250_#6more,31.0,ER_ACC_017,emergency_ER_ACC_017_PT_017,11346754524,11346754524,785130598#0,785130598#1,29.726,180368918#6,skip,disabled_by_single_terminal_experiment,,
b0_valid_18route_ER_ACC_017_PT_018,PT_018,joinedS_11203052957_cluster_11203052955_11203052956_11203052960_11203052961_#11more,1.0,ER_ACC_017,emergency_ER_ACC_017_PT_018,cluster_1326096615_3849700763,cluster_1326096615_3849700763,-381802847#2,-183272625#1,2.979,-381802881#2,skip,disabled_by_single_terminal_experiment,,
b0_valid_18route_ER_ACC_017_PT_018,PT_018,joinedS_11203052957_cluster_11203052955_11203052956_11203052960_11203052961_#11more,2.0,ER_ACC_017,emergency_ER_ACC_017_PT_018,cluster_3846534041_436877431,cluster_3846534041_436877431,180368918#3,180368918#5,21.224,-381802881#2,skip,disabled_by_single_terminal_experiment,,
b0_valid_18route_ER_ACC_017_PT_018,PT_018,joinedS_11203052957_cluster_11203052955_11203052956_11203052960_11203052961_#11more,19.0,ER_ACC_017,emergency_ER_ACC_017_PT_018,joinedS_4273893706_4273893707_7335400058_cluster_13348213189_13348213190_13348213191,cluster_13348213189_13348213190_13348213191,-1455512070,-1455512069,29.158,-174870621#2,skip,disabled_by_single_terminal_experiment,,
b0_valid_18route_ER_ACC_017_PT_018,PT_018,joinedS_11203052957_cluster_11203052955_11203052956_11203052960_11203052961_#11more,27.0,ER_ACC_017,emergency_ER_ACC_017_PT_018,7335400049,7335400049,218773869#7,218773869#8,29.261,180368918#0,skip,disabled_by_single_terminal_experiment,,
b0_valid_18route_ER_ACC_017_PT_018,PT_018,joinedS_11203052957_cluster_11203052955_11203052956_11203052960_11203052961_#11more,31.0,ER_ACC_017,emergency_ER_ACC_017_PT_018,11346754524,11346754524,785130598#0,785130598#1,29.726,180368918#6,skip,disabled_by_single_terminal_experiment,,
b0_valid_18route_ER_ACC_017_PT_019,PT_019,joinedS_4273893706_4273893707_7335400058_cluster_13348213189_13348213190_13348213191,1.0,ER_ACC_017,emergency_ER_ACC_017_PT_019,cluster_1326096615_3849700763,cluster_1326096615_3849700763,-381802847#2,-183272625#1,2.979,-381802881#2,skip,disabled_by_single_terminal_experiment,,
b0_valid_18route_ER_ACC_017_PT_019,PT_019,joinedS_4273893706_4273893707_7335400058_cluster_13348213189_13348213190_13348213191,2.0,ER_ACC_017,emergency_ER_ACC_017_PT_019,cluster_3846534041_436877431,cluster_3846534041_436877431,180368918#3,180368918#5,21.224,-381802881#2,skip,disabled_by_single_terminal_experiment,,
b0_valid_18route_ER_ACC_017_PT_019,PT_019,joinedS_4273893706_4273893707_7335400058_cluster_13348213189_13348213190_13348213191,19.0,ER_ACC_017,emergency_ER_ACC_017_PT_019,joinedS_4273893706_4273893707_7335400058_cluster_13348213189_13348213190_13348213191,cluster_13348213189_13348213190_13348213191,-1455512070,-1455512069,29.158,-174870621#2,extend_green,current_phase_already_green,0,
b0_valid_18route_ER_ACC_017_PT_019,PT_019,joinedS_4273893706_4273893707_7335400058_cluster_13348213189_13348213190_13348213191,27.0,ER_ACC_017,emergency_ER_ACC_017_PT_019,7335400049,7335400049,218773869#7,218773869#8,29.261,180368918#0,skip,disabled_by_single_terminal_experiment,,
b0_valid_18route_ER_ACC_017_PT_019,PT_019,joinedS_4273893706_4273893707_7335400058_cluster_13348213189_13348213190_13348213191,31.0,ER_ACC_017,emergency_ER_ACC_017_PT_019,11346754524,11346754524,785130598#0,785130598#1,29.726,180368918#6,skip,disabled_by_single_terminal_experiment,,
b0_valid_18route_ER_ACC_017_PT_020,PT_020,joinedS_4276255150_4276255151_4276255152_cluster_4276255149_436839431,1.0,ER_ACC_017,emergency_ER_ACC_017_PT_020,cluster_1326096615_3849700763,cluster_1326096615_3849700763,-381802847#2,-183272625#1,2.979,-381802881#2,skip,disabled_by_single_terminal_experiment,,
b0_valid_18route_ER_ACC_017_PT_020,PT_020,joinedS_4276255150_4276255151_4276255152_cluster_4276255149_436839431,2.0,ER_ACC_017,emergency_ER_ACC_017_PT_020,cluster_3846534041_436877431,cluster_3846534041_436877431,180368918#3,180368918#5,21.224,-381802881#2,skip,disabled_by_single_terminal_experiment,,
b0_valid_18route_ER_ACC_017_PT_020,PT_020,joinedS_4276255150_4276255151_4276255152_cluster_4276255149_436839431,19.0,ER_ACC_017,emergency_ER_ACC_017_PT_020,joinedS_4273893706_4273893707_7335400058_cluster_13348213189_13348213190_13348213191,cluster_13348213189_13348213190_13348213191,-1455512070,-1455512069,29.158,-174870621#2,skip,disabled_by_single_terminal_experiment,,
b0_valid_18route_ER_ACC_017_PT_020,PT_020,joinedS_4276255150_4276255151_4276255152_cluster_4276255149_436839431,27.0,ER_ACC_017,emergency_ER_ACC_017_PT_020,7335400049,7335400049,218773869#7,218773869#8,29.261,180368918#0,skip,disabled_by_single_terminal_experiment,,
b0_valid_18route_ER_ACC_017_PT_020,PT_020,joinedS_4276255150_4276255151_4276255152_cluster_4276255149_436839431,31.0,ER_ACC_017,emergency_ER_ACC_017_PT_020,11346754524,11346754524,785130598#0,785130598#1,29.726,180368918#6,skip,disabled_by_single_terminal_experiment,,
b0_valid_18route_ER_ACC_018_PT_001,PT_001,11203059756,1.0,ER_ACC_018,emergency_ER_ACC_018_PT_001,cluster_1326096615_3849700763,cluster_1326096615_3849700763,-381802847#2,-183272625#1,2.979,-381802881#2,skip,disabled_by_single_terminal_experiment,,
b0_valid_18route_ER_ACC_018_PT_001,PT_001,11203059756,2.0,ER_ACC_018,emergency_ER_ACC_018_PT_001,cluster_3846534041_436877431,cluster_3846534041_436877431,180368918#3,180368918#5,21.224,-381802881#2,skip,disabled_by_single_terminal_experiment,,
b0_valid_18route_ER_ACC_018_PT_001,PT_001,11203059756,19.0,ER_ACC_018,emergency_ER_ACC_018_PT_001,joinedS_4273893706_4273893707_7335400058_cluster_13348213189_13348213190_13348213191,cluster_13348213189_13348213190_13348213191,-1455512070,-1455512069,29.158,-174870621#2,skip,disabled_by_single_terminal_experiment,,
b0_valid_18route_ER_ACC_018_PT_001,PT_001,11203059756,27.0,ER_ACC_018,emergency_ER_ACC_018_PT_001,7335400049,7335400049,218773869#7,218773869#8,29.261,180368918#0,skip,disabled_by_single_terminal_experiment,,
b0_valid_18route_ER_ACC_018_PT_001,PT_001,11203059756,31.0,ER_ACC_018,emergency_ER_ACC_018_PT_001,11346754525,11346754525,219696193#0,219696193#1,29.72,180368918#6,skip,disabled_by_single_terminal_experiment,,
b0_valid_18route_ER_ACC_018_PT_001,PT_001,11203059756,61.0,ER_ACC_018,emergency_ER_ACC_018_PT_001,joinedS_11203052957_cluster_11203052955_11203052956_11203052960_11203052961_#11more,cluster_11203052955_11203052956_11203052960_11203052961_#11more,781985787#0,-781985788#0,29.823,218773869#1,skip,disabled_by_single_terminal_experiment,,
b0_valid_18route_ER_ACC_018_PT_002,PT_002,11346754524,1.0,ER_ACC_018,emergency_ER_ACC_018_PT_002,cluster_1326096615_3849700763,cluster_1326096615_3849700763,-381802847#2,-183272625#1,2.979,-381802881#2,skip,disabled_by_single_terminal_experiment,,
b0_valid_18route_ER_ACC_018_PT_002,PT_002,11346754524,2.0,ER_ACC_018,emergency_ER_ACC_018_PT_002,cluster_3846534041_436877431,cluster_3846534041_436877431,180368918#3,180368918#5,21.224,-381802881#2,skip,disabled_by_single_terminal_experiment,,
b0_valid_18route_ER_ACC_018_PT_002,PT_002,11346754524,19.0,ER_ACC_018,emergency_ER_ACC_018_PT_002,joinedS_4273893706_4273893707_7335400058_cluster_13348213189_13348213190_13348213191,cluster_13348213189_13348213190_13348213191,-1455512070,-1455512069,29.158,-174870621#2,skip,disabled_by_single_terminal_experiment,,
b0_valid_18route_ER_ACC_018_PT_002,PT_002,11346754524,27.0,ER_ACC_018,emergency_ER_ACC_018_PT_002,7335400049,7335400049,218773869#7,218773869#8,29.261,180368918#0,skip,disabled_by_single_terminal_experiment,,
b0_valid_18route_ER_ACC_018_PT_002,PT_002,11346754524,31.0,ER_ACC_018,emergency_ER_ACC_018_PT_002,11346754525,11346754525,219696193#0,219696193#1,29.72,180368918#6,skip,disabled_by_single_terminal_experiment,,
b0_valid_18route_ER_ACC_018_PT_002,PT_002,11346754524,61.0,ER_ACC_018,emergency_ER_ACC_018_PT_002,joinedS_11203052957_cluster_11203052955_11203052956_11203052960_11203052961_#11more,cluster_11203052955_11203052956_11203052960_11203052961_#11more,781985787#0,-781985788#0,29.823,218773869#1,skip,disabled_by_single_terminal_experiment,,
b0_valid_18route_ER_ACC_018_PT_003,PT_003,11346754525,1.0,ER_ACC_018,emergency_ER_ACC_018_PT_003,cluster_1326096615_3849700763,cluster_1326096615_3849700763,-381802847#2,-183272625#1,2.979,-381802881#2,skip,disabled_by_single_terminal_experiment,,
b0_valid_18route_ER_ACC_018_PT_003,PT_003,11346754525,2.0,ER_ACC_018,emergency_ER_ACC_018_PT_003,cluster_3846534041_436877431,cluster_3846534041_436877431,180368918#3,180368918#5,21.224,-381802881#2,skip,disabled_by_single_terminal_experiment,,
b0_valid_18route_ER_ACC_018_PT_003,PT_003,11346754525,19.0,ER_ACC_018,emergency_ER_ACC_018_PT_003,joinedS_4273893706_4273893707_7335400058_cluster_13348213189_13348213190_13348213191,cluster_13348213189_13348213190_13348213191,-1455512070,-1455512069,29.158,-174870621#2,skip,disabled_by_single_terminal_experiment,,
b0_valid_18route_ER_ACC_018_PT_003,PT_003,11346754525,27.0,ER_ACC_018,emergency_ER_ACC_018_PT_003,7335400049,7335400049,218773869#7,218773869#8,29.261,180368918#0,skip,disabled_by_single_terminal_experiment,,
b0_valid_18route_ER_ACC_018_PT_003,PT_003,11346754525,31.0,ER_ACC_018,emergency_ER_ACC_018_PT_003,11346754525,11346754525,219696193#0,219696193#1,29.72,180368918#6,extend_green,current_phase_already_green,0,
b0_valid_18route_ER_ACC_018_PT_003,PT_003,11346754525,61.0,ER_ACC_018,emergency_ER_ACC_018_PT_003,joinedS_11203052957_cluster_11203052955_11203052956_11203052960_11203052961_#11more,cluster_11203052955_11203052956_11203052960_11203052961_#11more,781985787#0,-781985788#0,29.823,218773869#1,skip,disabled_by_single_terminal_experiment,,
b0_valid_18route_ER_ACC_018_PT_004,PT_004,13732389937,1.0,ER_ACC_018,emergency_ER_ACC_018_PT_004,cluster_1326096615_3849700763,cluster_1326096615_3849700763,-381802847#2,-183272625#1,2.979,-381802881#2,skip,disabled_by_single_terminal_experiment,,
b0_valid_18route_ER_ACC_018_PT_004,PT_004,13732389937,2.0,ER_ACC_018,emergency_ER_ACC_018_PT_004,cluster_3846534041_436877431,cluster_3846534041_436877431,180368918#3,180368918#5,21.224,-381802881#2,skip,disabled_by_single_terminal_experiment,,
b0_valid_18route_ER_ACC_018_PT_004,PT_004,13732389937,19.0,ER_ACC_018,emergency_ER_ACC_018_PT_004,joinedS_4273893706_4273893707_7335400058_cluster_13348213189_13348213190_13348213191,cluster_13348213189_13348213190_13348213191,-1455512070,-1455512069,29.158,-174870621#2,skip,disabled_by_single_terminal_experiment,,
b0_valid_18route_ER_ACC_018_PT_004,PT_004,13732389937,27.0,ER_ACC_018,emergency_ER_ACC_018_PT_004,7335400049,7335400049,218773869#7,218773869#8,29.261,180368918#0,skip,disabled_by_single_terminal_experiment,,
b0_valid_18route_ER_ACC_018_PT_004,PT_004,13732389937,31.0,ER_ACC_018,emergency_ER_ACC_018_PT_004,11346754525,11346754525,219696193#0,219696193#1,29.72,180368918#6,skip,disabled_by_single_terminal_experiment,,
b0_valid_18route_ER_ACC_018_PT_004,PT_004,13732389937,61.0,ER_ACC_018,emergency_ER_ACC_018_PT_004,joinedS_11203052957_cluster_11203052955_11203052956_11203052960_11203052961_#11more,cluster_11203052955_11203052956_11203052960_11203052961_#11more,781985787#0,-781985788#0,29.823,218773869#1,skip,disabled_by_single_terminal_experiment,,
b0_valid_18route_ER_ACC_018_PT_005,PT_005,13732389938,1.0,ER_ACC_018,emergency_ER_ACC_018_PT_005,cluster_1326096615_3849700763,cluster_1326096615_3849700763,-381802847#2,-183272625#1,2.979,-381802881#2,skip,disabled_by_single_terminal_experiment,,
b0_valid_18route_ER_ACC_018_PT_005,PT_005,13732389938,2.0,ER_ACC_018,emergency_ER_ACC_018_PT_005,cluster_3846534041_436877431,cluster_3846534041_436877431,180368918#3,180368918#5,21.224,-381802881#2,skip,disabled_by_single_terminal_experiment,,
b0_valid_18route_ER_ACC_018_PT_005,PT_005,13732389938,19.0,ER_ACC_018,emergency_ER_ACC_018_PT_005,joinedS_4273893706_4273893707_7335400058_cluster_13348213189_13348213190_13348213191,cluster_13348213189_13348213190_13348213191,-1455512070,-1455512069,29.158,-174870621#2,skip,disabled_by_single_terminal_experiment,,
b0_valid_18route_ER_ACC_018_PT_005,PT_005,13732389938,27.0,ER_ACC_018,emergency_ER_ACC_018_PT_005,7335400049,7335400049,218773869#7,218773869#8,29.261,180368918#0,skip,disabled_by_single_terminal_experiment,,
b0_valid_18route_ER_ACC_018_PT_005,PT_005,13732389938,31.0,ER_ACC_018,emergency_ER_ACC_018_PT_005,11346754525,11346754525,219696193#0,219696193#1,29.72,180368918#6,skip,disabled_by_single_terminal_experiment,,
b0_valid_18route_ER_ACC_018_PT_005,PT_005,13732389938,61.0,ER_ACC_018,emergency_ER_ACC_018_PT_005,joinedS_11203052957_cluster_11203052955_11203052956_11203052960_11203052961_#11more,cluster_11203052955_11203052956_11203052960_11203052961_#11more,781985787#0,-781985788#0,29.823,218773869#1,skip,disabled_by_single_terminal_experiment,,
b0_valid_18route_ER_ACC_018_PT_006,PT_006,4202879197,1.0,ER_ACC_018,emergency_ER_ACC_018_PT_006,cluster_1326096615_3849700763,cluster_1326096615_3849700763,-381802847#2,-183272625#1,2.979,-381802881#2,skip,disabled_by_single_terminal_experiment,,
b0_valid_18route_ER_ACC_018_PT_006,PT_006,4202879197,2.0,ER_ACC_018,emergency_ER_ACC_018_PT_006,cluster_3846534041_436877431,cluster_3846534041_436877431,180368918#3,180368918#5,21.224,-381802881#2,skip,disabled_by_single_terminal_experiment,,
b0_valid_18route_ER_ACC_018_PT_006,PT_006,4202879197,19.0,ER_ACC_018,emergency_ER_ACC_018_PT_006,joinedS_4273893706_4273893707_7335400058_cluster_13348213189_13348213190_13348213191,cluster_13348213189_13348213190_13348213191,-1455512070,-1455512069,29.158,-174870621#2,skip,disabled_by_single_terminal_experiment,,
b0_valid_18route_ER_ACC_018_PT_006,PT_006,4202879197,27.0,ER_ACC_018,emergency_ER_ACC_018_PT_006,7335400049,7335400049,218773869#7,218773869#8,29.261,180368918#0,skip,disabled_by_single_terminal_experiment,,
b0_valid_18route_ER_ACC_018_PT_006,PT_006,4202879197,31.0,ER_ACC_018,emergency_ER_ACC_018_PT_006,11346754525,11346754525,219696193#0,219696193#1,29.72,180368918#6,skip,disabled_by_single_terminal_experiment,,
b0_valid_18route_ER_ACC_018_PT_006,PT_006,4202879197,61.0,ER_ACC_018,emergency_ER_ACC_018_PT_006,joinedS_11203052957_cluster_11203052955_11203052956_11203052960_11203052961_#11more,cluster_11203052955_11203052956_11203052960_11203052961_#11more,781985787#0,-781985788#0,29.823,218773869#1,skip,disabled_by_single_terminal_experiment,,
b0_valid_18route_ER_ACC_018_PT_007,PT_007,436870729,1.0,ER_ACC_018,emergency_ER_ACC_018_PT_007,cluster_1326096615_3849700763,cluster_1326096615_3849700763,-381802847#2,-183272625#1,2.979,-381802881#2,skip,disabled_by_single_terminal_experiment,,
b0_valid_18route_ER_ACC_018_PT_007,PT_007,436870729,2.0,ER_ACC_018,emergency_ER_ACC_018_PT_007,cluster_3846534041_436877431,cluster_3846534041_436877431,180368918#3,180368918#5,21.224,-381802881#2,skip,disabled_by_single_terminal_experiment,,
b0_valid_18route_ER_ACC_018_PT_007,PT_007,436870729,19.0,ER_ACC_018,emergency_ER_ACC_018_PT_007,joinedS_4273893706_4273893707_7335400058_cluster_13348213189_13348213190_13348213191,cluster_13348213189_13348213190_13348213191,-1455512070,-1455512069,29.158,-174870621#2,skip,disabled_by_single_terminal_experiment,,
b0_valid_18route_ER_ACC_018_PT_007,PT_007,436870729,27.0,ER_ACC_018,emergency_ER_ACC_018_PT_007,7335400049,7335400049,218773869#7,218773869#8,29.261,180368918#0,skip,disabled_by_single_terminal_experiment,,
b0_valid_18route_ER_ACC_018_PT_007,PT_007,436870729,31.0,ER_ACC_018,emergency_ER_ACC_018_PT_007,11346754525,11346754525,219696193#0,219696193#1,29.72,180368918#6,skip,disabled_by_single_terminal_experiment,,
b0_valid_18route_ER_ACC_018_PT_007,PT_007,436870729,61.0,ER_ACC_018,emergency_ER_ACC_018_PT_007,joinedS_11203052957_cluster_11203052955_11203052956_11203052960_11203052961_#11more,cluster_11203052955_11203052956_11203052960_11203052961_#11more,781985787#0,-781985788#0,29.823,218773869#1,skip,disabled_by_single_terminal_experiment,,
b0_valid_18route_ER_ACC_018_PT_008,PT_008,7311080426,1.0,ER_ACC_018,emergency_ER_ACC_018_PT_008,cluster_1326096615_3849700763,cluster_1326096615_3849700763,-381802847#2,-183272625#1,2.979,-381802881#2,skip,disabled_by_single_terminal_experiment,,
b0_valid_18route_ER_ACC_018_PT_008,PT_008,7311080426,2.0,ER_ACC_018,emergency_ER_ACC_018_PT_008,cluster_3846534041_436877431,cluster_3846534041_436877431,180368918#3,180368918#5,21.224,-381802881#2,skip,disabled_by_single_terminal_experiment,,
b0_valid_18route_ER_ACC_018_PT_008,PT_008,7311080426,19.0,ER_ACC_018,emergency_ER_ACC_018_PT_008,joinedS_4273893706_4273893707_7335400058_cluster_13348213189_13348213190_13348213191,cluster_13348213189_13348213190_13348213191,-1455512070,-1455512069,29.158,-174870621#2,skip,disabled_by_single_terminal_experiment,,
b0_valid_18route_ER_ACC_018_PT_008,PT_008,7311080426,27.0,ER_ACC_018,emergency_ER_ACC_018_PT_008,7335400049,7335400049,218773869#7,218773869#8,29.261,180368918#0,skip,disabled_by_single_terminal_experiment,,
b0_valid_18route_ER_ACC_018_PT_008,PT_008,7311080426,31.0,ER_ACC_018,emergency_ER_ACC_018_PT_008,11346754525,11346754525,219696193#0,219696193#1,29.72,180368918#6,skip,disabled_by_single_terminal_experiment,,
b0_valid_18route_ER_ACC_018_PT_008,PT_008,7311080426,61.0,ER_ACC_018,emergency_ER_ACC_018_PT_008,joinedS_11203052957_cluster_11203052955_11203052956_11203052960_11203052961_#11more,cluster_11203052955_11203052956_11203052960_11203052961_#11more,781985787#0,-781985788#0,29.823,218773869#1,skip,disabled_by_single_terminal_experiment,,
b0_valid_18route_ER_ACC_018_PT_009,PT_009,7335400049,1.0,ER_ACC_018,emergency_ER_ACC_018_PT_009,cluster_1326096615_3849700763,cluster_1326096615_3849700763,-381802847#2,-183272625#1,2.979,-381802881#2,skip,disabled_by_single_terminal_experiment,,
b0_valid_18route_ER_ACC_018_PT_009,PT_009,7335400049,2.0,ER_ACC_018,emergency_ER_ACC_018_PT_009,cluster_3846534041_436877431,cluster_3846534041_436877431,180368918#3,180368918#5,21.224,-381802881#2,skip,disabled_by_single_terminal_experiment,,
b0_valid_18route_ER_ACC_018_PT_009,PT_009,7335400049,19.0,ER_ACC_018,emergency_ER_ACC_018_PT_009,joinedS_4273893706_4273893707_7335400058_cluster_13348213189_13348213190_13348213191,cluster_13348213189_13348213190_13348213191,-1455512070,-1455512069,29.158,-174870621#2,skip,disabled_by_single_terminal_experiment,,
b0_valid_18route_ER_ACC_018_PT_009,PT_009,7335400049,27.0,ER_ACC_018,emergency_ER_ACC_018_PT_009,7335400049,7335400049,218773869#7,218773869#8,29.261,180368918#0,extend_green,current_phase_already_green,0,
b0_valid_18route_ER_ACC_018_PT_009,PT_009,7335400049,31.0,ER_ACC_018,emergency_ER_ACC_018_PT_009,11346754525,11346754525,219696193#0,219696193#1,29.72,180368918#6,skip,disabled_by_single_terminal_experiment,,
b0_valid_18route_ER_ACC_018_PT_009,PT_009,7335400049,61.0,ER_ACC_018,emergency_ER_ACC_018_PT_009,joinedS_11203052957_cluster_11203052955_11203052956_11203052960_11203052961_#11more,cluster_11203052955_11203052956_11203052960_11203052961_#11more,781985787#0,-781985788#0,29.823,218773869#1,skip,disabled_by_single_terminal_experiment,,
b0_valid_18route_ER_ACC_018_PT_010,PT_010,cluster_11203041632_11203041633_11203041634_11203041635_#5more,1.0,ER_ACC_018,emergency_ER_ACC_018_PT_010,cluster_1326096615_3849700763,cluster_1326096615_3849700763,-381802847#2,-183272625#1,2.979,-381802881#2,skip,disabled_by_single_terminal_experiment,,
b0_valid_18route_ER_ACC_018_PT_010,PT_010,cluster_11203041632_11203041633_11203041634_11203041635_#5more,2.0,ER_ACC_018,emergency_ER_ACC_018_PT_010,cluster_3846534041_436877431,cluster_3846534041_436877431,180368918#3,180368918#5,21.224,-381802881#2,skip,disabled_by_single_terminal_experiment,,
b0_valid_18route_ER_ACC_018_PT_010,PT_010,cluster_11203041632_11203041633_11203041634_11203041635_#5more,19.0,ER_ACC_018,emergency_ER_ACC_018_PT_010,joinedS_4273893706_4273893707_7335400058_cluster_13348213189_13348213190_13348213191,cluster_13348213189_13348213190_13348213191,-1455512070,-1455512069,29.158,-174870621#2,skip,disabled_by_single_terminal_experiment,,
b0_valid_18route_ER_ACC_018_PT_010,PT_010,cluster_11203041632_11203041633_11203041634_11203041635_#5more,27.0,ER_ACC_018,emergency_ER_ACC_018_PT_010,7335400049,7335400049,218773869#7,218773869#8,29.261,180368918#0,skip,disabled_by_single_terminal_experiment,,
b0_valid_18route_ER_ACC_018_PT_010,PT_010,cluster_11203041632_11203041633_11203041634_11203041635_#5more,31.0,ER_ACC_018,emergency_ER_ACC_018_PT_010,11346754525,11346754525,219696193#0,219696193#1,29.72,180368918#6,skip,disabled_by_single_terminal_experiment,,
b0_valid_18route_ER_ACC_018_PT_010,PT_010,cluster_11203041632_11203041633_11203041634_11203041635_#5more,61.0,ER_ACC_018,emergency_ER_ACC_018_PT_010,joinedS_11203052957_cluster_11203052955_11203052956_11203052960_11203052961_#11more,cluster_11203052955_11203052956_11203052960_11203052961_#11more,781985787#0,-781985788#0,29.823,218773869#1,skip,disabled_by_single_terminal_experiment,,
b0_valid_18route_ER_ACC_018_PT_011,PT_011,cluster_11277565408_11277565409_414685823_5851251280,1.0,ER_ACC_018,emergency_ER_ACC_018_PT_011,cluster_1326096615_3849700763,cluster_1326096615_3849700763,-381802847#2,-183272625#1,2.979,-381802881#2,skip,disabled_by_single_terminal_experiment,,
b0_valid_18route_ER_ACC_018_PT_011,PT_011,cluster_11277565408_11277565409_414685823_5851251280,2.0,ER_ACC_018,emergency_ER_ACC_018_PT_011,cluster_3846534041_436877431,cluster_3846534041_436877431,180368918#3,180368918#5,21.224,-381802881#2,skip,disabled_by_single_terminal_experiment,,
b0_valid_18route_ER_ACC_018_PT_011,PT_011,cluster_11277565408_11277565409_414685823_5851251280,19.0,ER_ACC_018,emergency_ER_ACC_018_PT_011,joinedS_4273893706_4273893707_7335400058_cluster_13348213189_13348213190_13348213191,cluster_13348213189_13348213190_13348213191,-1455512070,-1455512069,29.158,-174870621#2,skip,disabled_by_single_terminal_experiment,,
b0_valid_18route_ER_ACC_018_PT_011,PT_011,cluster_11277565408_11277565409_414685823_5851251280,27.0,ER_ACC_018,emergency_ER_ACC_018_PT_011,7335400049,7335400049,218773869#7,218773869#8,29.261,180368918#0,skip,disabled_by_single_terminal_experiment,,
b0_valid_18route_ER_ACC_018_PT_011,PT_011,cluster_11277565408_11277565409_414685823_5851251280,31.0,ER_ACC_018,emergency_ER_ACC_018_PT_011,11346754525,11346754525,219696193#0,219696193#1,29.72,180368918#6,skip,disabled_by_single_terminal_experiment,,
b0_valid_18route_ER_ACC_018_PT_011,PT_011,cluster_11277565408_11277565409_414685823_5851251280,61.0,ER_ACC_018,emergency_ER_ACC_018_PT_011,joinedS_11203052957_cluster_11203052955_11203052956_11203052960_11203052961_#11more,cluster_11203052955_11203052956_11203052960_11203052961_#11more,781985787#0,-781985788#0,29.823,218773869#1,skip,disabled_by_single_terminal_experiment,,
b0_valid_18route_ER_ACC_018_PT_012,PT_012,cluster_12785870414_3337522189,1.0,ER_ACC_018,emergency_ER_ACC_018_PT_012,cluster_1326096615_3849700763,cluster_1326096615_3849700763,-381802847#2,-183272625#1,2.979,-381802881#2,skip,disabled_by_single_terminal_experiment,,
b0_valid_18route_ER_ACC_018_PT_012,PT_012,cluster_12785870414_3337522189,2.0,ER_ACC_018,emergency_ER_ACC_018_PT_012,cluster_3846534041_436877431,cluster_3846534041_436877431,180368918#3,180368918#5,21.224,-381802881#2,skip,disabled_by_single_terminal_experiment,,
b0_valid_18route_ER_ACC_018_PT_012,PT_012,cluster_12785870414_3337522189,19.0,ER_ACC_018,emergency_ER_ACC_018_PT_012,joinedS_4273893706_4273893707_7335400058_cluster_13348213189_13348213190_13348213191,cluster_13348213189_13348213190_13348213191,-1455512070,-1455512069,29.158,-174870621#2,skip,disabled_by_single_terminal_experiment,,
b0_valid_18route_ER_ACC_018_PT_012,PT_012,cluster_12785870414_3337522189,27.0,ER_ACC_018,emergency_ER_ACC_018_PT_012,7335400049,7335400049,218773869#7,218773869#8,29.261,180368918#0,skip,disabled_by_single_terminal_experiment,,
b0_valid_18route_ER_ACC_018_PT_012,PT_012,cluster_12785870414_3337522189,31.0,ER_ACC_018,emergency_ER_ACC_018_PT_012,11346754525,11346754525,219696193#0,219696193#1,29.72,180368918#6,skip,disabled_by_single_terminal_experiment,,
b0_valid_18route_ER_ACC_018_PT_012,PT_012,cluster_12785870414_3337522189,61.0,ER_ACC_018,emergency_ER_ACC_018_PT_012,joinedS_11203052957_cluster_11203052955_11203052956_11203052960_11203052961_#11more,cluster_11203052955_11203052956_11203052960_11203052961_#11more,781985787#0,-781985788#0,29.823,218773869#1,skip,disabled_by_single_terminal_experiment,,
b0_valid_18route_ER_ACC_018_PT_013,PT_013,cluster_1326096615_3849700763,1.0,ER_ACC_018,emergency_ER_ACC_018_PT_013,cluster_1326096615_3849700763,cluster_1326096615_3849700763,-381802847#2,-183272625#1,2.979,-381802881#2,skip,safe_green_not_current_or_next_phase,0,2
b0_valid_18route_ER_ACC_018_PT_013,PT_013,cluster_1326096615_3849700763,2.0,ER_ACC_018,emergency_ER_ACC_018_PT_013,cluster_3846534041_436877431,cluster_3846534041_436877431,180368918#3,180368918#5,21.224,-381802881#2,skip,disabled_by_single_terminal_experiment,,
b0_valid_18route_ER_ACC_018_PT_013,PT_013,cluster_1326096615_3849700763,19.0,ER_ACC_018,emergency_ER_ACC_018_PT_013,joinedS_4273893706_4273893707_7335400058_cluster_13348213189_13348213190_13348213191,cluster_13348213189_13348213190_13348213191,-1455512070,-1455512069,29.158,-174870621#2,skip,disabled_by_single_terminal_experiment,,
b0_valid_18route_ER_ACC_018_PT_013,PT_013,cluster_1326096615_3849700763,27.0,ER_ACC_018,emergency_ER_ACC_018_PT_013,7335400049,7335400049,218773869#7,218773869#8,29.261,180368918#0,skip,disabled_by_single_terminal_experiment,,
b0_valid_18route_ER_ACC_018_PT_013,PT_013,cluster_1326096615_3849700763,31.0,ER_ACC_018,emergency_ER_ACC_018_PT_013,11346754525,11346754525,219696193#0,219696193#1,29.72,180368918#6,skip,disabled_by_single_terminal_experiment,,
b0_valid_18route_ER_ACC_018_PT_013,PT_013,cluster_1326096615_3849700763,61.0,ER_ACC_018,emergency_ER_ACC_018_PT_013,joinedS_11203052957_cluster_11203052955_11203052956_11203052960_11203052961_#11more,cluster_11203052955_11203052956_11203052960_11203052961_#11more,781985787#0,-781985788#0,29.823,218773869#1,skip,disabled_by_single_terminal_experiment,,
b0_valid_18route_ER_ACC_018_PT_014,PT_014,cluster_13348293702_13348293703_414685829,1.0,ER_ACC_018,emergency_ER_ACC_018_PT_014,cluster_1326096615_3849700763,cluster_1326096615_3849700763,-381802847#2,-183272625#1,2.979,-381802881#2,skip,disabled_by_single_terminal_experiment,,
b0_valid_18route_ER_ACC_018_PT_014,PT_014,cluster_13348293702_13348293703_414685829,2.0,ER_ACC_018,emergency_ER_ACC_018_PT_014,cluster_3846534041_436877431,cluster_3846534041_436877431,180368918#3,180368918#5,21.224,-381802881#2,skip,disabled_by_single_terminal_experiment,,
b0_valid_18route_ER_ACC_018_PT_014,PT_014,cluster_13348293702_13348293703_414685829,19.0,ER_ACC_018,emergency_ER_ACC_018_PT_014,joinedS_4273893706_4273893707_7335400058_cluster_13348213189_13348213190_13348213191,cluster_13348213189_13348213190_13348213191,-1455512070,-1455512069,29.158,-174870621#2,skip,disabled_by_single_terminal_experiment,,
b0_valid_18route_ER_ACC_018_PT_014,PT_014,cluster_13348293702_13348293703_414685829,27.0,ER_ACC_018,emergency_ER_ACC_018_PT_014,7335400049,7335400049,218773869#7,218773869#8,29.261,180368918#0,skip,disabled_by_single_terminal_experiment,,
b0_valid_18route_ER_ACC_018_PT_014,PT_014,cluster_13348293702_13348293703_414685829,31.0,ER_ACC_018,emergency_ER_ACC_018_PT_014,11346754525,11346754525,219696193#0,219696193#1,29.72,180368918#6,skip,disabled_by_single_terminal_experiment,,
b0_valid_18route_ER_ACC_018_PT_014,PT_014,cluster_13348293702_13348293703_414685829,61.0,ER_ACC_018,emergency_ER_ACC_018_PT_014,joinedS_11203052957_cluster_11203052955_11203052956_11203052960_11203052961_#11more,cluster_11203052955_11203052956_11203052960_11203052961_#11more,781985787#0,-781985788#0,29.823,218773869#1,skip,disabled_by_single_terminal_experiment,,
b0_valid_18route_ER_ACC_018_PT_015,PT_015,cluster_3846534041_436877431,1.0,ER_ACC_018,emergency_ER_ACC_018_PT_015,cluster_1326096615_3849700763,cluster_1326096615_3849700763,-381802847#2,-183272625#1,2.979,-381802881#2,skip,disabled_by_single_terminal_experiment,,
b0_valid_18route_ER_ACC_018_PT_015,PT_015,cluster_3846534041_436877431,2.0,ER_ACC_018,emergency_ER_ACC_018_PT_015,cluster_3846534041_436877431,cluster_3846534041_436877431,180368918#3,180368918#5,21.224,-381802881#2,extend_green,current_phase_already_green,0,
b0_valid_18route_ER_ACC_018_PT_015,PT_015,cluster_3846534041_436877431,19.0,ER_ACC_018,emergency_ER_ACC_018_PT_015,joinedS_4273893706_4273893707_7335400058_cluster_13348213189_13348213190_13348213191,cluster_13348213189_13348213190_13348213191,-1455512070,-1455512069,29.158,-174870621#2,skip,disabled_by_single_terminal_experiment,,
b0_valid_18route_ER_ACC_018_PT_015,PT_015,cluster_3846534041_436877431,27.0,ER_ACC_018,emergency_ER_ACC_018_PT_015,7335400049,7335400049,218773869#7,218773869#8,29.261,180368918#0,skip,disabled_by_single_terminal_experiment,,
b0_valid_18route_ER_ACC_018_PT_015,PT_015,cluster_3846534041_436877431,31.0,ER_ACC_018,emergency_ER_ACC_018_PT_015,11346754525,11346754525,219696193#0,219696193#1,29.72,180368918#6,skip,disabled_by_single_terminal_experiment,,
b0_valid_18route_ER_ACC_018_PT_015,PT_015,cluster_3846534041_436877431,61.0,ER_ACC_018,emergency_ER_ACC_018_PT_015,joinedS_11203052957_cluster_11203052955_11203052956_11203052960_11203052961_#11more,cluster_11203052955_11203052956_11203052960_11203052961_#11more,781985787#0,-781985788#0,29.823,218773869#1,skip,disabled_by_single_terminal_experiment,,
b0_valid_18route_ER_ACC_018_PT_016,PT_016,joinedS_11139302899_11139302904_11178710208_cluster_11139302901_5593950669_5593950674,1.0,ER_ACC_018,emergency_ER_ACC_018_PT_016,cluster_1326096615_3849700763,cluster_1326096615_3849700763,-381802847#2,-183272625#1,2.979,-381802881#2,skip,disabled_by_single_terminal_experiment,,
b0_valid_18route_ER_ACC_018_PT_016,PT_016,joinedS_11139302899_11139302904_11178710208_cluster_11139302901_5593950669_5593950674,2.0,ER_ACC_018,emergency_ER_ACC_018_PT_016,cluster_3846534041_436877431,cluster_3846534041_436877431,180368918#3,180368918#5,21.224,-381802881#2,skip,disabled_by_single_terminal_experiment,,
b0_valid_18route_ER_ACC_018_PT_016,PT_016,joinedS_11139302899_11139302904_11178710208_cluster_11139302901_5593950669_5593950674,19.0,ER_ACC_018,emergency_ER_ACC_018_PT_016,joinedS_4273893706_4273893707_7335400058_cluster_13348213189_13348213190_13348213191,cluster_13348213189_13348213190_13348213191,-1455512070,-1455512069,29.158,-174870621#2,skip,disabled_by_single_terminal_experiment,,
b0_valid_18route_ER_ACC_018_PT_016,PT_016,joinedS_11139302899_11139302904_11178710208_cluster_11139302901_5593950669_5593950674,27.0,ER_ACC_018,emergency_ER_ACC_018_PT_016,7335400049,7335400049,218773869#7,218773869#8,29.261,180368918#0,skip,disabled_by_single_terminal_experiment,,
b0_valid_18route_ER_ACC_018_PT_016,PT_016,joinedS_11139302899_11139302904_11178710208_cluster_11139302901_5593950669_5593950674,31.0,ER_ACC_018,emergency_ER_ACC_018_PT_016,11346754525,11346754525,219696193#0,219696193#1,29.72,180368918#6,skip,disabled_by_single_terminal_experiment,,
b0_valid_18route_ER_ACC_018_PT_016,PT_016,joinedS_11139302899_11139302904_11178710208_cluster_11139302901_5593950669_5593950674,61.0,ER_ACC_018,emergency_ER_ACC_018_PT_016,joinedS_11203052957_cluster_11203052955_11203052956_11203052960_11203052961_#11more,cluster_11203052955_11203052956_11203052960_11203052961_#11more,781985787#0,-781985788#0,29.823,218773869#1,skip,disabled_by_single_terminal_experiment,,
b0_valid_18route_ER_ACC_018_PT_017,PT_017,joinedS_11203001806_11203001814_13721232731_5851251250_#6more,1.0,ER_ACC_018,emergency_ER_ACC_018_PT_017,cluster_1326096615_3849700763,cluster_1326096615_3849700763,-381802847#2,-183272625#1,2.979,-381802881#2,skip,disabled_by_single_terminal_experiment,,
b0_valid_18route_ER_ACC_018_PT_017,PT_017,joinedS_11203001806_11203001814_13721232731_5851251250_#6more,2.0,ER_ACC_018,emergency_ER_ACC_018_PT_017,cluster_3846534041_436877431,cluster_3846534041_436877431,180368918#3,180368918#5,21.224,-381802881#2,skip,disabled_by_single_terminal_experiment,,
b0_valid_18route_ER_ACC_018_PT_017,PT_017,joinedS_11203001806_11203001814_13721232731_5851251250_#6more,19.0,ER_ACC_018,emergency_ER_ACC_018_PT_017,joinedS_4273893706_4273893707_7335400058_cluster_13348213189_13348213190_13348213191,cluster_13348213189_13348213190_13348213191,-1455512070,-1455512069,29.158,-174870621#2,skip,disabled_by_single_terminal_experiment,,
b0_valid_18route_ER_ACC_018_PT_017,PT_017,joinedS_11203001806_11203001814_13721232731_5851251250_#6more,27.0,ER_ACC_018,emergency_ER_ACC_018_PT_017,7335400049,7335400049,218773869#7,218773869#8,29.261,180368918#0,skip,disabled_by_single_terminal_experiment,,
b0_valid_18route_ER_ACC_018_PT_017,PT_017,joinedS_11203001806_11203001814_13721232731_5851251250_#6more,31.0,ER_ACC_018,emergency_ER_ACC_018_PT_017,11346754525,11346754525,219696193#0,219696193#1,29.72,180368918#6,skip,disabled_by_single_terminal_experiment,,
b0_valid_18route_ER_ACC_018_PT_017,PT_017,joinedS_11203001806_11203001814_13721232731_5851251250_#6more,61.0,ER_ACC_018,emergency_ER_ACC_018_PT_017,joinedS_11203052957_cluster_11203052955_11203052956_11203052960_11203052961_#11more,cluster_11203052955_11203052956_11203052960_11203052961_#11more,781985787#0,-781985788#0,29.823,218773869#1,skip,disabled_by_single_terminal_experiment,,
b0_valid_18route_ER_ACC_018_PT_018,PT_018,joinedS_11203052957_cluster_11203052955_11203052956_11203052960_11203052961_#11more,1.0,ER_ACC_018,emergency_ER_ACC_018_PT_018,cluster_1326096615_3849700763,cluster_1326096615_3849700763,-381802847#2,-183272625#1,2.979,-381802881#2,skip,disabled_by_single_terminal_experiment,,
b0_valid_18route_ER_ACC_018_PT_018,PT_018,joinedS_11203052957_cluster_11203052955_11203052956_11203052960_11203052961_#11more,2.0,ER_ACC_018,emergency_ER_ACC_018_PT_018,cluster_3846534041_436877431,cluster_3846534041_436877431,180368918#3,180368918#5,21.224,-381802881#2,skip,disabled_by_single_terminal_experiment,,
b0_valid_18route_ER_ACC_018_PT_018,PT_018,joinedS_11203052957_cluster_11203052955_11203052956_11203052960_11203052961_#11more,19.0,ER_ACC_018,emergency_ER_ACC_018_PT_018,joinedS_4273893706_4273893707_7335400058_cluster_13348213189_13348213190_13348213191,cluster_13348213189_13348213190_13348213191,-1455512070,-1455512069,29.158,-174870621#2,skip,disabled_by_single_terminal_experiment,,
b0_valid_18route_ER_ACC_018_PT_018,PT_018,joinedS_11203052957_cluster_11203052955_11203052956_11203052960_11203052961_#11more,27.0,ER_ACC_018,emergency_ER_ACC_018_PT_018,7335400049,7335400049,218773869#7,218773869#8,29.261,180368918#0,skip,disabled_by_single_terminal_experiment,,
b0_valid_18route_ER_ACC_018_PT_018,PT_018,joinedS_11203052957_cluster_11203052955_11203052956_11203052960_11203052961_#11more,31.0,ER_ACC_018,emergency_ER_ACC_018_PT_018,11346754525,11346754525,219696193#0,219696193#1,29.72,180368918#6,skip,disabled_by_single_terminal_experiment,,
b0_valid_18route_ER_ACC_018_PT_018,PT_018,joinedS_11203052957_cluster_11203052955_11203052956_11203052960_11203052961_#11more,61.0,ER_ACC_018,emergency_ER_ACC_018_PT_018,joinedS_11203052957_cluster_11203052955_11203052956_11203052960_11203052961_#11more,cluster_11203052955_11203052956_11203052960_11203052961_#11more,781985787#0,-781985788#0,29.823,218773869#1,skip,safe_green_not_current_or_next_phase,6,4 8
b0_valid_18route_ER_ACC_018_PT_019,PT_019,joinedS_4273893706_4273893707_7335400058_cluster_13348213189_13348213190_13348213191,1.0,ER_ACC_018,emergency_ER_ACC_018_PT_019,cluster_1326096615_3849700763,cluster_1326096615_3849700763,-381802847#2,-183272625#1,2.979,-381802881#2,skip,disabled_by_single_terminal_experiment,,
b0_valid_18route_ER_ACC_018_PT_019,PT_019,joinedS_4273893706_4273893707_7335400058_cluster_13348213189_13348213190_13348213191,2.0,ER_ACC_018,emergency_ER_ACC_018_PT_019,cluster_3846534041_436877431,cluster_3846534041_436877431,180368918#3,180368918#5,21.224,-381802881#2,skip,disabled_by_single_terminal_experiment,,
b0_valid_18route_ER_ACC_018_PT_019,PT_019,joinedS_4273893706_4273893707_7335400058_cluster_13348213189_13348213190_13348213191,19.0,ER_ACC_018,emergency_ER_ACC_018_PT_019,joinedS_4273893706_4273893707_7335400058_cluster_13348213189_13348213190_13348213191,cluster_13348213189_13348213190_13348213191,-1455512070,-1455512069,29.158,-174870621#2,extend_green,current_phase_already_green,0,
b0_valid_18route_ER_ACC_018_PT_019,PT_019,joinedS_4273893706_4273893707_7335400058_cluster_13348213189_13348213190_13348213191,27.0,ER_ACC_018,emergency_ER_ACC_018_PT_019,7335400049,7335400049,218773869#7,218773869#8,29.261,180368918#0,skip,disabled_by_single_terminal_experiment,,
b0_valid_18route_ER_ACC_018_PT_019,PT_019,joinedS_4273893706_4273893707_7335400058_cluster_13348213189_13348213190_13348213191,31.0,ER_ACC_018,emergency_ER_ACC_018_PT_019,11346754525,11346754525,219696193#0,219696193#1,29.72,180368918#6,skip,disabled_by_single_terminal_experiment,,
b0_valid_18route_ER_ACC_018_PT_019,PT_019,joinedS_4273893706_4273893707_7335400058_cluster_13348213189_13348213190_13348213191,61.0,ER_ACC_018,emergency_ER_ACC_018_PT_019,joinedS_11203052957_cluster_11203052955_11203052956_11203052960_11203052961_#11more,cluster_11203052955_11203052956_11203052960_11203052961_#11more,781985787#0,-781985788#0,29.823,218773869#1,skip,disabled_by_single_terminal_experiment,,
b0_valid_18route_ER_ACC_018_PT_020,PT_020,joinedS_4276255150_4276255151_4276255152_cluster_4276255149_436839431,1.0,ER_ACC_018,emergency_ER_ACC_018_PT_020,cluster_1326096615_3849700763,cluster_1326096615_3849700763,-381802847#2,-183272625#1,2.979,-381802881#2,skip,disabled_by_single_terminal_experiment,,
b0_valid_18route_ER_ACC_018_PT_020,PT_020,joinedS_4276255150_4276255151_4276255152_cluster_4276255149_436839431,2.0,ER_ACC_018,emergency_ER_ACC_018_PT_020,cluster_3846534041_436877431,cluster_3846534041_436877431,180368918#3,180368918#5,21.224,-381802881#2,skip,disabled_by_single_terminal_experiment,,
b0_valid_18route_ER_ACC_018_PT_020,PT_020,joinedS_4276255150_4276255151_4276255152_cluster_4276255149_436839431,19.0,ER_ACC_018,emergency_ER_ACC_018_PT_020,joinedS_4273893706_4273893707_7335400058_cluster_13348213189_13348213190_13348213191,cluster_13348213189_13348213190_13348213191,-1455512070,-1455512069,29.158,-174870621#2,skip,disabled_by_single_terminal_experiment,,
b0_valid_18route_ER_ACC_018_PT_020,PT_020,joinedS_4276255150_4276255151_4276255152_cluster_4276255149_436839431,27.0,ER_ACC_018,emergency_ER_ACC_018_PT_020,7335400049,7335400049,218773869#7,218773869#8,29.261,180368918#0,skip,disabled_by_single_terminal_experiment,,
b0_valid_18route_ER_ACC_018_PT_020,PT_020,joinedS_4276255150_4276255151_4276255152_cluster_4276255149_436839431,31.0,ER_ACC_018,emergency_ER_ACC_018_PT_020,11346754525,11346754525,219696193#0,219696193#1,29.72,180368918#6,skip,disabled_by_single_terminal_experiment,,
b0_valid_18route_ER_ACC_018_PT_020,PT_020,joinedS_4276255150_4276255151_4276255152_cluster_4276255149_436839431,61.0,ER_ACC_018,emergency_ER_ACC_018_PT_020,joinedS_11203052957_cluster_11203052955_11203052956_11203052960_11203052961_#11more,cluster_11203052955_11203052956_11203052960_11203052961_#11more,781985787#0,-781985788#0,29.823,218773869#1,skip,disabled_by_single_terminal_experiment,,
b0_valid_18route_ER_ACC_019_PT_001,PT_001,11203059756,1.0,ER_ACC_019,emergency_ER_ACC_019_PT_001,cluster_1326096615_3849700763,cluster_1326096615_3849700763,-381802847#2,-183272625#1,2.979,-381802881#2,skip,disabled_by_single_terminal_experiment,,
b0_valid_18route_ER_ACC_019_PT_001,PT_001,11203059756,2.0,ER_ACC_019,emergency_ER_ACC_019_PT_001,cluster_3846534041_436877431,cluster_3846534041_436877431,180368918#3,180368918#5,21.224,-381802881#2,skip,disabled_by_single_terminal_experiment,,
b0_valid_18route_ER_ACC_019_PT_001,PT_001,11203059756,19.0,ER_ACC_019,emergency_ER_ACC_019_PT_001,joinedS_4273893706_4273893707_7335400058_cluster_13348213189_13348213190_13348213191,cluster_13348213189_13348213190_13348213191,-1455512070,-1455512069,29.158,-174870621#2,skip,disabled_by_single_terminal_experiment,,
b0_valid_18route_ER_ACC_019_PT_001,PT_001,11203059756,27.0,ER_ACC_019,emergency_ER_ACC_019_PT_001,7335400049,7335400049,218773869#7,218773869#8,29.261,180368918#0,skip,disabled_by_single_terminal_experiment,,
b0_valid_18route_ER_ACC_019_PT_001,PT_001,11203059756,31.0,ER_ACC_019,emergency_ER_ACC_019_PT_001,11346754525,11346754525,219696193#0,219696193#1,29.72,180368918#6,skip,disabled_by_single_terminal_experiment,,
b0_valid_18route_ER_ACC_019_PT_001,PT_001,11203059756,61.0,ER_ACC_019,emergency_ER_ACC_019_PT_001,joinedS_11203052957_cluster_11203052955_11203052956_11203052960_11203052961_#11more,cluster_11203052955_11203052956_11203052960_11203052961_#11more,781985787#0,218915135#3,29.823,218773869#1,skip,disabled_by_single_terminal_experiment,,
b0_valid_18route_ER_ACC_019_PT_001,PT_001,11203059756,103.0,ER_ACC_019,emergency_ER_ACC_019_PT_001,joinedS_11139302899_11139302904_11178710208_cluster_11139302901_5593950669_5593950674,11139302904,619147738#0,619147738#1,28.589,347237859#4,skip,disabled_by_single_terminal_experiment,,
b0_valid_18route_ER_ACC_019_PT_002,PT_002,11346754524,1.0,ER_ACC_019,emergency_ER_ACC_019_PT_002,cluster_1326096615_3849700763,cluster_1326096615_3849700763,-381802847#2,-183272625#1,2.979,-381802881#2,skip,disabled_by_single_terminal_experiment,,
b0_valid_18route_ER_ACC_019_PT_002,PT_002,11346754524,2.0,ER_ACC_019,emergency_ER_ACC_019_PT_002,cluster_3846534041_436877431,cluster_3846534041_436877431,180368918#3,180368918#5,21.224,-381802881#2,skip,disabled_by_single_terminal_experiment,,
b0_valid_18route_ER_ACC_019_PT_002,PT_002,11346754524,19.0,ER_ACC_019,emergency_ER_ACC_019_PT_002,joinedS_4273893706_4273893707_7335400058_cluster_13348213189_13348213190_13348213191,cluster_13348213189_13348213190_13348213191,-1455512070,-1455512069,29.158,-174870621#2,skip,disabled_by_single_terminal_experiment,,
b0_valid_18route_ER_ACC_019_PT_002,PT_002,11346754524,27.0,ER_ACC_019,emergency_ER_ACC_019_PT_002,7335400049,7335400049,218773869#7,218773869#8,29.261,180368918#0,skip,disabled_by_single_terminal_experiment,,
b0_valid_18route_ER_ACC_019_PT_002,PT_002,11346754524,31.0,ER_ACC_019,emergency_ER_ACC_019_PT_002,11346754525,11346754525,219696193#0,219696193#1,29.72,180368918#6,skip,disabled_by_single_terminal_experiment,,
b0_valid_18route_ER_ACC_019_PT_002,PT_002,11346754524,61.0,ER_ACC_019,emergency_ER_ACC_019_PT_002,joinedS_11203052957_cluster_11203052955_11203052956_11203052960_11203052961_#11more,cluster_11203052955_11203052956_11203052960_11203052961_#11more,781985787#0,218915135#3,29.823,218773869#1,skip,disabled_by_single_terminal_experiment,,
b0_valid_18route_ER_ACC_019_PT_002,PT_002,11346754524,103.0,ER_ACC_019,emergency_ER_ACC_019_PT_002,joinedS_11139302899_11139302904_11178710208_cluster_11139302901_5593950669_5593950674,11139302904,619147738#0,619147738#1,28.589,347237859#4,skip,disabled_by_single_terminal_experiment,,
b0_valid_18route_ER_ACC_019_PT_003,PT_003,11346754525,1.0,ER_ACC_019,emergency_ER_ACC_019_PT_003,cluster_1326096615_3849700763,cluster_1326096615_3849700763,-381802847#2,-183272625#1,2.979,-381802881#2,skip,disabled_by_single_terminal_experiment,,
b0_valid_18route_ER_ACC_019_PT_003,PT_003,11346754525,2.0,ER_ACC_019,emergency_ER_ACC_019_PT_003,cluster_3846534041_436877431,cluster_3846534041_436877431,180368918#3,180368918#5,21.224,-381802881#2,skip,disabled_by_single_terminal_experiment,,
b0_valid_18route_ER_ACC_019_PT_003,PT_003,11346754525,19.0,ER_ACC_019,emergency_ER_ACC_019_PT_003,joinedS_4273893706_4273893707_7335400058_cluster_13348213189_13348213190_13348213191,cluster_13348213189_13348213190_13348213191,-1455512070,-1455512069,29.158,-174870621#2,skip,disabled_by_single_terminal_experiment,,
b0_valid_18route_ER_ACC_019_PT_003,PT_003,11346754525,27.0,ER_ACC_019,emergency_ER_ACC_019_PT_003,7335400049,7335400049,218773869#7,218773869#8,29.261,180368918#0,skip,disabled_by_single_terminal_experiment,,
b0_valid_18route_ER_ACC_019_PT_003,PT_003,11346754525,31.0,ER_ACC_019,emergency_ER_ACC_019_PT_003,11346754525,11346754525,219696193#0,219696193#1,29.72,180368918#6,extend_green,current_phase_already_green,0,
b0_valid_18route_ER_ACC_019_PT_003,PT_003,11346754525,61.0,ER_ACC_019,emergency_ER_ACC_019_PT_003,joinedS_11203052957_cluster_11203052955_11203052956_11203052960_11203052961_#11more,cluster_11203052955_11203052956_11203052960_11203052961_#11more,781985787#0,218915135#3,29.823,218773869#1,skip,disabled_by_single_terminal_experiment,,
b0_valid_18route_ER_ACC_019_PT_003,PT_003,11346754525,103.0,ER_ACC_019,emergency_ER_ACC_019_PT_003,joinedS_11139302899_11139302904_11178710208_cluster_11139302901_5593950669_5593950674,11139302904,619147738#0,619147738#1,28.589,347237859#4,skip,disabled_by_single_terminal_experiment,,
b0_valid_18route_ER_ACC_019_PT_004,PT_004,13732389937,1.0,ER_ACC_019,emergency_ER_ACC_019_PT_004,cluster_1326096615_3849700763,cluster_1326096615_3849700763,-381802847#2,-183272625#1,2.979,-381802881#2,skip,disabled_by_single_terminal_experiment,,
b0_valid_18route_ER_ACC_019_PT_004,PT_004,13732389937,2.0,ER_ACC_019,emergency_ER_ACC_019_PT_004,cluster_3846534041_436877431,cluster_3846534041_436877431,180368918#3,180368918#5,21.224,-381802881#2,skip,disabled_by_single_terminal_experiment,,
b0_valid_18route_ER_ACC_019_PT_004,PT_004,13732389937,19.0,ER_ACC_019,emergency_ER_ACC_019_PT_004,joinedS_4273893706_4273893707_7335400058_cluster_13348213189_13348213190_13348213191,cluster_13348213189_13348213190_13348213191,-1455512070,-1455512069,29.158,-174870621#2,skip,disabled_by_single_terminal_experiment,,
b0_valid_18route_ER_ACC_019_PT_004,PT_004,13732389937,27.0,ER_ACC_019,emergency_ER_ACC_019_PT_004,7335400049,7335400049,218773869#7,218773869#8,29.261,180368918#0,skip,disabled_by_single_terminal_experiment,,
b0_valid_18route_ER_ACC_019_PT_004,PT_004,13732389937,31.0,ER_ACC_019,emergency_ER_ACC_019_PT_004,11346754525,11346754525,219696193#0,219696193#1,29.72,180368918#6,skip,disabled_by_single_terminal_experiment,,
b0_valid_18route_ER_ACC_019_PT_004,PT_004,13732389937,61.0,ER_ACC_019,emergency_ER_ACC_019_PT_004,joinedS_11203052957_cluster_11203052955_11203052956_11203052960_11203052961_#11more,cluster_11203052955_11203052956_11203052960_11203052961_#11more,781985787#0,218915135#3,29.823,218773869#1,skip,disabled_by_single_terminal_experiment,,
b0_valid_18route_ER_ACC_019_PT_004,PT_004,13732389937,103.0,ER_ACC_019,emergency_ER_ACC_019_PT_004,joinedS_11139302899_11139302904_11178710208_cluster_11139302901_5593950669_5593950674,11139302904,619147738#0,619147738#1,28.589,347237859#4,skip,disabled_by_single_terminal_experiment,,
b0_valid_18route_ER_ACC_019_PT_005,PT_005,13732389938,1.0,ER_ACC_019,emergency_ER_ACC_019_PT_005,cluster_1326096615_3849700763,cluster_1326096615_3849700763,-381802847#2,-183272625#1,2.979,-381802881#2,skip,disabled_by_single_terminal_experiment,,
b0_valid_18route_ER_ACC_019_PT_005,PT_005,13732389938,2.0,ER_ACC_019,emergency_ER_ACC_019_PT_005,cluster_3846534041_436877431,cluster_3846534041_436877431,180368918#3,180368918#5,21.224,-381802881#2,skip,disabled_by_single_terminal_experiment,,
b0_valid_18route_ER_ACC_019_PT_005,PT_005,13732389938,19.0,ER_ACC_019,emergency_ER_ACC_019_PT_005,joinedS_4273893706_4273893707_7335400058_cluster_13348213189_13348213190_13348213191,cluster_13348213189_13348213190_13348213191,-1455512070,-1455512069,29.158,-174870621#2,skip,disabled_by_single_terminal_experiment,,
b0_valid_18route_ER_ACC_019_PT_005,PT_005,13732389938,27.0,ER_ACC_019,emergency_ER_ACC_019_PT_005,7335400049,7335400049,218773869#7,218773869#8,29.261,180368918#0,skip,disabled_by_single_terminal_experiment,,
b0_valid_18route_ER_ACC_019_PT_005,PT_005,13732389938,31.0,ER_ACC_019,emergency_ER_ACC_019_PT_005,11346754525,11346754525,219696193#0,219696193#1,29.72,180368918#6,skip,disabled_by_single_terminal_experiment,,
b0_valid_18route_ER_ACC_019_PT_005,PT_005,13732389938,61.0,ER_ACC_019,emergency_ER_ACC_019_PT_005,joinedS_11203052957_cluster_11203052955_11203052956_11203052960_11203052961_#11more,cluster_11203052955_11203052956_11203052960_11203052961_#11more,781985787#0,218915135#3,29.823,218773869#1,skip,disabled_by_single_terminal_experiment,,
b0_valid_18route_ER_ACC_019_PT_005,PT_005,13732389938,103.0,ER_ACC_019,emergency_ER_ACC_019_PT_005,joinedS_11139302899_11139302904_11178710208_cluster_11139302901_5593950669_5593950674,11139302904,619147738#0,619147738#1,28.589,347237859#4,skip,disabled_by_single_terminal_experiment,,
b0_valid_18route_ER_ACC_019_PT_006,PT_006,4202879197,1.0,ER_ACC_019,emergency_ER_ACC_019_PT_006,cluster_1326096615_3849700763,cluster_1326096615_3849700763,-381802847#2,-183272625#1,2.979,-381802881#2,skip,disabled_by_single_terminal_experiment,,
b0_valid_18route_ER_ACC_019_PT_006,PT_006,4202879197,2.0,ER_ACC_019,emergency_ER_ACC_019_PT_006,cluster_3846534041_436877431,cluster_3846534041_436877431,180368918#3,180368918#5,21.224,-381802881#2,skip,disabled_by_single_terminal_experiment,,
b0_valid_18route_ER_ACC_019_PT_006,PT_006,4202879197,19.0,ER_ACC_019,emergency_ER_ACC_019_PT_006,joinedS_4273893706_4273893707_7335400058_cluster_13348213189_13348213190_13348213191,cluster_13348213189_13348213190_13348213191,-1455512070,-1455512069,29.158,-174870621#2,skip,disabled_by_single_terminal_experiment,,
b0_valid_18route_ER_ACC_019_PT_006,PT_006,4202879197,27.0,ER_ACC_019,emergency_ER_ACC_019_PT_006,7335400049,7335400049,218773869#7,218773869#8,29.261,180368918#0,skip,disabled_by_single_terminal_experiment,,
b0_valid_18route_ER_ACC_019_PT_006,PT_006,4202879197,31.0,ER_ACC_019,emergency_ER_ACC_019_PT_006,11346754525,11346754525,219696193#0,219696193#1,29.72,180368918#6,skip,disabled_by_single_terminal_experiment,,
b0_valid_18route_ER_ACC_019_PT_006,PT_006,4202879197,61.0,ER_ACC_019,emergency_ER_ACC_019_PT_006,joinedS_11203052957_cluster_11203052955_11203052956_11203052960_11203052961_#11more,cluster_11203052955_11203052956_11203052960_11203052961_#11more,781985787#0,218915135#3,29.823,218773869#1,skip,disabled_by_single_terminal_experiment,,
b0_valid_18route_ER_ACC_019_PT_006,PT_006,4202879197,103.0,ER_ACC_019,emergency_ER_ACC_019_PT_006,joinedS_11139302899_11139302904_11178710208_cluster_11139302901_5593950669_5593950674,11139302904,619147738#0,619147738#1,28.589,347237859#4,skip,disabled_by_single_terminal_experiment,,
b0_valid_18route_ER_ACC_019_PT_007,PT_007,436870729,1.0,ER_ACC_019,emergency_ER_ACC_019_PT_007,cluster_1326096615_3849700763,cluster_1326096615_3849700763,-381802847#2,-183272625#1,2.979,-381802881#2,skip,disabled_by_single_terminal_experiment,,
b0_valid_18route_ER_ACC_019_PT_007,PT_007,436870729,2.0,ER_ACC_019,emergency_ER_ACC_019_PT_007,cluster_3846534041_436877431,cluster_3846534041_436877431,180368918#3,180368918#5,21.224,-381802881#2,skip,disabled_by_single_terminal_experiment,,
b0_valid_18route_ER_ACC_019_PT_007,PT_007,436870729,19.0,ER_ACC_019,emergency_ER_ACC_019_PT_007,joinedS_4273893706_4273893707_7335400058_cluster_13348213189_13348213190_13348213191,cluster_13348213189_13348213190_13348213191,-1455512070,-1455512069,29.158,-174870621#2,skip,disabled_by_single_terminal_experiment,,
b0_valid_18route_ER_ACC_019_PT_007,PT_007,436870729,27.0,ER_ACC_019,emergency_ER_ACC_019_PT_007,7335400049,7335400049,218773869#7,218773869#8,29.261,180368918#0,skip,disabled_by_single_terminal_experiment,,
b0_valid_18route_ER_ACC_019_PT_007,PT_007,436870729,31.0,ER_ACC_019,emergency_ER_ACC_019_PT_007,11346754525,11346754525,219696193#0,219696193#1,29.72,180368918#6,skip,disabled_by_single_terminal_experiment,,
b0_valid_18route_ER_ACC_019_PT_007,PT_007,436870729,61.0,ER_ACC_019,emergency_ER_ACC_019_PT_007,joinedS_11203052957_cluster_11203052955_11203052956_11203052960_11203052961_#11more,cluster_11203052955_11203052956_11203052960_11203052961_#11more,781985787#0,218915135#3,29.823,218773869#1,skip,disabled_by_single_terminal_experiment,,
b0_valid_18route_ER_ACC_019_PT_007,PT_007,436870729,103.0,ER_ACC_019,emergency_ER_ACC_019_PT_007,joinedS_11139302899_11139302904_11178710208_cluster_11139302901_5593950669_5593950674,11139302904,619147738#0,619147738#1,28.589,347237859#4,skip,disabled_by_single_terminal_experiment,,
b0_valid_18route_ER_ACC_019_PT_008,PT_008,7311080426,1.0,ER_ACC_019,emergency_ER_ACC_019_PT_008,cluster_1326096615_3849700763,cluster_1326096615_3849700763,-381802847#2,-183272625#1,2.979,-381802881#2,skip,disabled_by_single_terminal_experiment,,
b0_valid_18route_ER_ACC_019_PT_008,PT_008,7311080426,2.0,ER_ACC_019,emergency_ER_ACC_019_PT_008,cluster_3846534041_436877431,cluster_3846534041_436877431,180368918#3,180368918#5,21.224,-381802881#2,skip,disabled_by_single_terminal_experiment,,
b0_valid_18route_ER_ACC_019_PT_008,PT_008,7311080426,19.0,ER_ACC_019,emergency_ER_ACC_019_PT_008,joinedS_4273893706_4273893707_7335400058_cluster_13348213189_13348213190_13348213191,cluster_13348213189_13348213190_13348213191,-1455512070,-1455512069,29.158,-174870621#2,skip,disabled_by_single_terminal_experiment,,
b0_valid_18route_ER_ACC_019_PT_008,PT_008,7311080426,27.0,ER_ACC_019,emergency_ER_ACC_019_PT_008,7335400049,7335400049,218773869#7,218773869#8,29.261,180368918#0,skip,disabled_by_single_terminal_experiment,,
b0_valid_18route_ER_ACC_019_PT_008,PT_008,7311080426,31.0,ER_ACC_019,emergency_ER_ACC_019_PT_008,11346754525,11346754525,219696193#0,219696193#1,29.72,180368918#6,skip,disabled_by_single_terminal_experiment,,
b0_valid_18route_ER_ACC_019_PT_008,PT_008,7311080426,61.0,ER_ACC_019,emergency_ER_ACC_019_PT_008,joinedS_11203052957_cluster_11203052955_11203052956_11203052960_11203052961_#11more,cluster_11203052955_11203052956_11203052960_11203052961_#11more,781985787#0,218915135#3,29.823,218773869#1,skip,disabled_by_single_terminal_experiment,,
b0_valid_18route_ER_ACC_019_PT_008,PT_008,7311080426,103.0,ER_ACC_019,emergency_ER_ACC_019_PT_008,joinedS_11139302899_11139302904_11178710208_cluster_11139302901_5593950669_5593950674,11139302904,619147738#0,619147738#1,28.589,347237859#4,skip,disabled_by_single_terminal_experiment,,
b0_valid_18route_ER_ACC_019_PT_009,PT_009,7335400049,1.0,ER_ACC_019,emergency_ER_ACC_019_PT_009,cluster_1326096615_3849700763,cluster_1326096615_3849700763,-381802847#2,-183272625#1,2.979,-381802881#2,skip,disabled_by_single_terminal_experiment,,
b0_valid_18route_ER_ACC_019_PT_009,PT_009,7335400049,2.0,ER_ACC_019,emergency_ER_ACC_019_PT_009,cluster_3846534041_436877431,cluster_3846534041_436877431,180368918#3,180368918#5,21.224,-381802881#2,skip,disabled_by_single_terminal_experiment,,
b0_valid_18route_ER_ACC_019_PT_009,PT_009,7335400049,19.0,ER_ACC_019,emergency_ER_ACC_019_PT_009,joinedS_4273893706_4273893707_7335400058_cluster_13348213189_13348213190_13348213191,cluster_13348213189_13348213190_13348213191,-1455512070,-1455512069,29.158,-174870621#2,skip,disabled_by_single_terminal_experiment,,
b0_valid_18route_ER_ACC_019_PT_009,PT_009,7335400049,27.0,ER_ACC_019,emergency_ER_ACC_019_PT_009,7335400049,7335400049,218773869#7,218773869#8,29.261,180368918#0,extend_green,current_phase_already_green,0,
b0_valid_18route_ER_ACC_019_PT_009,PT_009,7335400049,31.0,ER_ACC_019,emergency_ER_ACC_019_PT_009,11346754525,11346754525,219696193#0,219696193#1,29.72,180368918#6,skip,disabled_by_single_terminal_experiment,,
b0_valid_18route_ER_ACC_019_PT_009,PT_009,7335400049,61.0,ER_ACC_019,emergency_ER_ACC_019_PT_009,joinedS_11203052957_cluster_11203052955_11203052956_11203052960_11203052961_#11more,cluster_11203052955_11203052956_11203052960_11203052961_#11more,781985787#0,218915135#3,29.823,218773869#1,skip,disabled_by_single_terminal_experiment,,
b0_valid_18route_ER_ACC_019_PT_009,PT_009,7335400049,103.0,ER_ACC_019,emergency_ER_ACC_019_PT_009,joinedS_11139302899_11139302904_11178710208_cluster_11139302901_5593950669_5593950674,11139302904,619147738#0,619147738#1,28.589,347237859#4,skip,disabled_by_single_terminal_experiment,,
b0_valid_18route_ER_ACC_019_PT_010,PT_010,cluster_11203041632_11203041633_11203041634_11203041635_#5more,1.0,ER_ACC_019,emergency_ER_ACC_019_PT_010,cluster_1326096615_3849700763,cluster_1326096615_3849700763,-381802847#2,-183272625#1,2.979,-381802881#2,skip,disabled_by_single_terminal_experiment,,
b0_valid_18route_ER_ACC_019_PT_010,PT_010,cluster_11203041632_11203041633_11203041634_11203041635_#5more,2.0,ER_ACC_019,emergency_ER_ACC_019_PT_010,cluster_3846534041_436877431,cluster_3846534041_436877431,180368918#3,180368918#5,21.224,-381802881#2,skip,disabled_by_single_terminal_experiment,,
b0_valid_18route_ER_ACC_019_PT_010,PT_010,cluster_11203041632_11203041633_11203041634_11203041635_#5more,19.0,ER_ACC_019,emergency_ER_ACC_019_PT_010,joinedS_4273893706_4273893707_7335400058_cluster_13348213189_13348213190_13348213191,cluster_13348213189_13348213190_13348213191,-1455512070,-1455512069,29.158,-174870621#2,skip,disabled_by_single_terminal_experiment,,
b0_valid_18route_ER_ACC_019_PT_010,PT_010,cluster_11203041632_11203041633_11203041634_11203041635_#5more,27.0,ER_ACC_019,emergency_ER_ACC_019_PT_010,7335400049,7335400049,218773869#7,218773869#8,29.261,180368918#0,skip,disabled_by_single_terminal_experiment,,
b0_valid_18route_ER_ACC_019_PT_010,PT_010,cluster_11203041632_11203041633_11203041634_11203041635_#5more,31.0,ER_ACC_019,emergency_ER_ACC_019_PT_010,11346754525,11346754525,219696193#0,219696193#1,29.72,180368918#6,skip,disabled_by_single_terminal_experiment,,
b0_valid_18route_ER_ACC_019_PT_010,PT_010,cluster_11203041632_11203041633_11203041634_11203041635_#5more,61.0,ER_ACC_019,emergency_ER_ACC_019_PT_010,joinedS_11203052957_cluster_11203052955_11203052956_11203052960_11203052961_#11more,cluster_11203052955_11203052956_11203052960_11203052961_#11more,781985787#0,218915135#3,29.823,218773869#1,skip,disabled_by_single_terminal_experiment,,
b0_valid_18route_ER_ACC_019_PT_010,PT_010,cluster_11203041632_11203041633_11203041634_11203041635_#5more,103.0,ER_ACC_019,emergency_ER_ACC_019_PT_010,joinedS_11139302899_11139302904_11178710208_cluster_11139302901_5593950669_5593950674,11139302904,619147738#0,619147738#1,28.589,347237859#4,skip,disabled_by_single_terminal_experiment,,
b0_valid_18route_ER_ACC_019_PT_011,PT_011,cluster_11277565408_11277565409_414685823_5851251280,1.0,ER_ACC_019,emergency_ER_ACC_019_PT_011,cluster_1326096615_3849700763,cluster_1326096615_3849700763,-381802847#2,-183272625#1,2.979,-381802881#2,skip,disabled_by_single_terminal_experiment,,
b0_valid_18route_ER_ACC_019_PT_011,PT_011,cluster_11277565408_11277565409_414685823_5851251280,2.0,ER_ACC_019,emergency_ER_ACC_019_PT_011,cluster_3846534041_436877431,cluster_3846534041_436877431,180368918#3,180368918#5,21.224,-381802881#2,skip,disabled_by_single_terminal_experiment,,
b0_valid_18route_ER_ACC_019_PT_011,PT_011,cluster_11277565408_11277565409_414685823_5851251280,19.0,ER_ACC_019,emergency_ER_ACC_019_PT_011,joinedS_4273893706_4273893707_7335400058_cluster_13348213189_13348213190_13348213191,cluster_13348213189_13348213190_13348213191,-1455512070,-1455512069,29.158,-174870621#2,skip,disabled_by_single_terminal_experiment,,
b0_valid_18route_ER_ACC_019_PT_011,PT_011,cluster_11277565408_11277565409_414685823_5851251280,27.0,ER_ACC_019,emergency_ER_ACC_019_PT_011,7335400049,7335400049,218773869#7,218773869#8,29.261,180368918#0,skip,disabled_by_single_terminal_experiment,,
b0_valid_18route_ER_ACC_019_PT_011,PT_011,cluster_11277565408_11277565409_414685823_5851251280,31.0,ER_ACC_019,emergency_ER_ACC_019_PT_011,11346754525,11346754525,219696193#0,219696193#1,29.72,180368918#6,skip,disabled_by_single_terminal_experiment,,
b0_valid_18route_ER_ACC_019_PT_011,PT_011,cluster_11277565408_11277565409_414685823_5851251280,61.0,ER_ACC_019,emergency_ER_ACC_019_PT_011,joinedS_11203052957_cluster_11203052955_11203052956_11203052960_11203052961_#11more,cluster_11203052955_11203052956_11203052960_11203052961_#11more,781985787#0,218915135#3,29.823,218773869#1,skip,disabled_by_single_terminal_experiment,,
b0_valid_18route_ER_ACC_019_PT_011,PT_011,cluster_11277565408_11277565409_414685823_5851251280,103.0,ER_ACC_019,emergency_ER_ACC_019_PT_011,joinedS_11139302899_11139302904_11178710208_cluster_11139302901_5593950669_5593950674,11139302904,619147738#0,619147738#1,28.589,347237859#4,skip,disabled_by_single_terminal_experiment,,
b0_valid_18route_ER_ACC_019_PT_012,PT_012,cluster_12785870414_3337522189,1.0,ER_ACC_019,emergency_ER_ACC_019_PT_012,cluster_1326096615_3849700763,cluster_1326096615_3849700763,-381802847#2,-183272625#1,2.979,-381802881#2,skip,disabled_by_single_terminal_experiment,,
b0_valid_18route_ER_ACC_019_PT_012,PT_012,cluster_12785870414_3337522189,2.0,ER_ACC_019,emergency_ER_ACC_019_PT_012,cluster_3846534041_436877431,cluster_3846534041_436877431,180368918#3,180368918#5,21.224,-381802881#2,skip,disabled_by_single_terminal_experiment,,
b0_valid_18route_ER_ACC_019_PT_012,PT_012,cluster_12785870414_3337522189,19.0,ER_ACC_019,emergency_ER_ACC_019_PT_012,joinedS_4273893706_4273893707_7335400058_cluster_13348213189_13348213190_13348213191,cluster_13348213189_13348213190_13348213191,-1455512070,-1455512069,29.158,-174870621#2,skip,disabled_by_single_terminal_experiment,,
b0_valid_18route_ER_ACC_019_PT_012,PT_012,cluster_12785870414_3337522189,27.0,ER_ACC_019,emergency_ER_ACC_019_PT_012,7335400049,7335400049,218773869#7,218773869#8,29.261,180368918#0,skip,disabled_by_single_terminal_experiment,,
b0_valid_18route_ER_ACC_019_PT_012,PT_012,cluster_12785870414_3337522189,31.0,ER_ACC_019,emergency_ER_ACC_019_PT_012,11346754525,11346754525,219696193#0,219696193#1,29.72,180368918#6,skip,disabled_by_single_terminal_experiment,,
b0_valid_18route_ER_ACC_019_PT_012,PT_012,cluster_12785870414_3337522189,61.0,ER_ACC_019,emergency_ER_ACC_019_PT_012,joinedS_11203052957_cluster_11203052955_11203052956_11203052960_11203052961_#11more,cluster_11203052955_11203052956_11203052960_11203052961_#11more,781985787#0,218915135#3,29.823,218773869#1,skip,disabled_by_single_terminal_experiment,,
b0_valid_18route_ER_ACC_019_PT_012,PT_012,cluster_12785870414_3337522189,103.0,ER_ACC_019,emergency_ER_ACC_019_PT_012,joinedS_11139302899_11139302904_11178710208_cluster_11139302901_5593950669_5593950674,11139302904,619147738#0,619147738#1,28.589,347237859#4,skip,disabled_by_single_terminal_experiment,,
b0_valid_18route_ER_ACC_019_PT_013,PT_013,cluster_1326096615_3849700763,1.0,ER_ACC_019,emergency_ER_ACC_019_PT_013,cluster_1326096615_3849700763,cluster_1326096615_3849700763,-381802847#2,-183272625#1,2.979,-381802881#2,skip,safe_green_not_current_or_next_phase,0,2
b0_valid_18route_ER_ACC_019_PT_013,PT_013,cluster_1326096615_3849700763,2.0,ER_ACC_019,emergency_ER_ACC_019_PT_013,cluster_3846534041_436877431,cluster_3846534041_436877431,180368918#3,180368918#5,21.224,-381802881#2,skip,disabled_by_single_terminal_experiment,,
b0_valid_18route_ER_ACC_019_PT_013,PT_013,cluster_1326096615_3849700763,19.0,ER_ACC_019,emergency_ER_ACC_019_PT_013,joinedS_4273893706_4273893707_7335400058_cluster_13348213189_13348213190_13348213191,cluster_13348213189_13348213190_13348213191,-1455512070,-1455512069,29.158,-174870621#2,skip,disabled_by_single_terminal_experiment,,
b0_valid_18route_ER_ACC_019_PT_013,PT_013,cluster_1326096615_3849700763,27.0,ER_ACC_019,emergency_ER_ACC_019_PT_013,7335400049,7335400049,218773869#7,218773869#8,29.261,180368918#0,skip,disabled_by_single_terminal_experiment,,
b0_valid_18route_ER_ACC_019_PT_013,PT_013,cluster_1326096615_3849700763,31.0,ER_ACC_019,emergency_ER_ACC_019_PT_013,11346754525,11346754525,219696193#0,219696193#1,29.72,180368918#6,skip,disabled_by_single_terminal_experiment,,
b0_valid_18route_ER_ACC_019_PT_013,PT_013,cluster_1326096615_3849700763,61.0,ER_ACC_019,emergency_ER_ACC_019_PT_013,joinedS_11203052957_cluster_11203052955_11203052956_11203052960_11203052961_#11more,cluster_11203052955_11203052956_11203052960_11203052961_#11more,781985787#0,218915135#3,29.823,218773869#1,skip,disabled_by_single_terminal_experiment,,
b0_valid_18route_ER_ACC_019_PT_013,PT_013,cluster_1326096615_3849700763,103.0,ER_ACC_019,emergency_ER_ACC_019_PT_013,joinedS_11139302899_11139302904_11178710208_cluster_11139302901_5593950669_5593950674,11139302904,619147738#0,619147738#1,28.589,347237859#4,skip,disabled_by_single_terminal_experiment,,
b0_valid_18route_ER_ACC_019_PT_014,PT_014,cluster_13348293702_13348293703_414685829,1.0,ER_ACC_019,emergency_ER_ACC_019_PT_014,cluster_1326096615_3849700763,cluster_1326096615_3849700763,-381802847#2,-183272625#1,2.979,-381802881#2,skip,disabled_by_single_terminal_experiment,,
b0_valid_18route_ER_ACC_019_PT_014,PT_014,cluster_13348293702_13348293703_414685829,2.0,ER_ACC_019,emergency_ER_ACC_019_PT_014,cluster_3846534041_436877431,cluster_3846534041_436877431,180368918#3,180368918#5,21.224,-381802881#2,skip,disabled_by_single_terminal_experiment,,
b0_valid_18route_ER_ACC_019_PT_014,PT_014,cluster_13348293702_13348293703_414685829,19.0,ER_ACC_019,emergency_ER_ACC_019_PT_014,joinedS_4273893706_4273893707_7335400058_cluster_13348213189_13348213190_13348213191,cluster_13348213189_13348213190_13348213191,-1455512070,-1455512069,29.158,-174870621#2,skip,disabled_by_single_terminal_experiment,,
b0_valid_18route_ER_ACC_019_PT_014,PT_014,cluster_13348293702_13348293703_414685829,27.0,ER_ACC_019,emergency_ER_ACC_019_PT_014,7335400049,7335400049,218773869#7,218773869#8,29.261,180368918#0,skip,disabled_by_single_terminal_experiment,,
b0_valid_18route_ER_ACC_019_PT_014,PT_014,cluster_13348293702_13348293703_414685829,31.0,ER_ACC_019,emergency_ER_ACC_019_PT_014,11346754525,11346754525,219696193#0,219696193#1,29.72,180368918#6,skip,disabled_by_single_terminal_experiment,,
b0_valid_18route_ER_ACC_019_PT_014,PT_014,cluster_13348293702_13348293703_414685829,61.0,ER_ACC_019,emergency_ER_ACC_019_PT_014,joinedS_11203052957_cluster_11203052955_11203052956_11203052960_11203052961_#11more,cluster_11203052955_11203052956_11203052960_11203052961_#11more,781985787#0,218915135#3,29.823,218773869#1,skip,disabled_by_single_terminal_experiment,,
b0_valid_18route_ER_ACC_019_PT_014,PT_014,cluster_13348293702_13348293703_414685829,103.0,ER_ACC_019,emergency_ER_ACC_019_PT_014,joinedS_11139302899_11139302904_11178710208_cluster_11139302901_5593950669_5593950674,11139302904,619147738#0,619147738#1,28.589,347237859#4,skip,disabled_by_single_terminal_experiment,,
b0_valid_18route_ER_ACC_019_PT_015,PT_015,cluster_3846534041_436877431,1.0,ER_ACC_019,emergency_ER_ACC_019_PT_015,cluster_1326096615_3849700763,cluster_1326096615_3849700763,-381802847#2,-183272625#1,2.979,-381802881#2,skip,disabled_by_single_terminal_experiment,,
b0_valid_18route_ER_ACC_019_PT_015,PT_015,cluster_3846534041_436877431,2.0,ER_ACC_019,emergency_ER_ACC_019_PT_015,cluster_3846534041_436877431,cluster_3846534041_436877431,180368918#3,180368918#5,21.224,-381802881#2,extend_green,current_phase_already_green,0,
b0_valid_18route_ER_ACC_019_PT_015,PT_015,cluster_3846534041_436877431,19.0,ER_ACC_019,emergency_ER_ACC_019_PT_015,joinedS_4273893706_4273893707_7335400058_cluster_13348213189_13348213190_13348213191,cluster_13348213189_13348213190_13348213191,-1455512070,-1455512069,29.158,-174870621#2,skip,disabled_by_single_terminal_experiment,,
b0_valid_18route_ER_ACC_019_PT_015,PT_015,cluster_3846534041_436877431,27.0,ER_ACC_019,emergency_ER_ACC_019_PT_015,7335400049,7335400049,218773869#7,218773869#8,29.261,180368918#0,skip,disabled_by_single_terminal_experiment,,
b0_valid_18route_ER_ACC_019_PT_015,PT_015,cluster_3846534041_436877431,31.0,ER_ACC_019,emergency_ER_ACC_019_PT_015,11346754525,11346754525,219696193#0,219696193#1,29.72,180368918#6,skip,disabled_by_single_terminal_experiment,,
b0_valid_18route_ER_ACC_019_PT_015,PT_015,cluster_3846534041_436877431,61.0,ER_ACC_019,emergency_ER_ACC_019_PT_015,joinedS_11203052957_cluster_11203052955_11203052956_11203052960_11203052961_#11more,cluster_11203052955_11203052956_11203052960_11203052961_#11more,781985787#0,218915135#3,29.823,218773869#1,skip,disabled_by_single_terminal_experiment,,
b0_valid_18route_ER_ACC_019_PT_015,PT_015,cluster_3846534041_436877431,103.0,ER_ACC_019,emergency_ER_ACC_019_PT_015,joinedS_11139302899_11139302904_11178710208_cluster_11139302901_5593950669_5593950674,11139302904,619147738#0,619147738#1,28.524,347237859#4,skip,disabled_by_single_terminal_experiment,,
b0_valid_18route_ER_ACC_019_PT_016,PT_016,joinedS_11139302899_11139302904_11178710208_cluster_11139302901_5593950669_5593950674,1.0,ER_ACC_019,emergency_ER_ACC_019_PT_016,cluster_1326096615_3849700763,cluster_1326096615_3849700763,-381802847#2,-183272625#1,2.979,-381802881#2,skip,disabled_by_single_terminal_experiment,,
b0_valid_18route_ER_ACC_019_PT_016,PT_016,joinedS_11139302899_11139302904_11178710208_cluster_11139302901_5593950669_5593950674,2.0,ER_ACC_019,emergency_ER_ACC_019_PT_016,cluster_3846534041_436877431,cluster_3846534041_436877431,180368918#3,180368918#5,21.224,-381802881#2,skip,disabled_by_single_terminal_experiment,,
b0_valid_18route_ER_ACC_019_PT_016,PT_016,joinedS_11139302899_11139302904_11178710208_cluster_11139302901_5593950669_5593950674,19.0,ER_ACC_019,emergency_ER_ACC_019_PT_016,joinedS_4273893706_4273893707_7335400058_cluster_13348213189_13348213190_13348213191,cluster_13348213189_13348213190_13348213191,-1455512070,-1455512069,29.158,-174870621#2,skip,disabled_by_single_terminal_experiment,,
b0_valid_18route_ER_ACC_019_PT_016,PT_016,joinedS_11139302899_11139302904_11178710208_cluster_11139302901_5593950669_5593950674,27.0,ER_ACC_019,emergency_ER_ACC_019_PT_016,7335400049,7335400049,218773869#7,218773869#8,29.261,180368918#0,skip,disabled_by_single_terminal_experiment,,
b0_valid_18route_ER_ACC_019_PT_016,PT_016,joinedS_11139302899_11139302904_11178710208_cluster_11139302901_5593950669_5593950674,31.0,ER_ACC_019,emergency_ER_ACC_019_PT_016,11346754525,11346754525,219696193#0,219696193#1,29.72,180368918#6,skip,disabled_by_single_terminal_experiment,,
b0_valid_18route_ER_ACC_019_PT_016,PT_016,joinedS_11139302899_11139302904_11178710208_cluster_11139302901_5593950669_5593950674,61.0,ER_ACC_019,emergency_ER_ACC_019_PT_016,joinedS_11203052957_cluster_11203052955_11203052956_11203052960_11203052961_#11more,cluster_11203052955_11203052956_11203052960_11203052961_#11more,781985787#0,218915135#3,29.823,218773869#1,skip,disabled_by_single_terminal_experiment,,
b0_valid_18route_ER_ACC_019_PT_016,PT_016,joinedS_11139302899_11139302904_11178710208_cluster_11139302901_5593950669_5593950674,103.0,ER_ACC_019,emergency_ER_ACC_019_PT_016,joinedS_11139302899_11139302904_11178710208_cluster_11139302901_5593950669_5593950674,11139302904,619147738#0,619147738#1,28.589,347237859#4,extend_green,current_phase_already_green,0,
b0_valid_18route_ER_ACC_019_PT_017,PT_017,joinedS_11203001806_11203001814_13721232731_5851251250_#6more,1.0,ER_ACC_019,emergency_ER_ACC_019_PT_017,cluster_1326096615_3849700763,cluster_1326096615_3849700763,-381802847#2,-183272625#1,2.979,-381802881#2,skip,disabled_by_single_terminal_experiment,,
b0_valid_18route_ER_ACC_019_PT_017,PT_017,joinedS_11203001806_11203001814_13721232731_5851251250_#6more,2.0,ER_ACC_019,emergency_ER_ACC_019_PT_017,cluster_3846534041_436877431,cluster_3846534041_436877431,180368918#3,180368918#5,21.224,-381802881#2,skip,disabled_by_single_terminal_experiment,,
b0_valid_18route_ER_ACC_019_PT_017,PT_017,joinedS_11203001806_11203001814_13721232731_5851251250_#6more,19.0,ER_ACC_019,emergency_ER_ACC_019_PT_017,joinedS_4273893706_4273893707_7335400058_cluster_13348213189_13348213190_13348213191,cluster_13348213189_13348213190_13348213191,-1455512070,-1455512069,29.158,-174870621#2,skip,disabled_by_single_terminal_experiment,,
b0_valid_18route_ER_ACC_019_PT_017,PT_017,joinedS_11203001806_11203001814_13721232731_5851251250_#6more,27.0,ER_ACC_019,emergency_ER_ACC_019_PT_017,7335400049,7335400049,218773869#7,218773869#8,29.261,180368918#0,skip,disabled_by_single_terminal_experiment,,
b0_valid_18route_ER_ACC_019_PT_017,PT_017,joinedS_11203001806_11203001814_13721232731_5851251250_#6more,31.0,ER_ACC_019,emergency_ER_ACC_019_PT_017,11346754525,11346754525,219696193#0,219696193#1,29.72,180368918#6,skip,disabled_by_single_terminal_experiment,,
b0_valid_18route_ER_ACC_019_PT_017,PT_017,joinedS_11203001806_11203001814_13721232731_5851251250_#6more,61.0,ER_ACC_019,emergency_ER_ACC_019_PT_017,joinedS_11203052957_cluster_11203052955_11203052956_11203052960_11203052961_#11more,cluster_11203052955_11203052956_11203052960_11203052961_#11more,781985787#0,218915135#3,29.823,218773869#1,skip,disabled_by_single_terminal_experiment,,
b0_valid_18route_ER_ACC_019_PT_017,PT_017,joinedS_11203001806_11203001814_13721232731_5851251250_#6more,103.0,ER_ACC_019,emergency_ER_ACC_019_PT_017,joinedS_11139302899_11139302904_11178710208_cluster_11139302901_5593950669_5593950674,11139302904,619147738#0,619147738#1,28.589,347237859#4,skip,disabled_by_single_terminal_experiment,,
b0_valid_18route_ER_ACC_019_PT_018,PT_018,joinedS_11203052957_cluster_11203052955_11203052956_11203052960_11203052961_#11more,1.0,ER_ACC_019,emergency_ER_ACC_019_PT_018,cluster_1326096615_3849700763,cluster_1326096615_3849700763,-381802847#2,-183272625#1,2.979,-381802881#2,skip,disabled_by_single_terminal_experiment,,
b0_valid_18route_ER_ACC_019_PT_018,PT_018,joinedS_11203052957_cluster_11203052955_11203052956_11203052960_11203052961_#11more,2.0,ER_ACC_019,emergency_ER_ACC_019_PT_018,cluster_3846534041_436877431,cluster_3846534041_436877431,180368918#3,180368918#5,21.224,-381802881#2,skip,disabled_by_single_terminal_experiment,,
b0_valid_18route_ER_ACC_019_PT_018,PT_018,joinedS_11203052957_cluster_11203052955_11203052956_11203052960_11203052961_#11more,19.0,ER_ACC_019,emergency_ER_ACC_019_PT_018,joinedS_4273893706_4273893707_7335400058_cluster_13348213189_13348213190_13348213191,cluster_13348213189_13348213190_13348213191,-1455512070,-1455512069,29.158,-174870621#2,skip,disabled_by_single_terminal_experiment,,
b0_valid_18route_ER_ACC_019_PT_018,PT_018,joinedS_11203052957_cluster_11203052955_11203052956_11203052960_11203052961_#11more,27.0,ER_ACC_019,emergency_ER_ACC_019_PT_018,7335400049,7335400049,218773869#7,218773869#8,29.261,180368918#0,skip,disabled_by_single_terminal_experiment,,
b0_valid_18route_ER_ACC_019_PT_018,PT_018,joinedS_11203052957_cluster_11203052955_11203052956_11203052960_11203052961_#11more,31.0,ER_ACC_019,emergency_ER_ACC_019_PT_018,11346754525,11346754525,219696193#0,219696193#1,29.72,180368918#6,skip,disabled_by_single_terminal_experiment,,
b0_valid_18route_ER_ACC_019_PT_018,PT_018,joinedS_11203052957_cluster_11203052955_11203052956_11203052960_11203052961_#11more,61.0,ER_ACC_019,emergency_ER_ACC_019_PT_018,joinedS_11203052957_cluster_11203052955_11203052956_11203052960_11203052961_#11more,cluster_11203052955_11203052956_11203052960_11203052961_#11more,781985787#0,218915135#3,29.823,218773869#1,skip,safe_green_not_current_or_next_phase,6,4
b0_valid_18route_ER_ACC_019_PT_018,PT_018,joinedS_11203052957_cluster_11203052955_11203052956_11203052960_11203052961_#11more,103.0,ER_ACC_019,emergency_ER_ACC_019_PT_018,joinedS_11139302899_11139302904_11178710208_cluster_11139302901_5593950669_5593950674,11139302904,619147738#0,619147738#1,28.589,347237859#4,skip,disabled_by_single_terminal_experiment,,
b0_valid_18route_ER_ACC_019_PT_019,PT_019,joinedS_4273893706_4273893707_7335400058_cluster_13348213189_13348213190_13348213191,1.0,ER_ACC_019,emergency_ER_ACC_019_PT_019,cluster_1326096615_3849700763,cluster_1326096615_3849700763,-381802847#2,-183272625#1,2.979,-381802881#2,skip,disabled_by_single_terminal_experiment,,
b0_valid_18route_ER_ACC_019_PT_019,PT_019,joinedS_4273893706_4273893707_7335400058_cluster_13348213189_13348213190_13348213191,2.0,ER_ACC_019,emergency_ER_ACC_019_PT_019,cluster_3846534041_436877431,cluster_3846534041_436877431,180368918#3,180368918#5,21.224,-381802881#2,skip,disabled_by_single_terminal_experiment,,
b0_valid_18route_ER_ACC_019_PT_019,PT_019,joinedS_4273893706_4273893707_7335400058_cluster_13348213189_13348213190_13348213191,19.0,ER_ACC_019,emergency_ER_ACC_019_PT_019,joinedS_4273893706_4273893707_7335400058_cluster_13348213189_13348213190_13348213191,cluster_13348213189_13348213190_13348213191,-1455512070,-1455512069,29.158,-174870621#2,extend_green,current_phase_already_green,0,
b0_valid_18route_ER_ACC_019_PT_019,PT_019,joinedS_4273893706_4273893707_7335400058_cluster_13348213189_13348213190_13348213191,27.0,ER_ACC_019,emergency_ER_ACC_019_PT_019,7335400049,7335400049,218773869#7,218773869#8,29.261,180368918#0,skip,disabled_by_single_terminal_experiment,,
b0_valid_18route_ER_ACC_019_PT_019,PT_019,joinedS_4273893706_4273893707_7335400058_cluster_13348213189_13348213190_13348213191,31.0,ER_ACC_019,emergency_ER_ACC_019_PT_019,11346754525,11346754525,219696193#0,219696193#1,29.72,180368918#6,skip,disabled_by_single_terminal_experiment,,
b0_valid_18route_ER_ACC_019_PT_019,PT_019,joinedS_4273893706_4273893707_7335400058_cluster_13348213189_13348213190_13348213191,61.0,ER_ACC_019,emergency_ER_ACC_019_PT_019,joinedS_11203052957_cluster_11203052955_11203052956_11203052960_11203052961_#11more,cluster_11203052955_11203052956_11203052960_11203052961_#11more,781985787#0,218915135#3,29.823,218773869#1,skip,disabled_by_single_terminal_experiment,,
b0_valid_18route_ER_ACC_019_PT_019,PT_019,joinedS_4273893706_4273893707_7335400058_cluster_13348213189_13348213190_13348213191,103.0,ER_ACC_019,emergency_ER_ACC_019_PT_019,joinedS_11139302899_11139302904_11178710208_cluster_11139302901_5593950669_5593950674,11139302904,619147738#0,619147738#1,29.946,347237859#4,skip,disabled_by_single_terminal_experiment,,
b0_valid_18route_ER_ACC_019_PT_020,PT_020,joinedS_4276255150_4276255151_4276255152_cluster_4276255149_436839431,1.0,ER_ACC_019,emergency_ER_ACC_019_PT_020,cluster_1326096615_3849700763,cluster_1326096615_3849700763,-381802847#2,-183272625#1,2.979,-381802881#2,skip,disabled_by_single_terminal_experiment,,
b0_valid_18route_ER_ACC_019_PT_020,PT_020,joinedS_4276255150_4276255151_4276255152_cluster_4276255149_436839431,2.0,ER_ACC_019,emergency_ER_ACC_019_PT_020,cluster_3846534041_436877431,cluster_3846534041_436877431,180368918#3,180368918#5,21.224,-381802881#2,skip,disabled_by_single_terminal_experiment,,
b0_valid_18route_ER_ACC_019_PT_020,PT_020,joinedS_4276255150_4276255151_4276255152_cluster_4276255149_436839431,19.0,ER_ACC_019,emergency_ER_ACC_019_PT_020,joinedS_4273893706_4273893707_7335400058_cluster_13348213189_13348213190_13348213191,cluster_13348213189_13348213190_13348213191,-1455512070,-1455512069,29.158,-174870621#2,skip,disabled_by_single_terminal_experiment,,
b0_valid_18route_ER_ACC_019_PT_020,PT_020,joinedS_4276255150_4276255151_4276255152_cluster_4276255149_436839431,27.0,ER_ACC_019,emergency_ER_ACC_019_PT_020,7335400049,7335400049,218773869#7,218773869#8,29.261,180368918#0,skip,disabled_by_single_terminal_experiment,,
b0_valid_18route_ER_ACC_019_PT_020,PT_020,joinedS_4276255150_4276255151_4276255152_cluster_4276255149_436839431,31.0,ER_ACC_019,emergency_ER_ACC_019_PT_020,11346754525,11346754525,219696193#0,219696193#1,29.72,180368918#6,skip,disabled_by_single_terminal_experiment,,
b0_valid_18route_ER_ACC_019_PT_020,PT_020,joinedS_4276255150_4276255151_4276255152_cluster_4276255149_436839431,61.0,ER_ACC_019,emergency_ER_ACC_019_PT_020,joinedS_11203052957_cluster_11203052955_11203052956_11203052960_11203052961_#11more,cluster_11203052955_11203052956_11203052960_11203052961_#11more,781985787#0,218915135#3,29.823,218773869#1,skip,disabled_by_single_terminal_experiment,,
b0_valid_18route_ER_ACC_019_PT_020,PT_020,joinedS_4276255150_4276255151_4276255152_cluster_4276255149_436839431,103.0,ER_ACC_019,emergency_ER_ACC_019_PT_020,joinedS_11139302899_11139302904_11178710208_cluster_11139302901_5593950669_5593950674,11139302904,619147738#0,619147738#1,28.589,347237859#4,skip,disabled_by_single_terminal_experiment,,
