edge_id,length_m,lane_count,speed_mps,priority,planned_count,actual_entered_count,actual_left_count,sampled_seconds
-1002205277,37.66,1,13.89,3,11,8.0,11.0,64.27
-1002205278,47.56,1,13.89,3,8,0.0,8.0,59.75
-1002205279,28.99,1,13.89,3,0,0.0,0.0,0.0
-1002205302,60.79,1,13.89,3,5,4.0,5.0,34.28
-1002205303#1,75.26,1,13.89,3,0,0.0,0.0,0.0
-1002205328,234.64,1,13.89,3,4,3.0,4.0,89.42
-1004718837,19.49,1,2.78,2,0,0.0,0.0,0.0
-1004836024,133.73,1,13.89,3,0,0.0,0.0,0.0
-1016508136#2,46.39,1,13.89,3,0,0.0,0.0,0.0
-1099004169,63.33,1,13.89,3,2,1.0,2.0,15.08
-1125773040,24.07,1,13.89,3,0,0.0,0.0,0.0
-1125773041,45.54,1,13.89,3,0,0.0,0.0,0.0
-1125773044,17.56,1,13.89,3,0,0.0,0.0,0.0
-1126339777#1,8.44,1,13.89,3,9,9.0,8.0,319.96
-1126339784,38.11,1,13.89,3,0,0.0,0.0,0.0
-1149179293,104.05,1,13.89,3,0,0.0,0.0,0.0
-117770531#4,41.67,1,13.89,3,0,0.0,0.0,0.0
-117770531#5,35.39,1,13.89,3,2,2.0,1.0,6.92
-117770531#7,47.49,1,13.89,3,3,3.0,3.0,14.74
-117770543#0,90.8,1,13.89,3,0,0.0,0.0,0.0
-117770543#1,72.91,1,13.89,3,0,0.0,0.0,0.0
-117770543#2,62.5,1,13.89,3,1,1.0,0.0,6.14
-117770551#0,74.45,1,13.89,3,16,16.0,16.0,517.04
-117770551#2,26.98,1,13.89,3,14,14.0,14.0,33.07
-117770551#3,5.38,1,13.89,3,14,14.0,14.0,10.92
-117770551#4,0.2,1,13.89,3,14,14.0,14.0,5.73
-117784411#0,110.24,1,13.89,3,9,9.0,8.0,9896.64
-117784411#1,93.21,1,13.89,3,0,0.0,0.0,0.0
-117784411#2,49.31,1,13.89,3,2,2.0,2.0,11.18
-117784415,91.12,1,13.89,3,2,0.0,2.0,22.95
-117784417#0,33.69,1,13.89,3,0,0.0,0.0,0.0
-117784417#2,5.94,1,13.89,3,29,12.0,28.0,49.51
-117784417#3,5.13,1,13.89,3,15,15.0,12.0,12.69
-117784417#4,60.76,1,13.89,3,15,15.0,15.0,84.12
-117784418#0,35.0,1,13.89,3,0,0.0,0.0,0.0
-117784418#1,33.2,1,13.89,3,0,0.0,0.0,0.0
-117784418#2,30.3,1,13.89,3,0,0.0,0.0,0.0
-117784418#3,30.67,1,13.89,3,9,1.0,9.0,52.33
-117784418#4,39.75,1,13.89,3,4,2.0,3.0,23.42
-117784419#0,94.03,1,13.89,3,2,2.0,2.0,20.81
-117784419#1,109.59,1,13.89,3,3,3.0,2.0,28.77
-117784421#0,37.98,1,13.89,3,1,1.0,1.0,4.86
-117784421#1,27.3,1,13.89,3,2,2.0,1.0,4.66
-117784421#2,31.14,1,13.89,3,2,2.0,2.0,5.26
-117784421#3,30.91,1,13.89,3,5,3.0,5.0,21.4
-117784421#4,39.25,1,13.89,3,3,3.0,3.0,13.17
-117914343#0,11.49,1,13.89,3,74,74.0,74.0,12265.49
-117914343#1,2.09,1,13.89,3,58,57.0,58.0,2841.17
-117914343#2,30.34,1,13.89,3,50,49.0,50.0,19024.52
-117914344#0,30.41,1,13.89,3,25,24.0,25.0,521.62
-117914344#1,50.96,1,13.89,3,8,8.0,8.0,34.9
-117914344#2,37.21,1,13.89,3,5,5.0,5.0,19.0
-117914345#0,36.44,1,13.89,3,12,6.0,10.0,1789.91
-117914345#1,130.17,1,13.89,3,4,4.0,4.0,44.35
-117914345#2,30.92,1,13.89,3,6,6.0,6.0,18.71
-117914345#3,49.98,1,13.89,3,18,16.0,18.0,92.75
-117914345#4,21.73,1,13.89,3,16,16.0,16.0,33.01
-117914348#0,68.27,1,13.89,3,3,3.0,2.0,18.79
-117914348#1,9.17,1,13.89,3,3,3.0,3.0,3.11
-117914348#3,33.95,1,13.89,3,3,3.0,3.0,12.11
-117914348#4,45.55,1,13.89,3,9,9.0,7.0,44.98
-117914351#0,22.41,1,13.89,3,0,0.0,0.0,0.0
-117914351#2,83.56,1,13.89,3,0,0.0,0.0,0.0
-117914352#0,30.05,1,13.89,3,2,2.0,2.0,8.25
-117914353#0,25.69,1,13.89,3,0,0.0,0.0,0.0
-117914353#1,16.78,1,13.89,3,0,0.0,0.0,0.0
-117914353#2,25.6,1,13.89,3,0,0.0,0.0,0.0
-117914354,91.17,1,13.89,3,41,36.0,20.0,5208.83
-117914840,70.09,1,13.89,3,1,1.0,0.0,5.14
-117914844,33.45,1,13.89,3,1,1.0,1.0,4.12
-117914847#0,61.01,1,13.89,3,2,2.0,2.0,14.39
-117914847#2,62.16,1,13.89,3,5,5.0,3.0,26.78
-117914848#1,79.56,1,13.89,3,0,0.0,0.0,0.0
-117914848#3,18.75,1,13.89,3,0,0.0,0.0,0.0
-117914848#4,14.67,1,13.89,3,2,2.0,0.0,3.33
-117914848#5,18.18,1,13.89,3,2,2.0,2.0,3.89
-117914848#6,6.55,1,13.89,3,2,2.0,2.0,2.08
-117914848#7,7.44,1,13.89,3,2,2.0,2.0,2.81
-1205679418#0,13.2,1,22.22,10,31,31.0,29.0,53.41
-1205679418#1,35.89,1,22.22,10,29,29.0,28.0,78.84
-1205679418#10,69.21,1,22.22,10,21,21.0,20.0,114.68
-1205679418#12,138.41,1,22.22,10,146,146.0,146.0,38351.51
-1205679418#14,37.65,1,22.22,10,34,31.0,33.0,747.19
-1205679418#2,25.67,1,22.22,10,21,21.0,21.0,38.33
-1205679418#3,24.06,1,22.22,10,23,23.0,21.0,43.15
-1205679418#4,30.99,1,22.22,10,39,39.0,39.0,127.14
-1205679418#5,27.78,1,22.22,10,39,19.0,39.0,130.87
-1205679418#7,46.38,1,22.22,10,20,20.0,20.0,54.88
-1274416500,51.16,1,13.89,3,0,0.0,0.0,0.0
-1283636934#0,89.91,1,13.89,3,0,0.0,0.0,0.0
-1291318446,39.43,1,8.33,3,41,40.0,41.0,258.84
-1339655670#2,83.26,3,27.78,11,6,6.0,0.0,20.59
-1380482780,17.96,1,13.89,3,0,0.0,0.0,0.0
-1380857657#0,32.49,1,13.89,3,2,2.0,1.0,8.22
-1380857657#1,4.35,1,13.89,3,2,1.0,2.0,2.9
-1380857658,7.06,1,13.89,3,0,0.0,0.0,0.0
-1381133418,57.01,1,13.89,3,0,0.0,0.0,0.0
-1384048167,10.06,1,13.89,3,6,6.0,2.0,10.33
-1424068313#0,69.34,2,27.78,12,134,133.0,134.0,437.82
-1424068313#5,176.43,2,27.78,12,141,125.0,140.0,1143.29
-1424068314#4,32.66,2,27.78,12,0,0.0,0.0,0.0
-1455497346,101.2,1,22.22,10,203,203.0,203.0,9327.53
-1455512067,14.21,2,27.78,12,22,22.0,22.0,25.99
-1455512069,7.61,2,27.78,12,614,614.0,595.0,10308.84
-1455512070,74.52,2,27.78,12,508,506.0,493.0,117573.03
-1455512074,11.24,2,27.78,12,39,39.0,39.0,104.1
-1455518726,15.38,1,27.78,11,171,171.0,171.0,2183.76
-1455518727#0,85.83,2,27.78,12,61,61.0,60.0,4992.18
-1455518727#2,67.33,2,27.78,12,58,58.0,58.0,292.97
-1455518728,23.2,2,27.78,12,95,95.0,95.0,230.41
-1455518729#0,86.91,1,27.78,11,168,168.0,168.0,7331.33
-1455518729#1,48.82,1,27.78,11,165,165.0,165.0,2885.5
-1455518729#2,21.11,1,27.78,11,183,183.0,183.0,921.85
-1455518729#4,26.24,1,27.78,11,181,159.0,181.0,979.88
-1455518729#5,11.58,1,27.78,11,159,157.0,158.0,204.87
-1455518729#6,27.99,1,27.78,11,158,158.0,158.0,248.56
-1455518729#7,18.19,1,27.78,11,158,158.0,158.0,208.41
-1455524945,5.01,2,27.78,12,40,40.0,40.0,22.31
-1455524946,27.35,2,27.78,12,42,42.0,40.0,68.27
-1455524947#0,51.46,1,13.89,3,18,17.0,18.0,118.99
-1455524947#1,90.3,1,13.89,3,17,17.0,17.0,149.55
-1455524947#2,16.99,1,13.89,3,28,28.0,17.0,75.72
-1455526421,19.73,2,27.78,12,30,14.0,29.0,84.17
-1455526422,27.54,2,27.78,12,11,11.0,11.0,14.83
-1455526423,102.08,2,27.78,12,29,29.0,29.0,161.92
-1455526425#1,61.06,2,27.78,12,13,13.0,11.0,54.07
-1455527229,22.33,2,27.78,12,6,0.0,6.0,25.18
-1456115794,79.2,1,13.89,3,1,1.0,0.0,6.84
-1456115802,50.2,1,13.89,3,0,0.0,0.0,0.0
-1456115806#0,12.58,1,13.89,3,13,13.0,13.0,77.85
-1456115806#2,21.03,1,13.89,3,13,13.0,13.0,25.31
-1499619438#0,0.22,4,27.78,12,310,310.0,310.0,163.51
-1506939325#7,45.38,1,27.78,11,1,1.0,0.0,2.76
-1506939325#9,10.87,1,27.78,11,14,12.0,14.0,27.12
-156570776,17.49,1,13.89,3,6,6.0,6.0,15.78
-170207585#0,64.21,1,13.89,3,5,5.0,4.0,36.59
-170207585#1,63.98,1,13.89,3,3,3.0,3.0,17.37
-170207585#2,31.46,1,13.89,3,4,4.0,4.0,19.87
-170207591#0,61.93,1,13.89,3,0,0.0,0.0,0.0
-170207591#1,43.29,1,13.89,3,11,11.0,8.0,58.59
-170403779,34.8,1,13.89,3,4,4.0,1.0,15.81
-170403787#0,16.59,1,13.89,3,4,3.0,4.0,11.65
-170403787#1,28.29,1,13.89,3,6,6.0,5.0,22.2
-170403791#3,129.15,1,13.89,3,0,0.0,0.0,0.0
-170403792,92.77,1,13.89,3,0,0.0,0.0,0.0
-170403804#3,131.0,1,13.89,3,3,0.0,3.0,45.97
-170403805,73.45,1,13.89,3,1,1.0,0.0,7.24
-170403810#3,143.38,1,13.89,3,0,0.0,0.0,0.0
-170403818#1,21.57,1,13.89,3,1,1.0,1.0,5.61
-170403818#2,30.72,1,13.89,3,0,0.0,0.0,0.0
-170403818#5,43.35,1,13.89,3,0,0.0,0.0,0.0
-170403831#4,193.09,1,13.89,3,0,0.0,0.0,0.0
-174870621#0,69.9,2,27.78,12,98,97.0,97.0,3577.52
-174870621#10,29.7,2,27.78,12,34,34.0,34.0,76.24
-174870621#2,70.41,2,27.78,12,98,98.0,97.0,526.31
-174870621#5,53.34,2,27.78,12,39,39.0,39.0,91.41
-174870621#7,44.37,2,27.78,12,39,39.0,39.0,80.97
-174870621#8,55.35,2,27.78,12,37,37.0,37.0,107.34
-176728949#1,173.0,1,13.89,3,4,0.0,4.0,88.09
-176728950#0,82.58,1,22.22,10,0,0.0,0.0,0.0
-176728950#2,40.86,1,22.22,10,1,0.0,1.0,6.51
-176728951#0,69.56,1,22.22,10,103,98.0,102.0,743.28
-176728951#1,27.4,1,22.22,10,96,86.0,96.0,276.7
-176728951#4,177.95,1,22.22,10,44,38.0,44.0,505.53
-176728952#0,46.93,1,13.89,3,20,14.0,20.0,476.04
-176728952#3,50.98,1,13.89,3,8,3.0,8.0,49.71
-176728952#6,135.74,1,13.89,3,4,2.0,4.0,57.72
-176728955#1,44.47,1,13.89,3,3,1.0,2.0,371.29
-176728955#2,59.56,1,13.89,3,33,32.0,33.0,12187.78
-176728955#4,95.72,1,13.89,3,26,23.0,26.0,217.5
-176728955#6,24.75,1,13.89,3,19,17.0,19.0,53.89
-176728955#7,42.85,1,13.89,3,17,13.0,17.0,84.97
-176728955#8,27.66,1,13.89,3,15,11.0,15.0,61.97
-180368918#0,48.45,2,27.78,12,87,87.0,87.0,209.45
-180368918#3,24.71,2,27.78,12,185,185.0,185.0,359.27
-180368918#5,19.65,2,27.78,12,196,196.0,190.0,1559.56
-180368918#6,20.62,2,27.78,12,199,199.0,196.0,258.36
-180368918#7,47.64,2,27.78,12,203,203.0,203.0,521.82
-180368918#8,17.45,2,27.78,12,204,204.0,203.0,308.37
-183272309#0,116.78,1,22.22,10,82,82.0,82.0,10576.57
-183272309#11,12.6,1,22.22,10,4,4.0,4.0,3.76
-183272309#13,71.68,1,22.22,10,4,4.0,4.0,26.1
-183272309#2,83.87,1,22.22,10,95,95.0,79.0,6714.79
-183272309#3,21.43,1,22.22,10,88,88.0,88.0,1001.41
-183272309#4,25.13,1,22.22,10,78,78.0,78.0,2523.57
-183272309#6,38.71,1,22.22,10,76,76.0,76.0,2583.12
-183272309#7,48.97,1,22.22,10,72,70.0,72.0,2185.42
-183272309#8,18.26,1,22.22,10,15,15.0,15.0,31.16
-183272309#9,26.89,1,22.22,10,6,6.0,6.0,13.02
-183272580#1,35.62,1,13.89,3,0,0.0,0.0,0.0
-183272613#2,91.33,1,13.89,3,2,1.0,1.0,18.13
-183272625#1,21.42,1,13.89,3,59,58.0,59.0,394.7
-183272625#3,24.52,1,13.89,3,40,29.0,40.0,1444.56
-198564928#10,28.12,1,27.78,11,260,260.0,260.0,736.88
-198564928#11,39.22,1,27.78,11,261,261.0,260.0,616.16
-198564928#12,18.62,1,27.78,11,257,257.0,256.0,284.96
-198564928#13,5.11,1,27.78,11,257,257.0,257.0,132.65
-198564928#14,43.55,1,27.78,11,222,220.0,220.0,486.68
-198564928#15,0.69,1,27.78,11,219,219.0,219.0,59.58
-198564928#16,32.67,1,27.78,11,218,188.0,218.0,452.32
-198564928#17,6.52,1,27.78,11,188,188.0,188.0,87.35
-198564928#18,25.0,1,27.78,11,188,188.0,188.0,233.13
-198564928#20,64.42,1,27.78,11,186,186.0,186.0,597.84
-198564928#21,39.1,1,27.78,11,187,187.0,187.0,594.29
-198564928#22,11.27,1,27.78,11,187,187.0,187.0,246.66
-198564928#23,11.68,1,27.78,11,169,168.0,169.0,1473.21
-198564928#24,27.37,1,27.78,11,168,168.0,168.0,3369.7
-198564928#25,0.2,1,27.78,11,169,169.0,169.0,79.26
-198564928#26,110.28,1,27.78,11,183,183.0,183.0,11196.84
-198564928#27,94.5,1,27.78,11,182,182.0,182.0,6667.08
-198564928#28,46.29,1,27.78,11,166,166.0,166.0,2090.8
-198564928#4,116.59,1,27.78,11,43,43.0,43.0,249.91
-198564928#5,48.86,1,27.78,11,124,124.0,124.0,496.08
-198564928#6,55.19,1,27.78,11,124,124.0,124.0,312.22
-198564928#7,60.18,1,27.78,11,126,126.0,126.0,361.44
-198564928#8,28.55,1,27.78,11,122,122.0,122.0,193.98
-198564930,81.67,1,16.67,12,83,83.0,83.0,966.89
-198564935#3,65.7,2,8.33,12,221,216.0,204.0,2257.82
-198691053#2,63.77,1,13.89,3,2,2.0,1.0,12.31
-198691055#0,1.21,1,13.89,3,8,8.0,6.0,6.95
-198691055#1,6.72,1,13.89,3,8,7.0,7.0,9.64
-198691059,9.3,1,13.89,3,4,1.0,3.0,9.59
-198691062#0,58.63,1,13.89,3,1,1.0,0.0,5.29
-198691062#1,65.4,1,13.89,3,0,0.0,0.0,0.0
-198691063#1,72.85,1,13.89,3,27,27.0,2.0,191.68
-198691066,61.21,1,13.89,3,12,12.0,12.0,76.22
-198691067#1,49.72,2,27.78,12,5,4.0,5.0,18.09
-198691067#2,56.56,2,27.78,12,299,299.0,299.0,7604.4
-198691068,55.78,1,13.89,3,6,6.0,4.0,34.75
-198691070#0,50.15,1,13.89,3,4,3.0,1.0,19.87
-198691070#1,14.83,1,13.89,3,13,13.0,9.0,25.31
-198691071#0,21.01,1,13.89,3,4,3.0,4.0,15.51
-198691071#1,65.62,1,13.89,3,5,2.0,3.0,39.85
-198691072#0,23.25,1,13.89,3,0,0.0,0.0,0.0
-198691072#1,25.19,1,13.89,3,0,0.0,0.0,0.0
-198691075#1,39.55,1,13.89,3,12,12.0,9.0,55.73
-198691076#0,63.71,1,13.89,3,11,8.0,7.0,74.79
-198691076#1,8.09,1,13.89,3,8,8.0,8.0,8.4
-198691076#2,57.84,1,13.89,3,12,11.0,12.0,77.57
-198691080#0,0.2,1,13.89,3,1,0.0,1.0,1.61
-198691080#1,18.37,1,13.89,3,0,0.0,0.0,0.0
-198691080#2,26.41,1,13.89,3,0,0.0,0.0,0.0
-198691081,63.44,1,13.89,3,0,0.0,0.0,0.0
-198691083,52.66,1,13.89,3,0,0.0,0.0,0.0
-198691084,45.73,1,13.89,3,1,0.0,1.0,6.78
-198691085#0,38.31,1,13.89,3,13,13.0,12.0,54.83
-198691085#1,58.3,1,13.89,3,12,8.0,12.0,71.82
-198691085#2,65.26,1,13.89,3,3,1.0,3.0,21.0
-198691085#3,41.48,1,13.89,3,2,2.0,2.0,9.73
-198691086#2,126.6,1,13.89,3,15,10.0,7.0,239.85
-198691086#3,69.63,1,13.89,3,7,7.0,6.0,48.25
-198691087#1,64.38,1,13.89,3,0,0.0,0.0,0.0
-198691088,47.59,1,13.89,3,5,4.0,5.0,32.91
-198691090,26.06,1,13.89,3,9,4.0,9.0,33.84
-198691091,59.44,1,13.89,3,4,0.0,4.0,35.25
-198691093,50.18,1,13.89,3,0,0.0,0.0,0.0
-203501044,20.07,1,13.89,4,0,0.0,0.0,0.0
-215843535#2,39.34,1,22.22,10,0,0.0,0.0,0.0
-215843535#5,86.92,1,22.22,10,1,0.0,1.0,9.34
-218662402#1,46.49,2,27.78,12,431,430.0,427.0,9182.08
-218684408#1,98.11,1,27.78,11,0,0.0,0.0,0.0
-218684408#2,27.3,1,27.78,11,0,0.0,0.0,0.0
-218684408#4,31.4,1,27.78,11,0,0.0,0.0,0.0
-218684408#5,65.54,1,27.78,11,0,0.0,0.0,0.0
-218684411#1,44.41,3,27.78,12,23,23.0,23.0,91.37
-218684411#2,12.31,3,27.78,12,8,4.0,8.0,20.88
-218684411#3,5.97,3,27.78,12,0,0.0,0.0,0.0
-218684411#4,31.25,3,27.78,12,0,0.0,0.0,0.0
-218773868#0,16.64,2,27.78,12,557,557.0,557.0,2589.58
-218773868#2,49.02,2,27.78,12,25,25.0,24.0,72.65
-218773868#3,23.46,2,27.78,12,24,24.0,24.0,26.69
-218773868#4,60.72,2,27.78,12,24,24.0,24.0,63.13
-218773868#5,48.88,2,27.78,12,24,24.0,24.0,58.46
-218773868#6,12.08,2,27.78,12,22,22.0,21.0,16.19
-218923171#1,16.35,4,27.78,12,62,62.0,62.0,96.02
-218923171#3,27.49,4,27.78,12,62,62.0,62.0,88.35
-218923171#4,71.74,4,27.78,12,63,63.0,63.0,231.93
-218923171#5,16.86,4,27.78,12,164,164.0,163.0,423.72
-218923177,154.31,1,27.78,11,13,10.0,13.0,368.11
-218960891#0,19.76,1,27.78,11,2,2.0,1.0,4.94
-218960891#1,102.51,1,27.78,11,1,1.0,1.0,8.26
-218960895#0,49.09,1,27.78,11,0,0.0,0.0,0.0
-223418965#1,59.08,1,22.22,10,0,0.0,0.0,0.0
-223418965#13,260.73,1,22.22,10,1,1.0,1.0,11.21
-223418965#14,41.59,1,22.22,10,1,1.0,1.0,2.1
-223418965#15,62.95,1,22.22,10,1,1.0,1.0,5.17
-223418965#17,234.03,1,22.22,10,0,0.0,0.0,0.0
-223418965#2,57.36,1,22.22,10,2,2.0,0.0,10.89
-223418965#4,60.43,1,22.22,10,30,30.0,30.0,194.59
-223418965#9,82.27,1,22.22,10,14,14.0,13.0,87.45
-228795463#1,80.33,1,13.89,3,8,7.0,3.0,82.09
-228795463#3,5.53,1,13.89,3,10,10.0,8.0,7.79
-228795463#4,52.53,1,13.89,3,10,10.0,10.0,48.84
-228795467#0,52.6,1,13.89,3,3,3.0,0.0,14.86
-228795467#2,96.59,1,13.89,3,0,0.0,0.0,0.0
-228795468#0,37.41,1,13.89,3,15,14.0,15.0,76.95
-228795468#1,34.76,1,13.89,3,21,20.0,16.0,87.04
-228795468#2,25.5,1,13.89,3,25,21.0,25.0,79.43
-228795468#3,35.79,1,13.89,3,23,20.0,23.0,105.67
-228795471,10.99,1,13.89,3,39,22.0,39.0,95.65
-228795474#0,73.6,1,13.89,3,0,0.0,0.0,0.0
-228795474#2,55.4,1,13.89,3,3,3.0,0.0,13.41
-228795477#1,100.76,1,13.89,3,3,3.0,3.0,927.89
-228795477#2,26.36,1,13.89,3,1,1.0,1.0,4.15
-228795477#3,25.98,1,13.89,3,4,0.0,4.0,20.58
-228795477#5,10.88,1,13.89,3,0,0.0,0.0,0.0
-228795477#6,29.78,1,13.89,3,0,0.0,0.0,0.0
-228795477#7,45.5,1,13.89,3,0,0.0,0.0,0.0
-228795477#8,30.27,1,13.89,3,3,3.0,3.0,12.63
-228795478#0,35.89,1,13.89,3,8,8.0,8.0,42.43
-228795478#1,44.44,1,13.89,3,8,4.0,8.0,44.16
-228795478#2,49.45,1,13.89,3,2,2.0,0.0,10.19
-228795480,76.94,1,13.89,3,2,0.0,2.0,19.05
-228795481#0,127.43,1,13.89,3,0,0.0,0.0,0.0
-228795481#1,39.13,1,13.89,3,0,0.0,0.0,0.0
-228795483,34.25,1,13.89,3,0,0.0,0.0,0.0
-228795484#0,45.68,1,13.89,3,9,9.0,8.0,48.02
-228795484#1,38.06,1,13.89,3,13,9.0,9.0,57.7
-228796091#0,12.97,1,13.89,3,0,0.0,0.0,0.0
-228796091#1,30.22,1,13.89,3,1,1.0,0.0,2.24
-228796091#4,102.89,1,13.89,3,3,1.0,3.0,31.89
-228797633#1,42.51,1,13.89,3,7,7.0,7.0,35.93
-228797635#1,94.83,1,13.89,3,12,10.0,9.0,146.22
-228797635#2,61.23,1,13.89,3,10,8.0,10.0,63.92
-228797638#1,68.66,1,13.89,3,0,0.0,0.0,0.0
-228950039,39.85,1,13.89,3,1,1.0,1.0,5.62
-228950040#2,45.39,1,13.89,3,9,9.0,9.0,42.22
-229028338#0,0.42,1,13.89,3,0,0.0,0.0,0.0
-229028344#1,37.39,1,13.89,3,0,0.0,0.0,0.0
-229028634#1,87.37,1,22.22,10,4,2.0,4.0,35.02
-233651273,65.24,1,13.89,3,198,198.0,191.0,1325.97
-233651275,71.59,1,13.89,3,0,0.0,0.0,0.0
-233651280#0,115.92,1,13.89,3,3,3.0,1.0,28.77
-233651280#1,54.69,1,13.89,3,7,6.0,6.0,49.24
-233651284#0,61.26,1,13.89,3,11,11.0,6.0,75.44
-233651284#1,78.77,1,13.89,3,3,2.0,3.0,24.76
-233651288#0,100.04,1,13.89,3,3,2.0,1.0,30.22
-233651289#1,105.03,1,13.89,3,0,0.0,0.0,0.0
-233651326#2,156.23,1,13.89,3,0,0.0,0.0,0.0
-233651326#3,103.96,1,13.89,3,1,1.0,0.0,8.67
-233651327#5,69.76,1,13.89,3,0,0.0,0.0,0.0
-233651328#2,137.75,1,13.89,3,0,0.0,0.0,0.0
-233651333#5,98.72,1,13.89,3,4,4.0,2.0,38.31
-233651338#2,241.88,1,13.89,3,0,0.0,0.0,0.0
-233652295#2,27.33,1,13.89,3,0,0.0,0.0,0.0
-238535895#0,66.7,1,13.89,3,0,0.0,0.0,0.0
-238535896#2,60.54,1,13.89,3,0,0.0,0.0,0.0
-238536650#0,32.41,1,13.89,3,7,7.0,5.0,27.36
-238536650#1,43.43,1,13.89,3,7,7.0,7.0,26.96
-238536650#2,71.46,1,13.89,3,6,2.0,6.0,48.56
-239357573#19,114.6,1,13.89,3,13,13.0,0.0,107.85
-239357573#21,71.83,1,13.89,3,35,35.0,30.0,213.42
-243542153#3,66.62,1,13.89,3,3,3.0,3.0,96.39
-243542153#5,49.11,1,13.89,3,2,2.0,2.0,8.76
-243542153#6,16.42,1,13.89,3,2,2.0,2.0,3.69
-243542154#0,71.51,1,13.89,3,17,15.0,12.0,577.96
-243542154#1,27.03,1,13.89,3,6,6.0,6.0,22.39
-243542154#2,24.69,1,13.89,3,6,6.0,6.0,13.58
-243542154#3,3.53,1,13.89,3,8,8.0,8.0,6.45
-243542154#5,6.62,1,13.89,3,10,8.0,10.0,12.36
-243542154#7,77.46,1,13.89,3,8,8.0,7.0,54.32
-243542154#8,16.98,1,13.89,3,1,1.0,1.0,2.8
-243542154#9,82.57,1,13.89,3,0,0.0,0.0,0.0
-243542155#0,52.1,1,13.89,3,2,2.0,2.0,11.14
-243542155#1,55.16,1,13.89,3,2,2.0,2.0,10.97
-243542156#1,92.73,1,13.89,3,5,5.0,5.0,50.34
-243542157,55.97,1,13.89,3,1,0.0,1.0,8.11
-244215399,88.61,1,13.89,3,0,0.0,0.0,0.0
-244217578#0,45.01,1,8.33,3,5,5.0,5.0,33.31
-244217578#1,66.9,1,8.33,3,11,11.0,11.0,111.8
-244217578#3,32.94,1,8.33,3,11,11.0,11.0,60.29
-244221646#1,74.45,1,13.89,3,5,5.0,5.0,48.72
-244221646#2,18.86,1,13.89,3,3,3.0,3.0,5.35
-244384770#11,33.4,3,27.78,12,61,61.0,0.0,83.49
-244384770#15,354.62,3,27.78,12,228,228.0,160.0,3443.13
-268782232#0,25.53,1,13.89,3,5,5.0,3.0,14.9
-268782232#1,27.69,1,13.89,3,5,2.0,5.0,21.8
-268782232#2,29.36,1,13.89,3,0,0.0,0.0,0.0
-268782233#0,29.52,1,8.33,3,3,3.0,3.0,14.71
-268782233#2,9.05,1,8.33,3,3,3.0,3.0,6.22
-268782233#3,8.58,1,8.33,3,7,7.0,4.0,13.29
-268782233#4,77.35,1,8.33,3,10,10.0,9.0,115.95
-268782234#0,33.9,1,8.33,3,0,0.0,0.0,0.0
-268782234#1,54.85,1,8.33,3,1,1.0,1.0,8.27
-268782329#0,25.0,1,8.33,3,5,5.0,4.0,26.71
-268782329#1,28.12,1,8.33,3,2,2.0,2.0,9.4
-268782331,25.26,1,8.33,3,5,2.0,3.0,21.85
-268782333#0,34.07,1,8.33,3,1,1.0,0.0,6.47
-268782333#1,31.77,1,8.33,3,5,4.0,5.0,27.26
-268782334#0,24.59,1,8.33,3,12,0.0,12.0,64.72
-268782334#1,28.59,1,8.33,3,6,6.0,3.0,27.8
-268783056#1,8.35,2,27.78,12,29,29.0,29.0,16.01
-270279684#0,8.34,1,13.89,3,1,1.0,0.0,1.04
-270279684#1,43.12,1,13.89,3,15,15.0,14.0,76.09
-270279686#0,47.61,1,13.89,3,4,0.0,4.0,30.45
-270279686#1,20.2,1,13.89,3,0,0.0,0.0,0.0
-272228144#0,33.11,1,13.89,3,2,2.0,2.0,8.16
-272228144#1,59.0,1,13.89,3,2,2.0,2.0,10.96
-272228144#2,40.63,1,13.89,3,1,1.0,0.0,4.47
-272228144#3,16.78,1,13.89,3,3,3.0,0.0,8.26
-272228338,28.15,1,13.89,3,1,1.0,0.0,3.27
-272228339#0,25.4,1,13.89,3,4,4.0,3.0,14.73
-272228339#1,17.44,1,13.89,3,9,9.0,8.0,26.49
-272228339#2,2.6,1,13.89,3,12,10.0,10.0,10.64
-272228339#3,7.32,1,13.89,3,10,10.0,10.0,15.31
-272228340,45.41,1,13.89,3,2,2.0,0.0,9.34
-272228440#2,36.53,1,13.89,3,0,0.0,0.0,0.0
-272228442,27.06,1,13.89,3,0,0.0,0.0,0.0
-272228567,22.08,1,13.89,3,0,0.0,0.0,0.0
-272228670#1,165.7,1,13.89,3,0,0.0,0.0,0.0
-272229587#1,55.99,1,13.89,3,18,18.0,18.0,107.32
-272229587#2,22.57,1,13.89,3,17,16.0,16.0,45.55
-272229587#3,12.19,1,13.89,3,7,7.0,7.0,11.39
-272229587#5,26.4,1,13.89,3,17,17.0,16.0,54.76
-272229587#7,25.43,1,13.89,3,26,26.0,26.0,97.68
-272229587#8,89.47,1,13.89,3,26,26.0,26.0,219.87
-272229587#9,18.53,1,13.89,3,18,18.0,18.0,52.67
-272229588#0,56.95,1,13.89,3,4,3.0,1.0,22.14
-272229588#1,16.29,1,13.89,3,5,5.0,3.0,11.2
-272229589,62.64,1,13.89,3,2,2.0,0.0,9.69
-272231354,43.91,1,13.89,3,9,8.0,9.0,48.22
-272231356,17.28,1,13.89,3,13,8.0,13.0,45.71
-272231357#1,56.94,1,13.89,3,17,2.0,17.0,137.69
-272231357#2,54.23,1,13.89,3,5,5.0,2.0,22.38
-272232099#1,58.82,1,13.89,3,0,0.0,0.0,0.0
-272263605#1,134.96,1,13.89,3,0,0.0,0.0,0.0
-272263605#2,50.52,1,13.89,3,1,1.0,0.0,4.15
-272263606,242.35,1,13.89,3,0,0.0,0.0,0.0
-273028084#11,78.13,1,13.89,3,3,3.0,3.0,25.9
-273028084#5,146.47,1,13.89,3,6,6.0,6.0,72.2
-273028084#8,91.04,1,13.89,3,4,4.0,4.0,32.14
-273028084#9,29.16,1,13.89,3,4,4.0,4.0,14.01
-273638833#5,13.29,1,13.89,3,2,2.0,0.0,2.42
-273638834#1,0.2,1,13.89,3,24,24.0,24.0,4764.29
-273638834#4,140.56,1,13.89,3,29,29.0,24.0,53847.77
-273638834#6,29.7,1,13.89,3,28,28.0,28.0,642.8
-273638834#9,48.26,1,13.89,3,26,26.0,26.0,118.46
-273639040#2,93.76,1,13.89,3,2,2.0,1.0,19.3
-273639055#1,28.66,1,13.89,3,1,1.0,1.0,4.38
-273639055#2,19.02,1,13.89,3,47,5.0,44.0,5125.26
-273639055#5,86.92,1,13.89,3,4,3.0,4.0,312.79
-273639055#6,25.04,1,13.89,3,16,16.0,16.0,59.69
-273639056#2,64.68,1,13.89,3,2,1.0,2.0,16.12
-273639456,48.6,1,13.89,3,0,0.0,0.0,0.0
-273639501#1,13.04,1,13.89,3,7,7.0,7.0,22.05
-273639501#2,25.59,1,13.89,3,8,8.0,8.0,23.61
-273639766,61.2,1,13.89,3,0,0.0,0.0,0.0
-273640070#3,159.52,1,13.89,3,5,5.0,5.0,70.04
-273640076#1,226.9,1,13.89,3,3,1.0,3.0,52.84
-273640078#1,65.2,1,13.89,3,1,1.0,1.0,70.1
-273640078#4,199.1,1,13.89,3,1,1.0,1.0,17.57
-273647554#1,52.49,1,13.89,3,5,5.0,2.0,25.61
-273647554#4,31.42,1,13.89,3,1,1.0,1.0,4.72
-273647556#1,57.39,1,13.89,3,0,0.0,0.0,0.0
-273647557,141.87,1,13.89,3,1,1.0,0.0,10.05
-273647638#0,29.2,1,13.89,3,0,0.0,0.0,0.0
-273647638#2,11.05,1,13.89,3,1,1.0,1.0,2.12
-273648116#1,23.73,1,13.89,3,0,0.0,0.0,0.0
-273896133#2,83.6,1,13.89,3,0,0.0,0.0,0.0
-273896156#0,64.78,1,13.89,3,0,0.0,0.0,0.0
-273896156#2,19.04,1,13.89,3,0,0.0,0.0,0.0
-277257944#1,37.15,1,13.89,3,2,2.0,2.0,9.89
-277257944#3,188.54,1,13.89,3,0,0.0,0.0,0.0
-301285277#1,84.57,1,13.89,3,2,2.0,0.0,14.56
-301285279#0,153.35,1,13.89,3,3,0.0,3.0,49.99
-301285279#2,90.75,1,13.89,3,0,0.0,0.0,0.0
-315658884#5,118.41,1,13.89,3,37,35.0,37.0,632.69
-315658896#1,46.17,1,13.89,3,6,6.0,6.0,191.26
-315658896#2,17.84,1,13.89,3,5,5.0,4.0,11.51
-315658896#5,70.36,1,13.89,3,3,3.0,2.0,21.01
-315658896#6,20.43,1,13.89,3,2,2.0,0.0,4.07
-315658896#7,7.65,1,13.89,3,0,0.0,0.0,0.0
-315658897#1,87.03,1,13.89,3,3,3.0,0.0,22.38
-315658897#2,69.87,1,13.89,3,14,14.0,14.0,115.26
-315658897#5,151.42,1,13.89,3,0,0.0,0.0,0.0
-315658899#1,175.54,1,13.89,3,1,0.0,1.0,30.96
-315658900#2,60.97,1,13.89,3,0,0.0,0.0,0.0
-315658900#3,13.39,1,13.89,3,0,0.0,0.0,0.0
-315658900#5,93.9,1,13.89,3,0,0.0,0.0,0.0
-315658900#8,225.7,1,13.89,3,0,0.0,0.0,0.0
-318747848#2,27.38,1,13.89,3,16,14.0,15.0,102.82
-318747848#7,197.55,1,13.89,3,22,22.0,22.0,349.35
-318747850#0,30.52,1,13.89,3,0,0.0,0.0,0.0
-318747850#1,96.06,1,13.89,3,0,0.0,0.0,0.0
-318747850#2,26.26,1,13.89,3,0,0.0,0.0,0.0
-318747850#3,37.48,1,13.89,3,0,0.0,0.0,0.0
-322977445,46.93,1,13.89,3,2,1.0,1.0,13.24
-322977650,13.69,1,13.89,3,0,0.0,0.0,0.0
-327035698#0,26.13,1,13.89,3,4,3.0,2.0,14.65
-327035698#1,36.39,1,13.89,3,4,4.0,2.0,12.91
-327035698#3,71.21,1,13.89,3,4,4.0,4.0,28.23
-327035699#1,39.31,1,13.89,3,0,0.0,0.0,0.0
-327035700#0,71.35,1,13.89,3,20,20.0,20.0,134.74
-327035700#1,33.34,1,13.89,3,29,28.0,29.0,100.31
-327035702#0,12.87,1,13.89,3,8,8.0,4.0,17.99
-327035702#1,21.31,1,13.89,3,9,9.0,8.0,23.49
-327035702#5,63.29,1,13.89,3,9,9.0,9.0,54.05
-327040896,58.87,1,13.89,3,0,0.0,0.0,0.0
-329612996,122.71,1,13.89,3,0,0.0,0.0,0.0
-329995227#0,30.36,1,13.89,3,3,1.0,3.0,14.49
-329995227#1,82.27,1,13.89,3,5,4.0,4.0,40.03
-329995227#2,45.42,1,13.89,3,7,4.0,7.0,42.53
-329995230#0,35.14,1,22.22,10,28,27.0,25.0,98.03
-329995230#1,28.49,1,22.22,10,20,18.0,19.0,54.94
-329995230#2,30.86,1,22.22,10,10,9.0,10.0,37.6
-329995231#0,36.71,1,13.89,3,4,0.0,4.0,27.98
-329995231#1,36.52,1,13.89,3,9,9.0,6.0,42.48
-333554714#1,45.99,2,27.78,12,4,0.0,4.0,25.42
-344645186,79.73,1,13.89,3,17,17.0,10.0,141.66
-344645187,77.24,1,13.89,3,10,6.0,9.0,94.53
-344663874,168.46,1,13.89,3,4,1.0,4.0,158.69
-344663901#3,161.43,1,13.89,3,0,0.0,0.0,0.0
-344663909#1,43.83,1,13.89,3,190,190.0,0.0,717.46
-344663909#5,73.38,1,13.89,3,2,2.0,2.0,16.2
-345046979#3,141.02,2,27.78,12,299,298.0,299.0,2871.78
-345046979#5,83.33,2,27.78,12,298,298.0,298.0,1457.29
-348626442,107.25,1,13.89,3,6,6.0,0.0,51.44
-348626444#0,17.95,1,13.89,3,3,0.0,3.0,596.16
-348626444#2,27.45,1,13.89,3,1,0.0,1.0,5.37
-348626444#3,25.93,1,13.89,3,0,0.0,0.0,0.0
-348648522,91.63,1,13.89,4,0,0.0,0.0,0.0
-348659730,143.31,1,13.89,4,5,5.0,5.0,64.99
-351672095#1,118.05,1,13.89,3,2,0.0,2.0,26.66
-351672100#2,108.44,1,13.89,3,7,4.0,3.0,73.45
-351672100#4,48.77,1,13.89,3,20,17.0,14.0,103.59
-37399598#1,46.96,1,27.78,11,23,7.0,23.0,124.78
-37399598#2,50.43,1,27.78,11,7,6.0,7.0,35.09
-37399598#3,21.52,1,27.78,11,0,0.0,0.0,0.0
-37399924#1,28.19,1,27.78,11,11,11.0,11.0,71.73
-37399924#11,46.92,1,27.78,11,3,2.0,3.0,15.53
-37399924#2,75.1,1,27.78,11,11,11.0,11.0,45.41
-37399924#4,60.45,1,27.78,11,9,7.0,9.0,32.84
-37399924#5,25.23,1,27.78,11,7,7.0,7.0,9.43
-37399924#7,114.26,1,27.78,11,6,6.0,6.0,27.83
-37399924#8,78.23,1,27.78,11,6,6.0,6.0,28.26
-37399924#9,57.88,1,27.78,11,3,3.0,3.0,9.45
-37402180#2,13.66,1,27.78,11,0,0.0,0.0,0.0
-37403486#2,40.44,2,27.78,11,46,44.0,43.0,164.51
-37403487#1,11.5,3,27.78,12,49,49.0,49.0,67.13
-375125209,53.78,1,13.89,3,45,38.0,45.0,226.17
-37928420#2,63.06,2,27.78,12,283,283.0,277.0,9275.14
-381226320,11.38,1,13.89,3,4,4.0,4.0,8.74
-381226321,12.52,1,13.89,3,0,0.0,0.0,0.0
-381226322#1,57.44,1,13.89,3,2,2.0,2.0,13.42
-381226322#3,35.49,1,13.89,3,1,1.0,1.0,3.94
-381226322#4,63.99,1,13.89,3,1,1.0,1.0,7.07
-381226323,33.97,1,13.89,3,1,1.0,0.0,3.84
-381226325,39.79,1,13.89,3,4,4.0,2.0,17.87
-381230507#0,74.78,1,13.89,3,5,3.0,5.0,46.71
-381230507#4,61.05,1,13.89,3,2,2.0,2.0,10.09
-381447817#0,71.02,1,13.89,3,3,3.0,0.0,18.21
-381447817#1,109.45,1,13.89,3,13,0.0,13.0,164.65
-381447818,83.19,1,13.89,3,0,0.0,0.0,0.0
-381447820,29.9,1,13.89,3,0,0.0,0.0,0.0
-381447822,31.96,1,13.89,3,1,1.0,0.0,3.03
-381447823#1,104.0,1,13.89,3,2,2.0,2.0,86.68
-381447824,48.55,1,13.89,3,0,0.0,0.0,0.0
-381447826,46.47,1,13.89,3,0,0.0,0.0,0.0
-381447829#0,111.49,1,13.89,3,4,2.0,2.0,114.99
-381447831#0,37.85,1,13.89,3,0,0.0,0.0,0.0
-381447831#1,17.86,1,13.89,3,0,0.0,0.0,0.0
-381447832,76.37,1,13.89,3,16,16.0,16.0,160.96
-381447833#0,52.07,1,13.89,3,0,0.0,0.0,0.0
-381447833#1,97.44,1,13.89,3,4,4.0,4.0,29.16
-381447834#0,48.58,1,13.89,3,0,0.0,0.0,0.0
-381447834#1,13.67,1,13.89,3,0,0.0,0.0,0.0
-381447836#0,13.59,1,13.89,3,2,0.0,2.0,6.31
-381447836#2,15.33,1,13.89,3,4,4.0,1.0,6.88
-381447836#3,39.36,1,13.89,3,4,4.0,4.0,15.75
-381452097#1,81.84,1,13.89,3,7,7.0,7.0,391.65
-381452097#2,25.83,1,13.89,3,0,0.0,0.0,0.0
-381452097#3,35.08,1,13.89,3,0,0.0,0.0,0.0
-381452098#0,146.89,1,13.89,3,6,0.0,6.0,91.78
-381452099,101.73,1,13.89,3,0,0.0,0.0,0.0
-381452101#0,37.42,1,13.89,3,16,13.0,12.0,73.29
-381452101#1,61.28,1,13.89,3,14,14.0,9.0,71.83
-381452101#2,11.2,1,13.89,3,14,14.0,12.0,30.6
-381452101#3,6.4,1,13.89,3,17,15.0,17.0,28.47
-381452103#0,99.48,1,13.89,3,96,86.0,96.0,13487.03
-381452103#2,145.52,1,13.89,3,58,49.0,54.0,11844.66
-381452104#0,81.18,1,13.89,3,16,14.0,16.0,15658.08
-381452104#1,13.79,1,13.89,3,13,13.0,13.0,141.49
-381452104#2,205.97,1,13.89,3,10,10.0,8.0,167.63
-381452106#0,48.23,1,13.89,3,2,2.0,1.0,10.3
-381452106#1,0.2,1,13.89,3,2,1.0,2.0,2.24
-381452106#3,0.21,1,13.89,3,5,5.0,5.0,3.78
-381452106#4,37.0,1,13.89,3,5,5.0,5.0,15.81
-381452106#6,94.13,1,13.89,3,9,9.0,8.0,72.42
-381452108#0,25.19,1,13.89,3,7,6.0,7.0,4529.58
-381452108#1,108.54,1,13.89,3,4,4.0,4.0,774.08
-381452108#3,79.17,1,13.89,3,3,3.0,3.0,18.58
-381452108#4,2.69,1,13.89,3,6,6.0,3.0,3.37
-381452108#5,38.14,1,13.89,3,6,6.0,6.0,25.25
-381452110,15.21,1,13.89,3,1,1.0,0.0,2.37
-381452111,33.3,1,13.89,3,0,0.0,0.0,0.0
-381452112,15.11,1,13.89,3,0,0.0,0.0,0.0
-381452116,53.1,1,13.89,3,0,0.0,0.0,0.0
-381452117,10.67,1,13.89,3,1,0.0,1.0,2.84
-381452120#0,33.74,1,13.89,3,12,6.0,12.0,1414.54
-381452120#1,33.64,1,13.89,3,11,7.0,8.0,49.26
-381452120#2,62.88,1,13.89,3,19,11.0,19.0,136.59
-381452120#3,64.54,1,13.89,3,8,7.0,8.0,48.13
-381452120#5,31.43,1,13.89,3,5,5.0,5.0,16.0
-381452120#6,59.61,1,13.89,3,6,6.0,6.0,31.89
-381452122#3,45.91,1,13.89,3,15,13.0,15.0,316.34
-381452128,58.66,1,13.89,3,10,0.0,10.0,89.3
-381452129,14.46,1,13.89,3,0,0.0,0.0,0.0
-381452130,74.88,1,13.89,3,5,5.0,0.0,38.3
-381452132,53.82,1,13.89,3,4,4.0,3.0,324.44
-381452133,33.74,1,13.89,3,0,0.0,0.0,0.0
-381452134,101.56,1,13.89,3,2,0.0,2.0,22.37
-381452136,48.4,1,13.89,3,0,0.0,0.0,0.0
-381452137,22.52,1,13.89,3,1,0.0,1.0,5.25
-381452138#0,16.75,1,13.89,3,1,1.0,0.0,2.71
-381452138#1,29.96,1,13.89,3,5,5.0,5.0,21.72
-381452140#0,21.75,1,13.89,3,4,4.0,4.0,15.39
-381452140#1,68.09,1,13.89,3,1,1.0,1.0,14.98
-381452141,56.69,1,13.89,3,4,3.0,1.0,23.06
-381452143#0,8.24,1,13.89,3,3,3.0,3.0,6.51
-381452143#1,42.15,1,13.89,3,1,1.0,0.0,5.44
-381452147,37.62,1,13.89,3,0,0.0,0.0,0.0
-381452149#0,2.4,1,13.89,3,2,0.0,2.0,3.21
-381452151,109.8,1,13.89,3,0,0.0,0.0,0.0
-381452152,79.06,1,13.89,3,0,0.0,0.0,0.0
-381452153,63.38,1,13.89,3,2,2.0,1.0,11.5
-381452155,52.17,1,13.89,3,1,1.0,1.0,6.22
-381452156#0,26.66,1,13.89,3,5,5.0,5.0,19.03
-381452156#2,104.49,1,13.89,3,6,6.0,5.0,53.82
-381452158,62.42,1,13.89,3,0,0.0,0.0,0.0
-381452159,52.76,1,13.89,3,1,0.0,1.0,8.24
-381452160#0,46.8,1,13.89,3,2,2.0,2.0,13.48
-381452160#1,37.97,1,13.89,3,0,0.0,0.0,0.0
-381452160#2,13.47,1,13.89,3,6,6.0,5.0,13.25
-381452162,92.22,1,13.89,3,2,1.0,2.0,20.23
-381452163#0,12.77,1,13.89,3,7,7.0,7.0,18.1
-381452163#1,9.91,1,13.89,3,7,2.0,7.0,17.23
-381452163#2,24.13,1,13.89,3,4,4.0,2.0,10.17
-381452163#3,17.28,1,13.89,3,2,2.0,2.0,3.56
-381452163#4,16.71,1,13.89,3,2,1.0,2.0,5.46
-381452163#5,18.68,1,13.89,3,3,2.0,1.0,9.62
-381452166#0,49.22,1,13.89,3,4,4.0,0.0,21.12
-381452166#1,55.23,1,13.89,3,34,34.0,34.0,810.9
-381452166#3,32.15,1,13.89,3,0,0.0,0.0,0.0
-381452167,33.4,1,13.89,3,7,5.0,7.0,38.0
-381452169,67.17,1,13.89,3,0,0.0,0.0,0.0
-381452170#0,30.68,1,13.89,3,20,14.0,11.0,527.53
-381452170#1,20.84,1,13.89,3,30,28.0,27.0,96.09
-381452172,89.54,1,13.89,3,0,0.0,0.0,0.0
-381452174#0,67.93,1,13.89,3,1,1.0,1.0,8.83
-381452174#1,82.62,1,13.89,3,0,0.0,0.0,0.0
-381452175#0,7.93,1,13.89,3,14,14.0,14.0,1784.33
-381452175#1,20.01,1,13.89,3,20,20.0,19.0,2174.22
-381452175#2,22.41,1,13.89,3,23,11.0,23.0,1084.66
-381452175#3,35.53,1,13.89,3,12,12.0,12.0,38.64
-381452176#0,41.61,1,13.89,3,5,5.0,4.0,24.06
-381452176#1,50.44,1,13.89,3,5,5.0,5.0,27.12
-381452178#0,48.99,1,13.89,3,29,22.0,29.0,137.52
-381452178#1,23.46,1,13.89,3,23,16.0,22.0,80.14
-381452179#0,22.0,1,13.89,3,17,17.0,17.0,65.7
-381452179#1,8.28,1,13.89,3,8,7.0,8.0,14.98
-381452179#3,30.77,1,13.89,3,13,13.0,13.0,48.55
-381452180#0,0.77,1,13.89,3,0,0.0,0.0,0.0
-381452180#2,16.98,1,13.89,3,0,0.0,0.0,0.0
-381452180#4,78.07,1,13.89,3,3,3.0,1.0,20.74
-381452182#0,100.07,1,13.89,3,13,5.0,13.0,3553.23
-381452182#1,43.13,1,13.89,3,5,0.0,5.0,224.52
-381452186#0,24.29,1,13.89,3,0,0.0,0.0,0.0
-381452186#2,69.04,1,13.89,3,3,3.0,0.0,17.36
-381453320#0,31.01,1,13.89,3,2,2.0,2.0,38.38
-381453320#1,104.25,1,13.89,3,2,2.0,0.0,16.98
-381453320#2,17.76,1,13.89,3,2,2.0,2.0,5.56
-381453320#3,18.64,1,13.89,3,2,2.0,2.0,5.54
-381453321#1,20.86,1,13.89,3,2,2.0,2.0,7.94
-381453321#2,16.37,1,13.89,3,3,1.0,2.0,7.86
-381453321#4,13.85,1,13.89,3,2,2.0,1.0,4.21
-381453321#5,87.26,1,13.89,3,0,0.0,0.0,0.0
-381453322,28.45,1,13.89,3,0,0.0,0.0,0.0
-381453323,35.48,1,13.89,3,0,0.0,0.0,0.0
-381453324,22.38,1,13.89,3,1,1.0,0.0,3.21
-381453325#1,34.68,1,13.89,3,1,1.0,1.0,3.93
-381453326#0,43.65,1,13.89,3,2,2.0,2.0,11.17
-381453326#2,25.28,1,13.89,3,8,8.0,8.0,27.5
-381453326#3,37.73,1,13.89,3,8,8.0,8.0,34.9
-381453327,93.28,1,13.89,3,0,0.0,0.0,0.0
-381453328#0,22.05,1,13.89,3,2,2.0,2.0,36.14
-381453328#1,22.24,1,13.89,3,5,5.0,4.0,16.25
-381453328#2,27.68,1,13.89,3,5,5.0,5.0,15.0
-381453328#3,37.19,1,13.89,3,4,4.0,4.0,17.42
-381453329,109.5,1,13.89,3,3,3.0,0.0,28.9
-381453331,94.63,1,13.89,3,3,2.0,1.0,30.51
-381453798,67.82,1,13.89,3,0,0.0,0.0,0.0
-381453800,80.62,1,13.89,3,0,0.0,0.0,0.0
-381456417#0,10.9,1,13.89,3,3,3.0,3.0,15.83
-381456417#1,60.2,1,13.89,3,3,3.0,3.0,18.74
-381456417#2,38.4,1,13.89,3,0,0.0,0.0,0.0
-381456418#0,0.2,1,13.89,3,2,2.0,2.0,2.1
-381456418#1,36.76,1,13.89,3,5,5.0,4.0,18.97
-381456418#2,9.98,1,13.89,3,6,6.0,6.0,8.05
-381456418#4,49.34,1,13.89,3,6,6.0,6.0,26.17
-381456418#6,22.29,1,13.89,3,8,8.0,7.0,25.02
-381456419#0,10.75,1,13.89,3,0,0.0,0.0,0.0
-381456419#1,46.4,1,13.89,3,0,0.0,0.0,0.0
-381456420#0,21.19,1,13.89,3,6,6.0,5.0,862.81
-381456420#2,19.68,1,13.89,3,5,5.0,5.0,9.67
-381456420#4,18.24,1,13.89,3,5,5.0,5.0,10.82
-381456420#5,7.07,1,13.89,3,3,3.0,3.0,4.52
-381456420#6,38.67,1,13.89,3,1,1.0,1.0,5.21
-381456420#7,18.93,1,13.89,3,1,1.0,1.0,2.84
-381456422#1,53.57,1,13.89,3,2,2.0,2.0,76.57
-381456422#3,26.82,1,13.89,3,0,0.0,0.0,0.0
-381456422#4,2.94,1,13.89,3,1,1.0,0.0,0.64
-381456422#6,30.28,1,13.89,3,2,2.0,0.0,7.01
-381456422#7,4.73,1,13.89,3,0,0.0,0.0,0.0
-381456424#0,25.75,1,13.89,3,1,1.0,1.0,9.04
-381456424#1,3.85,1,13.89,3,0,0.0,0.0,0.0
-381456424#2,16.27,1,13.89,3,6,6.0,5.0,9.17
-381456424#3,12.52,1,13.89,3,6,6.0,6.0,7.62
-381456424#5,13.59,1,13.89,3,7,7.0,6.0,9.64
-381456424#6,10.12,1,13.89,3,10,9.0,8.0,14.5
-381456424#8,36.79,1,13.89,3,11,11.0,9.0,50.99
-381456429,20.3,1,13.89,3,0,0.0,0.0,0.0
-381456432,64.05,1,13.89,3,0,0.0,0.0,0.0
-381456433,28.8,1,13.89,3,2,0.0,2.0,10.69
-381456440#1,20.43,1,13.89,3,0,0.0,0.0,0.0
-381456441,57.98,1,13.89,3,0,0.0,0.0,0.0
-381456443,49.27,1,13.89,3,0,0.0,0.0,0.0
-381456444,30.15,1,13.89,3,0,0.0,0.0,0.0
-381456445,27.03,1,13.89,3,1,1.0,1.0,4.65
-381456446#0,23.2,1,13.89,3,1,1.0,0.0,2.4
-381456446#1,21.83,1,13.89,3,3,2.0,2.0,11.02
-381456447,49.89,1,13.89,3,0,0.0,0.0,0.0
-381456448,53.82,1,13.89,3,0,0.0,0.0,0.0
-381456449,28.65,1,13.89,3,5,4.0,1.0,18.54
-381456451,58.34,1,13.89,3,1,1.0,1.0,7.3
-381456452#2,47.88,1,13.89,3,1,1.0,0.0,5.15
-381456453#0,43.01,1,13.89,3,0,0.0,0.0,0.0
-381456453#1,18.05,1,13.89,3,0,0.0,0.0,0.0
-381456455#0,0.2,1,13.89,3,4,4.0,4.0,2.86
-381456455#1,19.62,1,13.89,3,6,6.0,6.0,18.91
-381456456,54.62,1,13.89,3,2,0.0,2.0,16.05
-381456457#1,40.98,1,13.89,3,0,0.0,0.0,0.0
-381456457#2,50.98,1,13.89,3,0,0.0,0.0,0.0
-381456458,39.97,1,13.89,3,5,0.0,5.0,34.22
-381456459,40.91,1,13.89,3,0,0.0,0.0,0.0
-381456460,36.4,1,13.89,3,1,1.0,1.0,4.93
-381456461,56.76,1,13.89,3,0,0.0,0.0,0.0
-381456462#0,23.03,1,13.89,3,4,1.0,4.0,17.86
-381456462#1,16.88,1,13.89,3,1,1.0,1.0,2.6
-381456462#3,50.76,1,13.89,3,1,1.0,0.0,5.1
-381456463#0,15.58,1,13.89,3,0,0.0,0.0,0.0
-381456463#2,44.14,1,13.89,3,1,1.0,0.0,2.94
-381456464#1,69.13,1,13.89,3,0,0.0,0.0,0.0
-381456465,52.13,1,13.89,3,3,3.0,3.0,323.59
-381456466#0,23.67,1,13.89,3,0,0.0,0.0,0.0
-381456466#1,5.18,1,13.89,3,1,1.0,0.0,1.27
-381456466#2,23.52,1,13.89,3,2,2.0,0.0,7.33
-381456468#0,10.33,1,13.89,3,0,0.0,0.0,0.0
-381456468#1,20.44,1,13.89,3,0,0.0,0.0,0.0
-381456469#0,6.42,1,13.89,3,1,1.0,1.0,1.92
-381456469#1,16.1,1,13.89,3,1,1.0,1.0,1.7
-381456469#2,26.64,1,13.89,3,1,1.0,1.0,4.0
-381458589#0,27.6,1,13.89,3,9,9.0,0.0,24.27
-381458589#1,0.2,1,13.89,3,5,0.0,5.0,15.16
-381802843#0,54.74,1,13.89,3,0,0.0,0.0,0.0
-381802843#1,76.34,1,13.89,3,0,0.0,0.0,0.0
-381802844#0,5.22,1,13.89,3,3,3.0,3.0,4.86
-381802844#1,9.81,1,13.89,3,0,0.0,0.0,0.0
-381802844#2,0.2,1,13.89,3,0,0.0,0.0,0.0
-381802844#3,0.2,1,13.89,3,0,0.0,0.0,0.0
-381802844#5,9.23,1,13.89,3,0,0.0,0.0,0.0
-381802844#6,2.47,1,13.89,3,0,0.0,0.0,0.0
-381802844#7,4.71,1,13.89,3,0,0.0,0.0,0.0
-381802844#8,14.29,1,13.89,3,4,0.0,4.0,13.87
-381802845#1,45.19,1,13.89,3,1,1.0,0.0,5.07
-381802845#2,33.66,1,13.89,3,1,1.0,0.0,3.68
-381802845#3,40.13,1,13.89,3,0,0.0,0.0,0.0
-381802847#0,151.13,1,13.89,3,3,3.0,3.0,142.97
-381802847#1,36.72,1,13.89,3,4,4.0,3.0,16.36
-381802847#2,89.35,1,13.89,3,0,0.0,0.0,0.0
-381802847#3,26.59,1,13.89,3,0,0.0,0.0,0.0
-381802847#4,19.86,1,13.89,3,1,1.0,0.0,1.77
-381802847#6,27.33,1,13.89,3,1,1.0,1.0,3.64
-381802848#0,13.44,1,13.89,3,0,0.0,0.0,0.0
-381802848#1,33.47,1,13.89,3,1,1.0,0.0,3.68
-381802848#2,33.18,1,13.89,3,0,0.0,0.0,0.0
-381802853,15.01,1,13.89,3,1,1.0,0.0,2.33
-381802858,16.07,1,13.89,3,1,1.0,1.0,2.54
-381802860#0,46.31,1,13.89,3,0,0.0,0.0,0.0
-381802860#1,67.37,1,13.89,3,1,1.0,1.0,8.21
-381802860#2,86.53,1,13.89,3,3,3.0,1.0,24.92
-381802863,70.27,1,13.89,3,4,4.0,0.0,25.18
-381802870#0,39.9,1,13.89,3,0,0.0,0.0,0.0
-381802870#1,33.77,1,13.89,3,3,3.0,2.0,11.67
-381802874#0,33.39,1,13.89,3,0,0.0,0.0,0.0
-381802874#1,34.15,1,13.89,3,0,0.0,0.0,0.0
-381802876#0,29.22,1,13.89,3,0,0.0,0.0,0.0
-381802876#1,72.21,1,13.89,3,0,0.0,0.0,0.0
-381802879#0,69.08,1,13.89,3,0,0.0,0.0,0.0
-381802879#1,66.94,1,13.89,3,4,4.0,2.0,28.13
-381802879#3,59.34,1,13.89,3,16,4.0,16.0,142.63
-381802881#0,47.71,1,13.89,3,0,0.0,0.0,0.0
-381802881#2,60.4,1,13.89,3,5,5.0,5.0,35.94
-381802882,69.11,1,13.89,3,1,1.0,1.0,6.9
-381802883#0,70.24,1,13.89,3,2,0.0,2.0,20.57
-381802883#1,66.5,1,13.89,3,0,0.0,0.0,0.0
-381802883#3,51.95,1,13.89,3,3,3.0,0.0,13.55
-381802884#0,16.08,1,13.89,3,16,15.0,16.0,45.28
-381802884#1,34.94,1,13.89,3,15,0.0,15.0,94.76
-381802888,71.5,1,13.89,3,4,4.0,1.0,27.07
-381807690#1,81.55,1,13.89,3,3,3.0,3.0,27.0
-381807690#2,49.5,1,13.89,3,0,0.0,0.0,0.0
-381807690#3,67.59,1,13.89,3,2,1.0,1.0,16.77
-381807694#1,43.07,1,13.89,3,2,2.0,1.0,9.99
-381807698#3,145.75,1,13.89,3,0,0.0,0.0,0.0
-381807721#0,109.34,1,13.89,3,1,1.0,1.0,8.9
-381807721#2,98.17,1,13.89,3,2,2.0,2.0,18.05
-381807721#3,25.0,1,13.89,3,1,1.0,1.0,2.77
-381809843#0,51.79,1,13.89,3,0,0.0,0.0,0.0
-381809843#1,113.99,1,13.89,3,0,0.0,0.0,0.0
-381809844#1,96.1,1,13.89,3,0,0.0,0.0,0.0
-381809845,102.9,1,13.89,3,15,14.0,1.0,132.56
-381809847,63.77,1,13.89,3,2,1.0,1.0,15.06
-381809849#0,59.59,1,13.89,3,1,1.0,0.0,4.14
-381809849#4,41.15,1,13.89,3,3,3.0,3.0,15.95
-381809850#2,97.01,1,13.89,3,0,0.0,0.0,0.0
-383097714,18.36,5,27.78,12,310,310.0,307.0,11818.13
-383097722#0,28.11,4,27.78,12,528,527.0,528.0,39272.86
-384030398#1,93.12,1,13.89,3,10,8.0,7.0,95.94
-384030401#1,73.26,1,13.89,3,13,13.0,0.0,76.63
-384030401#2,90.06,1,13.89,3,20,20.0,18.0,153.02
-395564622#0,15.0,1,13.89,3,30,30.0,30.0,359.37
-395564622#1,24.51,1,13.89,3,15,15.0,15.0,561.46
-395564622#2,39.13,1,13.89,3,19,17.0,18.0,87.84
-420086350,121.81,1,13.89,3,0,0.0,0.0,0.0
-420089386#1,46.36,1,13.89,3,1,1.0,1.0,5.37
-420089386#2,33.25,1,13.89,3,0,0.0,0.0,0.0
-420089386#3,41.43,1,13.89,3,0,0.0,0.0,0.0
-420092888#0,76.38,1,13.89,3,0,0.0,0.0,0.0
-420092888#1,81.34,1,13.89,3,0,0.0,0.0,0.0
-420092889#1,46.95,1,13.89,3,0,0.0,0.0,0.0
-420092889#2,21.28,1,13.89,3,0,0.0,0.0,0.0
-420092889#3,24.02,1,13.89,3,0,0.0,0.0,0.0
-420092889#4,24.87,1,13.89,3,0,0.0,0.0,0.0
-420097204#3,46.33,1,13.89,3,0,0.0,0.0,0.0
-420187959#0,12.38,1,13.89,3,239,225.0,239.0,1205.92
-420187959#11,25.28,1,13.89,3,18,18.0,18.0,52.71
-420187959#12,85.88,1,13.89,3,3,2.0,3.0,22.82
-420187959#2,21.39,1,13.89,3,129,125.0,129.0,1050.83
-420187959#3,39.54,1,13.89,3,114,103.0,114.0,2070.12
-420187959#4,31.19,1,13.89,3,46,41.0,45.0,1541.17
-420187959#5,12.4,1,13.89,3,26,26.0,23.0,41.47
-420187959#7,69.9,1,13.89,3,23,23.0,23.0,135.05
-420187959#8,15.92,1,13.89,3,24,24.0,24.0,44.95
-420317538#1,142.28,1,13.89,3,0,0.0,0.0,0.0
-420317538#2,132.87,1,13.89,3,8,8.0,8.0,276.98
-420317540,132.6,1,13.89,3,5,0.0,5.0,70.73
-420317541#0,25.76,1,13.89,3,5,3.0,5.0,45.87
-420317541#1,26.36,1,13.89,3,3,0.0,3.0,13.94
-420317543#0,39.26,1,13.89,3,3,3.0,1.0,13.02
-420317543#1,43.26,1,13.89,3,5,2.0,5.0,37.98
-420317544#1,86.61,1,13.89,3,0,0.0,0.0,0.0
-420317544#3,156.14,1,13.89,3,30,30.0,22.0,416.5
-420319840#0,29.74,1,13.89,3,3,2.0,1.0,11.48
-420319840#1,2.13,1,13.89,3,2,2.0,2.0,2.14
-420319841#1,35.25,1,13.89,3,28,28.0,28.0,3798.8
-420319841#10,60.46,1,13.89,3,0,0.0,0.0,0.0
-420319841#2,27.09,1,13.89,3,28,28.0,28.0,876.07
-420319841#3,17.43,1,13.89,3,27,27.0,27.0,45.33
-420319841#4,15.87,1,13.89,3,29,29.0,27.0,46.1
-420319841#5,20.1,1,13.89,3,28,28.0,28.0,54.14
-420319841#6,24.76,1,13.89,3,26,26.0,26.0,77.36
-420319841#7,23.89,1,13.89,3,0,0.0,0.0,0.0
-420319841#8,20.34,1,13.89,3,2,0.0,2.0,8.67
-420319844,58.74,1,13.89,3,0,0.0,0.0,0.0
-420319845,129.32,1,13.89,3,8,8.0,8.0,4060.44
-420319846,14.88,1,13.89,3,7,7.0,6.0,12.29
-420319847,62.48,1,13.89,3,1,1.0,0.0,5.8
-420319848#0,16.98,1,13.89,3,53,49.0,53.0,9701.02
-420319848#1,45.75,1,13.89,3,50,50.0,49.0,28132.33
-420319848#2,27.48,1,13.89,3,47,47.0,47.0,15045.88
-420319848#3,16.76,1,13.89,3,46,46.0,46.0,6677.39
-420319848#4,18.02,1,13.89,3,46,46.0,46.0,5983.83
-420319848#5,15.51,1,13.89,3,48,42.0,48.0,4307.67
-420319848#7,31.02,1,13.89,3,43,43.0,43.0,7222.99
-420331801#0,82.24,1,8.33,3,0,0.0,0.0,0.0
-420331801#2,95.27,1,8.33,3,1,1.0,0.0,12.3
-420331802#0,67.5,1,13.89,3,0,0.0,0.0,0.0
-420331802#1,67.5,1,13.89,3,0,0.0,0.0,0.0
-420331802#3,66.18,1,13.89,3,2,2.0,2.0,14.72
-420331803,68.97,1,13.89,3,3,2.0,1.0,19.78
-420331804,68.66,1,13.89,3,0,0.0,0.0,0.0
-420331805,68.9,1,13.89,3,0,0.0,0.0,0.0
-420331806,77.67,1,13.89,3,0,0.0,0.0,0.0
-420331807#0,32.03,1,13.89,3,2,2.0,2.0,6.73
-420331807#1,35.03,1,13.89,3,0,0.0,0.0,0.0
-420331808,69.81,1,13.89,3,3,3.0,0.0,19.43
-420331809,34.45,1,13.89,3,2,2.0,2.0,7.64
-420331810,69.48,1,13.89,3,0,0.0,0.0,0.0
-420331811#0,35.69,1,13.89,3,6,5.0,5.0,30.34
-420331812#0,33.91,1,13.89,3,17,17.0,16.0,73.42
-420331812#1,0.2,1,13.89,3,1,1.0,1.0,0.83
-420331812#2,9.81,1,13.89,3,7,7.0,1.0,8.28
-420331812#3,1.86,1,13.89,3,13,13.0,13.0,8.08
-420331812#4,38.49,1,13.89,3,14,14.0,13.0,62.18
-420331813#0,32.66,1,13.89,3,5,5.0,5.0,21.3
-420331814#0,54.65,1,13.89,3,1,1.0,1.0,5.67
-420331814#1,2.36,1,13.89,3,1,1.0,1.0,0.63
-420331814#2,10.29,1,13.89,3,1,1.0,1.0,2.2
-420331815,39.74,1,13.89,3,2,2.0,2.0,11.32
-420331816#1,7.56,1,13.89,3,3,3.0,3.0,358.24
-420331816#2,26.67,1,13.89,3,0,0.0,0.0,0.0
-420331817,91.74,1,13.89,3,0,0.0,0.0,0.0
-420331818#0,42.23,1,13.89,3,1,1.0,1.0,4.57
-420331823,66.88,1,13.89,3,1,1.0,0.0,6.17
-420331825#0,93.97,1,13.89,3,17,17.0,17.0,350.48
-420331825#1,39.79,1,13.89,3,13,13.0,13.0,53.97
-420331825#2,48.04,1,13.89,3,10,10.0,9.0,47.88
-420331825#3,55.51,1,13.89,3,13,6.0,10.0,77.3
-420331825#4,21.61,1,13.89,3,9,9.0,9.0,20.08
-420331827,47.65,1,13.89,3,2,2.0,1.0,8.68
-420331830,66.87,1,13.89,3,4,0.0,4.0,38.09
-420331831,49.63,1,13.89,3,22,22.0,22.0,113.52
-420331835#1,37.18,1,13.89,3,1,1.0,1.0,3.92
-420331836,35.53,1,13.89,3,18,18.0,0.0,72.89
-420331837#0,20.25,1,13.89,3,1,1.0,1.0,2.52
-420331837#1,46.33,1,13.89,3,1,0.0,1.0,6.51
-420331838#0,55.87,1,13.89,3,1,1.0,1.0,6.66
-420331838#1,34.6,1,13.89,3,1,1.0,1.0,4.41
-420331839,74.53,1,13.89,3,1,1.0,0.0,6.62
-420334155#3,185.95,3,8.33,10,3,3.0,0.0,87.24
-420335669,60.95,1,13.89,3,0,0.0,0.0,0.0
-420348545,120.49,1,13.89,3,0,0.0,0.0,0.0
-420348552#1,85.41,1,13.89,3,0,0.0,0.0,0.0
-420348553,31.2,1,13.89,3,0,0.0,0.0,0.0
-420348555#1,75.2,1,13.89,3,1,1.0,0.0,8.7
-420348556#1,19.09,1,13.89,3,0,0.0,0.0,0.0
-420348556#2,32.27,1,13.89,3,0,0.0,0.0,0.0
-420348556#3,56.07,1,13.89,3,2,0.0,2.0,17.24
-420348560,108.56,1,13.89,3,0,0.0,0.0,0.0
-420348561#0,18.64,1,13.89,3,2,0.0,2.0,7.96
-420348561#1,31.63,1,13.89,3,0,0.0,0.0,0.0
-420348561#2,14.56,1,13.89,3,1,1.0,0.0,2.36
-420361194#3,89.47,1,13.89,3,2,1.0,2.0,21.06
-420361205#3,133.09,1,13.89,3,2,2.0,0.0,21.35
-420383139#0,67.39,1,13.89,3,2,0.0,2.0,320.02
-420383139#1,62.48,1,13.89,3,1,1.0,1.0,6.0
-420383139#2,73.73,1,13.89,3,20,20.0,20.0,713.35
-420383140#2,55.3,1,13.89,3,0,0.0,0.0,0.0
-420383140#4,30.77,1,13.89,3,0,0.0,0.0,0.0
-420383140#5,7.52,1,13.89,3,0,0.0,0.0,0.0
-420383143#1,75.37,1,13.89,3,10,2.0,10.0,100.86
-420383143#2,51.92,1,13.89,3,2,2.0,2.0,9.96
-420383144#0,74.4,1,13.89,3,4,4.0,4.0,39.79
-420383144#1,60.62,1,13.89,3,1,1.0,0.0,6.18
-420383145,108.55,1,13.89,3,0,0.0,0.0,0.0
-420383146#1,110.56,1,13.89,3,0,0.0,0.0,0.0
-420383147,42.89,1,13.89,3,1,1.0,1.0,4.92
-420383151,70.6,1,13.89,3,3,3.0,0.0,17.35
-420383152,16.12,1,13.89,3,3,3.0,1.0,7.8
-420383153,32.32,1,13.89,3,0,0.0,0.0,0.0
-420383159#1,101.83,1,13.89,3,6,5.0,4.0,49.53
-420383159#2,82.21,1,13.89,3,0,0.0,0.0,0.0
-420383160#0,13.04,1,13.89,3,7,7.0,7.0,518.77
-420383161,54.88,1,13.89,3,0,0.0,0.0,0.0
-420391187#1,52.55,1,13.89,3,9,7.0,9.0,56.4
-420391195,78.93,1,13.89,3,0,0.0,0.0,0.0
-420393496#4,5.51,1,13.89,3,0,0.0,0.0,0.0
-422584938,249.49,1,22.22,10,2,0.0,2.0,36.76
-428260116#0,63.89,2,27.78,12,94,93.0,94.0,3866.26
-428260116#1,10.63,2,27.78,12,90,90.0,90.0,87.63
-431903251#0,46.16,1,13.89,3,5,5.0,0.0,20.94
-431903251#1,46.76,1,13.89,3,5,5.0,5.0,32.25
-464233655,55.79,1,13.89,3,0,0.0,0.0,0.0
-464445691#1,54.68,1,13.89,3,0,0.0,0.0,0.0
-464445691#3,43.34,1,13.89,3,2,0.0,2.0,14.98
-464459665,26.97,1,13.89,3,2,2.0,2.0,8.11
-464459667,43.96,1,13.89,3,4,4.0,3.0,21.93
-464459668#1,84.41,1,13.89,3,7,1.0,7.0,70.7
-464459668#2,47.03,1,13.89,3,1,1.0,1.0,5.88
-464461045,140.97,1,13.89,3,1,0.0,1.0,14.84
-464461048#0,34.21,1,13.89,3,5,5.0,4.0,16.57
-464461048#1,90.72,1,13.89,3,2,2.0,2.0,12.85
-464461048#2,14.72,1,13.89,3,4,4.0,4.0,8.21
-464461049#0,45.02,1,13.89,3,4,0.0,4.0,29.92
-464461049#1,20.22,1,13.89,3,4,4.0,3.0,10.31
-464461049#3,2.3,1,13.89,3,5,3.0,4.0,6.31
-464461050,20.42,1,13.89,3,1,0.0,1.0,3.91
-464461051,14.0,1,13.89,3,0,0.0,0.0,0.0
-464461052#1,26.46,1,13.89,3,0,0.0,0.0,0.0
-464461053#1,93.14,1,13.89,3,13,13.0,13.0,119.31
-464461053#2,188.0,1,13.89,3,0,0.0,0.0,0.0
-464461053#3,42.62,1,13.89,3,0,0.0,0.0,0.0
-464461053#4,59.67,1,13.89,3,1,1.0,0.0,4.28
-464461053#5,57.53,1,13.89,3,2,2.0,2.0,11.1
-464461054#0,18.72,1,13.89,3,8,8.0,7.0,14.82
-464461054#1,120.64,1,13.89,3,8,8.0,8.0,86.27
-464461055,10.98,1,13.89,3,0,0.0,0.0,0.0
-464461056,11.91,1,13.89,3,0,0.0,0.0,0.0
-464461057#0,46.03,1,13.89,3,0,0.0,0.0,0.0
-464461057#1,38.26,1,13.89,3,1,1.0,1.0,3.75
-464461057#4,116.02,1,13.89,3,1,1.0,1.0,11.48
-464461060,49.8,1,13.89,3,11,11.0,11.0,115.06
-464461063,92.51,1,13.89,3,0,0.0,0.0,0.0
-470453019#2,11.32,1,13.89,3,5,5.0,5.0,6.92
-470453019#4,16.63,1,13.89,3,5,4.0,4.0,10.54
-470453019#5,28.04,1,13.89,3,5,4.0,5.0,15.8
-470453019#7,40.43,1,13.89,3,8,8.0,5.0,32.25
-480233462#1,72.75,2,27.78,12,131,131.0,69.0,385.23
-482167260,55.0,2,27.78,12,6,6.0,6.0,23.71
-506162633,27.39,1,27.78,11,205,205.0,205.0,867.14
-516948900#2,14.14,1,27.78,11,56,56.0,56.0,797.73
-516948900#3,76.39,1,27.78,11,32,29.0,31.0,274.61
-516948900#4,50.58,1,27.78,11,23,21.0,23.0,66.66
-516948900#6,22.87,1,27.78,11,21,16.0,21.0,38.33
-516948900#8,25.23,1,27.78,11,19,16.0,19.0,59.92
-520307305#2,136.83,2,27.78,12,286,276.0,283.0,17278.65
-520307305#3,50.0,2,27.78,12,14,7.0,14.0,77.89
-520307305#4,30.6,2,27.78,12,1,0.0,1.0,4.84
-520307306,29.13,2,27.78,12,429,427.0,428.0,4421.92
-531796031,36.2,1,27.78,11,2,0.0,2.0,10.87
-578313748#0,16.99,2,27.78,12,65,65.0,65.0,61.03
-578313748#2,11.8,2,27.78,12,86,86.0,86.0,91.14
-581906883#0,46.88,1,13.89,3,1,1.0,1.0,3.91
-581906883#1,5.49,1,13.89,3,2,2.0,2.0,3.87
-591142208#0,10.13,1,13.89,3,18,18.0,18.0,20.2
-591142208#2,72.72,1,13.89,3,19,19.0,18.0,130.95
-591142220,63.66,1,13.89,3,6,4.0,6.0,45.72
-601902513#0,75.53,1,13.89,3,19,19.0,0.0,116.77
-601902513#1,35.31,1,13.89,3,23,23.0,22.0,76.18
-607077076#0,34.08,1,22.22,10,2,2.0,2.0,3.41
-607077076#1,39.13,1,22.22,10,3,3.0,3.0,8.73
-607077076#3,95.57,1,22.22,10,2,0.0,2.0,18.89
-608946832,21.19,2,27.78,12,7,7.0,7.0,9.94
-628816136#3,120.31,1,13.89,3,18,12.0,6.0,205.83
-628816140#2,234.33,1,13.89,3,9,7.0,2.0,180.89
-631259843,36.12,1,13.89,3,0,0.0,0.0,0.0
-631259844,31.46,1,13.89,3,3,0.0,3.0,17.07
-634096163,63.78,1,13.89,3,30,30.0,25.0,199.56
-651696631#2,88.76,1,13.89,3,3,0.0,3.0,103.96
-651817398#5,158.19,1,13.89,3,1,0.0,1.0,16.72
-651818430#1,33.32,1,13.89,3,29,19.0,29.0,18996.91
-651818430#3,123.2,1,13.89,3,20,4.0,19.0,10330.93
-656122998#0,1.07,1,8.33,3,0,0.0,0.0,0.0
-656122998#1,51.38,1,8.33,3,1,0.0,1.0,8.45
-701497860#0,45.63,1,13.89,3,0,0.0,0.0,0.0
-701497860#1,20.44,1,13.89,3,2,2.0,2.0,6.27
-711239223#2,128.94,1,13.89,3,0,0.0,0.0,0.0
-712288152#2,197.52,1,13.89,4,24,20.0,23.0,439.71
-73550864#2,148.55,1,13.89,3,0,0.0,0.0,0.0
-766904027#11,118.78,1,13.89,3,0,0.0,0.0,0.0
-767111811#2,61.82,1,13.89,3,0,0.0,0.0,0.0
-767524334#2,30.83,1,13.89,3,0,0.0,0.0,0.0
-767644534#0,12.96,1,13.89,3,3,3.0,3.0,31.33
-767644534#1,34.47,1,13.89,3,3,3.0,3.0,11.75
-767644535,44.67,1,13.89,3,1,0.0,1.0,7.93
-768399563#0,48.88,1,13.89,3,93,93.0,93.0,13464.48
-768952297,39.45,1,13.89,3,1,1.0,1.0,5.63
-769110715#2,241.04,1,13.89,3,0,0.0,0.0,0.0
-769423158,111.95,1,2.78,2,1,1.0,1.0,236.92
-769488211,37.55,1,13.89,3,1,1.0,0.0,2.89
-770860542#1,64.5,1,13.89,3,11,3.0,8.0,2842.6
-770860548#1,48.72,1,13.89,3,113,108.0,111.0,22896.0
-770860548#2,22.57,1,13.89,3,94,83.0,91.0,9749.3
-770860548#3,43.9,1,13.89,3,120,112.0,114.0,17818.05
-770860548#4,35.59,1,13.89,3,106,90.0,105.0,13309.97
-770860549,67.67,1,13.89,3,10,4.0,10.0,1758.02
-770860550,2.84,1,13.89,3,6,0.0,6.0,195.28
-770860551,56.1,1,13.89,3,6,6.0,3.0,35.57
-770860552#0,41.03,1,13.89,3,1,1.0,1.0,4.59
-770860552#2,47.16,1,13.89,3,15,7.0,15.0,4840.68
-770860565#0,15.65,1,13.89,3,22,21.0,21.0,3780.44
-770860565#1,68.88,1,13.89,3,12,2.0,12.0,3042.86
-771678026,24.99,1,13.89,3,3,0.0,3.0,15.97
-771923366,25.88,1,13.89,3,0,0.0,0.0,0.0
-772279128#0,165.44,1,13.89,3,2,2.0,2.0,30.7
-772279128#4,180.54,1,13.89,3,21,21.0,12.0,323.24
-772279128#8,78.18,1,13.89,3,1,1.0,0.0,6.89
-772527390#2,76.13,1,13.89,3,4,4.0,2.0,25.81
-772527390#3,0.2,1,13.89,3,4,4.0,4.0,7.51
-772527390#5,0.2,1,13.89,3,5,5.0,3.0,904.2
-772873181#2,46.45,1,13.89,3,1,1.0,1.0,4.27
-772873182#1,155.12,1,13.89,3,2,2.0,1.0,24.06
-772873184,30.16,1,13.89,3,0,0.0,0.0,0.0
-775222468#16,442.25,1,22.22,10,46,45.0,45.0,1030.07
-775222468#3,164.09,1,22.22,10,42,42.0,42.0,427.29
-775222468#4,133.55,1,22.22,10,40,40.0,40.0,278.73
-775222468#5,1.08,1,22.22,10,40,40.0,40.0,12.54
-775222468#6,47.2,1,22.22,10,40,40.0,40.0,104.15
-775222468#8,70.75,1,22.22,10,40,40.0,40.0,151.08
-776781830,47.45,1,13.89,3,1,1.0,0.0,5.81
-776781838,24.05,1,13.89,3,0,0.0,0.0,0.0
-777422408,36.46,1,13.89,3,0,0.0,0.0,0.0
-778973690,85.73,1,13.89,3,2,0.0,2.0,19.45
-781985788#0,0.2,4,27.78,12,528,528.0,527.0,168.21
-781985790#1,39.97,1,13.89,3,14,14.0,14.0,1849.61
-781985790#4,73.9,1,13.89,3,0,0.0,0.0,0.0
-782616914#1,22.05,1,13.89,3,0,0.0,0.0,0.0
-785130601#1,60.28,1,13.89,3,0,0.0,0.0,0.0
-785130602#0,13.66,1,13.89,3,6,6.0,6.0,15.66
-785130602#1,45.18,1,13.89,3,5,5.0,4.0,23.22
-785130602#2,44.22,1,13.89,3,2,0.0,2.0,12.98
-788296723#0,110.49,1,13.89,3,0,0.0,0.0,0.0
-788296723#2,66.43,1,13.89,3,7,3.0,7.0,54.56
-788296724#1,58.76,1,13.89,3,4,4.0,2.0,26.37
-788296725,58.38,1,13.89,3,0,0.0,0.0,0.0
-788296726#1,44.56,1,13.89,3,8,3.0,5.0,1010.95
-788296727#1,59.16,1,13.89,3,34,34.0,34.0,17494.0
-788411954#1,39.52,1,13.89,3,13,13.0,13.0,72.19
-788411956,106.61,1,13.89,3,31,31.0,31.0,351.21
-788411958,113.56,1,13.89,3,0,0.0,0.0,0.0
-788411959,58.93,1,13.89,3,0,0.0,0.0,0.0
-800229255,8.61,2,27.78,12,87,87.0,86.0,56.88
-800229257#1,278.12,1,27.78,11,39,36.0,38.0,511.8
-800229257#2,37.26,1,27.78,11,30,30.0,30.0,58.86
-821107999#1,55.0,1,13.89,3,0,0.0,0.0,0.0
-821108006#1,29.48,1,13.89,3,0,0.0,0.0,0.0
-821108007,79.34,1,13.89,3,4,4.0,4.0,35.5
-824132486,0.2,1,27.78,11,0,0.0,0.0,0.0
-870977308#1,31.95,1,13.89,3,14,0.0,14.0,71.83
-870977310#1,43.98,1,13.89,3,7,6.0,4.0,32.43
-870977311,92.3,1,13.89,3,1,1.0,1.0,9.37
-871052109#0,0.2,1,2.78,2,3,2.0,3.0,3.9
-871052109#1,6.24,1,2.78,2,4,4.0,2.0,17.16
-892932178#1,42.32,1,13.89,3,2,2.0,0.0,6.44
-910451393#1,36.82,1,13.89,3,2,2.0,1.0,10.3
-911522748#1,44.06,1,27.78,11,30,30.0,30.0,89.85
-911522751#0,74.84,2,22.22,10,0,0.0,0.0,0.0
-911522751#1,78.77,2,22.22,10,0,0.0,0.0,0.0
-911522751#3,19.64,2,22.22,10,0,0.0,0.0,0.0
-913006752#1,14.33,2,27.78,12,201,201.0,201.0,283.48
-913006753,6.68,2,13.89,12,79,77.0,76.0,75.37
-913006754#0,20.27,3,13.89,12,77,74.0,77.0,163.77
-913006754#1,68.56,3,13.89,12,75,73.0,74.0,474.46
-913006754#2,76.22,3,13.89,12,73,65.0,73.0,826.72
-913006754#3,18.44,3,13.89,12,53,53.0,53.0,127.3
-913006754#4,24.04,3,13.89,12,55,55.0,55.0,1828.35
-913006754#5,40.55,3,13.89,12,13,13.0,12.0,46.74
-913006754#6,66.72,3,13.89,12,16,16.0,16.0,145.82
-913006754#8,132.45,3,13.89,12,21,18.0,21.0,274.86
-913006754#9,32.24,3,13.89,12,24,22.0,24.0,554.11
-913009310#1,132.64,1,13.89,3,0,0.0,0.0,0.0
-913009311,12.76,2,27.78,12,426,426.0,426.0,1524.56
-913009312#10,14.9,2,27.78,12,413,413.0,413.0,1383.88
-913009312#3,136.25,2,27.78,12,421,420.0,416.0,13452.05
-913009312#4,24.82,2,27.78,12,393,393.0,393.0,3208.45
-913009312#5,16.29,2,27.78,12,395,395.0,395.0,11118.54
-913009312#8,118.78,2,27.78,12,395,395.0,395.0,20440.46
-913009312#9,33.36,2,27.78,12,409,409.0,408.0,4152.8
-913009313#1,81.44,1,13.89,3,0,0.0,0.0,0.0
-913570918,26.07,1,13.89,3,5,5.0,5.0,14.65
-913811577#1,20.67,1,22.22,10,4,4.0,3.0,16.27
-913811578,34.98,1,22.22,10,0,0.0,0.0,0.0
-913826317,23.91,1,13.89,3,1,0.0,1.0,4.93
-913833410,53.74,1,22.22,7,1,1.0,0.0,5.59
-913839558#3,64.62,1,13.89,3,3,3.0,0.0,16.64
-914660214#0,13.17,1,13.89,3,3,3.0,3.0,7.2
-914660214#2,47.06,1,13.89,3,1,0.0,1.0,7.69
-914660215#1,45.57,1,13.89,3,6,6.0,6.0,37.66
-921796625,135.73,1,13.89,3,0,0.0,0.0,0.0
-955312947#0,90.25,1,13.89,3,0,0.0,0.0,0.0
-955312947#1,67.77,1,13.89,3,0,0.0,0.0,0.0
-955312948,17.8,1,13.89,3,1,1.0,0.0,2.41
1002205277,37.61,1,13.89,3,0,0.0,0.0,0.0
1002205278,47.56,1,13.89,3,0,0.0,0.0,0.0
1002205279,28.99,1,13.89,3,0,0.0,0.0,0.0
1002205302,60.79,1,13.89,3,0,0.0,0.0,0.0
1002205303#1,75.26,1,13.89,3,11,10.0,11.0,99.41
1004718837,19.49,1,2.78,2,2,0.0,2.0,14.63
1011331960,56.06,1,13.89,3,0,0.0,0.0,0.0
1016508136#0,46.46,1,13.89,3,3,2.0,1.0,17.5
1017504130,49.27,1,13.89,3,5,5.0,5.0,1761.62
1084408283#2,190.91,8,16.67,12,9,0.0,9.0,286.98
1099004169,63.46,1,13.89,3,1,1.0,1.0,7.53
1109231376,10.28,1,22.22,6,29,27.0,27.0,32.5
1109231377#0,22.51,1,22.22,7,2,2.0,1.0,183.24
1109231377#1,10.23,1,22.22,7,34,1.0,34.0,1727.7
1120540512,6.74,1,22.22,7,95,95.0,95.0,2584.92
1125640020,143.81,1,13.89,4,2,2.0,2.0,25.65
1125773042,39.39,1,13.89,3,0,0.0,0.0,0.0
1125773043,0.2,1,13.89,3,10,6.0,8.0,10.2
1126339777#0,8.44,1,13.89,3,23,23.0,23.0,41.84
1126339784,38.13,1,13.89,3,0,0.0,0.0,0.0
1149179293,104.05,1,13.89,3,0,0.0,0.0,0.0
1160841705,49.58,1,13.89,3,12,9.0,12.0,65.35
117770531#4,41.67,1,13.89,3,0,0.0,0.0,0.0
117770531#5,35.39,1,13.89,3,0,0.0,0.0,0.0
117770531#6,47.49,1,13.89,3,3,3.0,2.0,18.28
117770536#0,17.66,1,8.33,3,3,3.0,3.0,10.69
117770536#1,42.89,1,8.33,3,0,0.0,0.0,0.0
117770543#0,90.81,1,13.89,3,3,3.0,0.0,26.18
117770543#1,72.91,1,13.89,3,1,1.0,1.0,8.75
117770543#2,62.5,1,13.89,3,0,0.0,0.0,0.0
117770551#0,74.29,1,13.89,3,4,4.0,4.0,24.62
117770551#2,26.98,1,13.89,3,4,4.0,3.0,9.91
117770551#3,5.38,1,13.89,3,3,3.0,3.0,4.3
117770551#4,0.2,1,13.89,3,1,1.0,0.0,0.36
117784411#0,110.79,1,13.89,3,3,1.0,3.0,37.39
117784411#1,93.21,1,13.89,3,0,0.0,0.0,0.0
117784411#2,49.31,1,13.89,3,3,3.0,2.0,20.03
117784413#0,86.93,1,13.89,3,0,0.0,0.0,0.0
117784414,46.99,1,13.89,3,0,0.0,0.0,0.0
117784415,91.12,1,13.89,3,0,0.0,0.0,0.0
117784416,51.46,1,13.89,3,1,0.0,1.0,10.53
117784417#0,33.49,1,13.89,3,42,0.0,42.0,12707.65
117784417#2,5.94,1,13.89,3,78,78.0,78.0,2801.08
117784417#3,4.12,1,13.89,3,80,80.0,80.0,1619.8
117784417#4,58.39,1,13.89,3,80,80.0,80.0,32960.58
117784418#0,35.0,1,13.89,3,0,0.0,0.0,0.0
117784418#1,33.2,1,13.89,3,0,0.0,0.0,0.0
117784418#2,30.3,1,13.89,3,0,0.0,0.0,0.0
117784418#3,30.67,1,13.89,3,3,3.0,2.0,13.27
117784418#4,39.75,1,13.89,3,8,8.0,8.0,1784.98
117784419#0,94.03,1,13.89,3,4,0.0,4.0,46.42
117784419#1,109.59,1,13.89,3,0,0.0,0.0,0.0
117784420,56.68,1,22.22,7,7,7.0,4.0,33.05
117784421#0,37.98,1,13.89,3,0,0.0,0.0,0.0
117784421#1,27.3,1,13.89,3,3,1.0,3.0,12.52
117784421#2,31.14,1,13.89,3,5,5.0,5.0,15.08
117784421#3,30.91,1,13.89,3,7,7.0,7.0,20.17
117784421#4,39.25,1,13.89,3,9,9.0,7.0,1612.7
117784422,61.14,1,22.22,7,1,1.0,1.0,12.13
117784423#0,169.29,1,13.89,3,0,0.0,0.0,0.0
117914343#0,13.8,1,13.89,3,54,54.0,54.0,111.77
117914343#1,2.89,1,13.89,3,37,37.0,35.0,33.06
117914343#2,30.34,1,13.89,3,19,19.0,19.0,573.03
117914344#1,50.96,1,13.89,3,6,6.0,6.0,28.76
117914344#2,37.21,1,13.89,3,4,4.0,4.0,14.25
117914345#0,35.8,1,13.89,3,3,3.0,0.0,9.69
117914345#1,131.13,1,13.89,3,2,2.0,0.0,21.9
117914345#2,31.24,1,13.89,3,0,0.0,0.0,0.0
117914345#3,46.61,1,13.89,3,0,0.0,0.0,0.0
117914345#4,21.73,1,13.89,3,0,0.0,0.0,0.0
117914348#0,68.27,1,13.89,3,0,0.0,0.0,0.0
117914348#1,9.17,1,13.89,3,1,1.0,1.0,2.48
117914348#3,33.95,1,13.89,3,1,1.0,1.0,3.14
117914348#4,45.55,1,13.89,3,3,1.0,3.0,18.76
117914351#0,23.13,1,13.89,3,1,0.0,1.0,4.14
117914351#2,82.44,1,13.89,3,4,3.0,4.0,35.44
117914352#0,30.31,1,13.89,3,1,1.0,1.0,4.63
117914352#1,95.08,1,13.89,3,5,5.0,5.0,49.11
117914353#0,25.58,1,13.89,3,3,3.0,3.0,9.28
117914353#1,16.55,1,13.89,3,5,5.0,5.0,8.76
117914353#2,25.6,1,13.89,3,5,5.0,5.0,18.53
117914354,90.48,1,13.89,3,53,53.0,53.0,648.32
117914840,71.22,1,13.89,3,2,0.0,2.0,18.21
117914842#0,69.31,1,13.89,3,17,17.0,17.0,143.22
117914842#2,49.95,1,13.89,3,27,24.0,25.0,156.32
117914842#3,30.24,1,13.89,3,10,8.0,5.0,43.46
117914842#4,59.22,1,13.89,3,7,7.0,5.0,34.08
117914842#7,36.9,1,13.89,3,10,5.0,10.0,53.79
117914842#9,76.51,1,13.89,3,15,15.0,15.0,227.98
117914844,33.45,1,13.89,3,3,3.0,3.0,16.58
117914847#0,61.01,1,13.89,3,0,0.0,0.0,0.0
117914847#1,62.16,1,13.89,3,12,3.0,9.0,144.63
117914848#0,79.94,1,13.89,3,0,0.0,0.0,0.0
117914848#3,17.98,1,13.89,3,3,3.0,2.0,6.71
117914848#4,14.98,1,13.89,3,2,2.0,2.0,3.37
117914848#5,18.05,1,13.89,3,2,2.0,2.0,3.95
117914848#6,6.55,1,13.89,3,2,2.0,2.0,1.98
117914848#7,7.44,1,13.89,3,4,4.0,2.0,55.59
117914849#0,65.25,1,13.89,3,297,296.0,297.0,12097.3
117914849#1,60.92,1,13.89,3,300,280.0,300.0,20914.94
1205679413,7.21,1,22.22,7,2,0.0,2.0,4.28
1205679414,8.66,1,22.22,10,36,35.0,34.0,57.7
1205679415,17.83,1,22.22,5,3,0.0,3.0,68.53
1205679418#0,13.2,1,22.22,10,31,31.0,31.0,41.94
1205679418#1,35.89,1,22.22,10,31,31.0,31.0,70.46
1205679418#11,138.36,1,22.22,10,79,79.0,78.0,1008.56
1205679418#14,37.65,1,22.22,10,6,6.0,5.0,18.61
1205679418#2,25.67,1,22.22,10,39,39.0,39.0,72.68
1205679418#3,24.06,1,22.22,10,42,42.0,42.0,69.35
1205679418#4,31.06,1,22.22,10,42,42.0,18.0,82.84
1205679418#5,27.68,1,22.22,10,14,14.0,14.0,24.78
1205679418#6,46.48,1,22.22,10,13,13.0,13.0,33.66
1205679418#8,69.18,1,22.22,10,13,13.0,12.0,210.05
1206223939,0.2,2,27.78,12,61,55.0,56.0,187.63
1206223940,3.55,2,27.78,12,95,87.0,82.0,2752.63
1206223943,0.2,2,27.78,12,76,75.0,76.0,4112.39
1206223944,10.09,2,27.78,12,144,140.0,114.0,952.64
1206223945,28.09,2,27.78,12,5,5.0,5.0,3896.48
1206223946#0,32.77,2,27.78,12,182,181.0,174.0,518.67
1206223947,26.19,2,27.78,12,12,11.0,10.0,1233.83
1212424782#0,386.27,2,27.78,12,30,30.0,30.0,538.8
1212424783#0,79.68,2,27.78,12,46,46.0,46.0,244.13
1212424783#1,45.94,2,27.78,12,46,46.0,46.0,100.22
1212424783#2,24.6,2,27.78,12,48,48.0,48.0,65.5
1212424783#3,120.95,2,27.78,12,45,44.0,45.0,236.93
1212424784,0.2,3,27.78,12,5,5.0,5.0,1.34
1212424785#0,352.29,2,27.78,12,5,5.0,5.0,99.26
1212424791#0,78.11,2,27.78,12,7,7.0,7.0,49.16
1212424791#2,139.16,2,27.78,12,196,196.0,196.0,10104.56
1212424791#7,50.96,2,27.78,12,232,229.0,232.0,4198.45
1212424791#8,82.91,2,27.78,12,236,236.0,235.0,6558.67
1274416500,51.16,1,13.89,3,0,0.0,0.0,0.0
1279010544#0,12.16,1,13.89,3,229,229.0,215.0,460.66
1283636934#1,119.64,1,13.89,3,0,0.0,0.0,0.0
1283636940#0,57.0,1,27.78,11,55,50.0,55.0,3026.64
1283636940#1,7.75,1,27.78,11,96,89.0,96.0,4723.96
1283637455,5.36,1,13.89,3,10,10.0,6.0,15.97
1283637457,19.89,1,13.89,3,3,3.0,2.0,9.41
1283637467,85.42,1,13.89,3,2,2.0,2.0,27.41
1283637468#0,14.24,1,13.89,3,2,0.0,2.0,7.36
1283637469#0,42.87,1,13.89,3,0,0.0,0.0,0.0
1283637469#5,55.66,1,13.89,3,0,0.0,0.0,0.0
1283637470#0,28.24,1,13.89,3,1,1.0,1.0,2.23
1283637470#2,18.62,1,13.89,3,1,1.0,1.0,2.24
1283637484,156.08,1,13.89,4,0,0.0,0.0,0.0
1283637487,87.73,1,22.22,10,0,0.0,0.0,0.0
1305791485#0,200.64,1,27.78,12,0,0.0,0.0,0.0
1339655667#0,44.33,1,27.78,11,49,47.0,46.0,182.69
1339655670#1,83.57,2,27.78,11,4,0.0,4.0,35.54
1339697074#0,16.99,3,27.78,11,53,53.0,53.0,54.31
1339697074#1,48.72,3,27.78,11,71,71.0,71.0,267.76
1339697075#0,4.1,3,27.78,11,61,61.0,61.0,62.54
1339697075#1,174.55,3,27.78,11,61,61.0,61.0,538.44
1339697076#0,26.52,1,27.78,11,19,19.0,19.0,57.29
1339697076#1,28.14,1,27.78,11,19,19.0,19.0,42.57
135131177,1533.43,2,27.78,12,46,0.0,46.0,2975.38
135131180#0,169.48,4,27.78,12,114,46.0,114.0,1224.6
135131180#2,17.32,4,27.78,12,99,99.0,97.0,95.44
135131181,374.36,3,27.78,12,117,117.0,114.0,1682.7
1379887973#0,0.2,1,22.22,6,21,19.0,18.0,17.68
1380482780,17.96,1,13.89,3,0,0.0,0.0,0.0
1380857657#0,27.61,1,13.89,3,3,0.0,3.0,16.12
1380857657#1,4.35,1,13.89,3,3,3.0,3.0,4.46
1380857658,10.94,1,13.89,3,0,0.0,0.0,0.0
1381133418,57.73,1,13.89,3,13,13.0,0.0,76.35
1384048167,10.06,1,13.89,3,0,0.0,0.0,0.0
1395426737#0,28.82,1,22.22,7,4,4.0,1.0,12.34
1395426737#1,3.25,1,22.22,7,2,1.0,1.0,5.45
1395426738#0,27.73,1,22.22,7,0,0.0,0.0,0.0
1424068313#1,176.77,2,27.78,12,160,156.0,155.0,1533.84
1424068314#4,31.89,2,27.78,12,1,0.0,1.0,6.89
1455497343#0,46.88,2,13.89,12,50,50.0,50.0,209.09
1455497343#1,80.65,2,13.89,12,50,50.0,50.0,342.57
1455497343#2,31.15,2,13.89,12,49,49.0,49.0,143.5
1455497343#3,44.13,2,13.89,12,48,48.0,48.0,221.04
1455497343#4,67.17,2,13.89,12,35,35.0,32.0,200.67
1455497345,84.46,2,27.78,12,752,751.0,734.0,144576.95
1455512066,19.84,2,27.78,12,31,31.0,29.0,556.83
1455512067,14.21,2,27.78,12,39,39.0,39.0,461.71
1455512069,7.61,2,27.78,12,29,29.0,26.0,350.54
1455512070,74.52,2,27.78,12,24,24.0,24.0,109.32
1455512071,64.45,2,27.78,12,7,7.0,7.0,287.22
1455512074,11.24,2,27.78,12,22,22.0,22.0,20.0
1455518726,15.38,1,27.78,11,556,556.0,555.0,2584.72
1455518727#0,85.83,2,27.78,12,26,26.0,26.0,178.51
1455518727#1,67.33,2,27.78,12,20,20.0,20.0,65.86
1455518728,23.2,2,27.78,12,35,33.0,35.0,2253.57
1455518729#0,86.92,1,27.78,11,555,555.0,555.0,14157.2
1455518729#1,48.82,1,27.78,11,553,553.0,553.0,8429.22
1455518729#2,21.11,1,27.78,11,545,544.0,545.0,3800.55
1455518729#4,26.24,1,27.78,11,542,542.0,542.0,5088.72
1455518729#5,11.39,1,27.78,11,540,539.0,540.0,1990.82
1455518729#6,27.99,1,27.78,11,540,540.0,540.0,6221.6
1455518729#7,18.66,1,27.78,11,533,533.0,533.0,4081.65
1455524944,27.36,2,27.78,12,18,18.0,18.0,30.47
1455524945,5.01,2,27.78,12,18,18.0,18.0,16.95
1455524947#1,90.3,1,13.89,3,0,0.0,0.0,0.0
1455524947#2,16.99,1,13.89,3,36,0.0,36.0,8186.54
1455524948,2.11,3,16.67,12,1,1.0,0.0,0.48
1455524949#0,134.06,3,16.67,12,4,4.0,4.0,39.56
1455524949#2,51.88,3,16.67,12,21,21.0,21.0,116.48
1455524949#3,84.57,3,16.67,12,6,3.0,5.0,47.49
1455524949#4,59.66,3,16.67,12,5,5.0,5.0,26.26
1455524949#5,37.62,3,16.67,12,10,10.0,9.0,35.42
1455524949#6,14.88,3,16.67,12,4,4.0,4.0,9.47
1455524950#0,102.09,2,27.78,12,7,7.0,4.0,27.98
1455524951#0,124.53,3,16.67,12,7,7.0,7.0,59.52
1455524951#2,0.2,3,16.67,12,5,5.0,5.0,1.61
1455524951#3,97.76,3,16.67,12,5,5.0,5.0,31.95
1455524951#6,29.03,3,16.67,12,19,5.0,18.0,83.84
1455524951#7,40.39,3,16.67,12,17,17.0,16.0,3746.56
1455524953,3.17,3,16.67,12,12,9.0,11.0,21.91
1455526421,19.73,2,27.78,12,4,4.0,2.0,3.56
1455526422,27.54,2,27.78,12,2,2.0,2.0,2.52
1455526425#0,61.06,2,27.78,12,2,2.0,2.0,5.1
1455526426#0,32.54,2,27.78,12,45,45.0,42.0,183.07
1455526427#2,233.49,2,27.78,12,13,13.0,13.0,129.11
1455526427#3,2.77,2,27.78,12,3,2.0,2.0,3.19
1455527229,22.33,2,27.78,12,1,1.0,0.0,1.14
1456115789,0.2,3,27.78,12,223,220.0,223.0,97.71
1456115790#0,125.6,1,13.89,3,0,0.0,0.0,0.0
1456115790#8,81.62,1,13.89,3,0,0.0,0.0,0.0
1456115796,117.02,1,13.89,3,5,5.0,0.0,48.54
1456115800,18.43,2,27.78,12,259,258.0,254.0,8014.67
1456115801#0,115.81,2,27.78,12,259,257.0,253.0,52096.96
1456115801#3,26.59,2,27.78,12,350,350.0,344.0,22830.45
1456115801#5,14.76,2,27.78,12,301,301.0,296.0,5914.81
1456115801#6,90.85,2,27.78,12,300,300.0,299.0,42686.49
1456115801#7,14.85,2,27.78,12,297,297.0,293.0,8231.57
1456115804#0,60.81,3,16.67,12,0,0.0,0.0,0.0
1456115804#1,7.01,3,16.67,12,0,0.0,0.0,0.0
1456115804#2,89.14,3,16.67,12,0,0.0,0.0,0.0
1456115804#3,38.11,3,16.67,12,3,1.0,3.0,16.21
1456115805,20.35,3,16.67,12,0,0.0,0.0,0.0
1456115806#0,12.58,1,13.89,3,0,0.0,0.0,0.0
1456115806#2,21.03,1,13.89,3,0,0.0,0.0,0.0
1465558140,0.38,6,27.78,12,13,13.0,8.0,557.92
1465558143,89.68,5,27.78,12,14,14.0,12.0,56.26
1465558144,40.67,6,27.78,12,13,12.0,13.0,398.83
1465558145,0.2,5,27.78,12,11,8.0,11.0,111.31
1465558146#0,0.2,3,27.78,12,72,72.0,72.0,22.48
1465558146#1,0.2,3,27.78,12,72,72.0,69.0,19.34
1465558147,1.65,1,22.22,7,0,0.0,0.0,0.0
1467498054,41.55,4,27.78,12,199,199.0,199.0,76054.11
1473526512,36.23,1,22.22,7,60,60.0,60.0,4763.19
1499619437,7.99,4,27.78,11,43,42.0,43.0,60.33
1499619438#0,0.2,5,27.78,12,532,532.0,526.0,13013.42
1499619439#0,46.59,3,27.78,11,21,21.0,21.0,80.94
1499619439#1,8.9,3,27.78,11,26,26.0,22.0,38.74
1499619439#2,3.48,3,27.78,11,9,7.0,7.0,11.37
1499619439#3,176.31,3,27.78,11,0,0.0,0.0,0.0
1499619440#2,49.33,5,27.78,11,1,0.0,1.0,7.32
1499619440#3,72.6,5,27.78,11,14,12.0,14.0,90.63
1499619440#4,23.27,5,27.78,11,29,25.0,29.0,75.0
1499619440#5,26.43,5,27.78,11,32,29.0,32.0,1071.11
1499619442,18.91,4,27.78,11,10,10.0,10.0,61.57
1499619443#4,81.47,4,13.89,11,57,57.0,54.0,564.72
1499619443#8,45.56,4,13.89,11,47,47.0,47.0,392.75
1499619443#9,37.44,4,13.89,11,54,53.0,53.0,206.01
1499619445#2,187.46,4,13.89,11,84,84.0,81.0,1304.83
1499619446#0,5.5,4,27.78,11,261,261.0,261.0,2526.41
1499619447#0,42.96,4,27.78,11,250,250.0,250.0,588.07
1499619447#1,66.66,4,27.78,11,262,262.0,262.0,4975.17
1499619449#0,220.58,3,27.78,11,255,255.0,254.0,2485.79
1499619449#2,66.48,3,27.78,11,251,251.0,250.0,700.19
1501824266,62.53,2,27.78,12,304,303.0,300.0,43122.21
1506939325#7,44.28,1,27.78,11,1,0.0,1.0,6.71
1506939325#9,10.87,1,27.78,11,6,2.0,4.0,12.74
156570776,17.49,1,13.89,3,0,0.0,0.0,0.0
170207582#0,19.24,1,13.89,3,0,0.0,0.0,0.0
170207582#1,89.67,1,13.89,3,0,0.0,0.0,0.0
170207585#0,64.21,1,13.89,3,0,0.0,0.0,0.0
170207585#1,63.98,1,13.89,3,0,0.0,0.0,0.0
170207585#2,31.46,1,13.89,3,8,8.0,0.0,29.11
170207591#0,61.93,1,13.89,3,0,0.0,0.0,0.0
170207591#1,43.29,1,13.89,3,4,1.0,4.0,32.35
170403779,34.8,1,13.89,3,4,4.0,4.0,20.93
170403787#0,16.59,1,13.89,3,8,7.0,7.0,16.72
170403787#1,28.7,1,13.89,3,7,7.0,7.0,1533.22
170403791#0,128.89,1,13.89,3,1,1.0,1.0,13.15
170403792,92.77,1,13.89,3,1,0.0,1.0,10.79
170403804#0,131.04,1,13.89,3,4,4.0,0.0,46.6
170403805,71.81,1,13.89,3,1,1.0,1.0,9.24
170403810#1,143.2,1,13.89,3,0,0.0,0.0,0.0
170403814#0,230.49,1,13.89,3,0,0.0,0.0,0.0
170403818#0,24.65,1,13.89,3,3,2.0,3.0,10.86
170403818#2,29.64,1,13.89,3,3,3.0,3.0,8.95
170403818#3,44.16,1,13.89,3,2,2.0,0.0,7.47
170403818#6,76.39,1,13.89,3,0,0.0,0.0,0.0
170403826#3,15.93,1,22.22,7,0,0.0,0.0,0.0
170403831#0,192.62,1,13.89,3,3,3.0,3.0,56.77
174870621#0,69.9,2,27.78,12,62,62.0,62.0,193.12
174870621#1,70.41,2,27.78,12,58,58.0,57.0,280.28
174870621#4,53.34,2,27.78,12,33,33.0,33.0,75.69
174870621#6,44.29,2,27.78,12,33,33.0,33.0,75.95
174870621#8,55.35,2,27.78,12,28,28.0,28.0,72.68
174870621#9,29.66,2,27.78,12,27,27.0,27.0,76.61
176728949#0,173.0,1,13.89,3,6,1.0,6.0,100.84
176728950#0,82.58,1,22.22,10,35,20.0,34.0,267.16
176728950#1,40.44,1,22.22,10,42,38.0,42.0,245.44
176728951#0,70.38,1,22.22,10,8,1.0,8.0,85.79
176728951#1,27.32,1,22.22,10,7,2.0,7.0,28.81
176728951#2,178.16,1,22.22,10,10,7.0,10.0,110.78
176728952#0,46.93,1,13.89,3,7,7.0,7.0,42.36
176728952#1,48.65,1,13.89,3,7,5.0,4.0,34.53
176728952#4,135.48,1,13.89,3,7,1.0,6.0,101.91
176728954,90.51,1,13.89,3,6,0.0,6.0,67.07
176728955#0,44.97,1,13.89,3,19,17.0,18.0,4440.14
176728955#2,59.56,1,13.89,3,10,10.0,7.0,53.33
176728955#3,94.37,1,13.89,3,5,5.0,3.0,39.22
176728955#5,24.77,1,13.89,3,6,6.0,6.0,17.55
176728955#7,39.6,1,13.89,3,12,12.0,12.0,61.67
176728955#8,27.66,1,13.89,3,21,15.0,21.0,299.03
176728956#2,148.5,1,13.89,3,5,0.0,5.0,145.33
180368915#0,5.03,2,27.78,12,157,157.0,157.0,127.97
180368915#1,12.3,2,27.78,12,122,122.0,122.0,124.57
180368915#2,42.36,2,27.78,12,153,152.0,152.0,1136.94
180368915#3,40.88,2,27.78,12,153,153.0,152.0,7954.78
180368918#0,46.75,2,27.78,12,202,202.0,202.0,9340.16
180368918#3,24.71,2,27.78,12,210,210.0,210.0,5677.32
180368918#5,19.65,2,27.78,12,246,246.0,246.0,3197.14
180368918#6,20.62,2,27.78,12,246,246.0,246.0,5119.66
180368918#7,47.64,2,27.78,12,249,246.0,249.0,24949.23
180368918#8,17.1,2,27.78,12,195,195.0,195.0,9965.05
183272309#0,116.78,1,22.22,10,79,79.0,79.0,601.56
183272309#1,83.09,1,22.22,10,79,79.0,79.0,392.0
183272309#10,12.6,1,22.22,10,17,14.0,14.0,30.83
183272309#12,71.58,1,22.22,10,6,6.0,4.0,33.42
183272309#3,21.52,1,22.22,10,60,60.0,60.0,407.07
183272309#4,25.12,1,22.22,10,50,50.0,50.0,84.0
183272309#6,40.6,1,22.22,10,35,34.0,35.0,100.35
183272309#7,49.34,1,22.22,10,25,24.0,23.0,76.76
183272309#8,18.26,1,22.22,10,21,21.0,21.0,32.35
183272309#9,26.87,1,22.22,10,17,16.0,17.0,35.9
183272313#0,87.72,2,27.78,12,0,0.0,0.0,0.0
183272314#2,89.4,2,27.78,12,0,0.0,0.0,0.0
183272383,3.17,3,16.67,12,4,4.0,4.0,4.61
183272387#0,121.78,2,27.78,12,3,3.0,1.0,24.5
183272574#0,15.05,1,22.22,5,11,10.0,11.0,30.4
183272579#0,17.0,1,13.89,3,1,1.0,0.0,2.98
183272579#1,17.1,1,13.89,3,0,0.0,0.0,0.0
183272579#2,17.83,1,13.89,3,2,2.0,0.0,4.94
183272579#3,10.45,1,13.89,3,2,2.0,2.0,4.95
183272579#4,2.58,1,13.89,3,2,2.0,2.0,2.95
183272579#5,6.85,1,13.89,3,0,0.0,0.0,0.0
183272579#6,31.19,1,13.89,3,5,5.0,5.0,18.34
183272579#7,109.98,1,13.89,3,10,7.0,10.0,3837.64
183272580#0,35.62,1,13.89,3,0,0.0,0.0,0.0
183272584#0,17.89,1,22.22,7,2,2.0,2.0,346.94
183272587,36.68,1,22.22,7,533,533.0,533.0,10204.18
183272604,19.5,1,22.22,7,79,79.0,79.0,171.34
183272613#0,91.39,1,13.89,3,8,5.0,6.0,123.22
183272621,52.7,1,22.22,6,158,158.0,158.0,685.79
183272625#0,20.75,1,13.89,3,25,22.0,23.0,652.8
183272625#3,24.52,1,13.89,3,15,15.0,15.0,35.66
183272625#4,28.99,1,13.89,3,13,13.0,13.0,40.18
183272647,55.32,1,22.22,7,93,92.0,93.0,6737.6
183272654,43.72,4,27.78,12,21,21.0,17.0,69.91
183272713#0,45.47,1,22.22,7,46,40.0,46.0,20444.72
183521074#0,57.36,1,22.22,10,3,3.0,1.0,13.87
183521074#2,54.47,1,22.22,10,1,1.0,1.0,4.55
183521074#3,11.27,1,22.22,10,0,0.0,0.0,0.0
184083104#0,127.21,1,13.89,3,9,7.0,9.0,102.49
184083104#6,47.37,1,13.89,3,5,2.0,3.0,30.67
184083106,159.04,1,13.89,3,0,0.0,0.0,0.0
184083172,44.14,1,22.22,7,0,0.0,0.0,0.0
184083174,42.96,1,22.22,7,0,0.0,0.0,0.0
184083175,52.32,1,22.22,7,34,33.0,34.0,274.23
184083181#0,151.93,2,16.67,12,7,6.0,7.0,80.34
184083181#1,25.79,2,16.67,12,7,4.0,7.0,21.42
184083181#3,8.36,2,16.67,12,11,10.0,11.0,14.83
184083181#4,35.19,2,16.67,12,22,20.0,22.0,78.77
184083181#6,83.1,2,16.67,12,21,21.0,20.0,123.38
184083181#7,54.2,2,16.67,12,17,17.0,17.0,62.28
184083183#0,67.51,2,16.67,12,10,10.0,10.0,66.59
184083183#1,107.8,2,16.67,12,20,4.0,19.0,198.58
184083183#2,17.64,2,16.67,12,19,19.0,19.0,27.34
184083183#3,29.12,2,16.67,12,36,19.0,36.0,126.1
184083183#5,51.01,2,16.67,12,36,36.0,35.0,485.8
184083183#6,127.04,2,16.67,12,35,35.0,34.0,25904.48
184083187#0,41.56,3,16.67,12,26,23.0,25.0,88.43
184083187#1,84.34,3,16.67,12,31,30.0,31.0,184.33
184083187#2,85.16,3,16.67,12,46,46.0,45.0,285.34
184083187#3,101.97,3,16.67,12,149,149.0,147.0,2019.75
184083187#4,34.31,3,16.67,12,138,138.0,133.0,2788.56
184083187#5,5.97,3,16.67,12,133,133.0,125.0,339.08
184083191#1,20.44,3,16.67,12,30,30.0,30.0,61.73
184083252,38.43,4,27.78,12,210,207.0,210.0,14505.05
198564925#0,7.95,3,16.67,12,194,192.0,193.0,182.23
198564925#1,39.96,3,16.67,12,192,192.0,187.0,572.64
198564925#2,146.69,3,16.67,12,183,182.0,177.0,5115.92
198564925#4,111.48,3,16.67,12,173,173.0,171.0,26046.03
198564925#5,9.61,3,16.67,12,171,171.0,169.0,3283.43
198564926,60.85,1,22.22,6,35,35.0,35.0,172.2
198564928#0,115.7,1,27.78,11,36,35.0,36.0,8025.51
198564928#10,27.69,1,27.78,11,573,573.0,573.0,11317.57
198564928#11,39.22,1,27.78,11,574,574.0,574.0,16441.47
198564928#12,18.62,1,27.78,11,571,571.0,571.0,8543.32
198564928#13,5.11,1,27.78,11,567,567.0,566.0,2469.4
198564928#14,43.47,1,27.78,11,569,569.0,569.0,21534.56
198564928#15,0.69,1,27.78,11,573,572.0,573.0,539.69
198564928#16,32.67,1,27.78,11,570,569.0,569.0,16870.24
198564928#17,6.52,1,27.78,11,569,569.0,567.0,2753.62
198564928#18,25.0,1,27.78,11,571,571.0,571.0,15333.53
198564928#19,64.35,1,27.78,11,571,571.0,571.0,33468.51
198564928#21,39.17,1,27.78,11,570,570.0,570.0,23771.34
198564928#22,11.27,1,27.78,11,570,570.0,570.0,6896.08
198564928#23,11.68,1,27.78,11,601,601.0,600.0,3271.48
198564928#24,27.37,1,27.78,11,600,600.0,599.0,5648.35
198564928#25,0.2,1,27.78,11,582,582.0,580.0,531.81
198564928#26,110.24,1,27.78,11,579,579.0,579.0,21731.96
198564928#27,94.52,1,27.78,11,582,582.0,581.0,24449.76
198564928#28,46.29,1,27.78,11,577,577.0,577.0,15220.71
198564928#5,48.86,1,27.78,11,175,175.0,174.0,11298.67
198564928#6,55.19,1,27.78,11,174,174.0,174.0,12718.54
198564928#7,60.77,1,27.78,11,174,174.0,174.0,14950.69
198564928#8,29.26,1,27.78,11,174,174.0,174.0,7547.16
198564929#0,42.9,1,13.89,3,95,95.0,94.0,587.08
198564929#2,21.4,1,13.89,3,88,87.0,88.0,320.99
198564929#3,43.58,1,13.89,3,86,86.0,86.0,488.3
198564929#5,52.57,1,13.89,3,86,86.0,85.0,882.09
198564930,81.77,2,16.67,12,155,155.0,155.0,945.35
198564931,71.48,1,22.22,7,5,4.0,5.0,37.85
198564932,25.0,3,16.67,12,83,83.0,83.0,528.76
198564933,13.23,3,16.67,12,158,158.0,155.0,266.6
198564934#0,49.61,1,22.22,6,43,43.0,38.0,377.42
198564934#1,12.78,1,22.22,6,38,38.0,38.0,450.83
198564935#0,65.7,2,8.33,12,81,81.0,81.0,2009.58
198566324#0,12.8,8,27.78,12,22,13.0,21.0,3804.98
198691053#0,70.23,1,13.89,3,4,4.0,4.0,26.93
198691055#0,1.21,1,13.89,3,7,7.0,7.0,5.18
198691055#1,6.72,1,13.89,3,8,7.0,7.0,8.66
198691056#0,14.58,1,13.89,3,7,6.0,7.0,13.68
198691056#1,39.75,1,13.89,3,7,5.0,7.0,35.57
198691056#3,68.85,1,13.89,3,13,10.0,9.0,101.91
198691057#0,71.94,1,13.89,3,1,0.0,1.0,9.24
198691059,9.3,1,13.89,3,9,6.0,5.0,19.29
198691060,101.67,1,13.89,3,1,1.0,1.0,8.44
198691061#0,67.11,1,13.89,3,13,11.0,13.0,104.15
198691061#1,41.89,1,13.89,3,13,13.0,13.0,68.78
198691061#2,68.35,1,13.89,3,21,19.0,18.0,145.62
198691061#3,0.2,1,13.89,3,20,20.0,20.0,16.12
198691061#4,24.97,1,13.89,3,22,17.0,22.0,93.95
198691061#6,39.41,1,13.89,3,27,27.0,27.0,125.53
198691062#0,58.63,1,13.89,3,1,0.0,1.0,11.09
198691062#1,65.4,1,13.89,3,1,1.0,0.0,6.02
198691063#0,72.42,1,13.89,3,10,10.0,10.0,485.76
198691065#0,62.95,1,13.89,3,4,4.0,3.0,23.85
198691065#1,72.54,1,13.89,3,3,3.0,3.0,23.27
198691065#2,107.67,1,13.89,3,2,2.0,1.0,18.32
198691066,61.21,1,13.89,3,1,1.0,1.0,5.9
198691067#0,49.72,2,27.78,12,54,53.0,54.0,190.38
198691067#2,56.56,2,27.78,12,53,53.0,53.0,148.36
198691068,55.78,1,13.89,3,9,9.0,8.0,54.79
198691069#0,166.22,1,13.89,3,0,0.0,0.0,0.0
198691069#6,88.56,1,13.89,3,2,1.0,2.0,17.14
198691069#7,56.68,1,13.89,3,7,3.0,6.0,832.21
198691070#0,49.63,1,13.89,3,2,2.0,0.0,9.57
198691070#1,14.83,1,13.89,3,3,1.0,3.0,9.6
198691070#3,64.59,1,13.89,3,5,4.0,5.0,59.51
198691071#0,21.01,1,13.89,3,1,0.0,1.0,4.34
198691071#1,66.4,1,13.89,3,1,1.0,1.0,6.68
198691072#0,23.25,1,13.89,3,1,1.0,0.0,3.4
198691072#1,25.19,1,13.89,3,0,0.0,0.0,0.0
198691073#1,57.28,1,13.89,3,4,2.0,3.0,28.83
198691073#2,15.41,1,13.89,3,5,5.0,5.0,11.7
198691073#3,43.56,1,13.89,3,9,8.0,6.0,133.52
198691075#0,39.55,1,13.89,3,1,0.0,1.0,5.55
198691076#0,63.71,1,13.89,3,5,4.0,1.0,31.84
198691076#1,8.09,1,13.89,3,8,7.0,3.0,12.31
198691076#2,57.16,1,13.89,3,4,3.0,4.0,121.27
198691077#0,0.2,1,13.89,3,24,24.0,24.0,21.81
198691077#1,99.88,1,13.89,3,24,24.0,24.0,247.66
198691077#11,42.06,1,13.89,3,69,69.0,69.0,283.86
198691077#14,43.51,1,13.89,3,72,71.0,70.0,1572.01
198691077#15,4.85,1,13.89,3,71,71.0,69.0,280.72
198691077#3,25.48,1,13.89,3,27,27.0,27.0,78.43
198691077#4,41.05,1,13.89,3,28,27.0,28.0,104.99
198691077#6,46.04,1,13.89,3,32,31.0,32.0,183.74
198691077#7,79.55,1,13.89,3,62,61.0,62.0,448.28
198691077#9,31.52,1,13.89,3,70,68.0,70.0,214.63
198691078#0,46.41,1,13.89,3,6,5.0,6.0,36.75
198691078#1,16.69,1,13.89,3,11,11.0,10.0,23.12
198691078#2,21.12,1,13.89,3,6,4.0,2.0,16.61
198691078#3,134.64,1,13.89,3,2,2.0,2.0,26.22
198691079#0,46.8,1,13.89,3,1,1.0,1.0,6.42
198691079#1,41.2,1,13.89,3,8,8.0,8.0,38.25
198691079#2,42.35,1,13.89,3,7,6.0,6.0,35.78
198691079#3,71.13,1,13.89,3,0,0.0,0.0,0.0
198691080#0,0.2,1,13.89,3,2,2.0,2.0,1.38
198691080#1,18.37,1,13.89,3,1,1.0,1.0,1.91
198691080#2,26.41,1,13.89,3,1,1.0,1.0,3.35
198691081,62.88,1,13.89,3,1,1.0,1.0,7.18
198691082#0,50.44,1,13.89,3,10,10.0,7.0,51.34
198691082#3,48.4,1,13.89,3,8,8.0,5.0,32.66
198691082#4,65.45,1,13.89,3,14,6.0,14.0,107.67
198691082#5,61.55,1,13.89,3,6,6.0,4.0,32.85
198691082#6,73.31,1,13.89,3,4,4.0,4.0,30.45
198691083,52.66,1,13.89,3,4,4.0,3.0,23.68
198691084,45.73,1,13.89,3,5,5.0,5.0,22.85
198691085#0,38.31,1,13.89,3,11,9.0,11.0,49.25
198691085#1,58.3,1,13.89,3,9,9.0,9.0,51.85
198691085#2,65.26,1,13.89,3,3,3.0,2.0,16.25
198691085#3,41.48,1,13.89,3,2,2.0,2.0,8.04
198691086#0,125.8,1,13.89,3,2,1.0,1.0,23.18
198691086#3,69.63,1,13.89,3,6,6.0,3.0,47.9
198691087#0,64.31,1,13.89,3,6,5.0,1.0,41.23
198691088,47.59,1,13.89,3,2,2.0,0.0,9.92
198691090,26.06,1,13.89,3,9,8.0,8.0,24.26
198691091,59.44,1,13.89,3,2,0.0,2.0,17.49
198691092#0,33.75,1,13.89,3,6,6.0,6.0,28.48
198691092#1,11.78,1,13.89,3,7,7.0,7.0,14.5
198691092#2,38.06,1,13.89,3,4,3.0,2.0,18.44
198691092#3,65.63,1,13.89,3,1,1.0,1.0,7.13
198691092#4,41.14,1,13.89,3,5,5.0,5.0,21.54
198691092#5,62.81,1,13.89,3,8,5.0,8.0,75.89
198691093,56.3,1,13.89,3,0,0.0,0.0,0.0
198691704#0,29.23,1,22.22,7,31,29.0,31.0,336.11
198691704#2,27.79,1,22.22,7,37,33.0,37.0,3850.94
215843535#2,39.34,1,22.22,10,0,0.0,0.0,0.0
215843535#4,87.22,1,22.22,10,33,0.0,33.0,2457.31
218662402#0,46.56,2,27.78,12,440,440.0,435.0,61614.19
218684408#0,98.0,1,27.78,11,0,0.0,0.0,0.0
218684408#2,27.3,1,27.78,11,0,0.0,0.0,0.0
218684408#3,31.4,1,27.78,11,0,0.0,0.0,0.0
218684408#5,66.05,1,27.78,11,0,0.0,0.0,0.0
218684411#0,44.82,2,27.78,12,11,11.0,10.0,39.41
218684411#2,12.19,2,27.78,12,4,4.0,4.0,7.28
218684411#3,5.97,2,27.78,12,2,2.0,2.0,3.72
218684411#4,30.8,2,27.78,12,0,0.0,0.0,0.0
218769254#0,12.18,3,27.78,12,218,218.0,218.0,1542.5
218769254#1,37.23,3,27.78,12,218,218.0,218.0,7234.99
218769254#3,70.34,3,27.78,12,220,220.0,220.0,22898.75
218769257,34.44,2,16.67,12,2,1.0,2.0,8.05
218771978#1,216.94,1,27.78,12,0,0.0,0.0,0.0
218771978#2,131.92,1,27.78,12,15,15.0,12.0,136.23
218771978#3,87.2,1,27.78,12,12,12.0,7.0,41.53
218771978#5,82.98,1,27.78,12,7,7.0,5.0,28.81
218771978#6,50.99,1,27.78,12,2,2.0,1.0,6.55
218773868#0,16.64,2,27.78,12,475,475.0,456.0,16556.2
218773868#2,49.02,2,27.78,12,477,475.0,465.0,59462.0
218773868#3,23.46,2,27.78,12,478,478.0,463.0,30769.07
218773868#4,60.65,2,27.78,12,496,496.0,491.0,84772.86
218773868#5,48.88,2,27.78,12,507,507.0,483.0,69307.67
218773868#6,12.08,2,27.78,12,506,506.0,483.0,12425.17
218773869#1,31.3,2,27.78,12,751,751.0,698.0,61616.23
218773869#3,24.42,2,27.78,12,730,730.0,699.0,49794.55
218773869#4,39.44,2,27.78,12,725,725.0,696.0,76706.79
218773869#5,32.99,2,27.78,12,730,730.0,706.0,58389.1
218773869#6,82.37,2,27.78,12,737,735.0,698.0,143566.28
218773869#7,52.82,2,27.78,12,766,766.0,715.0,106514.95
218773869#8,26.25,2,27.78,12,766,766.0,710.0,55604.35
218915132#0,25.06,3,27.78,12,44,44.0,42.0,60.27
218915132#1,3.1,3,27.78,12,38,38.0,38.0,13.5
218915133#0,45.9,2,27.78,12,152,147.0,149.0,19385.7
218915133#2,47.58,2,27.78,12,145,145.0,145.0,25671.9
218915133#3,2.81,2,27.78,12,145,145.0,142.0,5010.28
218915135#3,109.38,2,27.78,12,178,177.0,178.0,854.43
218915135#4,39.79,2,27.78,12,179,178.0,179.0,362.83
218923153,5.26,3,16.67,12,1,1.0,0.0,0.6
218923160#0,257.02,3,16.67,12,156,155.0,156.0,2640.78
218923160#4,29.28,3,16.67,12,157,156.0,157.0,363.24
218923171#0,16.37,4,27.78,12,57,56.0,53.0,93.94
218923171#2,28.28,4,27.78,12,60,60.0,60.0,113.52
218923171#4,71.74,4,27.78,12,61,61.0,60.0,219.09
218923171#5,16.86,4,27.78,12,62,59.0,62.0,95.94
218923178#0,11.83,3,16.67,12,1,1.0,1.0,1.9
218923178#2,57.4,3,16.67,12,1,1.0,1.0,4.07
218923178#4,63.86,3,16.67,12,2,1.0,2.0,11.98
218923178#7,53.87,3,16.67,12,2,0.0,2.0,13.88
218923184,31.62,3,16.67,12,1,1.0,1.0,5.15
218923188#0,21.09,3,16.67,12,91,91.0,91.0,163.62
218923188#1,48.78,3,16.67,12,92,91.0,92.0,343.3
218923188#2,149.56,3,16.67,12,91,88.0,88.0,949.81
218923188#4,39.21,3,16.67,12,85,85.0,83.0,272.24
218924602#0,101.93,2,27.78,12,272,272.0,272.0,3297.69
218924602#2,107.34,2,27.78,12,275,275.0,275.0,7990.88
218924602#4,23.34,2,27.78,12,267,267.0,264.0,1834.71
218924602#6,35.96,2,27.78,12,265,265.0,262.0,2976.63
218924602#7,3.58,2,27.78,12,262,262.0,260.0,563.3
218924602#8,129.66,2,27.78,12,259,259.0,259.0,12993.17
218926711#0,58.28,2,27.78,12,145,134.0,107.0,35953.35
218926711#1,25.6,2,27.78,12,156,146.0,134.0,20137.47
218926711#2,72.78,2,27.78,12,185,184.0,152.0,64373.86
218926711#4,68.28,2,27.78,12,280,269.0,219.0,45129.06
218926711#6,95.39,2,27.78,12,284,283.0,283.0,84043.11
218960891#0,19.76,1,27.78,11,2,2.0,0.0,5.87
218960891#1,102.51,1,27.78,11,1,0.0,1.0,13.47
218960895#0,49.07,1,27.78,11,0,0.0,0.0,0.0
218960897,3.11,3,16.67,12,7,7.0,6.0,5.44
218974503#0,34.77,2,27.78,12,80,78.0,79.0,149.28
218974503#1,281.24,2,27.78,12,79,79.0,74.0,913.13
218974503#3,46.29,2,27.78,12,64,64.0,58.0,1365.93
218974503#5,10.36,2,27.78,12,58,58.0,54.0,862.15
218974504#1,9.54,3,16.67,12,99,99.0,98.0,124.04
218974504#2,123.79,3,16.67,12,99,98.0,99.0,844.89
218974504#3,97.69,3,16.67,12,94,93.0,94.0,614.26
218974504#4,78.1,3,16.67,12,99,98.0,96.0,550.22
218974504#5,50.65,3,16.67,12,93,92.0,93.0,347.87
219096264,32.62,3,16.67,12,159,157.0,158.0,401.94
219096265,31.75,4,27.78,11,23,23.0,20.0,70.11
219696191#0,71.08,1,22.22,7,5,3.0,5.0,45.88
219696192#0,101.44,1,27.78,11,491,489.0,491.0,32963.3
219696192#4,40.59,1,27.78,11,491,490.0,491.0,13464.13
219696192#5,173.92,1,27.78,11,460,460.0,460.0,67531.41
219696192#7,54.6,1,27.78,11,207,207.0,204.0,945.17
219696192#9,70.37,1,27.78,11,204,200.0,203.0,1289.22
219696193#0,7.84,2,27.78,12,795,795.0,753.0,25127.63
219696193#1,65.21,2,27.78,12,794,794.0,731.0,126687.27
219696193#2,40.55,2,27.78,12,794,794.0,751.0,78113.27
220028617,321.17,2,27.78,12,7,7.0,0.0,85.33
223296642,49.62,1,22.22,7,6,6.0,6.0,34.02
223418965#1,59.08,1,22.22,10,0,0.0,0.0,0.0
223418965#10,261.24,1,22.22,10,8,8.0,7.0,100.53
223418965#14,42.27,1,22.22,10,6,6.0,6.0,16.4
223418965#15,62.95,1,22.22,10,2,1.0,1.0,12.34
223418965#16,229.27,1,22.22,10,0,0.0,0.0,0.0
223418965#2,57.36,1,22.22,10,1,0.0,1.0,8.22
223418965#3,60.43,1,22.22,10,9,9.0,9.0,43.72
223418965#5,82.13,1,22.22,10,15,15.0,11.0,75.37
228795463#0,80.66,1,13.89,3,21,21.0,19.0,141.24
228795463#3,5.53,1,13.89,3,19,19.0,19.0,15.66
228795463#4,52.53,1,13.89,3,19,19.0,19.0,7486.63
228795465,73.07,1,13.89,3,4,4.0,0.0,28.1
228795467#0,52.6,1,13.89,3,3,3.0,3.0,21.0
228795467#1,96.59,1,13.89,3,6,6.0,2.0,105.58
228795468#0,37.41,1,13.89,3,0,0.0,0.0,0.0
228795468#1,34.76,1,13.89,3,3,2.0,1.0,14.74
228795468#2,25.19,1,13.89,3,1,1.0,1.0,3.22
228795468#3,35.79,1,13.89,3,0,0.0,0.0,0.0
228795471,10.99,1,13.89,3,1,1.0,1.0,2.77
228795472#0,77.23,1,13.89,3,0,0.0,0.0,0.0
228795472#1,64.27,1,13.89,3,6,4.0,6.0,41.75
228795472#2,5.49,1,13.89,3,0,0.0,0.0,0.0
228795474#0,73.48,1,13.89,3,2,2.0,1.0,15.96
228795474#1,55.39,1,13.89,3,2,2.0,0.0,11.28
228795475,122.32,1,13.89,3,7,5.0,2.0,79.31
228795477#0,101.96,1,13.89,3,3,3.0,0.0,28.36
228795477#2,26.0,1,13.89,3,0,0.0,0.0,0.0
228795477#3,25.98,1,13.89,3,0,0.0,0.0,0.0
228795477#5,10.87,1,13.89,3,3,3.0,3.0,3.92
228795477#6,29.78,1,13.89,3,3,3.0,3.0,12.04
228795477#7,45.27,1,13.89,3,3,2.0,2.0,16.88
228795477#8,30.27,1,13.89,3,1,1.0,1.0,6.73
228795478#0,35.89,1,13.89,3,0,0.0,0.0,0.0
228795478#1,44.44,1,13.89,3,4,4.0,0.0,19.37
228795478#2,49.45,1,13.89,3,0,0.0,0.0,0.0
228795480,76.89,1,13.89,3,1,1.0,0.0,6.89
228795481#1,39.13,1,13.89,3,5,5.0,5.0,27.54
228795483,34.25,1,13.89,3,0,0.0,0.0,0.0
228795484#0,45.68,1,13.89,3,1,1.0,0.0,5.39
228795484#1,38.06,1,13.89,3,6,0.0,6.0,42.31
228796091#0,12.97,1,13.89,3,1,1.0,1.0,2.69
228796091#1,29.78,1,13.89,3,0,0.0,0.0,0.0
228796091#2,102.97,1,13.89,3,1,0.0,1.0,14.07
228797633#0,42.81,1,13.89,3,3,3.0,3.0,11.43
228797635#0,96.05,1,13.89,3,7,7.0,7.0,62.57
228797635#2,60.71,1,13.89,3,5,2.0,5.0,37.26
228797638#0,68.58,1,13.89,3,28,2.0,26.0,259.46
228797640#0,151.31,1,13.89,3,10,10.0,9.0,127.59
228797640#2,52.5,1,13.89,3,11,11.0,9.0,57.69
228797640#3,48.35,1,13.89,3,4,4.0,0.0,15.75
228950039,39.85,1,13.89,3,3,3.0,3.0,13.85
228950040#0,47.04,1,13.89,3,11,11.0,11.0,2574.36
229028338#0,0.42,1,13.89,3,0,0.0,0.0,0.0
229028340#0,115.73,1,13.89,3,0,0.0,0.0,0.0
229028344#0,37.37,1,13.89,3,4,2.0,4.0,23.62
233651273,65.24,1,13.89,3,2,2.0,0.0,12.18
233651275,71.59,1,13.89,3,6,6.0,4.0,47.74
233651280#0,116.01,1,13.89,3,3,1.0,2.0,37.73
233651280#1,54.69,1,13.89,3,0,0.0,0.0,0.0
233651284#0,61.26,1,13.89,3,3,2.0,3.0,22.51
233651284#1,78.77,1,13.89,3,2,2.0,1.0,14.78
233651288#0,100.04,1,13.89,3,9,7.0,9.0,82.6
233651288#1,133.87,1,13.89,3,18,12.0,18.0,493.23
233651326#0,158.04,1,13.89,3,7,7.0,4.0,92.83
233651326#3,103.96,1,13.89,3,3,3.0,2.0,26.32
233651327#4,68.86,1,13.89,3,1,0.0,1.0,8.9
233651328#0,138.17,1,13.89,3,0,0.0,0.0,0.0
233652295#2,27.33,1,13.89,3,0,0.0,0.0,0.0
237470575#0,30.38,1,13.89,3,202,202.0,202.0,1071.87
237470575#1,57.51,1,13.89,3,199,199.0,11.0,1005.58
237470575#3,10.17,1,13.89,3,11,11.0,11.0,18.6
237470575#4,0.84,1,13.89,3,11,11.0,11.0,8.35
237470575#5,80.97,1,13.89,3,23,6.0,23.0,241.59
238535895#0,66.7,1,13.89,3,0,0.0,0.0,0.0
238535896#2,60.54,1,13.89,3,0,0.0,0.0,0.0
238536650#0,33.1,1,13.89,3,0,0.0,0.0,0.0
238536650#1,42.35,1,13.89,3,4,4.0,2.0,17.78
238536650#2,66.11,1,13.89,3,2,2.0,0.0,11.1
239357573#19,118.33,1,13.89,3,3,0.0,3.0,36.54
239357573#20,72.41,1,13.89,3,23,16.0,23.0,507.38
243542153#1,68.43,1,13.89,3,3,3.0,1.0,18.07
243542153#4,47.89,1,13.89,3,1,1.0,1.0,3.54
243542153#6,17.17,1,13.89,3,2,2.0,2.0,5.7
243542154#0,71.51,1,13.89,3,1,1.0,1.0,7.09
243542154#1,27.03,1,13.89,3,1,1.0,0.0,2.11
243542154#2,24.84,1,13.89,3,0,0.0,0.0,0.0
243542154#3,3.53,1,13.89,3,2,2.0,2.0,2.35
243542154#4,6.62,1,13.89,3,3,3.0,3.0,3.52
243542154#6,77.46,1,13.89,3,3,3.0,3.0,19.98
243542154#8,16.98,1,13.89,3,1,1.0,1.0,1.77
243542154#9,82.93,1,13.89,3,1,1.0,0.0,7.03
243542155#0,52.1,1,13.89,3,3,3.0,3.0,16.32
243542155#1,55.16,1,13.89,3,4,3.0,4.0,25.6
243542156#1,92.73,1,13.89,3,0,0.0,0.0,0.0
243542157,54.42,1,13.89,3,4,0.0,4.0,32.31
244214816#0,38.95,1,27.78,11,99,99.0,0.0,180.26
244215399,89.08,1,13.89,3,1,1.0,0.0,6.15
244215552#0,22.29,1,22.22,7,3,3.0,2.0,11.33
244215552#1,74.44,1,22.22,7,25,25.0,25.0,15385.12
244217578#0,48.34,1,8.33,3,3,3.0,3.0,20.83
244217578#1,70.98,1,8.33,3,15,1.0,15.0,181.34
244217578#2,34.36,1,8.33,3,27,26.0,27.0,702.29
244221644#0,225.24,1,27.78,11,22,22.0,21.0,194.03
244221644#1,77.05,1,27.78,11,24,21.0,24.0,1567.54
244221645,48.62,1,13.89,3,11,8.0,11.0,570.03
244221646#0,71.29,1,13.89,3,21,21.0,21.0,155.94
244221646#2,18.86,1,13.89,3,2,2.0,2.0,4.86
244221646#3,227.38,1,13.89,3,0,0.0,0.0,0.0
244384770#11,33.73,3,27.78,12,112,0.0,112.0,14352.12
244384770#12,354.35,3,27.78,12,228,112.0,227.0,471816.59
244399270,54.69,1,22.22,6,71,71.0,71.0,258.66
268782232#0,25.53,1,13.89,3,8,8.0,8.0,23.37
268782232#1,27.69,1,13.89,3,7,7.0,7.0,20.44
268782232#2,29.36,1,13.89,3,3,3.0,3.0,14.24
268782233#0,29.52,1,8.33,3,5,5.0,3.0,22.32
268782233#2,9.05,1,8.33,3,5,3.0,5.0,10.17
268782233#3,8.58,1,8.33,3,9,5.0,8.0,18.36
268782233#4,80.23,1,8.33,3,8,8.0,8.0,101.68
268782233#5,44.6,1,8.33,3,43,42.0,43.0,2030.63
268782234#0,33.9,1,8.33,3,3,3.0,2.0,16.82
268782234#1,48.6,1,8.33,3,1,1.0,0.0,6.6
268782329#0,25.0,1,8.33,3,2,2.0,2.0,10.62
268782329#1,28.12,1,8.33,3,2,2.0,0.0,8.82
268782331,25.26,1,8.33,3,1,1.0,0.0,3.57
268782333#0,34.07,1,8.33,3,1,1.0,0.0,5.39
268782333#1,31.77,1,8.33,3,1,1.0,0.0,5.51
268782334#0,24.59,1,8.33,3,5,3.0,5.0,21.29
268782334#1,28.59,1,8.33,3,4,4.0,4.0,19.46
268783056#0,8.26,2,27.78,12,7,7.0,7.0,3.46
270279684#0,8.34,1,13.89,3,0,0.0,0.0,0.0
270279684#1,43.12,1,13.89,3,16,11.0,16.0,4743.68
270279686#0,48.08,1,13.89,3,0,0.0,0.0,0.0
270279686#1,20.2,1,13.89,3,4,1.0,4.0,15.75
272228143#0,85.71,2,13.89,3,14,14.0,12.0,109.76
272228143#1,27.88,2,13.89,3,9,9.0,8.0,24.06
272228143#2,106.96,2,13.89,3,10,10.0,9.0,4306.36
272228144#0,33.11,1,13.89,3,3,3.0,1.0,12.16
272228144#1,59.0,1,13.89,3,1,1.0,1.0,5.21
272228144#2,40.63,1,13.89,3,3,3.0,3.0,13.72
272228144#3,16.78,1,13.89,3,2,2.0,0.0,3.59
272228338,28.15,1,13.89,3,2,2.0,1.0,8.57
272228339#0,25.4,1,13.89,3,5,2.0,4.0,21.68
272228339#1,18.63,1,13.89,3,4,4.0,4.0,13.12
272228339#2,2.6,1,13.89,3,4,4.0,4.0,3.5
272228339#3,7.32,1,13.89,3,4,4.0,4.0,7.78
272228340,39.28,1,13.89,3,11,0.0,11.0,75.13
272228440#0,36.53,1,13.89,3,2,0.0,2.0,18.07
272228442,24.04,1,13.89,3,1,1.0,0.0,2.31
272228567,22.08,1,13.89,3,0,0.0,0.0,0.0
272228670#0,164.18,1,13.89,3,0,0.0,0.0,0.0
272229587#0,55.81,1,13.89,3,31,31.0,30.0,184.21
272229587#2,22.57,1,13.89,3,30,30.0,30.0,63.36
272229587#3,12.19,1,13.89,3,31,30.0,30.0,50.9
272229587#5,26.4,1,13.89,3,28,28.0,27.0,74.7
272229587#7,25.43,1,13.89,3,24,24.0,24.0,59.96
272229587#8,89.47,1,13.89,3,33,33.0,33.0,294.43
272229587#9,18.53,1,13.89,3,22,22.0,22.0,79.96
272229588#0,54.26,1,13.89,3,6,6.0,4.0,34.3
272229588#1,12.02,1,13.89,3,5,3.0,3.0,11.55
272229589,62.08,1,13.89,3,0,0.0,0.0,0.0
272231354,45.28,1,13.89,3,4,1.0,4.0,23.12
272231355,48.37,1,13.89,3,12,12.0,11.0,60.18
272231356,17.86,1,13.89,3,0,0.0,0.0,0.0
272231357#2,58.5,1,13.89,3,13,13.0,8.0,72.77
272232099#0,61.06,1,13.89,3,1,0.0,1.0,8.28
272232099#2,248.23,1,13.89,3,1,0.0,1.0,23.92
272263605#0,129.69,1,13.89,3,2,1.0,2.0,26.64
272263605#2,50.52,1,13.89,3,3,3.0,3.0,17.23
273024752,21.57,1,13.89,3,6,6.0,5.0,69.95
273028084#0,146.36,1,13.89,3,3,3.0,3.0,34.34
273028084#10,81.14,1,13.89,3,2,2.0,2.0,22.4
273028084#6,90.53,1,13.89,3,3,3.0,3.0,21.71
273028084#9,29.16,1,13.89,3,5,3.0,3.0,18.63
273638833#0,10.04,1,13.89,3,0,0.0,0.0,0.0
273638833#6,76.24,1,13.89,3,0,0.0,0.0,0.0
273638834#0,0.46,1,13.89,3,21,21.0,21.0,8.48
273638834#2,141.1,1,13.89,3,21,21.0,21.0,227.2
273638834#5,29.7,1,13.89,3,21,21.0,20.0,56.14
273638834#7,48.46,1,13.89,3,16,16.0,15.0,91.75
273639040#0,94.04,1,13.89,3,0,0.0,0.0,0.0
273639055#0,27.37,1,13.89,3,5,0.0,5.0,26.75
273639055#2,17.03,1,13.89,3,2,2.0,1.0,3.79
273639055#3,90.51,1,13.89,3,1,1.0,1.0,7.3
273639055#6,25.04,1,13.89,3,1,1.0,1.0,3.74
273639056#0,61.79,1,13.89,3,48,48.0,48.0,27580.33
273639456,48.6,1,13.89,3,3,3.0,1.0,17.99
273639501#0,13.04,1,13.89,3,16,16.0,16.0,34.71
273639501#2,24.4,1,13.89,3,16,16.0,16.0,65.57
273639765#0,165.46,1,13.89,3,4,4.0,4.0,55.66
273639766,68.13,1,13.89,3,0,0.0,0.0,0.0
273640070#0,159.2,1,13.89,3,22,22.0,21.0,309.17
273640078#0,64.96,1,13.89,3,0,0.0,0.0,0.0
273640078#2,205.7,1,13.89,3,0,0.0,0.0,0.0
273647554#0,52.24,1,13.89,3,1,0.0,1.0,7.16
273647554#3,31.44,1,13.89,3,1,1.0,1.0,3.69
273647556#0,58.59,1,13.89,3,5,5.0,5.0,31.64
273647557,145.93,1,13.89,3,0,0.0,0.0,0.0
273647638#0,28.71,1,13.89,3,0,0.0,0.0,0.0
273647638#1,10.7,1,13.89,3,0,0.0,0.0,0.0
273648116#0,21.79,1,13.89,3,13,13.0,0.0,38.84
273896132#0,71.57,1,13.89,3,1,1.0,0.0,6.73
273896133#0,78.42,1,13.89,3,0,0.0,0.0,0.0
273896156#1,19.04,1,13.89,3,0,0.0,0.0,0.0
277257944#1,37.15,1,13.89,3,0,0.0,0.0,0.0
277257944#3,189.84,1,13.89,3,2,0.0,2.0,38.74
289213613#0,3.13,1,27.78,11,270,264.0,270.0,17674.33
289213613#3,10.72,1,27.78,11,272,270.0,272.0,14360.59
301285277#0,86.29,1,13.89,3,1,1.0,1.0,6.84
301285279#1,90.69,1,13.89,3,2,2.0,2.0,19.05
315658884#1,118.5,1,13.89,3,1,1.0,1.0,11.91
315658896#1,44.61,1,13.89,3,2,2.0,1.0,7.86
315658896#2,17.84,1,13.89,3,23,12.0,22.0,68.69
315658896#3,70.89,1,13.89,3,0,0.0,0.0,0.0
315658896#6,21.1,1,13.89,3,0,0.0,0.0,0.0
315658896#7,7.65,1,13.89,3,0,0.0,0.0,0.0
315658897#0,87.99,1,13.89,3,8,4.0,7.0,75.75
315658897#2,69.87,1,13.89,3,6,5.0,5.0,41.48
315658897#3,153.89,1,13.89,3,1,1.0,1.0,16.9
315658899#0,176.25,1,13.89,3,23,22.0,19.0,346.09
315658900#0,60.48,1,13.89,3,11,9.0,9.0,62.64
315658900#3,14.68,1,13.89,3,5,5.0,3.0,8.43
315658900#4,89.94,1,13.89,3,2,1.0,2.0,17.65
315658900#6,234.48,1,13.89,3,1,1.0,0.0,17.46
318747848#1,27.42,1,13.89,3,34,34.0,30.0,133.86
318747848#3,203.72,1,13.89,3,4,4.0,3.0,65.88
318747850#0,31.85,1,13.89,3,0,0.0,0.0,0.0
318747850#1,96.71,1,13.89,3,2,2.0,1.0,16.35
318747850#2,26.26,1,13.89,3,1,1.0,1.0,3.28
318747850#3,37.48,1,13.89,3,1,1.0,1.0,4.72
320463177#0,40.35,1,13.89,3,5,5.0,0.0,20.34
320463177#1,0.2,1,13.89,3,5,5.0,5.0,2.02
320463177#2,4.99,1,13.89,3,6,5.0,6.0,6.03
320463177#3,81.97,1,13.89,3,7,2.0,5.0,62.28
320463177#5,45.21,1,13.89,3,0,0.0,0.0,0.0
320463245#0,108.91,1,13.89,3,6,4.0,6.0,67.49
320463245#4,73.05,1,13.89,3,4,4.0,4.0,30.24
320463245#5,20.56,1,13.89,3,6,5.0,5.0,19.45
320463245#6,27.48,1,13.89,3,5,5.0,5.0,986.34
320463283,44.98,1,13.89,3,5,5.0,5.0,19.63
320473386,55.96,1,13.89,3,1,1.0,1.0,6.54
322977445,45.3,1,13.89,3,7,6.0,3.0,36.89
322977650,13.69,1,13.89,3,0,0.0,0.0,0.0
327035698#0,26.13,1,13.89,3,6,2.0,5.0,24.98
327035698#1,36.42,1,13.89,3,14,14.0,13.0,52.22
327035698#3,71.61,1,13.89,3,17,15.0,17.0,192.3
327035699#0,39.35,1,13.89,3,0,0.0,0.0,0.0
327035700#0,71.35,1,13.89,3,3,3.0,0.0,18.85
327035700#1,32.09,1,13.89,3,1,1.0,1.0,5.23
327035701,72.86,1,13.89,3,3,3.0,3.0,668.86
327035702#1,21.31,1,13.89,3,1,1.0,1.0,2.55
327035702#2,62.69,1,13.89,3,2,2.0,1.0,11.77
327040894#1,50.32,1,13.89,3,2,2.0,0.0,8.16
327040896,58.87,1,13.89,3,2,0.0,2.0,68.07
329612996,121.68,1,13.89,3,2,2.0,0.0,19.94
329995227#0,30.42,1,13.89,3,1,0.0,1.0,5.57
329995227#1,82.27,1,13.89,3,4,4.0,0.0,30.1
329995227#2,45.42,1,13.89,3,0,0.0,0.0,0.0
329995230#0,34.83,1,22.22,10,5,5.0,5.0,10.31
329995230#1,28.49,1,22.22,10,5,5.0,3.0,10.11
329995230#2,30.86,1,22.22,10,2,2.0,2.0,27.75
329995231#0,36.71,1,13.89,3,0,0.0,0.0,0.0
329995231#1,36.52,1,13.89,3,0,0.0,0.0,0.0
333554714#1,45.99,2,27.78,12,0,0.0,0.0,0.0
333554715#1,154.4,1,27.78,11,5,5.0,5.0,36.51
333554716,52.11,1,22.22,7,0,0.0,0.0,0.0
333554719,125.69,2,27.78,12,3,0.0,3.0,32.26
333555370,35.1,2,27.78,12,258,258.0,258.0,13471.98
333557072#3,63.06,2,27.78,12,165,165.0,161.0,14627.1
333557072#5,79.37,2,27.78,12,76,75.0,75.0,272.68
333972428#1,36.3,3,27.78,11,245,245.0,244.0,88958.14
333972428#2,72.57,3,27.78,11,252,252.0,244.0,220894.93
333972428#3,127.2,3,27.78,11,266,263.0,159.0,622143.02
344645186,79.73,1,13.89,3,13,4.0,13.0,185.67
344645187,77.24,1,13.89,3,8,2.0,6.0,76.39
344663909#1,44.47,1,13.89,3,190,0.0,190.0,1602.75
344663909#3,70.23,1,13.89,3,191,191.0,191.0,2246.15
345046979#0,141.02,2,27.78,12,138,138.0,137.0,13275.16
345046979#4,83.23,2,27.78,12,140,140.0,140.0,39496.88
347237859#0,61.75,2,27.78,12,780,780.0,766.0,132380.33
347237859#1,20.56,2,27.78,12,761,759.0,756.0,40561.62
347237859#2,16.88,2,27.78,12,758,758.0,747.0,45381.78
347237859#3,74.18,2,27.78,12,746,746.0,739.0,161036.41
347237859#4,134.34,2,27.78,12,751,751.0,746.0,295183.82
348626442,107.25,1,13.89,3,28,1.0,28.0,997.24
348626444#0,18.81,1,13.89,3,2,2.0,2.0,5.63
348626444#2,27.45,1,13.89,3,5,2.0,5.0,18.35
348626444#3,25.93,1,13.89,3,6,5.0,4.0,65.23
348648513#0,240.72,1,13.89,4,17,17.0,17.0,360.27
348648513#2,257.53,1,13.89,4,17,17.0,0.0,345.41
348648522,91.63,1,13.89,4,0,0.0,0.0,0.0
348657481#0,79.17,1,13.89,4,25,25.0,25.0,187.25
348657481#3,29.52,1,13.89,4,25,25.0,25.0,68.1
348657481#4,57.98,1,13.89,4,23,23.0,21.0,146.52
348657487#0,86.85,1,13.89,4,2,2.0,2.0,20.28
351672095#2,116.63,1,13.89,3,8,7.0,4.0,84.7
351672100#3,48.97,1,13.89,3,8,6.0,7.0,57.43
37399598#0,46.8,1,27.78,11,18,18.0,18.0,90.14
37399598#2,50.43,1,27.78,11,4,4.0,0.0,10.66
37399598#3,21.52,1,27.78,11,0,0.0,0.0,0.0
37399710,1533.95,2,27.78,12,62,62.0,0.0,3557.79
37399713#0,69.08,1,27.78,11,0,0.0,0.0,0.0
37399713#1,69.4,1,27.78,11,71,71.0,71.0,324.61
37399713#2,164.77,1,27.78,11,71,71.0,71.0,557.96
37399924#0,28.23,1,27.78,11,16,16.0,16.0,60.44
37399924#10,46.92,1,27.78,11,4,4.0,3.0,17.25
37399924#2,75.1,1,27.78,11,16,16.0,16.0,78.42
37399924#3,60.22,1,27.78,11,12,12.0,12.0,32.61
37399924#5,25.23,1,27.78,11,12,12.0,12.0,21.92
37399924#6,114.27,1,27.78,11,8,8.0,8.0,52.81
37399924#8,78.23,1,27.78,11,4,4.0,4.0,21.95
37399924#9,57.88,1,27.78,11,3,3.0,3.0,8.18
37400087#0,55.17,1,13.89,3,223,223.0,221.0,1103.79
37400087#3,250.79,1,13.89,3,221,221.0,0.0,4407.89
37400684#0,50.7,3,27.78,12,0,0.0,0.0,0.0
37400684#1,124.09,3,27.78,12,5,0.0,5.0,54.59
37400957,129.3,1,13.89,3,1,1.0,0.0,12.06
37402180#1,13.17,1,27.78,11,9,9.0,9.0,11.39
37402180#3,278.86,1,27.78,11,9,9.0,9.0,107.58
37402371,12.57,2,27.78,12,3,0.0,3.0,8.67
37403486#1,40.44,2,27.78,11,34,34.0,34.0,148.42
37403487#0,11.5,3,27.78,12,65,65.0,57.0,93.97
37403503#0,29.34,4,27.78,12,31,31.0,31.0,39.66
37403503#2,176.15,4,27.78,12,31,31.0,28.0,219.73
37403503#3,63.51,4,27.78,12,28,28.0,28.0,112.75
37403503#4,27.68,4,27.78,12,4,4.0,4.0,5.98
37403503#5,27.73,4,27.78,12,4,4.0,3.0,11.48
37403503#6,18.5,4,27.78,12,0,0.0,0.0,0.0
375125205#0,30.86,1,8.33,3,4,1.0,3.0,23.83
375125205#2,27.26,1,8.33,3,2,2.0,2.0,8.72
375125205#3,64.15,1,8.33,3,0,0.0,0.0,0.0
375125205#4,64.61,1,8.33,3,0,0.0,0.0,0.0
375125205#5,63.92,1,8.33,3,1,1.0,0.0,8.06
375125207#0,36.06,1,8.33,3,2,2.0,0.0,10.43
375125207#2,43.68,1,8.33,3,3,3.0,3.0,20.89
375125209,56.66,1,13.89,3,21,10.0,20.0,514.58
378453707#0,211.37,8,16.67,12,0,0.0,0.0,0.0
37928420#0,62.31,2,27.78,12,276,276.0,276.0,1165.59
379943276,66.79,4,27.78,12,52,52.0,52.0,168.42
379943301,1309.54,2,27.78,12,0,0.0,0.0,0.0
379943747,44.69,1,27.78,11,36,36.0,31.0,211.2
379943751,97.35,2,27.78,11,0,0.0,0.0,0.0
379943753#0,53.12,1,27.78,11,51,51.0,51.0,266.55
379943755#1,10.6,1,27.78,11,42,37.0,42.0,107.63
381226320,12.43,1,13.89,3,2,2.0,2.0,2.97
381226321,12.52,1,13.89,3,1,0.0,1.0,3.03
381226322#0,56.88,1,13.89,3,4,4.0,0.0,24.54
381226322#3,35.49,1,13.89,3,5,5.0,3.0,21.97
381226322#4,63.99,1,13.89,3,3,3.0,2.0,15.56
381226323,33.97,1,13.89,3,0,0.0,0.0,0.0
381226324,97.29,1,13.89,3,0,0.0,0.0,0.0
381226325,36.3,1,13.89,3,0,0.0,0.0,0.0
381230507#0,70.26,1,13.89,3,11,10.0,11.0,70.4
381230507#2,64.63,1,13.89,3,9,9.0,9.0,60.05
381447817#0,70.24,1,13.89,3,1,1.0,1.0,8.37
381447817#1,109.56,1,13.89,3,11,10.0,11.0,475.47
381447818,89.74,1,13.89,3,0,0.0,0.0,0.0
381447820,29.9,1,13.89,3,0,0.0,0.0,0.0
381447822,31.92,1,13.89,3,4,2.0,2.0,26.07
381447823#0,110.45,1,13.89,3,1,1.0,0.0,10.18
381447824,48.24,1,13.89,3,0,0.0,0.0,0.0
381447826,46.18,1,13.89,3,2,2.0,2.0,11.71
381447827,75.35,1,13.89,3,1,0.0,1.0,9.96
381447828,93.3,1,13.89,3,2,2.0,0.0,16.85
381447829#0,113.63,1,13.89,3,2,2.0,2.0,23.56
381447831#0,37.91,1,13.89,3,0,0.0,0.0,0.0
381447831#1,13.29,1,13.89,3,0,0.0,0.0,0.0
381447832,75.41,1,13.89,3,1,0.0,1.0,9.74
381447833#0,52.44,1,13.89,3,0,0.0,0.0,0.0
381447833#1,96.21,1,13.89,3,1,1.0,1.0,8.73
381447834#0,46.41,1,13.89,3,1,0.0,1.0,7.3
381447834#1,15.33,1,13.89,3,0,0.0,0.0,0.0
381447835#0,195.07,1,13.89,3,0,0.0,0.0,0.0
381447836#0,13.59,1,13.89,3,0,0.0,0.0,0.0
381447836#2,14.55,1,13.89,3,0,0.0,0.0,0.0
381447836#3,37.58,1,13.89,3,4,4.0,4.0,21.81
381452097#0,82.5,1,13.89,3,19,19.0,17.0,159.44
381452097#2,26.02,1,13.89,3,6,4.0,6.0,22.45
381452097#3,35.45,1,13.89,3,3,3.0,2.0,11.77
381452098#0,145.27,1,13.89,3,9,9.0,0.0,98.84
381452099,102.71,1,13.89,3,5,5.0,0.0,42.33
381452101#0,37.07,1,13.89,3,7,7.0,7.0,26.01
381452101#1,61.29,1,13.89,3,7,7.0,6.0,43.1
381452101#2,10.82,1,13.89,3,6,6.0,6.0,8.29
381452101#3,6.4,1,13.89,3,6,6.0,6.0,20.62
381452103#0,97.8,1,13.89,3,76,76.0,70.0,1052.98
381452103#1,149.76,1,13.89,3,43,42.0,36.0,590.86
381452104#0,83.0,1,13.89,3,17,17.0,16.0,125.29
381452104#1,14.18,1,13.89,3,10,10.0,10.0,16.94
381452104#2,205.32,1,13.89,3,20,8.0,20.0,562.14
381452106#1,0.2,1,13.89,3,0,0.0,0.0,0.0
381452106#3,0.21,1,13.89,3,1,1.0,1.0,0.69
381452106#4,33.47,1,13.89,3,2,1.0,2.0,8.37
381452106#6,96.95,1,13.89,3,2,2.0,2.0,18.03
381452108#0,26.22,1,13.89,3,16,16.0,14.0,60.53
381452108#1,108.91,1,13.89,3,5,5.0,2.0,42.99
381452108#2,81.19,1,13.89,3,3,2.0,3.0,22.62
381452108#4,2.09,1,13.89,3,4,2.0,4.0,4.54
381452108#5,37.0,1,13.89,3,4,4.0,4.0,19.42
381452110,15.21,1,13.89,3,0,0.0,0.0,0.0
381452111,33.3,1,13.89,3,1,0.0,1.0,6.39
381452112,15.11,1,13.89,3,0,0.0,0.0,0.0
381452116,53.1,1,13.89,3,2,2.0,2.0,22.29
381452117,10.67,1,13.89,3,0,0.0,0.0,0.0
381452120#1,33.41,1,13.89,3,19,19.0,9.0,57.41
381452120#2,63.62,1,13.89,3,10,8.0,3.0,60.8
381452120#3,65.26,1,13.89,3,6,4.0,6.0,42.5
381452120#5,32.04,1,13.89,3,8,8.0,8.0,30.17
381452120#6,58.18,1,13.89,3,6,4.0,6.0,367.95
381452122#0,45.3,1,13.89,3,13,13.0,12.0,56.62
381452125,52.72,1,13.89,3,3,3.0,0.0,17.54
381452128,58.41,1,13.89,3,0,0.0,0.0,0.0
381452129,16.26,1,13.89,3,4,0.0,4.0,16.2
381452130,73.04,1,13.89,3,5,5.0,5.0,39.19
381452132,52.69,1,13.89,3,7,5.0,6.0,231.56
381452133,33.87,1,13.89,3,0,0.0,0.0,0.0
381452134,101.31,1,13.89,3,4,4.0,3.0,43.5
381452136,46.43,1,13.89,3,0,0.0,0.0,0.0
381452137,24.51,1,13.89,3,6,6.0,0.0,16.19
381452138#0,16.75,1,13.89,3,0,0.0,0.0,0.0
381452138#1,29.96,1,13.89,3,4,4.0,0.0,12.37
381452140#0,21.75,1,13.89,3,0,0.0,0.0,0.0
381452140#1,68.09,1,13.89,3,1,1.0,1.0,8.32
381452141,56.65,1,13.89,3,2,1.0,2.0,15.43
381452143#0,8.24,1,13.89,3,5,3.0,5.0,9.83
381452143#1,41.87,1,13.89,3,5,5.0,5.0,25.6
381452147,36.13,1,13.89,3,1,1.0,0.0,3.46
381452149#0,2.4,1,13.89,3,0,0.0,0.0,0.0
381452149#1,67.56,1,13.89,3,0,0.0,0.0,0.0
381452151,108.49,1,13.89,3,3,3.0,3.0,34.06
381452152,78.52,1,13.89,3,7,6.0,4.0,52.82
381452153,63.6,1,13.89,3,11,11.0,10.0,73.39
381452155,52.69,1,13.89,3,1,1.0,0.0,5.96
381452156#0,26.66,1,13.89,3,0,0.0,0.0,0.0
381452156#2,104.12,1,13.89,3,1,1.0,1.0,12.73
381452158,67.07,1,13.89,3,0,0.0,0.0,0.0
381452159,46.55,1,13.89,3,9,9.0,0.0,43.04
381452160#0,45.64,1,13.89,3,3,3.0,2.0,13.22
381452160#1,37.28,1,13.89,3,2,2.0,2.0,6.48
381452160#2,13.47,1,13.89,3,2,2.0,0.0,2.46
381452162,86.49,1,13.89,3,0,0.0,0.0,0.0
381452163#0,12.77,1,13.89,3,13,13.0,8.0,27.56
381452163#1,9.91,1,13.89,3,8,8.0,8.0,9.64
381452163#2,23.83,1,13.89,3,9,8.0,9.0,25.23
381452163#3,17.54,1,13.89,3,4,4.0,4.0,9.99
381452163#4,16.71,1,13.89,3,1,1.0,1.0,1.36
381452163#5,17.58,1,13.89,3,1,1.0,0.0,1.4
381452166#0,49.38,1,13.89,3,0,0.0,0.0,0.0
381452166#1,55.44,1,13.89,3,0,0.0,0.0,0.0
381452166#2,32.19,1,13.89,3,5,2.0,3.0,347.59
381452167,33.4,1,13.89,3,1,1.0,1.0,5.22
381452169,67.47,1,13.89,3,2,2.0,1.0,14.54
381452170#0,30.19,1,13.89,3,23,20.0,23.0,2865.27
381452170#1,20.94,1,13.89,3,39,36.0,33.0,2418.7
381452172,89.25,1,13.89,3,0,0.0,0.0,0.0
381452174#0,74.2,1,13.89,3,6,6.0,5.0,47.51
381452174#1,94.39,1,13.89,3,4,0.0,4.0,46.34
381452175#0,7.93,1,13.89,3,13,13.0,13.0,19.34
381452175#1,20.17,1,13.89,3,13,13.0,13.0,25.81
381452175#2,22.41,1,13.89,3,15,15.0,15.0,32.78
381452175#3,35.52,1,13.89,3,15,15.0,13.0,46.89
381452176#0,41.78,1,13.89,3,34,34.0,34.0,1781.51
381452176#1,51.81,1,13.89,3,36,34.0,36.0,5158.37
381452178#0,46.3,1,13.89,3,6,6.0,6.0,21.91
381452178#1,23.19,1,13.89,3,6,6.0,3.0,16.2
381452179#0,24.17,1,13.89,3,2,2.0,2.0,7.89
381452179#1,7.85,1,13.89,3,8,5.0,5.0,13.46
381452179#3,29.46,1,13.89,3,6,6.0,6.0,43.1
381452180#0,0.77,1,13.89,3,7,0.0,7.0,11.96
381452180#1,17.39,1,13.89,3,10,10.0,7.0,32.34
381452180#4,78.04,1,13.89,3,0,0.0,0.0,0.0
381452182#0,103.56,1,13.89,3,20,13.0,7.0,523.0
381452182#1,44.24,1,13.89,3,0,0.0,0.0,0.0
381452186#0,23.92,1,13.89,3,3,3.0,1.0,8.28
381452186#1,61.67,1,13.89,3,0,0.0,0.0,0.0
381453320#0,31.89,1,13.89,3,6,6.0,6.0,20.09
381453320#1,106.15,1,13.89,3,5,0.0,5.0,60.75
381453320#2,17.76,1,13.89,3,8,8.0,8.0,16.98
381453320#3,18.64,1,13.89,3,8,8.0,8.0,76.01
381453321#1,20.78,1,13.89,3,0,0.0,0.0,0.0
381453321#2,16.58,1,13.89,3,1,1.0,1.0,2.81
381453321#4,13.88,1,13.89,3,0,0.0,0.0,0.0
381453321#5,85.8,1,13.89,3,4,1.0,3.0,40.26
381453322,28.45,1,13.89,3,0,0.0,0.0,0.0
381453323,35.48,1,13.89,3,1,1.0,1.0,5.21
381453324,22.88,1,13.89,3,1,1.0,1.0,30.94
381453325#1,34.26,1,13.89,3,1,0.0,1.0,278.76
381453326#0,43.46,1,13.89,3,9,8.0,7.0,41.26
381453326#1,25.28,1,13.89,3,8,7.0,8.0,24.0
381453326#3,37.35,1,13.89,3,6,6.0,6.0,1590.7
381453327,96.53,1,13.89,3,0,0.0,0.0,0.0
381453328#0,21.92,1,13.89,3,2,2.0,2.0,7.8
381453328#1,21.81,1,13.89,3,1,1.0,1.0,2.18
381453328#2,27.68,1,13.89,3,13,1.0,13.0,180.56
381453328#3,37.19,1,13.89,3,13,13.0,13.0,1814.41
381453329,109.54,1,13.89,3,1,0.0,1.0,12.96
381453331,94.63,1,13.89,3,0,0.0,0.0,0.0
381453798,64.5,1,13.89,3,0,0.0,0.0,0.0
381453800,79.66,1,13.89,3,24,18.0,24.0,5183.3
381456417#0,10.75,1,13.89,3,0,0.0,0.0,0.0
381456417#1,60.12,1,13.89,3,0,0.0,0.0,0.0
381456417#2,38.38,1,13.89,3,0,0.0,0.0,0.0
381456418#1,37.12,1,13.89,3,11,6.0,11.0,54.33
381456418#2,9.86,1,13.89,3,8,8.0,8.0,9.76
381456418#3,49.42,1,13.89,3,9,9.0,9.0,518.98
381456418#5,22.88,1,13.89,3,10,9.0,10.0,3941.19
381456419#0,10.13,1,13.89,3,6,5.0,5.0,12.52
381456419#1,47.59,1,13.89,3,5,5.0,5.0,365.45
381456420#0,21.12,1,13.89,3,6,6.0,6.0,16.91
381456420#1,19.63,1,13.89,3,6,6.0,5.0,11.37
381456420#3,18.25,1,13.89,3,5,5.0,5.0,8.98
381456420#5,7.07,1,13.89,3,5,5.0,5.0,5.29
381456420#6,38.89,1,13.89,3,4,4.0,4.0,13.66
381456420#7,18.42,1,13.89,3,5,5.0,5.0,15.72
381456422#0,52.35,1,13.89,3,4,4.0,4.0,26.31
381456422#3,27.63,1,13.89,3,1,1.0,1.0,2.18
381456422#4,3.14,1,13.89,3,1,1.0,0.0,0.51
381456422#6,31.06,1,13.89,3,8,7.0,8.0,31.44
381456422#7,5.17,1,13.89,3,8,8.0,8.0,16.9
381456424#0,25.83,1,13.89,3,2,2.0,0.0,4.54
381456424#1,3.67,1,13.89,3,2,0.0,2.0,3.74
381456424#2,11.5,1,13.89,3,6,6.0,5.0,9.43
381456424#3,12.12,1,13.89,3,10,10.0,10.0,15.94
381456424#4,13.09,1,13.89,3,10,10.0,10.0,14.1
381456424#6,10.15,1,13.89,3,10,10.0,10.0,20.17
381456424#8,36.82,1,13.89,3,10,10.0,10.0,54.88
381456429,20.3,1,13.89,3,0,0.0,0.0,0.0
381456432,64.05,1,13.89,3,1,0.0,1.0,8.48
381456433,28.8,1,13.89,3,6,6.0,6.0,29.39
381456437,24.07,1,13.89,3,0,0.0,0.0,0.0
381456440#0,20.43,1,13.89,3,1,0.0,1.0,4.12
381456441,55.66,1,13.89,3,2,2.0,2.0,14.86
381456443,49.19,1,13.89,3,2,2.0,1.0,11.15
381456444,30.76,1,13.89,3,2,1.0,2.0,10.22
381456445,27.56,1,13.89,3,5,5.0,3.0,20.52
381456446#0,23.16,1,13.89,3,0,0.0,0.0,0.0
381456446#1,21.83,1,13.89,3,1,1.0,0.0,3.16
381456447,49.53,1,13.89,3,1,1.0,0.0,4.45
381456448,53.77,1,13.89,3,0,0.0,0.0,0.0
381456449,29.46,1,13.89,3,0,0.0,0.0,0.0
381456451,58.17,1,13.89,3,1,1.0,1.0,7.32
381456453#0,43.01,1,13.89,3,0,0.0,0.0,0.0
381456453#1,18.13,1,13.89,3,4,1.0,4.0,16.21
381456455#0,0.2,1,13.89,3,5,5.0,5.0,1.97
381456455#1,19.69,1,13.89,3,9,5.0,9.0,1267.18
381456456,50.73,1,13.89,3,0,0.0,0.0,0.0
381456457#0,34.49,1,13.89,3,3,0.0,3.0,18.18
381456457#2,44.42,1,13.89,3,1,1.0,1.0,5.87
381456458,39.75,1,13.89,3,0,0.0,0.0,0.0
381456459,41.05,1,13.89,3,2,0.0,2.0,14.16
381456460,33.61,1,13.89,3,3,3.0,2.0,15.22
381456461,56.27,1,13.89,3,9,8.0,9.0,1202.17
381456462#0,23.25,1,13.89,3,32,32.0,31.0,89.06
381456462#1,17.03,1,13.89,3,31,31.0,31.0,54.21
381456462#2,52.4,1,13.89,3,30,30.0,30.0,13924.68
381456463#0,14.98,1,13.89,3,6,6.0,6.0,10.1
381456463#1,45.1,1,13.89,3,6,6.0,6.0,539.08
381456464#0,68.72,1,13.89,3,1,1.0,1.0,5.71
381456465,52.74,1,13.89,3,4,4.0,1.0,22.98
381456466#0,24.32,1,13.89,3,1,1.0,0.0,2.59
381456466#1,5.39,1,13.89,3,3,0.0,3.0,5.5
381456466#2,23.45,1,13.89,3,1,1.0,0.0,3.48
381456468#0,10.61,1,13.89,3,0,0.0,0.0,0.0
381456468#1,24.69,1,13.89,3,2,2.0,1.0,6.82
381456469#0,6.59,1,13.89,3,0,0.0,0.0,0.0
381456469#1,16.03,1,13.89,3,38,0.0,38.0,138.18
381456469#2,25.69,1,13.89,3,38,38.0,38.0,223.05
381458589#0,27.6,1,13.89,3,8,0.0,8.0,42.9
381458589#1,0.2,1,13.89,3,8,8.0,0.0,3.38
381802843#0,55.75,1,13.89,3,2,2.0,2.0,12.16
381802843#1,76.49,1,13.89,3,1,1.0,0.0,6.68
381802844#0,5.22,1,13.89,3,2,2.0,2.0,3.44
381802844#1,9.81,1,13.89,3,0,0.0,0.0,0.0
381802844#2,0.2,1,13.89,3,1,1.0,1.0,0.86
381802844#3,0.2,1,13.89,3,0,0.0,0.0,0.0
381802844#5,9.23,1,13.89,3,3,3.0,3.0,5.53
381802844#6,2.43,1,13.89,3,3,3.0,3.0,2.37
381802844#7,4.71,1,13.89,3,2,2.0,2.0,1.57
381802844#8,14.29,1,13.89,3,2,2.0,0.0,2.97
381802845#0,45.31,1,13.89,3,1,0.0,1.0,7.02
381802845#2,33.66,1,13.89,3,0,0.0,0.0,0.0
381802845#3,40.13,1,13.89,3,0,0.0,0.0,0.0
381802847#0,151.13,1,13.89,3,19,19.0,19.0,256.43
381802847#1,36.63,1,13.89,3,5,5.0,2.0,18.8
381802847#2,88.8,1,13.89,3,2,0.0,2.0,20.81
381802847#3,25.43,1,13.89,3,5,5.0,4.0,16.97
381802847#4,19.86,1,13.89,3,0,0.0,0.0,0.0
381802847#5,26.85,1,13.89,3,0,0.0,0.0,0.0
381802848#0,13.44,1,13.89,3,0,0.0,0.0,0.0
381802848#1,32.74,1,13.89,3,0,0.0,0.0,0.0
381802848#2,34.81,1,13.89,3,0,0.0,0.0,0.0
381802853,15.01,1,13.89,3,0,0.0,0.0,0.0
381802858,16.07,1,13.89,3,0,0.0,0.0,0.0
381802860#0,46.31,1,13.89,3,0,0.0,0.0,0.0
381802860#1,67.37,1,13.89,3,2,1.0,2.0,18.0
381802860#2,86.53,1,13.89,3,13,0.0,13.0,140.81
381802863,70.72,1,13.89,3,0,0.0,0.0,0.0
381802870#0,39.9,1,13.89,3,0,0.0,0.0,0.0
381802870#1,33.77,1,13.89,3,2,2.0,2.0,8.59
381802874#0,32.42,1,13.89,3,0,0.0,0.0,0.0
381802874#1,35.06,1,13.89,3,0,0.0,0.0,0.0
381802876#0,29.22,1,13.89,3,0,0.0,0.0,0.0
381802876#1,70.27,1,13.89,3,2,0.0,2.0,18.28
381802879#0,69.08,1,13.89,3,14,0.0,14.0,129.28
381802879#1,66.61,1,13.89,3,22,14.0,22.0,169.49
381802879#2,59.03,1,13.89,3,8,8.0,8.0,57.13
381802881#0,46.82,1,13.89,3,0,0.0,0.0,0.0
381802881#1,61.53,1,13.89,3,2,2.0,2.0,13.98
381802882,69.11,1,13.89,3,3,0.0,3.0,27.97
381802883#0,68.91,1,13.89,3,0,0.0,0.0,0.0
381802883#1,66.11,1,13.89,3,0,0.0,0.0,0.0
381802883#2,52.14,1,13.89,3,2,2.0,2.0,12.18
381802884#0,17.46,1,13.89,3,5,4.0,5.0,17.1
381802884#1,33.63,1,13.89,3,4,4.0,4.0,14.96
381802888,71.66,1,13.89,3,2,2.0,2.0,14.51
381807690#0,81.07,1,13.89,3,2,2.0,2.0,15.3
381807690#2,46.31,1,13.89,3,0,0.0,0.0,0.0
381807690#3,67.36,1,13.89,3,0,0.0,0.0,0.0
381807694#0,43.06,1,13.89,3,4,4.0,4.0,24.0
381807698#0,145.4,1,13.89,3,3,3.0,3.0,41.39
381807717#0,35.6,1,13.89,3,3,3.0,3.0,9.79
381807717#1,34.9,1,13.89,3,6,3.0,6.0,28.12
381807717#2,100.03,1,13.89,3,5,5.0,3.0,43.0
381807717#5,24.43,1,13.89,3,0,0.0,0.0,0.0
381807720#0,193.71,1,13.89,3,6,4.0,6.0,102.9
381807720#3,42.86,1,13.89,3,6,3.0,6.0,41.69
381807721#0,104.18,1,13.89,3,0,0.0,0.0,0.0
381807721#2,91.95,1,13.89,3,0,0.0,0.0,0.0
381807721#3,25.0,1,13.89,3,1,1.0,0.0,2.9
381809843#0,52.55,1,13.89,3,14,14.0,14.0,89.66
381809843#1,115.24,1,13.89,3,0,0.0,0.0,0.0
381809844#1,97.96,1,13.89,3,4,4.0,4.0,39.72
381809847,62.44,1,13.89,3,0,0.0,0.0,0.0
381809849#0,59.59,1,13.89,3,0,0.0,0.0,0.0
381809849#1,41.06,1,13.89,3,0,0.0,0.0,0.0
382947009,146.45,1,13.89,3,4,4.0,1.0,51.52
383097712#1,176.57,3,27.78,11,255,255.0,254.0,274558.28
383097714,18.36,5,27.78,12,531,528.0,531.0,36663.18
383097715,139.84,4,27.78,12,0,0.0,0.0,0.0
383097717,1325.22,2,27.78,12,0,0.0,0.0,0.0
383097720,52.72,5,27.78,12,38,38.0,38.0,176.56
383097721,134.37,4,27.78,12,0,0.0,0.0,0.0
383097722#0,28.11,7,27.78,12,307,307.0,307.0,31016.01
383097723,114.78,3,27.78,12,71,71.0,57.0,374.64
383097727#0,0.45,1,22.22,7,1,1.0,1.0,0.8
383097728,13.05,1,22.22,7,38,38.0,38.0,109.13
384030395,125.41,1,13.89,3,11,10.0,8.0,124.76
384030398#0,99.13,1,13.89,3,15,11.0,15.0,158.88
384030401#1,71.07,1,13.89,3,15,10.0,15.0,130.82
384030401#2,83.47,1,13.89,3,23,17.0,23.0,209.23
386023652#0,0.2,2,27.78,12,32,29.0,31.0,23.94
386023652#1,81.13,2,27.78,12,41,31.0,39.0,250.59
386023652#2,20.42,2,27.78,12,9,8.0,9.0,49.41
394102601,25.32,1,22.22,6,24,24.0,24.0,43.18
395564622#0,15.71,1,13.89,3,80,80.0,80.0,8406.11
395564622#1,24.51,1,13.89,3,4,4.0,2.0,13.11
395564622#2,38.92,1,13.89,3,2,2.0,2.0,107.32
413953595,14.4,2,27.78,12,117,117.0,117.0,87.62
413953596#0,15.55,3,27.78,12,124,124.0,122.0,257.76
413953596#1,8.69,3,27.78,12,122,122.0,122.0,132.31
413953596#2,108.96,3,27.78,12,178,178.0,178.0,1075.93
413953596#3,16.89,3,27.78,12,118,118.0,117.0,101.5
413953597#1,20.33,2,27.78,12,170,170.0,168.0,12144.92
413953597#2,16.73,2,27.78,12,170,170.0,167.0,9680.34
420089386#0,46.36,1,13.89,3,4,4.0,3.0,17.37
420089386#2,33.25,1,13.89,3,3,3.0,3.0,13.19
420089386#3,41.43,1,13.89,3,2,2.0,0.0,7.86
420092887#0,81.64,1,8.33,3,3,0.0,3.0,37.47
420092887#1,117.86,1,8.33,3,0,0.0,0.0,0.0
420092888#0,76.38,1,13.89,3,2,0.0,2.0,20.43
420092888#1,81.34,1,13.89,3,2,2.0,2.0,16.84
420092889#0,46.95,1,13.89,3,1,1.0,1.0,6.57
420092889#2,21.28,1,13.89,3,0,0.0,0.0,0.0
420092889#3,24.02,1,13.89,3,0,0.0,0.0,0.0
420092889#4,24.87,1,13.89,3,2,2.0,0.0,6.08
420097204#3,46.33,1,13.89,3,1,0.0,1.0,7.69
420187959#1,21.62,1,13.89,3,149,139.0,119.0,663.78
420187959#12,85.88,1,13.89,3,3,3.0,1.0,25.93
420187959#3,39.54,1,13.89,3,89,89.0,79.0,1495.11
420187959#4,31.19,1,13.89,3,51,43.0,31.0,198.2
420187959#5,12.4,1,13.89,3,24,23.0,22.0,38.04
420187959#6,69.9,1,13.89,3,20,19.0,20.0,122.95
420187959#8,15.92,1,13.89,3,20,19.0,18.0,48.28
420187959#9,25.54,1,13.89,3,3,3.0,3.0,9.23
420317538#1,141.66,1,13.89,3,1,0.0,1.0,67.9
420317538#2,132.26,1,13.89,3,0,0.0,0.0,0.0
420317540,132.48,1,13.89,3,0,0.0,0.0,0.0
420317541#0,26.18,1,13.89,3,21,14.0,21.0,1157.74
420317541#1,26.24,1,13.89,3,37,28.0,37.0,1654.48
420317541#2,51.3,1,13.89,3,36,36.0,25.0,200.66
420317543#0,39.26,1,13.89,3,3,2.0,1.0,15.58
420317543#1,43.26,1,13.89,3,28,28.0,25.0,532.49
420317544#2,156.76,1,13.89,3,11,2.0,11.0,529.7
420319840#0,29.74,1,13.89,3,1,1.0,1.0,3.17
420319840#1,2.26,1,13.89,3,5,5.0,5.0,5.52
420319841#0,33.13,1,13.89,3,6,6.0,6.0,22.26
420319841#2,26.58,1,13.89,3,61,6.0,59.0,275.81
420319841#3,17.03,1,13.89,3,57,57.0,55.0,99.03
420319841#4,15.87,1,13.89,3,55,55.0,55.0,86.84
420319841#5,20.1,1,13.89,3,55,55.0,55.0,166.04
420319841#6,24.76,1,13.89,3,0,0.0,0.0,0.0
420319841#7,23.89,1,13.89,3,0,0.0,0.0,0.0
420319841#8,20.34,1,13.89,3,0,0.0,0.0,0.0
420319841#9,60.5,1,13.89,3,1,0.0,1.0,8.65
420319844,59.06,1,13.89,3,1,1.0,0.0,5.5
420319845,127.9,1,13.89,3,43,9.0,43.0,602.66
420319846,14.01,1,13.89,3,8,8.0,8.0,23.86
420319848#0,17.6,1,13.89,3,22,21.0,22.0,39.95
420319848#1,45.16,1,13.89,3,21,21.0,21.0,82.24
420319848#2,25.67,1,13.89,3,19,19.0,19.0,45.31
420319848#3,16.77,1,13.89,3,18,18.0,18.0,29.31
420319848#4,18.02,1,13.89,3,21,18.0,21.0,42.84
420319848#5,15.51,1,13.89,3,23,20.0,23.0,68.17
420319848#7,31.08,1,13.89,3,21,21.0,21.0,470.64
420331800#0,46.76,1,8.33,3,0,0.0,0.0,0.0
420331800#3,65.96,1,8.33,3,0,0.0,0.0,0.0
420331800#4,73.46,1,8.33,3,4,1.0,3.0,44.16
420331801#0,82.24,1,8.33,3,0,0.0,0.0,0.0
420331801#1,95.37,1,8.33,3,0,0.0,0.0,0.0
420331802#0,67.5,1,13.89,3,3,3.0,2.0,18.71
420331802#1,67.5,1,13.89,3,0,0.0,0.0,0.0
420331802#2,67.52,1,13.89,3,55,55.0,55.0,521.23
420331803,68.97,1,13.89,3,3,3.0,3.0,17.3
420331804,68.66,1,13.89,3,0,0.0,0.0,0.0
420331805,68.9,1,13.89,3,1,1.0,0.0,6.73
420331806,78.29,1,13.89,3,0,0.0,0.0,0.0
420331807#0,34.32,1,13.89,3,3,3.0,3.0,11.72
420331807#1,32.64,1,13.89,3,0,0.0,0.0,0.0
420331808,69.81,1,13.89,3,2,2.0,0.0,11.18
420331809,32.14,1,13.89,3,0,0.0,0.0,0.0
420331810,67.59,1,13.89,3,2,2.0,0.0,13.07
420331811#0,35.69,1,13.89,3,0,0.0,0.0,0.0
420331811#1,48.09,1,13.89,3,2,0.0,2.0,12.44
420331812#0,33.91,1,13.89,3,7,7.0,7.0,29.87
420331812#1,0.2,1,13.89,3,3,3.0,2.0,2.1
420331812#2,9.81,1,13.89,3,4,3.0,2.0,6.6
420331812#3,1.86,1,13.89,3,4,4.0,4.0,4.49
420331812#4,38.49,1,13.89,3,2,2.0,0.0,8.11
420331813#0,32.66,1,13.89,3,0,0.0,0.0,0.0
420331814#1,2.83,1,13.89,3,2,2.0,2.0,1.24
420331814#2,10.29,1,13.89,3,2,2.0,2.0,4.65
420331815,39.74,1,13.89,3,4,4.0,4.0,51.94
420331816#0,7.97,1,13.89,3,21,21.0,20.0,40.95
420331816#2,24.65,1,13.89,3,1,1.0,0.0,2.4
420331818#0,42.72,1,13.89,3,3,2.0,1.0,16.3
420331820,102.63,1,13.89,3,0,0.0,0.0,0.0
420331823,65.49,1,13.89,3,4,4.0,2.0,29.43
420331825#0,93.97,1,13.89,3,6,6.0,5.0,48.66
420331825#1,39.79,1,13.89,3,5,5.0,5.0,20.82
420331825#2,47.49,1,13.89,3,2,2.0,1.0,7.95
420331825#3,54.66,1,13.89,3,1,1.0,0.0,4.74
420331825#4,21.61,1,13.89,3,0,0.0,0.0,0.0
420331827,46.04,1,13.89,3,4,4.0,4.0,35.54
420331830,66.87,1,13.89,3,0,0.0,0.0,0.0
420331831,49.62,1,13.89,3,9,5.0,9.0,609.23
420331834,119.11,1,13.89,3,2,0.0,2.0,159.06
420331835#0,37.17,1,13.89,3,18,18.0,18.0,81.88
420331836,35.53,1,13.89,3,4,4.0,0.0,14.61
420331837#1,46.33,1,13.89,3,0,0.0,0.0,0.0
420331838#0,56.29,1,13.89,3,0,0.0,0.0,0.0
420331838#1,34.6,1,13.89,3,3,2.0,1.0,17.66
420331839,74.61,1,13.89,3,3,3.0,3.0,23.55
420334155#0,186.32,2,8.33,10,5,1.0,4.0,128.8
420335669,55.09,1,13.89,3,0,0.0,0.0,0.0
420345569,133.82,1,13.89,3,2,0.0,2.0,380.35
420348540#0,121.5,1,13.89,3,2,2.0,1.0,19.84
420348542#0,53.66,1,13.89,3,0,0.0,0.0,0.0
420348542#1,34.72,1,13.89,3,0,0.0,0.0,0.0
420348545,120.49,1,13.89,3,0,0.0,0.0,0.0
420348553,31.2,1,13.89,3,0,0.0,0.0,0.0
420348555#0,73.52,1,13.89,3,92,92.0,92.0,40655.97
420348556#0,19.09,1,13.89,3,2,1.0,2.0,5.63
420348556#2,32.27,1,13.89,3,2,2.0,2.0,6.23
420348556#3,56.74,1,13.89,3,2,1.0,1.0,248.21
420348560,109.45,1,13.89,3,0,0.0,0.0,0.0
420348561#0,18.84,1,13.89,3,6,6.0,6.0,15.2
420348561#1,31.56,1,13.89,3,5,5.0,1.0,13.18
420348561#2,14.56,1,13.89,3,2,1.0,1.0,4.42
420361194#0,89.42,1,13.89,3,61,61.0,61.0,35954.38
420361195,14.7,1,22.22,7,32,32.0,30.0,92.7
420361196,288.07,2,27.78,12,637,637.0,628.0,601008.22
420361201,185.78,1,13.89,3,46,46.0,46.0,3502.76
420361205#0,127.91,1,13.89,3,0,0.0,0.0,0.0
420361206#0,89.74,1,13.89,3,0,0.0,0.0,0.0
420383139#0,67.39,1,13.89,3,12,12.0,6.0,70.2
420383139#1,62.93,1,13.89,3,6,6.0,6.0,144.83
420383139#2,73.73,1,13.89,3,4,4.0,4.0,30.57
420383140#1,55.64,1,13.89,3,37,37.0,37.0,196.84
420383140#4,30.77,1,13.89,3,8,8.0,5.0,24.1
420383140#5,8.05,1,13.89,3,3,3.0,3.0,4.24
420383140#7,17.56,1,13.89,3,1,1.0,1.0,2.59
420383141#0,41.44,1,27.78,11,182,182.0,181.0,1609.14
420383141#1,128.43,1,27.78,11,177,177.0,177.0,11139.29
420383143#0,75.45,1,13.89,3,2,2.0,2.0,14.13
420383143#2,51.92,1,13.89,3,0,0.0,0.0,0.0
420383144#0,74.4,1,13.89,3,2,1.0,1.0,16.98
420383144#1,60.62,1,13.89,3,0,0.0,0.0,0.0
420383145,108.55,1,13.89,3,0,0.0,0.0,0.0
420383146#0,110.66,1,13.89,3,0,0.0,0.0,0.0
420383147,42.89,1,13.89,3,0,0.0,0.0,0.0
420383150#1,0.2,1,13.89,3,8,8.0,8.0,8.21
420383150#2,7.34,1,13.89,3,0,0.0,0.0,0.0
420383150#3,10.72,1,13.89,3,2,0.0,2.0,5.61
420383150#4,54.47,1,13.89,3,3,3.0,3.0,18.33
420383150#5,31.25,1,13.89,3,1,1.0,0.0,3.86
420383151,70.6,1,13.89,3,2,2.0,2.0,12.34
420383152,15.97,1,13.89,3,0,0.0,0.0,0.0
420383153,32.32,1,13.89,3,0,0.0,0.0,0.0
420383159#0,101.77,1,13.89,3,2,2.0,1.0,20.27
420383159#2,82.4,1,13.89,3,4,2.0,3.0,36.82
420383160#0,13.04,1,13.89,3,6,5.0,6.0,13.54
420383161,54.61,1,13.89,3,0,0.0,0.0,0.0
420391187#0,50.71,1,13.89,3,0,0.0,0.0,0.0
420391195,78.93,1,13.89,3,0,0.0,0.0,0.0
420393496#4,5.51,1,13.89,3,0,0.0,0.0,0.0
422584938,250.13,1,22.22,10,0,0.0,0.0,0.0
422599316#1,8.78,2,27.78,12,0,0.0,0.0,0.0
428260110,37.19,2,27.78,12,612,612.0,600.0,54967.86
428260116#1,10.63,2,27.78,12,7,7.0,6.0,84.57
428544127,30.62,1,22.22,6,42,36.0,42.0,174.07
431903251#0,46.16,1,13.89,3,18,17.0,2.0,98.37
431903251#1,46.76,1,13.89,3,2,2.0,0.0,8.82
438360329#0,66.94,1,22.22,5,38,38.0,38.0,193.46
438360331#0,8.04,2,27.78,12,57,56.0,57.0,69.24
438360331#2,201.89,2,27.78,12,62,57.0,60.0,3167.38
464233655,55.6,1,13.89,3,1,0.0,1.0,8.9
464445691#1,54.92,1,13.89,3,1,0.0,1.0,7.42
464445691#3,43.34,1,13.89,3,0,0.0,0.0,0.0
464445692#0,16.25,1,13.89,3,8,6.0,8.0,18.6
464445692#1,20.1,1,13.89,3,10,8.0,10.0,32.72
464459665,26.97,1,13.89,3,0,0.0,0.0,0.0
464459667,43.96,1,13.89,3,0,0.0,0.0,0.0
464459668#0,88.55,1,13.89,3,2,2.0,2.0,15.23
464459668#2,42.65,1,13.89,3,1,1.0,0.0,3.77
464461045,136.35,1,13.89,3,0,0.0,0.0,0.0
464461046,109.52,1,13.89,3,0,0.0,0.0,0.0
464461048#0,34.03,1,13.89,3,6,6.0,5.0,21.2
464461048#1,89.29,1,13.89,3,5,5.0,4.0,34.04
464461048#2,15.38,1,13.89,3,13,13.0,13.0,36.51
464461049#0,49.47,1,13.89,3,0,0.0,0.0,0.0
464461049#1,25.63,1,13.89,3,2,1.0,2.0,7.32
464461049#2,0.4,1,13.89,3,2,2.0,2.0,2.42
464461050,20.87,1,13.89,3,3,3.0,3.0,10.29
464461051,14.0,1,13.89,3,0,0.0,0.0,0.0
464461052#0,29.81,1,13.89,3,0,0.0,0.0,0.0
464461053#0,90.26,1,13.89,3,12,12.0,5.0,95.86
464461053#2,187.55,1,13.89,3,2,1.0,2.0,31.17
464461053#3,42.34,1,13.89,3,2,2.0,1.0,7.85
464461053#4,60.31,1,13.89,3,1,1.0,1.0,4.94
464461053#5,56.23,1,13.89,3,1,1.0,0.0,4.63
464461054#0,18.72,1,13.89,3,28,28.0,28.0,66.32
464461054#1,120.88,1,13.89,3,28,28.0,28.0,496.15
464461055,7.42,1,13.89,3,5,5.0,5.0,7.24
464461056,11.91,1,13.89,3,2,2.0,0.0,2.64
464461057#0,52.15,1,13.89,3,3,1.0,3.0,23.41
464461057#1,38.84,1,13.89,3,2,2.0,2.0,10.01
464461057#2,117.55,1,13.89,3,2,2.0,2.0,24.93
464461060,49.8,1,13.89,3,13,13.0,13.0,87.99
464461063,93.06,1,13.89,3,0,0.0,0.0,0.0
469260694#0,92.0,2,27.78,11,0,0.0,0.0,0.0
470453019#0,11.32,1,13.89,3,4,4.0,2.0,4.81
470453019#4,16.34,1,13.89,3,2,2.0,2.0,3.22
470453019#5,28.07,1,13.89,3,5,5.0,4.0,14.58
470453019#6,41.34,1,13.89,3,4,4.0,4.0,22.26
477063271,0.2,2,27.78,12,186,182.0,182.0,146.49
480233462#0,72.75,2,27.78,12,131,122.0,122.0,559.99
480233462#3,69.47,2,27.78,12,140,140.0,136.0,501.91
480233463#0,68.1,2,27.78,12,69,69.0,0.0,189.03
482167259,21.01,2,27.78,12,8,8.0,7.0,21.19
482167260,55.0,2,27.78,12,2,2.0,1.0,5.48
493183992#0,13.25,2,27.78,12,119,119.0,119.0,114.29
493183992#3,48.91,2,27.78,12,125,125.0,125.0,311.65
503530174#0,102.74,1,22.22,10,58,57.0,58.0,68992.23
506162633,27.39,1,27.78,11,2,2.0,2.0,263.0
516388936#3,139.59,2,27.78,12,10,0.0,10.0,120.83
516388936#4,55.8,2,27.78,12,122,111.0,122.0,662.6
516948898#2,11.03,3,27.78,12,21,15.0,16.0,33.5
516948898#3,94.42,3,27.78,12,24,16.0,24.0,195.9
516948898#4,38.68,3,27.78,12,4,4.0,3.0,7.69
516948898#5,85.69,3,27.78,12,3,3.0,0.0,10.1
516948900#2,14.14,1,27.78,11,3,2.0,2.0,8.19
516948900#3,76.39,1,27.78,11,5,2.0,5.0,36.54
516948900#4,50.58,1,27.78,11,13,5.0,13.0,67.77
516948900#5,22.87,1,27.78,11,26,24.0,26.0,60.92
516948900#7,26.23,1,27.78,11,8,0.0,8.0,42.28
517634898,11.51,8,16.67,12,14,9.0,14.0,99.21
517641026#0,69.88,1,27.78,11,199,198.0,198.0,1439.67
517641026#2,74.83,1,27.78,11,0,0.0,0.0,0.0
517706841#4,31.66,2,27.78,12,0,0.0,0.0,0.0
517706841#5,41.31,2,27.78,12,3,2.0,3.0,14.88
519060522#7,76.67,1,8.33,3,0,0.0,0.0,0.0
520307305#0,136.23,2,27.78,12,286,273.0,280.0,2814.7
520307305#3,50.0,2,27.78,12,16,16.0,14.0,58.87
520307305#4,28.76,2,27.78,12,5,5.0,0.0,6.79
520307306,28.32,2,27.78,12,462,462.0,459.0,38483.98
531796031,36.74,1,27.78,11,5,5.0,0.0,8.76
539136610#0,8.78,1,22.22,7,13,9.0,4.0,16.51
578313748#0,16.99,2,27.78,12,97,97.0,97.0,1151.13
578313748#2,11.8,2,27.78,12,107,107.0,107.0,1792.88
578313749#0,29.65,3,16.67,12,7,0.0,7.0,953.07
581906883#0,46.88,1,13.89,3,15,2.0,13.0,152.82
581906883#1,5.49,1,13.89,3,14,13.0,14.0,78.74
585341901#1,41.89,2,27.78,12,288,287.0,262.0,45264.87
585341901#2,103.65,2,27.78,12,268,266.0,251.0,116234.79
585341901#3,44.56,2,27.78,12,252,248.0,231.0,53477.34
585341902,23.25,2,27.78,12,187,184.0,181.0,677.88
585341903#0,71.1,2,27.78,12,45,43.0,45.0,855.86
585341904#0,28.39,5,27.78,12,189,184.0,172.0,52474.92
585341904#1,0.2,5,27.78,12,179,172.0,130.0,5373.52
585341906#0,19.32,2,27.78,12,6,3.0,6.0,21.62
585341906#2,18.63,2,27.78,12,10,6.0,10.0,61.35
585341907#0,16.16,2,27.78,12,2,0.0,2.0,15.39
585341907#2,29.88,2,27.78,12,4,2.0,4.0,46.34
585341908#0,59.61,2,27.78,12,21,17.0,21.0,10322.05
585341908#1,4.72,2,27.78,12,24,21.0,24.0,1833.51
585341909,40.64,1,22.22,7,49,49.0,20.0,165.82
585341917,52.1,2,27.78,12,277,276.0,275.0,25007.19
591142208#0,10.13,1,13.89,3,1,1.0,0.0,0.84
591142208#1,72.71,1,13.89,3,1,1.0,0.0,6.72
591142225#0,64.63,1,13.89,3,1,1.0,1.0,7.24
601902513#0,75.16,1,13.89,3,1,0.0,1.0,9.04
601902513#1,36.53,1,13.89,3,4,4.0,4.0,16.62
607077076#0,34.08,1,22.22,10,21,21.0,21.0,97.01
607077076#1,39.13,1,22.22,10,5,5.0,5.0,18.89
607077076#2,95.57,1,22.22,10,1,1.0,1.0,7.96
613477341#2,48.97,3,27.78,12,123,121.0,108.0,492.15
613477341#4,70.69,3,27.78,12,84,83.0,79.0,343.75
615671500#0,46.43,2,27.78,12,42,37.0,38.0,143.45
615671502,0.2,2,27.78,12,50,50.0,42.0,7305.41
615671503,10.18,2,27.78,12,44,36.0,38.0,3677.68
615671505#0,198.31,4,27.78,12,3,3.0,0.0,26.36
616037662#0,108.99,5,27.78,12,38,38.0,38.0,316.98
616037662#1,28.21,5,27.78,12,43,43.0,43.0,77.75
616037662#2,22.22,5,27.78,12,41,41.0,16.0,53.2
619147726#0,47.94,1,27.78,11,251,245.0,250.0,37671.62
619147726#1,11.03,1,27.78,11,240,240.0,240.0,10094.93
619147727,29.27,2,27.78,12,42,38.0,40.0,3240.49
619147728,10.01,1,27.78,11,41,37.0,41.0,2219.68
619147729#0,14.52,3,27.78,12,77,71.0,77.0,318.93
619147729#1,0.2,3,27.78,12,81,77.0,76.0,45.23
619147729#2,26.59,3,27.78,12,85,80.0,83.0,209.29
619147730#0,5.7,1,27.78,11,262,262.0,261.0,7305.45
619147730#3,15.56,1,27.78,11,261,261.0,255.0,382.35
619147731,21.76,2,27.78,12,155,155.0,152.0,937.45
619147732,58.49,8,16.67,12,128,128.0,128.0,750.78
619147733,0.2,1,22.22,7,13,11.0,10.0,15.7
619147734,40.06,8,16.67,12,13,11.0,13.0,3289.47
619147735#0,72.69,3,27.78,12,96,93.0,96.0,425.65
619147735#1,123.63,3,27.78,12,100,98.0,100.0,4726.57
619147735#4,80.29,3,27.78,12,105,102.0,104.0,8735.66
619147736,87.07,2,27.78,12,280,277.0,243.0,78535.01
619147737,12.09,1,22.22,7,2,2.0,0.0,3.76
619147738#0,103.88,2,27.78,12,82,75.0,79.0,13592.68
619147738#1,17.0,2,27.78,12,81,79.0,81.0,15417.68
619147739#0,86.55,2,27.78,12,179,178.0,178.0,670.31
619147739#1,45.96,2,27.78,12,172,172.0,169.0,385.74
619147739#3,110.76,2,27.78,12,160,158.0,158.0,760.11
619147739#5,77.11,2,27.78,12,190,190.0,190.0,665.76
619147739#6,87.19,2,27.78,12,193,193.0,192.0,704.17
619147740,57.93,2,27.78,12,181,178.0,180.0,566.91
619342756,10.2,1,27.78,11,267,267.0,260.0,17195.34
620607766#0,51.0,1,22.22,10,10,10.0,8.0,30.27
620607766#3,95.04,1,22.22,10,12,12.0,12.0,81.21
620634300,16.95,2,27.78,12,10,10.0,5.0,16.07
628816136#0,117.5,1,13.89,3,10,8.0,7.0,1023.64
628816140#0,232.91,1,13.89,3,7,0.0,7.0,156.64
631259843,36.12,1,13.89,3,0,0.0,0.0,0.0
631259844,31.61,1,13.89,3,0,0.0,0.0,0.0
651696631#0,88.76,1,13.89,3,0,0.0,0.0,0.0
651817398#0,152.26,1,13.89,3,7,7.0,0.0,88.08
651818430#0,34.97,1,13.89,3,0,0.0,0.0,0.0
651818430#2,124.06,1,13.89,3,0,0.0,0.0,0.0
656122981#0,0.2,3,27.78,12,236,236.0,234.0,176.79
656122981#1,4.14,3,27.78,12,49,47.0,48.0,31.99
656122981#2,101.5,3,27.78,12,51,50.0,51.0,540.87
656122981#4,32.95,3,27.78,12,70,69.0,70.0,1708.49
656122981#6,12.0,3,27.78,12,72,70.0,70.0,707.34
656122990,21.86,1,13.89,3,1,0.0,1.0,10.57
656122993,21.3,1,13.89,3,1,1.0,0.0,2.43
656122996,28.8,2,27.78,12,1,1.0,0.0,2.59
656122998#0,1.07,1,8.33,3,18,18.0,15.0,16.36
656122998#1,51.38,1,8.33,3,1,1.0,0.0,7.16
656122999,20.15,1,13.89,4,20,20.0,18.0,64.46
665006921,21.35,1,13.89,3,0,0.0,0.0,0.0
669061318,78.01,1,13.89,3,0,0.0,0.0,0.0
701497860#0,43.85,1,13.89,3,11,11.0,1.0,48.98
701497860#1,19.24,1,13.89,3,1,1.0,1.0,3.57
701497861,64.37,1,13.89,3,16,16.0,13.0,103.16
708672701#0,190.69,4,13.89,11,20,20.0,18.0,385.6
708672701#4,138.42,4,13.89,11,17,17.0,17.0,189.12
708858347,38.35,5,13.89,11,17,17.0,15.0,261.47
712288152#0,196.92,1,13.89,4,11,8.0,9.0,228.75
732213462,0.2,4,27.78,12,10,10.0,10.0,4.81
732213463#0,195.35,2,27.78,12,0,0.0,0.0,0.0
732213463#4,26.2,2,27.78,12,0,0.0,0.0,0.0
732213463#5,225.62,2,27.78,12,2,0.0,2.0,33.39
73549702#0,12.7,1,13.89,3,4,4.0,4.0,8.83
73549702#1,174.8,1,13.89,3,6,4.0,2.0,87.83
73549702#8,0.2,1,13.89,3,3,3.0,3.0,1.68
73549702#9,35.38,1,13.89,3,3,3.0,3.0,13.91
73550863#0,107.76,1,13.89,3,0,0.0,0.0,0.0
73550863#1,20.74,1,13.89,3,1,1.0,1.0,2.72
73550863#2,70.62,1,13.89,3,1,0.0,1.0,10.31
73550864#0,148.52,1,13.89,3,0,0.0,0.0,0.0
767111811#0,62.87,1,13.89,3,1,1.0,0.0,5.31
767524334#0,28.43,1,13.89,3,0,0.0,0.0,0.0
767644534#0,13.99,1,13.89,3,2,2.0,2.0,5.33
767644534#1,34.47,1,13.89,3,1,1.0,1.0,5.57
767644535,44.67,1,13.89,3,3,2.0,3.0,25.36
767654645#0,59.46,1,13.89,3,0,0.0,0.0,0.0
767654646,39.01,1,22.22,7,0,0.0,0.0,0.0
768399563#1,179.46,1,13.89,3,27,24.0,26.0,449.75
769110722,240.88,1,13.89,3,0,0.0,0.0,0.0
769116601#0,221.14,4,27.78,12,114,114.0,62.0,975.78
769116602,84.41,2,27.78,12,97,97.0,97.0,341.38
769116603#1,431.41,2,27.78,12,75,75.0,75.0,2365.12
769116604,18.33,2,27.78,12,114,114.0,114.0,100.83
769423158,119.45,1,2.78,2,1,1.0,1.0,56.4
769488211,37.55,1,13.89,3,0,0.0,0.0,0.0
770860542#0,69.93,1,13.89,3,3,0.0,3.0,829.21
770860548#0,48.26,1,13.89,3,26,24.0,22.0,136.75
770860548#2,22.1,1,13.89,3,23,19.0,19.0,413.25
770860548#3,40.71,1,13.89,3,13,8.0,11.0,72.07
770860548#4,35.57,1,13.89,3,8,6.0,8.0,39.44
770860549,67.67,1,13.89,3,8,8.0,6.0,56.45
770860550,2.84,1,13.89,3,1,1.0,0.0,1.15
770860551,56.27,1,13.89,3,26,20.0,20.0,18831.35
770860552#1,49.72,1,13.89,3,10,2.0,9.0,2353.52
770860565#0,15.65,1,13.89,3,67,62.0,66.0,166.03
770860565#1,68.35,1,13.89,3,64,59.0,57.0,468.65
770890584#0,54.45,1,22.22,7,3,3.0,0.0,8.34
770890587,29.34,2,27.78,12,0,0.0,0.0,0.0
770890589#0,6.14,2,27.78,12,1,1.0,1.0,1.42
770890589#1,155.3,2,27.78,12,12,12.0,12.0,107.72
770890589#3,57.84,2,27.78,12,17,12.0,15.0,67.69
770890589#4,73.92,2,27.78,12,19,19.0,16.0,76.12
770890589#5,24.46,2,27.78,12,18,18.0,13.0,26.16
770890592#0,39.17,1,22.22,7,0,0.0,0.0,0.0
771678026,24.99,1,13.89,3,0,0.0,0.0,0.0
771923366,25.88,1,13.89,3,1,1.0,0.0,3.28
772279128#1,179.04,1,13.89,3,5,5.0,5.0,70.32
772279128#5,79.57,1,13.89,3,0,0.0,0.0,0.0
772527390#3,0.2,1,13.89,3,0,0.0,0.0,0.0
772527390#5,0.2,1,13.89,3,523,523.0,523.0,5631.74
772873181#0,47.96,1,13.89,3,4,1.0,4.0,29.77
772873182#0,158.88,1,13.89,3,3,1.0,3.0,46.07
772873184,30.22,1,13.89,3,0,0.0,0.0,0.0
773060731,41.33,1,27.78,11,47,47.0,45.0,102.87
773060732#0,35.48,1,27.78,11,55,55.0,55.0,159.81
773060732#2,342.38,1,27.78,11,55,55.0,55.0,915.19
773060732#5,0.2,1,27.78,11,9,9.0,9.0,1.85
773060736,8.19,1,22.22,7,61,61.0,61.0,3556.71
773066532#5,236.73,8,27.78,12,0,0.0,0.0,0.0
773066535#0,36.72,2,27.78,12,10,10.0,10.0,16.47
773066536#0,25.15,3,16.67,12,30,30.0,30.0,93.2
773066536#1,67.01,3,16.67,12,5,5.0,5.0,24.86
773066536#2,110.18,3,16.67,12,5,5.0,5.0,44.31
773066536#4,161.63,3,16.67,12,9,6.0,9.0,112.21
775222468#1,164.79,1,22.22,10,34,34.0,34.0,328.46
775222468#4,130.64,1,22.22,10,29,29.0,29.0,179.54
775222468#5,1.32,1,22.22,10,32,32.0,32.0,11.49
775222468#6,47.6,1,22.22,10,32,32.0,32.0,97.22
775222468#7,71.93,1,22.22,10,34,34.0,34.0,163.93
775222468#9,436.48,1,22.22,10,46,40.0,36.0,1103.98
776781838,21.29,1,13.89,3,0,0.0,0.0,0.0
777422408,34.84,1,13.89,3,0,0.0,0.0,0.0
777881144#0,10.73,1,27.78,11,49,46.0,41.0,107.56
777881144#1,461.23,1,27.78,11,64,48.0,56.0,286562.93
777881147#4,16.18,1,27.78,11,56,56.0,54.0,16939.58
778973690,83.93,1,13.89,3,5,5.0,0.0,37.34
781183834#0,24.85,1,27.78,11,38,38.0,38.0,133.15
781983103#1,56.65,2,27.78,12,191,191.0,191.0,449.26
781983103#2,44.35,2,27.78,12,191,191.0,190.0,377.28
781983104#0,90.45,2,27.78,12,161,159.0,161.0,613.03
781983104#1,281.48,2,27.78,12,160,160.0,157.0,1891.64
781985779#0,160.91,2,27.78,12,560,560.0,537.0,303325.19
781985784,276.83,2,27.78,12,499,499.0,463.0,516462.47
781985786#1,0.2,3,27.78,12,499,496.0,499.0,361.4
781985786#2,83.45,3,27.78,12,499,499.0,495.0,140003.31
781985786#3,100.9,3,27.78,12,519,519.0,516.0,196781.89
781985786#4,33.24,3,27.78,12,519,519.0,516.0,77138.55
781985786#5,28.2,3,27.78,12,514,513.0,504.0,67200.51
781985786#6,44.32,3,27.78,12,519,519.0,512.0,101104.49
781985786#7,34.12,3,27.78,12,523,523.0,517.0,82343.07
781985786#8,47.39,3,27.78,12,526,526.0,454.0,115531.89
781985787#0,60.01,2,27.78,12,757,757.0,744.0,121839.26
781985788#0,0.2,7,27.78,12,304,304.0,269.0,1395.95
781985789#0,3.86,1,22.22,7,3,3.0,3.0,63.81
781985790#0,39.01,1,13.89,3,11,11.0,11.0,61.29
781985790#3,73.9,1,13.89,3,3,3.0,0.0,18.78
781985792#3,33.78,2,27.78,12,559,559.0,488.0,60792.71
781985793#0,63.5,2,27.78,12,794,794.0,766.0,124555.8
782616914#0,22.05,1,13.89,3,2,2.0,0.0,5.42
782892488#1,6.19,3,16.67,12,145,145.0,144.0,1506.66
782892488#2,149.54,3,16.67,12,149,145.0,149.0,40939.63
782892488#3,129.58,3,16.67,12,4,4.0,3.0,36.79
782892488#4,40.21,3,16.67,12,6,3.0,6.0,30.16
782892488#5,40.75,3,16.67,12,2,2.0,2.0,5.63
782892489#0,9.73,2,27.78,12,103,103.0,103.0,121.97
782892489#2,46.22,2,27.78,12,104,103.0,104.0,306.81
782892489#3,25.91,2,27.78,12,96,96.0,93.0,131.32
782892489#4,31.23,2,27.78,12,93,93.0,92.0,136.37
782892489#5,192.29,2,27.78,12,92,92.0,92.0,897.03
782892489#8,23.88,2,27.78,12,57,57.0,55.0,217.44
782892491#0,53.78,1,22.22,10,9,8.0,9.0,53.14
782892491#1,44.84,1,22.22,10,8,7.0,8.0,43.52
782892492#0,22.88,1,22.22,7,34,34.0,34.0,4904.02
782892492#1,33.65,1,22.22,7,1,0.0,1.0,6.0
783692390#0,98.49,1,22.22,7,56,17.0,56.0,619.82
785130598#0,14.61,2,13.89,12,38,38.0,38.0,94.64
785130598#1,154.47,2,13.89,12,38,38.0,37.0,478.78
785130598#3,59.35,2,13.89,12,35,35.0,35.0,172.19
785130598#5,112.66,2,13.89,12,35,35.0,35.0,313.78
785130598#7,86.02,2,13.89,12,36,36.0,36.0,1786.0
785130600#0,39.71,2,27.78,12,612,612.0,591.0,60232.52
785130600#1,18.14,2,27.78,12,611,611.0,596.0,31680.97
785130600#2,139.73,2,27.78,12,607,607.0,586.0,223345.79
785130600#3,54.1,2,27.78,12,608,608.0,599.0,90948.98
785130601#1,63.14,1,13.89,3,2,0.0,2.0,17.97
785130602#0,13.66,1,13.89,3,9,7.0,6.0,23.7
785130602#1,43.52,1,13.89,3,6,6.0,6.0,24.38
785130602#2,43.94,1,13.89,3,4,4.0,4.0,16.05
785130602#3,39.88,1,13.89,3,3,3.0,3.0,14.76
785130603,33.24,1,22.22,7,1,1.0,1.0,4.0
78628775#0,17.61,1,27.78,11,12,10.0,9.0,2144.12
78628775#2,119.14,1,27.78,11,10,9.0,9.0,94.99
78628775#3,63.07,1,27.78,11,10,7.0,9.0,45.18
78628775#5,253.11,1,27.78,11,64,61.0,63.0,960.57
788296723#0,104.48,1,13.89,3,1,0.0,1.0,12.12
788296723#1,66.2,1,13.89,3,13,5.0,11.0,109.56
788296724#0,58.87,1,13.89,3,1,1.0,1.0,7.35
788296725,58.16,1,13.89,3,4,1.0,4.0,26.61
788411954#0,38.93,1,13.89,3,5,3.0,4.0,27.49
788411956,106.61,1,13.89,3,34,34.0,34.0,417.26
796927124,0.2,2,27.78,12,193,185.0,173.0,4604.42
800229255,8.56,2,27.78,12,200,200.0,199.0,2059.38
800229256#0,5.8,3,16.67,12,1,1.0,1.0,0.92
800229256#2,101.69,3,16.67,12,39,39.0,39.0,276.75
800229256#3,18.09,3,16.67,12,43,39.0,42.0,206.43
800229257#2,37.26,1,27.78,11,9,9.0,9.0,18.26
821107999#0,55.0,1,13.89,3,1,1.0,0.0,5.29
821108006#1,29.48,1,13.89,3,0,0.0,0.0,0.0
821108007,79.34,1,13.89,3,8,3.0,8.0,72.31
821457682#0,38.28,1,13.89,3,5,3.0,4.0,29.07
821457682#1,35.22,1,13.89,3,14,6.0,8.0,139.09
824132484#0,36.53,1,27.78,11,196,196.0,196.0,1575.25
824132486,0.2,1,27.78,11,196,196.0,196.0,318.41
870977308#0,31.96,1,13.89,3,0,0.0,0.0,0.0
870977309,130.35,1,8.33,3,0,0.0,0.0,0.0
870977310#0,43.98,1,13.89,3,2,2.0,2.0,10.85
870977311,92.3,1,13.89,3,0,0.0,0.0,0.0
871052109#0,0.2,1,2.78,2,1,1.0,1.0,2.72
871052109#1,6.24,1,2.78,2,1,1.0,0.0,2.94
892932178#0,45.2,1,13.89,3,0,0.0,0.0,0.0
895829950,45.57,1,13.89,3,4,4.0,4.0,28.39
899373686#1,8.45,8,16.67,12,16,16.0,16.0,19.65
899373686#3,130.64,8,16.67,12,21,20.0,19.0,412.29
899373686#4,63.94,8,16.67,12,19,18.0,17.0,99.96
899373686#6,60.36,8,16.67,12,22,22.0,22.0,116.92
899373688#0,12.77,2,27.78,12,143,143.0,142.0,1477.92
908622900#0,72.5,8,16.67,12,171,150.0,171.0,11730.1
908622900#1,14.27,8,16.67,12,480,471.0,477.0,8514.08
908646367#0,94.99,2,27.78,12,0,0.0,0.0,0.0
908646367#11,119.63,2,27.78,12,298,298.0,298.0,1663.53
908646367#2,103.45,2,27.78,12,1,1.0,1.0,7.9
908646367#3,2.5,2,27.78,12,1,1.0,1.0,1.29
908646367#5,9.76,2,27.78,12,327,326.0,327.0,535.68
908646367#6,73.35,2,27.78,12,331,330.0,331.0,1564.76
908646367#7,35.53,2,27.78,12,325,325.0,325.0,585.11
908646367#8,104.44,2,27.78,12,318,318.0,318.0,1407.29
908694578#0,46.98,2,27.78,12,14,14.0,4.0,60.22
908694578#2,87.79,2,27.78,12,0,0.0,0.0,0.0
908694578#3,92.71,2,27.78,12,0,0.0,0.0,0.0
908694579,16.9,2,27.78,12,238,238.0,236.0,541.81
910451393#0,36.8,1,13.89,3,4,3.0,4.0,24.9
911522748#0,45.18,1,27.78,11,4,4.0,4.0,14.96
911522749#0,24.65,1,22.22,6,4,4.0,4.0,17.16
911522750,12.2,1,22.22,6,5,5.0,3.0,6.79
911522751#0,74.08,2,22.22,10,1,1.0,1.0,6.34
911522751#1,78.77,2,22.22,10,0,0.0,0.0,0.0
911522751#2,19.64,2,22.22,10,0,0.0,0.0,0.0
913006751#0,21.17,1,22.22,7,27,27.0,27.0,65.96
913006752#0,17.14,2,27.78,12,228,228.0,224.0,22692.25
913006753,6.68,2,13.89,12,57,57.0,57.0,115.13
913006754#0,20.27,3,13.89,12,57,57.0,55.0,762.57
913006754#1,68.57,3,13.89,12,55,55.0,55.0,523.47
913006754#2,70.04,3,13.89,12,56,56.0,54.0,1439.89
913006754#3,15.12,3,13.89,12,58,58.0,58.0,237.82
913006754#4,22.86,3,13.89,12,58,58.0,58.0,592.5
913006754#5,40.55,3,13.89,12,20,19.0,20.0,243.45
913006754#6,66.72,3,13.89,12,21,21.0,21.0,154.19
913006754#7,132.42,3,13.89,12,21,20.0,21.0,231.21
913006754#9,32.24,3,13.89,12,38,38.0,38.0,381.83
913009311,12.75,2,27.78,12,461,461.0,445.0,14235.27
913009312#1,136.06,2,27.78,12,437,437.0,426.0,183190.53
913009312#10,14.9,2,27.78,12,442,442.0,421.0,12073.61
913009312#4,24.82,2,27.78,12,430,430.0,425.0,35679.94
913009312#5,16.67,2,27.78,12,425,425.0,422.0,15692.85
913009312#6,119.18,2,27.78,12,425,425.0,412.0,111427.38
913009312#9,33.36,2,27.78,12,442,440.0,441.0,37655.81
913233121#0,27.33,1,22.22,6,33,31.0,25.0,364.07
913270580#0,11.42,1,22.22,7,2,1.0,2.0,385.92
913270580#2,16.26,1,22.22,7,3,2.0,2.0,313.38
913270580#3,4.14,1,22.22,7,4,2.0,4.0,6.41
913372757,2.5,1,22.22,7,0,0.0,0.0,0.0
913392928#0,13.17,1,22.22,7,0,0.0,0.0,0.0
913392928#1,0.2,1,22.22,7,0,0.0,0.0,0.0
913405361,63.75,1,13.89,3,0,0.0,0.0,0.0
913406478,60.71,1,13.89,3,4,4.0,3.0,123.21
913428734,71.33,1,22.22,7,2,2.0,2.0,14.08
913525284,10.28,1,22.22,7,0,0.0,0.0,0.0
913565824#0,137.38,2,27.78,12,164,162.0,164.0,22359.73
913565824#10,10.4,2,27.78,12,155,155.0,155.0,320.03
913565824#11,20.19,2,27.78,12,17,17.0,17.0,32.73
913565824#6,10.69,2,27.78,12,163,163.0,163.0,193.92
913565824#7,20.78,2,27.78,12,163,163.0,162.0,280.04
913565824#8,41.17,2,27.78,12,159,159.0,157.0,371.07
913565824#9,50.59,2,27.78,12,155,155.0,155.0,485.46
913570918,26.07,1,13.89,3,4,4.0,4.0,13.05
913570919,22.06,1,13.89,3,6,5.0,5.0,21.06
913692893,9.82,1,22.22,7,11,11.0,11.0,23.52
913694023#0,64.68,1,22.22,6,24,24.0,24.0,113.18
913694024#0,53.08,1,22.22,7,0,0.0,0.0,0.0
913702834,28.2,1,22.22,7,56,55.0,56.0,733.87
913709099#0,23.22,1,22.22,7,7,5.0,7.0,29.04
913811576#0,81.48,1,22.22,10,24,24.0,23.0,152.75
913811576#1,66.77,1,22.22,10,22,19.0,22.0,146.85
913811577#0,20.88,1,22.22,10,1,1.0,1.0,1.88
913811578,34.98,1,22.22,10,24,24.0,24.0,79.92
913826317,23.91,1,13.89,3,3,2.0,3.0,9.98
913833410,54.13,1,22.22,7,0,0.0,0.0,0.0
913835755#0,12.31,1,22.22,7,0,0.0,0.0,0.0
913836077,8.83,1,22.22,7,2,2.0,2.0,4.16
913836406#0,11.53,1,22.22,7,1,0.0,1.0,3.03
913839558#2,63.91,1,13.89,3,0,0.0,0.0,0.0
913841953#0,111.3,1,13.89,3,2,2.0,1.0,21.93
914660214#0,13.17,1,13.89,3,1,0.0,1.0,3.08
914660214#1,47.09,1,13.89,3,0,0.0,0.0,0.0
914660215#0,46.03,1,13.89,3,15,15.0,15.0,89.61
919117822#1,81.92,2,27.78,12,3,3.0,0.0,8.78
919261680,11.22,1,13.89,3,1,1.0,1.0,1.96
919984684,12.05,2,27.78,12,30,30.0,30.0,35.12
921117704#0,94.47,2,27.78,12,192,192.0,190.0,63083.31
921117704#1,7.64,2,27.78,12,201,201.0,195.0,20038.2
921796625,135.73,1,13.89,3,15,15.0,13.0,193.02
955312947#0,93.78,1,13.89,3,1,1.0,1.0,8.09
955312947#1,71.83,1,13.89,3,0,0.0,0.0,0.0
955312948,17.8,1,13.89,3,1,1.0,0.0,2.22
