input_method,input_seed,input_round,input_parameter_id,input_t_lead,input_delta_T_thr,input_G_ext,input_Q_ratio,input_tau,output_delay_A_sec,output_delay_N_sec,weight_A,weight_N,weight_ratio,score,measured_T_free_EMV_sec,measured_T_actual_EMV_sec,measured_d_EMV_sec,measured_d_veh_sec,measured_general_mean_travel_time_sec,stage2_on_count,stage3_on_count
Random Search,20260607,1,rs_r01_001_tl48_dt220_ge9_qr22_tau77,48,220,9,0.22,0.77,288.92,87.55,10.00,1.00,10:1,270.61,,,288.92,87.55,,1,69
Random Search,20260607,1,rs_r01_002_tl30_dt8_ge26_qr51_tau79,30,8,26,0.51,0.79,170.92,83.30,10.00,1.00,10:1,162.95,,,170.92,83.30,,0,19
Random Search,20260607,1,rs_r01_003_tl91_dt34_ge11_qr77_tau83,91,34,11,0.77,0.83,113.92,73.61,10.00,1.00,10:1,110.26,,,113.92,73.61,,0,37
Random Search,20260607,1,rs_r01_004_tl118_dt71_ge29_qr60_tau90,118,71,29,0.6,0.9,179.92,78.88,10.00,1.00,10:1,170.73,,,179.92,78.88,,0,31
Random Search,20260607,1,rs_r01_005_tl107_dt138_ge6_qr99_tau73,107,138,6,0.99,0.73,381.92,99.74,10.00,1.00,10:1,356.27,,,381.92,99.74,,0,91
Random Search,20260607,1,rs_r01_006_tl84_dt237_ge7_qr73_tau88,84,237,7,0.73,0.88,377.92,92.01,10.00,1.00,10:1,351.93,,,377.92,92.01,,0,87
Random Search,20260607,2,rs_r02_001_tl88_dt16_ge37_qr2_tau84,88,16,37,0.02,0.84,138.92,83.54,10.00,1.00,10:1,133.89,,,138.92,83.54,,1,18
Random Search,20260607,2,rs_r02_002_tl46_dt60_ge6_qr74_tau88,46,60,6,0.74,0.88,234.92,97.77,10.00,1.00,10:1,222.45,,,234.92,97.77,,0,68
Random Search,20260607,2,rs_r02_003_tl91_dt77_ge6_qr38_tau74,91,77,6,0.38,0.74,280.92,90.14,10.00,1.00,10:1,263.58,,,280.92,90.14,,0,76
Random Search,20260607,2,rs_r02_004_tl48_dt166_ge41_qr69_tau70,48,166,41,0.69,0.7,241.92,77.60,10.00,1.00,10:1,226.98,,,241.92,77.60,,0,32
Random Search,20260607,2,rs_r02_005_tl35_dt206_ge47_qr60_tau90,35,206,47,0.6,0.9,196.92,81.91,10.00,1.00,10:1,186.46,,,196.92,81.91,,0,27
Random Search,20260607,2,rs_r02_006_tl89_dt204_ge2_qr49_tau75,89,204,2,0.49,0.75,327.92,102.55,10.00,1.00,10:1,307.43,,,327.92,102.55,,0,105
Random Search,20260607,3,rs_r03_001_tl82_dt158_ge16_qr6_tau78,82,158,16,0.06,0.78,355.92,86.19,10.00,1.00,10:1,331.40,,,355.92,86.19,,1,61
Random Search,20260607,3,rs_r03_002_tl41_dt37_ge24_qr52_tau88,41,37,24,0.52,0.88,139.92,86.36,10.00,1.00,10:1,135.05,,,139.92,86.36,,0,32
Random Search,20260607,3,rs_r03_003_tl6_dt59_ge9_qr74_tau71,6,59,9,0.74,0.71,137.92,74.69,10.00,1.00,10:1,132.17,,,137.92,74.69,,0,45
Random Search,20260607,3,rs_r03_004_tl44_dt244_ge32_qr98_tau82,44,244,32,0.98,0.82,178.92,77.38,10.00,1.00,10:1,169.69,,,178.92,77.38,,0,33
Random Search,20260607,3,rs_r03_005_tl29_dt166_ge20_qr24_tau83,29,166,20,0.24,0.83,142.92,90.70,10.00,1.00,10:1,138.17,,,142.92,90.70,,1,35
Random Search,20260607,3,rs_r03_006_tl76_dt49_ge7_qr96_tau84,76,49,7,0.96,0.84,249.92,97.43,10.00,1.00,10:1,236.06,,,249.92,97.43,,0,64
Random Search,20260607,4,rs_r04_001_tl100_dt73_ge16_qr56_tau88,100,73,16,0.56,0.88,390.92,83.20,10.00,1.00,10:1,362.95,,,390.92,83.20,,0,62
Random Search,20260607,4,rs_r04_002_tl79_dt73_ge27_qr72_tau76,79,73,27,0.72,0.76,280.92,90.41,10.00,1.00,10:1,263.60,,,280.92,90.41,,0,38
Random Search,20260607,4,rs_r04_003_tl49_dt80_ge2_qr65_tau75,49,80,2,0.65,0.75,314.92,93.65,10.00,1.00,10:1,294.80,,,314.92,93.65,,0,96
Random Search,20260607,4,rs_r04_004_tl102_dt25_ge35_qr32_tau88,102,25,35,0.32,0.88,138.92,77.81,10.00,1.00,10:1,133.36,,,138.92,77.81,,0,19
Random Search,20260607,4,rs_r04_005_tl60_dt232_ge34_qr18_tau80,60,232,34,0.18,0.8,319.92,88.95,10.00,1.00,10:1,298.92,,,319.92,88.95,,1,39
Random Search,20260607,4,rs_r04_006_tl11_dt218_ge44_qr0_tau72,11,218,44,0.0,0.72,195.92,82.57,10.00,1.00,10:1,185.61,,,195.92,82.57,,1,27
Random Search,20260607,5,rs_r05_001_tl76_dt212_ge40_qr30_tau72,76,212,40,0.3,0.72,329.92,98.27,10.00,1.00,10:1,308.86,,,329.92,98.27,,1,37
Random Search,20260607,5,rs_r05_002_tl122_dt114_ge19_qr92_tau72,122,114,19,0.92,0.72,394.92,86.14,10.00,1.00,10:1,366.85,,,394.92,86.14,,0,63
Random Search,20260607,5,rs_r05_003_tl22_dt124_ge43_qr63_tau86,22,124,43,0.63,0.86,256.92,80.52,10.00,1.00,10:1,240.88,,,256.92,80.52,,0,29
Random Search,20260607,5,rs_r05_004_tl6_dt161_ge33_qr26_tau82,6,161,33,0.26,0.82,167.92,91.80,10.00,1.00,10:1,161.00,,,167.92,91.80,,1,32
Random Search,20260607,5,rs_r05_005_tl53_dt56_ge20_qr11_tau83,53,56,20,0.11,0.83,166.92,82.85,10.00,1.00,10:1,159.28,,,166.92,82.85,,1,40
Random Search,20260607,5,rs_r05_006_tl75_dt157_ge11_qr44_tau86,75,157,11,0.44,0.86,0.00,83.49,10.00,1.00,10:1,7.59,,,0.00,83.49,,0,0
Random Search,20260607,6,rs_r06_001_tl46_dt192_ge42_qr0_tau71,46,192,42,0.0,0.71,296.92,81.08,10.00,1.00,10:1,277.30,,,296.92,81.08,,1,36
Random Search,20260607,6,rs_r06_002_tl111_dt123_ge48_qr58_tau90,111,123,48,0.58,0.9,303.92,80.26,10.00,1.00,10:1,283.59,,,303.92,80.26,,0,32
Random Search,20260607,6,rs_r06_003_tl5_dt81_ge41_qr17_tau85,5,81,41,0.17,0.85,150.92,94.01,10.00,1.00,10:1,145.75,,,150.92,94.01,,1,23
Random Search,20260607,6,rs_r06_004_tl28_dt35_ge2_qr93_tau70,28,35,2,0.93,0.7,137.92,77.20,10.00,1.00,10:1,132.40,,,137.92,77.20,,0,49
Random Search,20260607,6,rs_r06_005_tl68_dt113_ge20_qr57_tau72,68,113,20,0.57,0.72,273.92,97.81,10.00,1.00,10:1,257.91,,,273.92,97.81,,0,51
Random Search,20260607,6,rs_r06_006_tl27_dt5_ge14_qr40_tau87,27,5,14,0.4,0.87,266.92,79.29,10.00,1.00,10:1,249.86,,,266.92,79.29,,0,20
Random Search,20260607,7,rs_r07_001_tl76_dt228_ge7_qr1_tau77,76,228,7,0.01,0.77,366.92,83.15,10.00,1.00,10:1,341.12,,,366.92,83.15,,1,81
Random Search,20260607,7,rs_r07_002_tl10_dt107_ge8_qr98_tau73,10,107,8,0.98,0.73,297.92,103.02,10.00,1.00,10:1,280.20,,,297.92,103.02,,0,71
Random Search,20260607,7,rs_r07_003_tl50_dt49_ge36_qr85_tau84,50,49,36,0.85,0.84,194.92,75.02,10.00,1.00,10:1,184.02,,,194.92,75.02,,0,30
Random Search,20260607,7,rs_r07_004_tl81_dt31_ge26_qr88_tau71,81,31,26,0.88,0.71,137.92,88.13,10.00,1.00,10:1,133.39,,,137.92,88.13,,0,28
Random Search,20260607,7,rs_r07_005_tl69_dt127_ge27_qr15_tau85,69,127,27,0.15,0.85,288.92,84.66,10.00,1.00,10:1,270.35,,,288.92,84.66,,1,43
Random Search,20260607,7,rs_r07_006_tl64_dt47_ge9_qr93_tau77,64,47,9,0.93,0.77,291.92,103.02,10.00,1.00,10:1,274.75,,,291.92,103.02,,0,61
Random Search,20260607,8,rs_r08_001_tl19_dt205_ge50_qr83_tau76,19,205,50,0.83,0.76,313.92,75.36,10.00,1.00,10:1,292.23,,,313.92,75.36,,0,31
Random Search,20260607,8,rs_r08_002_tl116_dt237_ge12_qr57_tau90,116,237,12,0.57,0.9,0.00,83.40,10.00,1.00,10:1,7.58,,,0.00,83.40,,0,0
Random Search,20260607,8,rs_r08_003_tl62_dt173_ge48_qr37_tau83,62,173,48,0.37,0.83,303.92,80.26,10.00,1.00,10:1,283.59,,,303.92,80.26,,0,32
Random Search,20260607,8,rs_r08_004_tl74_dt50_ge33_qr41_tau84,74,50,33,0.41,0.84,238.92,75.86,10.00,1.00,10:1,224.10,,,238.92,75.86,,0,31
Random Search,20260607,8,rs_r08_005_tl40_dt196_ge41_qr62_tau90,40,196,41,0.62,0.9,241.92,77.60,10.00,1.00,10:1,226.98,,,241.92,77.60,,0,32
Random Search,20260607,8,rs_r08_006_tl17_dt241_ge43_qr2_tau84,17,241,43,0.02,0.84,90.92,84.55,10.00,1.00,10:1,90.34,,,90.92,84.55,,1,24
Random Search,20260607,9,rs_r09_001_tl12_dt225_ge30_qr46_tau88,12,225,30,0.46,0.88,144.92,79.72,10.00,1.00,10:1,138.99,,,144.92,79.72,,0,27
Random Search,20260607,9,rs_r09_002_tl90_dt113_ge22_qr30_tau84,90,113,22,0.3,0.84,170.92,84.52,10.00,1.00,10:1,163.07,,,170.92,84.52,,1,38
Random Search,20260607,9,rs_r09_003_tl71_dt81_ge10_qr85_tau83,71,81,10,0.85,0.83,441.92,94.90,10.00,1.00,10:1,410.37,,,441.92,94.90,,0,87
Random Search,20260607,9,rs_r09_004_tl113_dt238_ge44_qr78_tau80,113,238,44,0.78,0.8,248.92,80.57,10.00,1.00,10:1,233.62,,,248.92,80.57,,0,29
Random Search,20260607,9,rs_r09_005_tl81_dt108_ge22_qr65_tau81,81,108,22,0.65,0.81,307.92,97.10,10.00,1.00,10:1,288.75,,,307.92,97.10,,0,49
Random Search,20260607,9,rs_r09_006_tl40_dt220_ge2_qr31_tau85,40,220,2,0.31,0.85,258.92,89.98,10.00,1.00,10:1,243.56,,,258.92,89.98,,0,87
Random Search,20260607,10,rs_r10_001_tl6_dt162_ge24_qr64_tau72,6,162,24,0.64,0.72,289.92,82.66,10.00,1.00,10:1,271.08,,,289.92,82.66,,0,46
Random Search,20260607,10,rs_r10_002_tl32_dt156_ge7_qr55_tau71,32,156,7,0.55,0.71,284.92,88.22,10.00,1.00,10:1,267.04,,,284.92,88.22,,0,73
Random Search,20260607,10,rs_r10_003_tl27_dt56_ge2_qr52_tau87,27,56,2,0.52,0.87,0.00,98.77,10.00,1.00,10:1,8.98,,,0.00,98.77,,0,0
Random Search,20260607,10,rs_r10_004_tl32_dt39_ge7_qr70_tau74,32,39,7,0.7,0.74,0.00,62.71,10.00,1.00,10:1,5.70,,,0.00,62.71,,0,0
Random Search,20260607,10,rs_r10_005_tl38_dt207_ge10_qr72_tau70,38,207,10,0.72,0.7,363.92,90.76,10.00,1.00,10:1,339.09,,,363.92,90.76,,0,76
Random Search,20260607,10,rs_r10_006_tl50_dt113_ge21_qr41_tau71,50,113,21,0.41,0.71,413.92,85.83,10.00,1.00,10:1,384.09,,,413.92,85.83,,0,60
Random Search,20260607,11,rs_r11_001_tl95_dt93_ge32_qr51_tau74,95,93,32,0.51,0.74,316.92,91.59,10.00,1.00,10:1,296.44,,,316.92,91.59,,0,40
Random Search,20260607,11,rs_r11_002_tl121_dt211_ge14_qr93_tau86,121,211,14,0.93,0.86,319.92,82.27,10.00,1.00,10:1,298.32,,,319.92,82.27,,0,61
Random Search,20260607,11,rs_r11_003_tl97_dt180_ge5_qr35_tau89,97,180,5,0.35,0.89,290.92,100.47,10.00,1.00,10:1,273.61,,,290.92,100.47,,0,83
Random Search,20260607,11,rs_r11_004_tl10_dt98_ge38_qr61_tau70,10,98,38,0.61,0.7,142.92,71.92,10.00,1.00,10:1,136.47,,,142.92,71.92,,0,24
Random Search,20260607,11,rs_r11_005_tl79_dt183_ge0_qr85_tau84,79,183,0,0.85,0.84,222.92,89.47,10.00,1.00,10:1,210.79,,,222.92,89.47,,0,97
Random Search,20260607,11,rs_r11_006_tl92_dt203_ge5_qr75_tau86,92,203,5,0.75,0.86,290.92,100.47,10.00,1.00,10:1,273.61,,,290.92,100.47,,0,83
Random Search,20260607,12,rs_r12_001_tl14_dt5_ge40_qr20_tau81,14,5,40,0.2,0.81,161.92,93.25,10.00,1.00,10:1,155.68,,,161.92,93.25,,1,18
Random Search,20260607,12,rs_r12_002_tl68_dt65_ge26_qr14_tau83,68,65,26,0.14,0.83,262.92,85.43,10.00,1.00,10:1,246.78,,,262.92,85.43,,1,43
Random Search,20260607,12,rs_r12_003_tl91_dt242_ge8_qr42_tau81,91,242,8,0.42,0.81,316.92,89.86,10.00,1.00,10:1,296.28,,,316.92,89.86,,0,76
Random Search,20260607,12,rs_r12_004_tl6_dt98_ge12_qr100_tau90,6,98,12,1.0,0.9,157.92,81.52,10.00,1.00,10:1,150.97,,,157.92,81.52,,0,47
Random Search,20260607,12,rs_r12_005_tl92_dt218_ge48_qr37_tau74,92,218,48,0.37,0.74,303.92,80.26,10.00,1.00,10:1,283.59,,,303.92,80.26,,0,32
Random Search,20260607,12,rs_r12_006_tl51_dt117_ge1_qr40_tau78,51,117,1,0.4,0.78,308.92,91.39,10.00,1.00,10:1,289.14,,,308.92,91.39,,0,102
Random Search,20260607,13,rs_r13_001_tl13_dt102_ge39_qr42_tau70,13,102,39,0.42,0.7,354.92,89.92,10.00,1.00,10:1,330.83,,,354.92,89.92,,0,37
Random Search,20260607,13,rs_r13_002_tl1_dt149_ge45_qr76_tau90,1,149,45,0.76,0.9,139.92,91.71,10.00,1.00,10:1,135.54,,,139.92,91.71,,0,25
Random Search,20260607,13,rs_r13_003_tl10_dt62_ge40_qr52_tau86,10,62,40,0.52,0.86,0.00,63.61,10.00,1.00,10:1,5.78,,,0.00,63.61,,0,0
Random Search,20260607,13,rs_r13_004_tl121_dt19_ge35_qr37_tau79,121,19,35,0.37,0.79,144.92,79.19,10.00,1.00,10:1,138.94,,,144.92,79.19,,0,19
Random Search,20260607,13,rs_r13_005_tl82_dt160_ge24_qr83_tau85,82,160,24,0.83,0.85,316.92,76.38,10.00,1.00,10:1,295.05,,,316.92,76.38,,0,46
Random Search,20260607,13,rs_r13_006_tl62_dt195_ge20_qr33_tau87,62,195,20,0.33,0.87,286.92,89.78,10.00,1.00,10:1,269.00,,,286.92,89.78,,0,47
Random Search,20260607,14,rs_r14_001_tl108_dt73_ge7_qr17_tau85,108,73,7,0.17,0.85,364.92,98.65,10.00,1.00,10:1,340.71,,,364.92,98.65,,1,84
Random Search,20260607,14,rs_r14_002_tl62_dt200_ge28_qr78_tau76,62,200,28,0.78,0.76,290.92,74.86,10.00,1.00,10:1,271.28,,,290.92,74.86,,0,40
Random Search,20260607,14,rs_r14_003_tl118_dt166_ge34_qr52_tau78,118,166,34,0.52,0.78,364.92,87.44,10.00,1.00,10:1,339.69,,,364.92,87.44,,0,42
Random Search,20260607,14,rs_r14_004_tl4_dt172_ge19_qr58_tau89,4,172,19,0.58,0.89,240.92,88.86,10.00,1.00,10:1,227.10,,,240.92,88.86,,0,46
Random Search,20260607,14,rs_r14_005_tl5_dt225_ge46_qr11_tau72,5,225,46,0.11,0.72,165.92,91.82,10.00,1.00,10:1,159.18,,,165.92,91.82,,1,26
Random Search,20260607,14,rs_r14_006_tl118_dt215_ge18_qr12_tau75,118,215,18,0.12,0.75,393.92,84.25,10.00,1.00,10:1,365.77,,,393.92,84.25,,1,61
Random Search,20260607,15,rs_r15_001_tl62_dt206_ge23_qr72_tau72,62,206,23,0.72,0.72,193.92,77.51,10.00,1.00,10:1,183.34,,,193.92,77.51,,0,37
Random Search,20260607,15,rs_r15_002_tl27_dt202_ge9_qr96_tau77,27,202,9,0.96,0.77,332.92,96.31,10.00,1.00,10:1,311.41,,,332.92,96.31,,0,73
Random Search,20260607,15,rs_r15_003_tl120_dt5_ge13_qr18_tau72,120,5,13,0.18,0.72,160.92,93.17,10.00,1.00,10:1,154.76,,,160.92,93.17,,1,20
Random Search,20260607,15,rs_r15_004_tl113_dt244_ge32_qr96_tau75,113,244,32,0.96,0.75,264.92,95.88,10.00,1.00,10:1,249.55,,,264.92,95.88,,0,36
Random Search,20260607,15,rs_r15_005_tl20_dt207_ge48_qr9_tau75,20,207,48,0.09,0.75,188.92,83.55,10.00,1.00,10:1,179.34,,,188.92,83.55,,1,27
Random Search,20260607,15,rs_r15_006_tl68_dt217_ge48_qr89_tau72,68,217,48,0.89,0.72,303.92,80.26,10.00,1.00,10:1,283.59,,,303.92,80.26,,0,32
Random Search,20260607,16,rs_r16_001_tl110_dt106_ge45_qr45_tau75,110,106,45,0.45,0.75,192.92,77.83,10.00,1.00,10:1,182.46,,,192.92,77.83,,0,27
Random Search,20260607,16,rs_r16_002_tl60_dt214_ge18_qr48_tau87,60,214,18,0.48,0.87,404.92,82.18,10.00,1.00,10:1,375.58,,,404.92,82.18,,0,63
Random Search,20260607,16,rs_r16_003_tl53_dt219_ge13_qr38_tau86,53,219,13,0.38,0.86,309.92,89.75,10.00,1.00,10:1,289.90,,,309.92,89.75,,0,62
Random Search,20260607,16,rs_r16_004_tl39_dt243_ge38_qr97_tau85,39,243,38,0.97,0.85,274.92,87.44,10.00,1.00,10:1,257.88,,,274.92,87.44,,0,36
Random Search,20260607,16,rs_r16_005_tl104_dt200_ge33_qr49_tau72,104,200,33,0.49,0.72,286.92,89.91,10.00,1.00,10:1,269.01,,,286.92,89.91,,0,35
Random Search,20260607,16,rs_r16_006_tl35_dt190_ge2_qr74_tau87,35,190,2,0.74,0.87,258.92,89.98,10.00,1.00,10:1,243.56,,,258.92,89.98,,0,87
Random Search,20260607,17,rs_r17_001_tl37_dt105_ge47_qr11_tau70,37,105,47,0.11,0.7,270.92,82.38,10.00,1.00,10:1,253.78,,,270.92,82.38,,1,29
Random Search,20260607,17,rs_r17_002_tl46_dt57_ge41_qr64_tau73,46,57,41,0.64,0.73,171.92,78.19,10.00,1.00,10:1,163.40,,,171.92,78.19,,0,27
Random Search,20260607,17,rs_r17_003_tl52_dt157_ge4_qr3_tau81,52,157,4,0.03,0.81,379.92,88.15,10.00,1.00,10:1,353.40,,,379.92,88.15,,1,101
Random Search,20260607,17,rs_r17_004_tl57_dt50_ge1_qr9_tau83,57,50,1,0.09,0.83,0.00,63.09,10.00,1.00,10:1,5.74,,,0.00,63.09,,0,0
Random Search,20260607,17,rs_r17_005_tl65_dt219_ge3_qr90_tau76,65,219,3,0.9,0.76,309.92,87.06,10.00,1.00,10:1,289.66,,,309.92,87.06,,0,92
Random Search,20260607,17,rs_r17_006_tl17_dt48_ge49_qr42_tau82,17,48,49,0.42,0.82,187.92,88.30,10.00,1.00,10:1,178.86,,,187.92,88.30,,0,23
Random Search,20260607,18,rs_r18_001_tl96_dt120_ge44_qr1_tau70,96,120,44,0.01,0.7,306.92,86.00,10.00,1.00,10:1,286.84,,,306.92,86.00,,1,31
Random Search,20260607,18,rs_r18_002_tl36_dt40_ge9_qr69_tau89,36,40,9,0.69,0.89,233.92,76.38,10.00,1.00,10:1,219.60,,,233.92,76.38,,0,53
Random Search,20260607,18,rs_r18_003_tl31_dt79_ge6_qr54_tau70,31,79,6,0.54,0.7,253.92,94.41,10.00,1.00,10:1,239.42,,,253.92,94.41,,0,69
Random Search,20260607,18,rs_r18_004_tl102_dt61_ge43_qr79_tau86,102,61,43,0.79,0.86,256.92,75.75,10.00,1.00,10:1,240.45,,,256.92,75.75,,0,29
Random Search,20260607,18,rs_r18_005_tl69_dt186_ge22_qr9_tau86,69,186,22,0.09,0.86,170.92,84.52,10.00,1.00,10:1,163.07,,,170.92,84.52,,1,38
Random Search,20260607,18,rs_r18_006_tl85_dt106_ge9_qr33_tau88,85,106,9,0.33,0.88,326.92,88.67,10.00,1.00,10:1,305.26,,,326.92,88.67,,0,73
Random Search,20260607,19,rs_r19_001_tl61_dt172_ge23_qr49_tau81,61,172,23,0.49,0.81,193.92,77.51,10.00,1.00,10:1,183.34,,,193.92,77.51,,0,37
Random Search,20260607,19,rs_r19_002_tl66_dt7_ge29_qr82_tau80,66,7,29,0.82,0.8,181.92,80.09,10.00,1.00,10:1,172.66,,,181.92,80.09,,0,18
Random Search,20260607,19,rs_r19_003_tl56_dt99_ge47_qr11_tau70,56,99,47,0.11,0.7,234.92,83.21,10.00,1.00,10:1,221.13,,,234.92,83.21,,1,28
Random Search,20260607,19,rs_r19_004_tl1_dt130_ge26_qr57_tau86,1,130,26,0.57,0.86,0.00,64.59,10.00,1.00,10:1,5.87,,,0.00,64.59,,0,0
Random Search,20260607,19,rs_r19_005_tl42_dt107_ge42_qr87_tau75,42,107,42,0.87,0.75,207.92,80.20,10.00,1.00,10:1,196.31,,,207.92,80.20,,0,29
Random Search,20260607,19,rs_r19_006_tl86_dt198_ge13_qr68_tau89,86,198,13,0.68,0.89,274.92,91.92,10.00,1.00,10:1,258.28,,,274.92,91.92,,0,60
Random Search,20260607,20,rs_r20_001_tl30_dt123_ge23_qr79_tau74,30,123,23,0.79,0.74,189.92,75.89,10.00,1.00,10:1,179.55,,,189.92,75.89,,0,37
Random Search,20260607,20,rs_r20_002_tl50_dt232_ge31_qr19_tau80,50,232,31,0.19,0.8,0.00,66.60,10.00,1.00,10:1,6.05,,,0.00,66.60,,0,0
Random Search,20260607,20,rs_r20_003_tl27_dt153_ge13_qr91_tau70,27,153,13,0.91,0.7,204.92,96.22,10.00,1.00,10:1,195.04,,,204.92,96.22,,0,51
Random Search,20260607,20,rs_r20_004_tl8_dt179_ge35_qr6_tau89,8,179,35,0.06,0.89,336.92,90.23,10.00,1.00,10:1,314.49,,,336.92,90.23,,1,41
Random Search,20260607,20,rs_r20_005_tl91_dt147_ge40_qr35_tau71,91,147,40,0.35,0.71,297.92,84.08,10.00,1.00,10:1,278.48,,,297.92,84.08,,0,35
Random Search,20260607,20,rs_r20_006_tl61_dt132_ge18_qr58_tau71,61,132,18,0.58,0.71,404.92,82.18,10.00,1.00,10:1,375.58,,,404.92,82.18,,0,63
Random Search,20260607,21,rs_r21_001_tl17_dt210_ge38_qr52_tau73,17,210,38,0.52,0.73,160.92,83.80,10.00,1.00,10:1,153.91,,,160.92,83.80,,0,27
Random Search,20260607,21,rs_r21_002_tl119_dt193_ge10_qr3_tau77,119,193,10,0.03,0.77,371.92,84.88,10.00,1.00,10:1,345.83,,,371.92,84.88,,1,79
Random Search,20260607,21,rs_r21_003_tl73_dt105_ge15_qr34_tau82,73,105,15,0.34,0.82,330.92,87.38,10.00,1.00,10:1,308.78,,,330.92,87.38,,0,61
Random Search,20260607,21,rs_r21_004_tl51_dt72_ge12_qr93_tau74,51,72,12,0.93,0.74,356.92,88.84,10.00,1.00,10:1,332.55,,,356.92,88.84,,0,71
Random Search,20260607,21,rs_r21_005_tl114_dt90_ge5_qr74_tau80,114,90,5,0.74,0.8,385.92,97.84,10.00,1.00,10:1,359.73,,,385.92,97.84,,0,97
Random Search,20260607,21,rs_r21_006_tl107_dt119_ge35_qr1_tau85,107,119,35,0.01,0.85,190.92,91.92,10.00,1.00,10:1,181.92,,,190.92,91.92,,1,31
Random Search,20260607,22,rs_r22_001_tl49_dt46_ge29_qr70_tau79,49,46,29,0.7,0.79,161.92,77.91,10.00,1.00,10:1,154.28,,,161.92,77.91,,0,28
Random Search,20260607,22,rs_r22_002_tl54_dt231_ge49_qr41_tau86,54,231,49,0.41,0.86,302.92,79.03,10.00,1.00,10:1,282.57,,,302.92,79.03,,0,31
Random Search,20260607,22,rs_r22_003_tl119_dt203_ge11_qr73_tau83,119,203,11,0.73,0.83,0.00,83.49,10.00,1.00,10:1,7.59,,,0.00,83.49,,0,0
Random Search,20260607,22,rs_r22_004_tl21_dt87_ge5_qr36_tau74,21,87,5,0.36,0.74,330.92,103.86,10.00,1.00,10:1,310.28,,,330.92,103.86,,0,80
Random Search,20260607,22,rs_r22_005_tl113_dt183_ge33_qr35_tau84,113,183,33,0.35,0.84,286.92,89.91,10.00,1.00,10:1,269.01,,,286.92,89.91,,0,35
Random Search,20260607,22,rs_r22_006_tl88_dt207_ge44_qr12_tau86,88,207,44,0.12,0.86,306.92,86.00,10.00,1.00,10:1,286.84,,,306.92,86.00,,1,31
Random Search,20260607,23,rs_r23_001_tl32_dt51_ge24_qr59_tau72,32,51,24,0.59,0.72,0.00,80.03,10.00,1.00,10:1,7.28,,,0.00,80.03,,0,0
Random Search,20260607,23,rs_r23_002_tl118_dt211_ge36_qr67_tau71,118,211,36,0.67,0.71,288.92,84.10,10.00,1.00,10:1,270.30,,,288.92,84.10,,0,34
Random Search,20260607,23,rs_r23_003_tl57_dt187_ge6_qr11_tau78,57,187,6,0.11,0.78,414.92,96.50,10.00,1.00,10:1,385.97,,,414.92,96.50,,1,97
Random Search,20260607,23,rs_r23_004_tl94_dt22_ge39_qr75_tau75,94,22,39,0.75,0.75,145.92,75.50,10.00,1.00,10:1,139.52,,,145.92,75.50,,0,17
Random Search,20260607,23,rs_r23_005_tl74_dt31_ge46_qr67_tau72,74,31,46,0.67,0.72,137.92,85.26,10.00,1.00,10:1,133.13,,,137.92,85.26,,0,18
Random Search,20260607,23,rs_r23_006_tl110_dt70_ge3_qr3_tau75,110,70,3,0.03,0.75,327.92,83.96,10.00,1.00,10:1,305.74,,,327.92,83.96,,1,92
Random Search,20260607,24,rs_r24_001_tl69_dt13_ge5_qr61_tau90,69,13,5,0.61,0.9,146.92,80.25,10.00,1.00,10:1,140.86,,,146.92,80.25,,0,28
Random Search,20260607,24,rs_r24_002_tl15_dt189_ge43_qr12_tau83,15,189,43,0.12,0.83,251.92,79.27,10.00,1.00,10:1,236.22,,,251.92,79.27,,1,30
Random Search,20260607,24,rs_r24_003_tl93_dt79_ge9_qr49_tau77,93,79,9,0.49,0.77,274.92,89.25,10.00,1.00,10:1,258.04,,,274.92,89.25,,0,66
Random Search,20260607,24,rs_r24_004_tl103_dt122_ge27_qr50_tau88,103,122,27,0.5,0.88,222.92,77.46,10.00,1.00,10:1,209.70,,,222.92,77.46,,0,38
Random Search,20260607,24,rs_r24_005_tl99_dt76_ge17_qr34_tau72,99,76,17,0.34,0.72,288.92,90.93,10.00,1.00,10:1,270.92,,,288.92,90.93,,0,55
Random Search,20260607,24,rs_r24_006_tl105_dt77_ge1_qr43_tau90,105,77,1,0.43,0.9,256.92,90.45,10.00,1.00,10:1,241.79,,,256.92,90.45,,0,90
Random Search,20260607,25,rs_r25_001_tl26_dt0_ge47_qr37_tau73,26,0,47,0.37,0.73,198.92,81.83,10.00,1.00,10:1,188.28,,,198.92,81.83,,0,26
Random Search,20260607,25,rs_r25_002_tl45_dt51_ge13_qr20_tau78,45,51,13,0.2,0.78,271.92,93.29,10.00,1.00,10:1,255.68,,,271.92,93.29,,1,54
Random Search,20260607,25,rs_r25_003_tl111_dt15_ge45_qr1_tau77,111,15,45,0.01,0.77,137.92,83.00,10.00,1.00,10:1,132.93,,,137.92,83.00,,1,18
Random Search,20260607,25,rs_r25_004_tl112_dt47_ge38_qr73_tau78,112,47,38,0.73,0.78,151.92,87.73,10.00,1.00,10:1,146.08,,,151.92,87.73,,0,24
Random Search,20260607,25,rs_r25_005_tl104_dt99_ge7_qr69_tau87,104,99,7,0.69,0.87,279.92,91.43,10.00,1.00,10:1,262.78,,,279.92,91.43,,0,72
Random Search,20260607,25,rs_r25_006_tl35_dt181_ge6_qr17_tau85,35,181,6,0.17,0.85,0.00,81.40,10.00,1.00,10:1,7.40,,,0.00,81.40,,0,0
Random Search,20260607,26,rs_r26_001_tl4_dt114_ge49_qr71_tau86,4,114,49,0.71,0.86,116.92,83.08,10.00,1.00,10:1,113.84,,,116.92,83.08,,0,20
Random Search,20260607,26,rs_r26_002_tl34_dt160_ge6_qr44_tau85,34,160,6,0.44,0.85,278.92,95.84,10.00,1.00,10:1,262.28,,,278.92,95.84,,0,78
Random Search,20260607,26,rs_r26_003_tl88_dt217_ge12_qr81_tau86,88,217,12,0.81,0.86,0.00,83.40,10.00,1.00,10:1,7.58,,,0.00,83.40,,0,0
Random Search,20260607,26,rs_r26_004_tl7_dt10_ge17_qr52_tau77,7,10,17,0.52,0.77,161.92,83.15,10.00,1.00,10:1,154.76,,,161.92,83.15,,0,19
Random Search,20260607,26,rs_r26_005_tl116_dt243_ge42_qr68_tau76,116,243,42,0.68,0.76,281.92,79.19,10.00,1.00,10:1,263.49,,,281.92,79.19,,0,31
Random Search,20260607,26,rs_r26_006_tl106_dt198_ge45_qr1_tau84,106,198,45,0.01,0.84,232.92,85.13,10.00,1.00,10:1,219.48,,,232.92,85.13,,1,29
Random Search,20260607,27,rs_r27_001_tl86_dt11_ge47_qr62_tau84,86,11,47,0.62,0.84,161.92,86.17,10.00,1.00,10:1,155.03,,,161.92,86.17,,0,17
Random Search,20260607,27,rs_r27_002_tl35_dt127_ge29_qr77_tau72,35,127,29,0.77,0.72,257.92,77.48,10.00,1.00,10:1,241.52,,,257.92,77.48,,0,39
Random Search,20260607,27,rs_r27_003_tl104_dt39_ge49_qr16_tau70,104,39,49,0.16,0.7,114.92,97.33,10.00,1.00,10:1,113.32,,,114.92,97.33,,1,18
Random Search,20260607,27,rs_r27_004_tl86_dt178_ge21_qr95_tau75,86,178,21,0.95,0.75,373.92,85.87,10.00,1.00,10:1,347.73,,,373.92,85.87,,0,57
Random Search,20260607,27,rs_r27_005_tl104_dt40_ge9_qr57_tau81,104,40,9,0.57,0.81,233.92,76.38,10.00,1.00,10:1,219.60,,,233.92,76.38,,0,53
Random Search,20260607,27,rs_r27_006_tl93_dt47_ge41_qr15_tau81,93,47,41,0.15,0.81,159.92,89.59,10.00,1.00,10:1,153.53,,,159.92,89.59,,1,24
Random Search,20260607,28,rs_r28_001_tl83_dt106_ge34_qr55_tau70,83,106,34,0.55,0.7,264.92,93.66,10.00,1.00,10:1,249.35,,,264.92,93.66,,0,34
Random Search,20260607,28,rs_r28_002_tl7_dt238_ge32_qr2_tau85,7,238,32,0.02,0.85,269.92,95.68,10.00,1.00,10:1,254.08,,,269.92,95.68,,1,38
Random Search,20260607,28,rs_r28_003_tl4_dt236_ge18_qr31_tau70,4,236,18,0.31,0.7,286.92,82.77,10.00,1.00,10:1,268.36,,,286.92,82.77,,0,52
Random Search,20260607,28,rs_r28_004_tl83_dt35_ge4_qr82_tau86,83,35,4,0.82,0.86,137.92,75.84,10.00,1.00,10:1,132.28,,,137.92,75.84,,0,47
Random Search,20260607,28,rs_r28_005_tl35_dt25_ge35_qr41_tau81,35,25,35,0.41,0.81,138.92,77.81,10.00,1.00,10:1,133.36,,,138.92,77.81,,0,19
Random Search,20260607,28,rs_r28_006_tl63_dt195_ge14_qr81_tau88,63,195,14,0.81,0.88,334.92,84.64,10.00,1.00,10:1,312.17,,,334.92,84.64,,0,62
Random Search,20260607,29,rs_r29_001_tl95_dt34_ge3_qr39_tau85,95,34,3,0.39,0.85,153.92,75.34,10.00,1.00,10:1,146.78,,,153.92,75.34,,0,48
Random Search,20260607,29,rs_r29_002_tl87_dt43_ge37_qr35_tau80,87,43,37,0.35,0.8,208.92,81.53,10.00,1.00,10:1,197.34,,,208.92,81.53,,0,32
Random Search,20260607,29,rs_r29_003_tl93_dt151_ge48_qr19_tau73,93,151,48,0.19,0.73,274.92,82.51,10.00,1.00,10:1,257.43,,,274.92,82.51,,1,30
Random Search,20260607,29,rs_r29_004_tl61_dt125_ge40_qr50_tau85,61,125,40,0.5,0.85,282.92,88.83,10.00,1.00,10:1,265.28,,,282.92,88.83,,0,33
Random Search,20260607,29,rs_r29_005_tl33_dt201_ge46_qr85_tau84,33,201,46,0.85,0.84,214.92,81.40,10.00,1.00,10:1,202.78,,,214.92,81.40,,0,28
Random Search,20260607,29,rs_r29_006_tl67_dt198_ge39_qr4_tau90,67,198,39,0.04,0.9,319.92,93.22,10.00,1.00,10:1,299.31,,,319.92,93.22,,1,38
Random Search,20260607,30,rs_r30_001_tl70_dt241_ge27_qr55_tau76,70,241,27,0.55,0.76,226.92,75.03,10.00,1.00,10:1,213.11,,,226.92,75.03,,0,39
Random Search,20260607,30,rs_r30_002_tl95_dt192_ge48_qr10_tau76,95,192,48,0.1,0.76,274.92,82.51,10.00,1.00,10:1,257.43,,,274.92,82.51,,1,30
Random Search,20260607,30,rs_r30_003_tl91_dt95_ge7_qr23_tau82,91,95,7,0.23,0.82,348.92,101.84,10.00,1.00,10:1,326.46,,,348.92,101.84,,1,84
Random Search,20260607,30,rs_r30_004_tl14_dt19_ge28_qr46_tau83,14,19,28,0.46,0.83,144.92,77.87,10.00,1.00,10:1,138.82,,,144.92,77.87,,0,20
Random Search,20260607,30,rs_r30_005_tl59_dt106_ge44_qr67_tau74,59,106,44,0.67,0.74,248.92,75.42,10.00,1.00,10:1,233.15,,,248.92,75.42,,0,32
Random Search,20260607,30,rs_r30_006_tl62_dt19_ge10_qr63_tau73,62,19,10,0.63,0.73,145.92,78.41,10.00,1.00,10:1,139.78,,,145.92,78.41,,0,29
Random Search,20260607,31,rs_r31_001_tl98_dt60_ge35_qr76_tau73,98,60,35,0.76,0.73,221.92,88.05,10.00,1.00,10:1,209.75,,,221.92,88.05,,0,33
Random Search,20260607,31,rs_r31_002_tl3_dt209_ge37_qr47_tau83,3,209,37,0.47,0.83,257.92,87.92,10.00,1.00,10:1,242.47,,,257.92,87.92,,0,32
Random Search,20260607,31,rs_r31_003_tl46_dt40_ge15_qr62_tau85,46,40,15,0.62,0.85,0.00,69.48,10.00,1.00,10:1,6.32,,,0.00,69.48,,0,0
Random Search,20260607,31,rs_r31_004_tl8_dt87_ge8_qr48_tau75,8,87,8,0.48,0.75,270.92,81.69,10.00,1.00,10:1,253.72,,,270.92,81.69,,0,67
Random Search,20260607,31,rs_r31_005_tl29_dt171_ge34_qr89_tau83,29,171,34,0.89,0.83,195.92,78.72,10.00,1.00,10:1,185.26,,,195.92,78.72,,0,31
Random Search,20260607,31,rs_r31_006_tl105_dt156_ge25_qr71_tau72,105,156,25,0.71,0.72,356.92,80.96,10.00,1.00,10:1,331.83,,,356.92,80.96,,0,48
Random Search,20260607,32,rs_r32_001_tl13_dt73_ge39_qr64_tau76,13,73,39,0.64,0.76,108.92,87.68,10.00,1.00,10:1,106.99,,,108.92,87.68,,0,22
Random Search,20260607,32,rs_r32_002_tl66_dt166_ge28_qr94_tau71,66,166,28,0.94,0.71,290.92,74.86,10.00,1.00,10:1,271.28,,,290.92,74.86,,0,40
Random Search,20260607,32,rs_r32_003_tl46_dt87_ge37_qr74_tau72,46,87,37,0.74,0.72,0.00,86.20,10.00,1.00,10:1,7.84,,,0.00,86.20,,0,0
Random Search,20260607,32,rs_r32_004_tl106_dt236_ge28_qr13_tau77,106,236,28,0.13,0.77,145.92,86.88,10.00,1.00,10:1,140.55,,,145.92,86.88,,1,30
Random Search,20260607,32,rs_r32_005_tl34_dt241_ge12_qr65_tau89,34,241,12,0.65,0.89,302.92,87.70,10.00,1.00,10:1,283.35,,,302.92,87.70,,0,62
Random Search,20260607,32,rs_r32_006_tl68_dt107_ge43_qr29_tau80,68,107,43,0.29,0.8,287.92,85.90,10.00,1.00,10:1,269.55,,,287.92,85.90,,1,32
Random Search,20260607,33,rs_r33_001_tl116_dt41_ge42_qr80_tau72,116,41,42,0.8,0.72,110.92,82.66,10.00,1.00,10:1,108.35,,,110.92,82.66,,0,20
Random Search,20260607,33,rs_r33_002_tl15_dt179_ge34_qr56_tau71,15,179,34,0.56,0.71,177.92,79.26,10.00,1.00,10:1,168.95,,,177.92,79.26,,0,29
Random Search,20260607,33,rs_r33_003_tl80_dt121_ge34_qr28_tau86,80,121,34,0.28,0.86,319.92,88.95,10.00,1.00,10:1,298.92,,,319.92,88.95,,1,39
Random Search,20260607,33,rs_r33_004_tl68_dt50_ge26_qr96_tau73,68,50,26,0.96,0.73,193.92,78.75,10.00,1.00,10:1,183.45,,,193.92,78.75,,0,32
Random Search,20260607,33,rs_r33_005_tl35_dt20_ge48_qr87_tau85,35,20,48,0.87,0.85,145.92,77.22,10.00,1.00,10:1,139.67,,,145.92,77.22,,0,17
Random Search,20260607,33,rs_r33_006_tl91_dt45_ge20_qr71_tau72,91,45,20,0.71,0.72,297.92,92.38,10.00,1.00,10:1,279.23,,,297.92,92.38,,0,45
Random Search,20260607,34,rs_r34_001_tl35_dt154_ge29_qr32_tau90,35,154,29,0.32,0.9,257.92,77.48,10.00,1.00,10:1,241.52,,,257.92,77.48,,0,39
Random Search,20260607,34,rs_r34_002_tl43_dt61_ge36_qr47_tau87,43,61,36,0.47,0.87,0.00,78.66,10.00,1.00,10:1,7.15,,,0.00,78.66,,0,0
Random Search,20260607,34,rs_r34_003_tl36_dt62_ge8_qr41_tau81,36,62,8,0.41,0.81,291.92,95.62,10.00,1.00,10:1,274.07,,,291.92,95.62,,0,70
Random Search,20260607,34,rs_r34_004_tl45_dt196_ge14_qr27_tau78,45,196,14,0.27,0.78,377.92,92.57,10.00,1.00,10:1,351.98,,,377.92,92.57,,1,68
Random Search,20260607,34,rs_r34_005_tl97_dt238_ge13_qr30_tau77,97,238,13,0.3,0.77,247.92,91.44,10.00,1.00,10:1,233.69,,,247.92,91.44,,1,53
Random Search,20260607,34,rs_r34_006_tl89_dt111_ge36_qr5_tau74,89,111,36,0.05,0.74,256.92,100.64,10.00,1.00,10:1,242.71,,,256.92,100.64,,1,34
Random Search,20260607,35,rs_r35_001_tl56_dt232_ge10_qr91_tau90,56,232,10,0.91,0.9,368.92,84.26,10.00,1.00,10:1,343.04,,,368.92,84.26,,0,75
Random Search,20260607,35,rs_r35_002_tl111_dt52_ge38_qr69_tau76,111,52,38,0.69,0.76,165.92,83.12,10.00,1.00,10:1,158.39,,,165.92,83.12,,0,27
Random Search,20260607,35,rs_r35_003_tl48_dt75_ge49_qr1_tau90,48,75,49,0.01,0.9,195.92,81.37,10.00,1.00,10:1,185.51,,,195.92,81.37,,1,27
Random Search,20260607,35,rs_r35_004_tl105_dt150_ge21_qr58_tau70,105,150,21,0.58,0.7,373.92,85.87,10.00,1.00,10:1,347.73,,,373.92,85.87,,0,57
Random Search,20260607,35,rs_r35_005_tl86_dt86_ge28_qr48_tau86,86,86,28,0.48,0.86,315.92,80.77,10.00,1.00,10:1,294.54,,,315.92,80.77,,0,41
Random Search,20260607,35,rs_r35_006_tl58_dt235_ge5_qr28_tau86,58,235,5,0.28,0.86,306.92,106.99,10.00,1.00,10:1,288.74,,,306.92,106.99,,1,83
Random Search,20260607,36,rs_r36_001_tl50_dt47_ge26_qr73_tau72,50,47,26,0.73,0.72,187.92,81.79,10.00,1.00,10:1,178.27,,,187.92,81.79,,0,33
Random Search,20260607,36,rs_r36_002_tl78_dt125_ge44_qr68_tau81,78,125,44,0.68,0.81,369.92,82.38,10.00,1.00,10:1,343.78,,,369.92,82.38,,0,37
Random Search,20260607,36,rs_r36_003_tl17_dt111_ge15_qr35_tau77,17,111,15,0.35,0.77,283.92,78.50,10.00,1.00,10:1,265.25,,,283.92,78.50,,0,55
Random Search,20260607,36,rs_r36_004_tl90_dt225_ge11_qr33_tau89,90,225,11,0.33,0.89,0.00,83.49,10.00,1.00,10:1,7.59,,,0.00,83.49,,0,0
Random Search,20260607,36,rs_r36_005_tl79_dt192_ge20_qr47_tau80,79,192,20,0.47,0.8,342.92,89.40,10.00,1.00,10:1,319.87,,,342.92,89.40,,0,56
Random Search,20260607,36,rs_r36_006_tl5_dt21_ge47_qr98_tau79,5,21,47,0.98,0.79,158.92,75.64,10.00,1.00,10:1,151.35,,,158.92,75.64,,0,17
Random Search,20260607,37,rs_r37_001_tl85_dt202_ge40_qr82_tau84,85,202,40,0.82,0.84,311.92,84.76,10.00,1.00,10:1,291.27,,,311.92,84.76,,0,35
Random Search,20260607,37,rs_r37_002_tl23_dt43_ge27_qr100_tau88,23,43,27,1.0,0.88,171.92,82.34,10.00,1.00,10:1,163.78,,,171.92,82.34,,0,32
Random Search,20260607,37,rs_r37_003_tl30_dt16_ge0_qr94_tau70,30,16,0,0.94,0.7,157.92,86.72,10.00,1.00,10:1,151.45,,,157.92,86.72,,0,40
Random Search,20260607,37,rs_r37_004_tl46_dt133_ge42_qr61_tau70,46,133,42,0.61,0.7,281.92,79.19,10.00,1.00,10:1,263.49,,,281.92,79.19,,0,31
Random Search,20260607,37,rs_r37_005_tl67_dt55_ge41_qr9_tau84,67,55,41,0.09,0.84,147.92,91.26,10.00,1.00,10:1,142.77,,,147.92,91.26,,1,25
Random Search,20260607,37,rs_r37_006_tl113_dt41_ge44_qr35_tau73,113,41,44,0.35,0.73,0.00,90.34,10.00,1.00,10:1,8.21,,,0.00,90.34,,0,0
Random Search,20260607,38,rs_r38_001_tl113_dt142_ge44_qr37_tau89,113,142,44,0.37,0.89,248.92,80.57,10.00,1.00,10:1,233.62,,,248.92,80.57,,0,29
Random Search,20260607,38,rs_r38_002_tl100_dt217_ge2_qr0_tau78,100,217,2,0.0,0.78,330.92,101.97,10.00,1.00,10:1,310.11,,,330.92,101.97,,1,100
Random Search,20260607,38,rs_r38_003_tl86_dt104_ge7_qr52_tau85,86,104,7,0.52,0.85,325.92,91.35,10.00,1.00,10:1,304.60,,,325.92,91.35,,0,79
Random Search,20260607,38,rs_r38_004_tl115_dt45_ge48_qr71_tau84,115,45,48,0.71,0.84,127.92,90.57,10.00,1.00,10:1,124.52,,,127.92,90.57,,0,19
Random Search,20260607,38,rs_r38_005_tl62_dt224_ge47_qr45_tau72,62,224,47,0.45,0.72,258.92,82.01,10.00,1.00,10:1,242.84,,,258.92,82.01,,0,29
Random Search,20260607,38,rs_r38_006_tl24_dt48_ge10_qr95_tau70,24,48,10,0.95,0.7,187.92,84.29,10.00,1.00,10:1,178.50,,,187.92,84.29,,0,49
Random Search,20260607,39,rs_r39_001_tl117_dt41_ge33_qr93_tau89,117,41,33,0.93,0.89,110.92,81.92,10.00,1.00,10:1,108.28,,,110.92,81.92,,0,25
Random Search,20260607,39,rs_r39_002_tl93_dt83_ge11_qr52_tau74,93,83,11,0.52,0.74,382.92,98.80,10.00,1.00,10:1,357.09,,,382.92,98.80,,0,73
Random Search,20260607,39,rs_r39_003_tl107_dt11_ge1_qr99_tau85,107,11,1,0.99,0.85,0.00,79.91,10.00,1.00,10:1,7.26,,,0.00,79.91,,0,0
Random Search,20260607,39,rs_r39_004_tl121_dt94_ge41_qr78_tau86,121,94,41,0.78,0.86,137.92,77.60,10.00,1.00,10:1,132.44,,,137.92,77.60,,0,26
Random Search,20260607,39,rs_r39_005_tl98_dt24_ge26_qr41_tau87,98,24,26,0.41,0.87,167.92,75.98,10.00,1.00,10:1,159.56,,,167.92,75.98,,0,27
Random Search,20260607,39,rs_r39_006_tl62_dt186_ge30_qr74_tau84,62,186,30,0.74,0.84,286.92,75.40,10.00,1.00,10:1,267.69,,,286.92,75.40,,0,40
Random Search,20260607,40,rs_r40_001_tl53_dt89_ge20_qr64_tau77,53,89,20,0.64,0.77,350.92,93.20,10.00,1.00,10:1,327.49,,,350.92,93.20,,0,54
Random Search,20260607,40,rs_r40_002_tl82_dt45_ge48_qr27_tau87,82,45,48,0.27,0.87,95.92,90.97,10.00,1.00,10:1,95.47,,,95.92,90.97,,1,20
Random Search,20260607,40,rs_r40_003_tl38_dt142_ge34_qr29_tau76,38,142,34,0.29,0.76,302.92,84.76,10.00,1.00,10:1,283.09,,,302.92,84.76,,1,38
Random Search,20260607,40,rs_r40_004_tl72_dt111_ge1_qr98_tau80,72,111,1,0.98,0.8,371.92,98.85,10.00,1.00,10:1,347.10,,,371.92,98.85,,0,119
Random Search,20260607,40,rs_r40_005_tl63_dt97_ge24_qr31_tau74,63,97,24,0.31,0.74,314.92,79.04,10.00,1.00,10:1,293.48,,,314.92,79.04,,0,46
Random Search,20260607,40,rs_r40_006_tl15_dt182_ge39_qr10_tau76,15,182,39,0.1,0.76,177.92,80.36,10.00,1.00,10:1,169.05,,,177.92,80.36,,1,30
Random Search,20260607,41,rs_r41_001_tl24_dt43_ge32_qr48_tau90,24,43,32,0.48,0.9,109.92,82.94,10.00,1.00,10:1,107.47,,,109.92,82.94,,0,26
Random Search,20260607,41,rs_r41_002_tl35_dt37_ge1_qr52_tau74,35,37,1,0.52,0.74,168.92,76.38,10.00,1.00,10:1,160.51,,,168.92,76.38,,0,61
Random Search,20260607,41,rs_r41_003_tl104_dt45_ge13_qr60_tau70,104,45,13,0.6,0.7,237.92,97.12,10.00,1.00,10:1,225.12,,,237.92,97.12,,0,47
Random Search,20260607,41,rs_r41_004_tl47_dt70_ge34_qr94_tau87,47,70,34,0.94,0.87,204.92,74.47,10.00,1.00,10:1,193.06,,,204.92,74.47,,0,29
Random Search,20260607,41,rs_r41_005_tl28_dt196_ge30_qr20_tau72,28,196,30,0.2,0.72,319.92,84.81,10.00,1.00,10:1,298.55,,,319.92,84.81,,1,41
Random Search,20260607,41,rs_r41_006_tl71_dt196_ge40_qr46_tau76,71,196,40,0.46,0.76,311.92,84.76,10.00,1.00,10:1,291.27,,,311.92,84.76,,0,35
Random Search,20260607,42,rs_r42_001_tl31_dt54_ge10_qr46_tau77,31,54,10,0.46,0.77,177.92,87.52,10.00,1.00,10:1,169.70,,,177.92,87.52,,0,50
Random Search,20260607,42,rs_r42_002_tl109_dt206_ge0_qr99_tau70,109,206,0,0.99,0.7,286.92,94.08,10.00,1.00,10:1,269.39,,,286.92,94.08,,0,107
Random Search,20260607,42,rs_r42_003_tl5_dt118_ge48_qr45_tau86,5,118,48,0.45,0.86,146.92,90.84,10.00,1.00,10:1,141.82,,,146.92,90.84,,0,25
Random Search,20260607,42,rs_r42_004_tl97_dt43_ge18_qr5_tau72,97,43,18,0.05,0.72,274.92,102.06,10.00,1.00,10:1,259.21,,,274.92,102.06,,1,47
Random Search,20260607,42,rs_r42_005_tl74_dt141_ge7_qr58_tau83,74,141,7,0.58,0.83,352.92,92.03,10.00,1.00,10:1,329.20,,,352.92,92.03,,0,81
Random Search,20260607,42,rs_r42_006_tl28_dt49_ge38_qr44_tau72,28,49,38,0.44,0.72,151.92,87.73,10.00,1.00,10:1,146.08,,,151.92,87.73,,0,24
Random Search,20260607,43,rs_r43_001_tl65_dt6_ge15_qr97_tau81,65,6,15,0.97,0.81,181.92,95.17,10.00,1.00,10:1,174.03,,,181.92,95.17,,0,20
Random Search,20260607,43,rs_r43_002_tl60_dt16_ge50_qr65_tau80,60,16,50,0.65,0.8,144.92,79.76,10.00,1.00,10:1,139.00,,,144.92,79.76,,0,17
Random Search,20260607,43,rs_r43_003_tl17_dt48_ge39_qr33_tau83,17,48,39,0.33,0.83,225.92,86.48,10.00,1.00,10:1,213.24,,,225.92,86.48,,0,30
Random Search,20260607,43,rs_r43_004_tl47_dt230_ge25_qr95_tau83,47,230,25,0.95,0.83,332.92,80.37,10.00,1.00,10:1,309.96,,,332.92,80.37,,0,46
Random Search,20260607,43,rs_r43_005_tl121_dt158_ge28_qr79_tau70,121,158,28,0.79,0.7,298.92,78.16,10.00,1.00,10:1,278.85,,,298.92,78.16,,0,42
Random Search,20260607,43,rs_r43_006_tl82_dt241_ge35_qr17_tau85,82,241,35,0.17,0.85,287.92,90.46,10.00,1.00,10:1,269.97,,,287.92,90.46,,1,38
Random Search,20260607,44,rs_r44_001_tl83_dt98_ge2_qr16_tau79,83,98,2,0.16,0.79,403.92,90.38,10.00,1.00,10:1,375.42,,,403.92,90.38,,1,114
Random Search,20260607,44,rs_r44_002_tl70_dt167_ge26_qr39_tau88,70,167,26,0.39,0.88,202.92,77.82,10.00,1.00,10:1,191.55,,,202.92,77.82,,0,36
Random Search,20260607,44,rs_r44_003_tl75_dt41_ge46_qr63_tau73,75,41,46,0.63,0.73,124.92,85.89,10.00,1.00,10:1,121.37,,,124.92,85.89,,0,20
Random Search,20260607,44,rs_r44_004_tl29_dt138_ge26_qr51_tau77,29,138,26,0.51,0.77,214.92,84.39,10.00,1.00,10:1,203.05,,,214.92,84.39,,0,40
Random Search,20260607,44,rs_r44_005_tl26_dt235_ge32_qr54_tau79,26,235,32,0.54,0.79,262.92,84.10,10.00,1.00,10:1,246.66,,,262.92,84.10,,0,36
Random Search,20260607,44,rs_r44_006_tl21_dt200_ge50_qr33_tau87,21,200,50,0.33,0.87,313.92,75.36,10.00,1.00,10:1,292.23,,,313.92,75.36,,0,31
Random Search,20260607,45,rs_r45_001_tl56_dt6_ge41_qr60_tau88,56,6,41,0.6,0.88,180.92,92.55,10.00,1.00,10:1,172.89,,,180.92,92.55,,0,18
Random Search,20260607,45,rs_r45_002_tl101_dt102_ge19_qr27_tau71,101,102,19,0.27,0.71,0.00,98.52,10.00,1.00,10:1,8.96,,,0.00,98.52,,0,0
Random Search,20260607,45,rs_r45_003_tl122_dt192_ge23_qr29_tau88,122,192,23,0.29,0.88,178.92,84.32,10.00,1.00,10:1,170.32,,,178.92,84.32,,1,39
Random Search,20260607,45,rs_r45_004_tl105_dt182_ge0_qr99_tau76,105,182,0,0.99,0.76,273.92,94.26,10.00,1.00,10:1,257.59,,,273.92,94.26,,0,102
Random Search,20260607,45,rs_r45_005_tl48_dt88_ge40_qr63_tau87,48,88,40,0.63,0.87,312.92,81.79,10.00,1.00,10:1,291.91,,,312.92,81.79,,0,35
Random Search,20260607,45,rs_r45_006_tl74_dt117_ge4_qr19_tau87,74,117,4,0.19,0.87,299.92,93.59,10.00,1.00,10:1,281.16,,,299.92,93.59,,1,85
Random Search,20260607,46,rs_r46_001_tl2_dt201_ge34_qr82_tau87,2,201,34,0.82,0.87,193.92,79.70,10.00,1.00,10:1,183.54,,,193.92,79.70,,0,30
Random Search,20260607,46,rs_r46_002_tl23_dt19_ge27_qr96_tau80,23,19,27,0.96,0.8,172.92,79.75,10.00,1.00,10:1,164.45,,,172.92,79.75,,0,23
Random Search,20260607,46,rs_r46_003_tl88_dt148_ge43_qr85_tau85,88,148,43,0.85,0.85,272.92,80.52,10.00,1.00,10:1,255.43,,,272.92,80.52,,0,33
Random Search,20260607,46,rs_r46_004_tl108_dt32_ge19_qr72_tau78,108,32,19,0.72,0.78,137.92,86.93,10.00,1.00,10:1,133.28,,,137.92,86.93,,0,31
Random Search,20260607,46,rs_r46_005_tl26_dt50_ge17_qr84_tau78,26,50,17,0.84,0.78,191.92,76.36,10.00,1.00,10:1,181.41,,,191.92,76.36,,0,40
Random Search,20260607,46,rs_r46_006_tl72_dt163_ge1_qr82_tau74,72,163,1,0.82,0.74,413.92,90.30,10.00,1.00,10:1,384.50,,,413.92,90.30,,0,124
Random Search,20260607,47,rs_r47_001_tl45_dt112_ge26_qr40_tau77,45,112,26,0.4,0.77,298.92,76.57,10.00,1.00,10:1,278.71,,,298.92,76.57,,0,44
Random Search,20260607,47,rs_r47_002_tl109_dt119_ge50_qr46_tau86,109,119,50,0.46,0.86,400.92,78.81,10.00,1.00,10:1,371.64,,,400.92,78.81,,0,34
Random Search,20260607,47,rs_r47_003_tl86_dt181_ge30_qr35_tau76,86,181,30,0.35,0.76,286.92,75.40,10.00,1.00,10:1,267.69,,,286.92,75.40,,0,40
Random Search,20260607,47,rs_r47_004_tl52_dt122_ge1_qr44_tau82,52,122,1,0.44,0.82,308.92,91.39,10.00,1.00,10:1,289.14,,,308.92,91.39,,0,102
Random Search,20260607,47,rs_r47_005_tl36_dt108_ge2_qr77_tau78,36,108,2,0.77,0.78,0.00,62.76,10.00,1.00,10:1,5.71,,,0.00,62.76,,0,0
Random Search,20260607,47,rs_r47_006_tl23_dt37_ge38_qr22_tau87,23,37,38,0.22,0.87,114.92,91.04,10.00,1.00,10:1,112.75,,,114.92,91.04,,1,21
Random Search,20260607,48,rs_r48_001_tl55_dt86_ge30_qr5_tau75,55,86,30,0.05,0.75,154.92,85.90,10.00,1.00,10:1,148.65,,,154.92,85.90,,1,32
Random Search,20260607,48,rs_r48_002_tl72_dt200_ge26_qr98_tau70,72,200,26,0.98,0.7,202.92,77.82,10.00,1.00,10:1,191.55,,,202.92,77.82,,0,36
Random Search,20260607,48,rs_r48_003_tl101_dt63_ge12_qr5_tau78,101,63,12,0.05,0.78,325.92,103.26,10.00,1.00,10:1,305.68,,,325.92,103.26,,1,61
Random Search,20260607,48,rs_r48_004_tl11_dt141_ge34_qr9_tau70,11,141,34,0.09,0.7,289.92,91.21,10.00,1.00,10:1,271.86,,,289.92,91.21,,1,36
Random Search,20260607,48,rs_r48_005_tl115_dt89_ge3_qr8_tau80,115,89,3,0.08,0.8,190.92,93.02,10.00,1.00,10:1,182.02,,,190.92,93.02,,1,72
Random Search,20260607,48,rs_r48_006_tl25_dt146_ge15_qr36_tau80,25,146,15,0.36,0.8,189.92,92.48,10.00,1.00,10:1,181.06,,,189.92,92.48,,0,47
Random Search,20260607,49,rs_r49_001_tl73_dt170_ge2_qr26_tau87,73,170,2,0.26,0.87,238.92,95.06,10.00,1.00,10:1,225.84,,,238.92,95.06,,1,86
Random Search,20260607,49,rs_r49_002_tl49_dt224_ge23_qr86_tau76,49,224,23,0.86,0.76,266.92,79.61,10.00,1.00,10:1,249.89,,,266.92,79.61,,0,46
Random Search,20260607,49,rs_r49_003_tl11_dt79_ge15_qr11_tau85,11,79,15,0.11,0.85,146.92,86.78,10.00,1.00,10:1,141.45,,,146.92,86.78,,1,39
Random Search,20260607,49,rs_r49_004_tl30_dt183_ge44_qr76_tau78,30,183,44,0.76,0.78,192.92,82.00,10.00,1.00,10:1,182.84,,,192.92,82.00,,0,25
Random Search,20260607,49,rs_r49_005_tl6_dt24_ge13_qr8_tau83,6,24,13,0.08,0.83,0.00,62.49,10.00,1.00,10:1,5.68,,,0.00,62.49,,0,0
Random Search,20260607,49,rs_r49_006_tl105_dt144_ge30_qr5_tau75,105,144,30,0.05,0.75,174.92,86.47,10.00,1.00,10:1,166.88,,,174.92,86.47,,1,31
Random Search,20260607,50,rs_r50_001_tl44_dt117_ge22_qr50_tau70,44,117,22,0.5,0.7,310.92,93.00,10.00,1.00,10:1,291.11,,,310.92,93.00,,0,51
Random Search,20260607,50,rs_r50_002_tl116_dt126_ge34_qr2_tau75,116,126,34,0.02,0.75,319.92,88.95,10.00,1.00,10:1,298.92,,,319.92,88.95,,1,39
Random Search,20260607,50,rs_r50_003_tl95_dt111_ge26_qr47_tau85,95,111,26,0.47,0.85,324.92,78.56,10.00,1.00,10:1,302.52,,,324.92,78.56,,0,44
Random Search,20260607,50,rs_r50_004_tl46_dt2_ge35_qr10_tau81,46,2,35,0.1,0.81,262.92,86.61,10.00,1.00,10:1,246.89,,,262.92,86.61,,1,17
Random Search,20260607,50,rs_r50_005_tl54_dt42_ge4_qr100_tau78,54,42,4,1.0,0.78,170.92,89.93,10.00,1.00,10:1,163.56,,,170.92,89.93,,0,53
Random Search,20260607,50,rs_r50_006_tl20_dt194_ge10_qr17_tau87,20,194,10,0.17,0.87,397.92,90.01,10.00,1.00,10:1,369.93,,,397.92,90.01,,1,81
CMA-ES,20260607,1,cma_r01_001_tl34_dt25_ge1_qr76_tau84,34,25,1,0.76,0.84,158.92,73.97,10.00,1.00,10:1,151.20,,,158.92,73.97,,0,46
CMA-ES,20260607,1,cma_r01_002_tl62_dt161_ge20_qr0_tau90,62,161,20,0.0,0.9,495.92,92.10,10.00,1.00,10:1,459.21,,,495.92,92.10,,1,69
CMA-ES,20260607,1,cma_r01_003_tl37_dt202_ge8_qr64_tau71,37,202,8,0.64,0.71,281.92,90.01,10.00,1.00,10:1,264.47,,,281.92,90.01,,0,70
CMA-ES,20260607,1,cma_r01_004_tl46_dt177_ge39_qr53_tau72,46,177,39,0.53,0.72,274.92,81.03,10.00,1.00,10:1,257.29,,,274.92,81.03,,0,32
CMA-ES,20260607,1,cma_r01_005_tl27_dt216_ge25_qr60_tau87,27,216,25,0.6,0.87,181.92,77.39,10.00,1.00,10:1,172.42,,,181.92,77.39,,0,37
CMA-ES,20260607,1,cma_r01_006_tl96_dt196_ge43_qr0_tau75,96,196,43,0.0,0.75,217.92,82.47,10.00,1.00,10:1,205.61,,,217.92,82.47,,1,29
CMA-ES,20260607,2,cma_r02_001_tl52_dt120_ge13_qr79_tau82,52,120,13,0.79,0.82,309.92,89.75,10.00,1.00,10:1,289.90,,,309.92,89.75,,0,62
CMA-ES,20260607,2,cma_r02_002_tl10_dt50_ge12_qr90_tau84,10,50,12,0.9,0.84,182.92,80.87,10.00,1.00,10:1,173.64,,,182.92,80.87,,0,44
CMA-ES,20260607,2,cma_r02_003_tl40_dt105_ge31_qr13_tau78,40,105,31,0.13,0.78,194.92,91.82,10.00,1.00,10:1,185.55,,,194.92,91.82,,1,32
CMA-ES,20260607,2,cma_r02_004_tl24_dt167_ge17_qr99_tau82,24,167,17,0.99,0.82,297.92,90.00,10.00,1.00,10:1,279.02,,,297.92,90.00,,0,54
CMA-ES,20260607,2,cma_r02_005_tl60_dt6_ge11_qr71_tau81,60,6,11,0.71,0.81,181.92,95.17,10.00,1.00,10:1,174.03,,,181.92,95.17,,0,20
CMA-ES,20260607,2,cma_r02_006_tl52_dt1_ge20_qr49_tau72,52,1,20,0.49,0.72,264.92,89.58,10.00,1.00,10:1,248.98,,,264.92,89.58,,0,18
CMA-ES,20260607,3,cma_r03_001_tl31_dt95_ge24_qr58_tau86,31,95,24,0.58,0.86,307.92,81.40,10.00,1.00,10:1,287.33,,,307.92,81.40,,0,44
CMA-ES,20260607,3,cma_r03_002_tl53_dt99_ge28_qr75_tau87,53,99,28,0.75,0.87,215.92,75.22,10.00,1.00,10:1,203.13,,,215.92,75.22,,0,36
CMA-ES,20260607,3,cma_r03_003_tl58_dt5_ge9_qr81_tau81,58,5,9,0.81,0.81,264.92,81.74,10.00,1.00,10:1,248.27,,,264.92,81.74,,0,21
CMA-ES,20260607,3,cma_r03_004_tl2_dt119_ge9_qr88_tau86,2,119,9,0.88,0.86,232.92,77.37,10.00,1.00,10:1,218.78,,,232.92,77.37,,0,57
CMA-ES,20260607,3,cma_r03_005_tl76_dt23_ge28_qr99_tau82,76,23,28,0.99,0.82,177.92,75.87,10.00,1.00,10:1,168.64,,,177.92,75.87,,0,24
CMA-ES,20260607,3,cma_r03_006_tl64_dt60_ge28_qr19_tau80,64,60,28,0.19,0.8,157.92,84.31,10.00,1.00,10:1,151.23,,,157.92,84.31,,1,29
CMA-ES,20260607,4,cma_r04_001_tl45_dt81_ge19_qr79_tau78,45,81,19,0.79,0.78,380.92,93.97,10.00,1.00,10:1,354.83,,,380.92,93.97,,0,58
CMA-ES,20260607,4,cma_r04_002_tl61_dt142_ge49_qr59_tau76,61,142,49,0.59,0.76,302.92,79.03,10.00,1.00,10:1,282.57,,,302.92,79.03,,0,31
CMA-ES,20260607,4,cma_r04_003_tl30_dt9_ge30_qr21_tau82,30,9,30,0.21,0.82,145.92,82.38,10.00,1.00,10:1,140.14,,,145.92,82.38,,1,17
CMA-ES,20260607,4,cma_r04_004_tl53_dt95_ge29_qr47_tau86,53,95,29,0.47,0.86,266.92,80.06,10.00,1.00,10:1,249.93,,,266.92,80.06,,0,38
CMA-ES,20260607,4,cma_r04_005_tl35_dt74_ge29_qr84_tau90,35,74,29,0.84,0.9,283.92,85.81,10.00,1.00,10:1,265.91,,,283.92,85.81,,0,39
CMA-ES,20260607,4,cma_r04_006_tl65_dt70_ge27_qr69_tau82,65,70,27,0.69,0.82,344.92,84.99,10.00,1.00,10:1,321.29,,,344.92,84.99,,0,45
CMA-ES,20260607,5,cma_r05_001_tl115_dt27_ge37_qr12_tau85,115,27,37,0.12,0.85,113.92,80.47,10.00,1.00,10:1,110.88,,,113.92,80.47,,1,19
CMA-ES,20260607,5,cma_r05_002_tl20_dt0_ge30_qr24_tau78,20,0,30,0.24,0.78,268.92,85.66,10.00,1.00,10:1,252.26,,,268.92,85.66,,1,40
CMA-ES,20260607,5,cma_r05_003_tl31_dt77_ge29_qr0_tau80,31,77,29,0.0,0.8,188.92,83.82,10.00,1.00,10:1,179.37,,,188.92,83.82,,1,36
CMA-ES,20260607,5,cma_r05_004_tl48_dt120_ge42_qr55_tau81,48,120,42,0.55,0.81,281.92,79.19,10.00,1.00,10:1,263.49,,,281.92,79.19,,0,31
CMA-ES,20260607,5,cma_r05_005_tl24_dt1_ge17_qr76_tau88,24,1,17,0.76,0.88,264.92,89.58,10.00,1.00,10:1,248.98,,,264.92,89.58,,0,18
CMA-ES,20260607,5,cma_r05_006_tl13_dt21_ge50_qr14_tau76,13,21,50,0.14,0.76,138.92,84.58,10.00,1.00,10:1,133.98,,,138.92,84.58,,1,17
CMA-ES,20260607,6,cma_r06_001_tl61_dt24_ge28_qr36_tau88,61,24,28,0.36,0.88,177.92,82.54,10.00,1.00,10:1,169.25,,,177.92,82.54,,0,26
CMA-ES,20260607,6,cma_r06_002_tl58_dt63_ge49_qr39_tau86,58,63,49,0.39,0.86,210.92,76.36,10.00,1.00,10:1,198.69,,,210.92,76.36,,0,28
CMA-ES,20260607,6,cma_r06_003_tl88_dt0_ge37_qr4_tau80,88,0,37,0.04,0.8,304.92,96.08,10.00,1.00,10:1,285.93,,,304.92,96.08,,1,36
CMA-ES,20260607,6,cma_r06_004_tl78_dt9_ge36_qr14_tau82,78,9,36,0.14,0.82,145.92,82.38,10.00,1.00,10:1,140.14,,,145.92,82.38,,1,17
CMA-ES,20260607,6,cma_r06_005_tl38_dt2_ge48_qr8_tau86,38,2,48,0.08,0.86,262.92,86.61,10.00,1.00,10:1,246.89,,,262.92,86.61,,1,17
CMA-ES,20260607,6,cma_r06_006_tl66_dt19_ge29_qr36_tau83,66,19,29,0.36,0.83,143.92,76.96,10.00,1.00,10:1,137.83,,,143.92,76.96,,0,20
CMA-ES,20260607,7,cma_r07_001_tl117_dt25_ge19_qr17_tau75,117,25,19,0.17,0.75,93.92,79.96,10.00,1.00,10:1,92.65,,,93.92,79.96,,1,29
CMA-ES,20260607,7,cma_r07_002_tl94_dt5_ge32_qr14_tau88,94,5,32,0.14,0.88,161.92,93.25,10.00,1.00,10:1,155.68,,,161.92,93.25,,1,18
CMA-ES,20260607,7,cma_r07_003_tl55_dt40_ge24_qr28_tau86,55,40,24,0.28,0.86,169.92,87.97,10.00,1.00,10:1,162.47,,,169.92,87.97,,1,29
CMA-ES,20260607,7,cma_r07_004_tl61_dt87_ge16_qr70_tau85,61,87,16,0.7,0.85,248.92,99.46,10.00,1.00,10:1,235.33,,,248.92,99.46,,0,52
CMA-ES,20260607,7,cma_r07_005_tl51_dt19_ge20_qr29_tau83,51,19,20,0.29,0.83,145.92,90.16,10.00,1.00,10:1,140.85,,,145.92,90.16,,1,20
CMA-ES,20260607,7,cma_r07_006_tl36_dt1_ge49_qr22_tau81,36,1,49,0.22,0.81,262.92,100.32,10.00,1.00,10:1,248.14,,,262.92,100.32,,1,17
CMA-ES,20260607,8,cma_r08_001_tl118_dt53_ge17_qr1_tau75,118,53,17,0.01,0.75,230.92,87.42,10.00,1.00,10:1,217.87,,,230.92,87.42,,1,46
CMA-ES,20260607,8,cma_r08_002_tl100_dt4_ge28_qr4_tau79,100,4,28,0.04,0.79,173.92,99.41,10.00,1.00,10:1,167.15,,,173.92,99.41,,1,18
CMA-ES,20260607,8,cma_r08_003_tl75_dt0_ge24_qr11_tau81,75,0,24,0.11,0.81,278.92,91.27,10.00,1.00,10:1,261.86,,,278.92,91.27,,1,44
CMA-ES,20260607,8,cma_r08_004_tl121_dt13_ge38_qr25_tau75,121,13,38,0.25,0.75,158.92,85.95,10.00,1.00,10:1,152.29,,,158.92,85.95,,1,17
CMA-ES,20260607,8,cma_r08_005_tl105_dt71_ge32_qr26_tau74,105,71,32,0.26,0.74,277.92,83.99,10.00,1.00,10:1,260.29,,,277.92,83.99,,1,40
CMA-ES,20260607,8,cma_r08_006_tl100_dt38_ge6_qr8_tau76,100,38,6,0.08,0.76,141.92,85.48,10.00,1.00,10:1,136.79,,,141.92,85.48,,1,42
CMA-ES,20260607,9,cma_r09_001_tl121_dt43_ge26_qr7_tau73,121,43,26,0.07,0.73,109.92,82.30,10.00,1.00,10:1,107.41,,,109.92,82.30,,1,30
CMA-ES,20260607,9,cma_r09_002_tl88_dt22_ge16_qr17_tau76,88,22,16,0.17,0.76,144.92,83.85,10.00,1.00,10:1,139.37,,,144.92,83.85,,1,26
CMA-ES,20260607,9,cma_r09_003_tl100_dt89_ge9_qr7_tau74,100,89,9,0.07,0.74,279.92,97.48,10.00,1.00,10:1,263.33,,,279.92,97.48,,1,67
CMA-ES,20260607,9,cma_r09_004_tl118_dt31_ge28_qr18_tau74,118,31,28,0.18,0.74,144.92,88.45,10.00,1.00,10:1,139.79,,,144.92,88.45,,1,24
CMA-ES,20260607,9,cma_r09_005_tl104_dt18_ge38_qr15_tau78,104,18,38,0.15,0.78,164.92,92.87,10.00,1.00,10:1,158.37,,,164.92,92.87,,1,20
CMA-ES,20260607,9,cma_r09_006_tl100_dt4_ge14_qr1_tau74,100,4,14,0.01,0.74,173.92,99.41,10.00,1.00,10:1,167.15,,,173.92,99.41,,1,20
CMA-ES,20260607,10,cma_r10_001_tl122_dt15_ge50_qr1_tau73,122,15,50,0.01,0.73,137.92,83.00,10.00,1.00,10:1,132.93,,,137.92,83.00,,1,18
CMA-ES,20260607,10,cma_r10_002_tl101_dt35_ge39_qr0_tau80,101,35,39,0.0,0.8,115.92,93.78,10.00,1.00,10:1,113.91,,,115.92,93.78,,1,21
CMA-ES,20260607,10,cma_r10_003_tl101_dt107_ge34_qr14_tau75,101,107,34,0.14,0.75,301.92,92.18,10.00,1.00,10:1,282.85,,,301.92,92.18,,1,38
CMA-ES,20260607,10,cma_r10_004_tl118_dt45_ge30_qr0_tau74,118,45,30,0.0,0.74,0.00,100.37,10.00,1.00,10:1,9.12,,,0.00,100.37,,0,0
CMA-ES,20260607,10,cma_r10_005_tl90_dt54_ge28_qr26_tau77,90,54,28,0.26,0.77,222.92,89.43,10.00,1.00,10:1,210.78,,,222.92,89.43,,1,37
CMA-ES,20260607,10,cma_r10_006_tl109_dt87_ge14_qr29_tau81,109,87,14,0.29,0.81,291.92,89.18,10.00,1.00,10:1,273.49,,,291.92,89.18,,1,58
CMA-ES,20260607,11,cma_r11_001_tl118_dt0_ge35_qr4_tau84,118,0,35,0.04,0.84,190.92,91.92,10.00,1.00,10:1,181.92,,,190.92,91.92,,1,31
CMA-ES,20260607,11,cma_r11_002_tl117_dt3_ge47_qr3_tau79,117,3,47,0.03,0.79,181.92,85.83,10.00,1.00,10:1,173.18,,,181.92,85.83,,1,17
CMA-ES,20260607,11,cma_r11_003_tl122_dt81_ge33_qr9_tau79,122,81,33,0.09,0.79,356.92,83.46,10.00,1.00,10:1,332.06,,,356.92,83.46,,1,41
CMA-ES,20260607,11,cma_r11_004_tl73_dt55_ge19_qr10_tau76,73,55,19,0.1,0.76,0.00,62.66,10.00,1.00,10:1,5.70,,,0.00,62.66,,0,0
CMA-ES,20260607,11,cma_r11_005_tl85_dt38_ge46_qr8_tau82,85,38,46,0.08,0.82,115.92,97.14,10.00,1.00,10:1,114.21,,,115.92,97.14,,1,20
CMA-ES,20260607,11,cma_r11_006_tl97_dt86_ge50_qr16_tau79,97,86,50,0.16,0.79,209.92,82.00,10.00,1.00,10:1,198.29,,,209.92,82.00,,1,28
CMA-ES,20260607,12,cma_r12_001_tl121_dt62_ge28_qr6_tau79,121,62,28,0.06,0.79,234.92,85.79,10.00,1.00,10:1,221.36,,,234.92,85.79,,1,36
CMA-ES,20260607,12,cma_r12_002_tl105_dt0_ge46_qr17_tau78,105,0,46,0.17,0.78,326.92,88.22,10.00,1.00,10:1,305.22,,,326.92,88.22,,1,34
CMA-ES,20260607,12,cma_r12_003_tl97_dt39_ge39_qr18_tau78,97,39,39,0.18,0.78,114.92,94.37,10.00,1.00,10:1,113.05,,,114.92,94.37,,1,22
CMA-ES,20260607,12,cma_r12_004_tl120_dt54_ge34_qr2_tau78,120,54,34,0.02,0.78,165.92,89.39,10.00,1.00,10:1,158.96,,,165.92,89.39,,1,28
CMA-ES,20260607,12,cma_r12_005_tl70_dt2_ge39_qr23_tau86,70,2,39,0.23,0.86,262.92,86.61,10.00,1.00,10:1,246.89,,,262.92,86.61,,1,17
CMA-ES,20260607,12,cma_r12_006_tl88_dt3_ge49_qr17_tau80,88,3,49,0.17,0.8,181.92,85.83,10.00,1.00,10:1,173.18,,,181.92,85.83,,1,17
CMA-ES,20260607,13,cma_r13_001_tl102_dt30_ge43_qr20_tau79,102,30,43,0.2,0.79,94.92,87.54,10.00,1.00,10:1,94.25,,,94.92,87.54,,1,17
CMA-ES,20260607,13,cma_r13_002_tl122_dt39_ge50_qr5_tau77,122,39,50,0.05,0.77,114.92,97.41,10.00,1.00,10:1,113.33,,,114.92,97.41,,1,18
CMA-ES,20260607,13,cma_r13_003_tl90_dt52_ge42_qr12_tau75,90,52,42,0.12,0.75,230.92,89.10,10.00,1.00,10:1,218.03,,,230.92,89.10,,1,29
CMA-ES,20260607,13,cma_r13_004_tl99_dt4_ge48_qr29_tau78,99,4,48,0.29,0.78,173.92,99.41,10.00,1.00,10:1,167.15,,,173.92,99.41,,1,18
CMA-ES,20260607,13,cma_r13_005_tl102_dt7_ge39_qr0_tau80,102,7,39,0.0,0.8,163.92,84.28,10.00,1.00,10:1,156.68,,,163.92,84.28,,1,18
CMA-ES,20260607,13,cma_r13_006_tl58_dt35_ge30_qr41_tau84,58,35,30,0.41,0.84,138.92,84.00,10.00,1.00,10:1,133.93,,,138.92,84.00,,0,25
CMA-ES,20260607,14,cma_r14_001_tl80_dt51_ge48_qr5_tau82,80,51,48,0.05,0.82,205.92,94.86,10.00,1.00,10:1,195.82,,,205.92,94.86,,1,27
CMA-ES,20260607,14,cma_r14_002_tl67_dt30_ge50_qr33_tau82,67,30,50,0.33,0.82,144.92,82.35,10.00,1.00,10:1,139.23,,,144.92,82.35,,0,18
CMA-ES,20260607,14,cma_r14_003_tl99_dt27_ge50_qr24_tau80,99,27,50,0.24,0.8,95.92,82.03,10.00,1.00,10:1,94.66,,,95.92,82.03,,1,17
CMA-ES,20260607,14,cma_r14_004_tl71_dt31_ge30_qr27_tau78,71,31,30,0.27,0.78,94.92,88.26,10.00,1.00,10:1,94.31,,,94.92,88.26,,1,21
CMA-ES,20260607,14,cma_r14_005_tl114_dt60_ge49_qr6_tau77,114,60,49,0.06,0.77,163.92,83.33,10.00,1.00,10:1,156.59,,,163.92,83.33,,1,25
CMA-ES,20260607,14,cma_r14_006_tl119_dt44_ge33_qr15_tau77,119,44,33,0.15,0.77,0.00,98.89,10.00,1.00,10:1,8.99,,,0.00,98.89,,0,0
CMA-ES,20260607,15,cma_r15_001_tl99_dt6_ge41_qr28_tau80,99,6,41,0.28,0.8,161.92,92.62,10.00,1.00,10:1,155.62,,,161.92,92.62,,1,18
CMA-ES,20260607,15,cma_r15_002_tl86_dt16_ge29_qr42_tau78,86,16,29,0.42,0.78,144.92,79.95,10.00,1.00,10:1,139.01,,,144.92,79.95,,0,19
CMA-ES,20260607,15,cma_r15_003_tl58_dt9_ge49_qr43_tau82,58,9,49,0.43,0.82,165.92,79.51,10.00,1.00,10:1,158.06,,,165.92,79.51,,0,18
CMA-ES,20260607,15,cma_r15_004_tl56_dt32_ge38_qr30_tau80,56,32,38,0.3,0.8,114.92,99.13,10.00,1.00,10:1,113.48,,,114.92,99.13,,1,20
CMA-ES,20260607,15,cma_r15_005_tl62_dt2_ge49_qr47_tau82,62,2,49,0.47,0.82,262.92,87.71,10.00,1.00,10:1,246.99,,,262.92,87.71,,0,17
CMA-ES,20260607,15,cma_r15_006_tl66_dt31_ge42_qr23_tau80,66,31,42,0.23,0.8,114.92,92.33,10.00,1.00,10:1,112.87,,,114.92,92.33,,1,17
CMA-ES,20260607,16,cma_r16_001_tl50_dt16_ge32_qr18_tau78,50,16,32,0.18,0.78,138.92,83.54,10.00,1.00,10:1,133.89,,,138.92,83.54,,1,18
CMA-ES,20260607,16,cma_r16_002_tl66_dt30_ge44_qr26_tau81,66,30,44,0.26,0.81,94.92,87.54,10.00,1.00,10:1,94.25,,,94.92,87.54,,1,17
CMA-ES,20260607,16,cma_r16_003_tl58_dt49_ge39_qr39_tau83,58,49,39,0.39,0.83,159.92,84.58,10.00,1.00,10:1,153.07,,,159.92,84.58,,0,25
CMA-ES,20260607,16,cma_r16_004_tl73_dt52_ge36_qr16_tau78,73,52,36,0.16,0.78,254.92,86.84,10.00,1.00,10:1,239.64,,,254.92,86.84,,1,34
CMA-ES,20260607,16,cma_r16_005_tl44_dt37_ge36_qr39_tau83,44,37,36,0.39,0.83,0.00,67.75,10.00,1.00,10:1,6.16,,,0.00,67.75,,0,0
CMA-ES,20260607,16,cma_r16_006_tl19_dt52_ge41_qr41_tau82,19,52,41,0.41,0.82,172.92,84.12,10.00,1.00,10:1,164.85,,,172.92,84.12,,0,27
CMA-ES,20260607,17,cma_r17_001_tl44_dt8_ge39_qr21_tau82,44,8,39,0.21,0.82,162.92,81.93,10.00,1.00,10:1,155.56,,,162.92,81.93,,1,18
CMA-ES,20260607,17,cma_r17_002_tl63_dt22_ge36_qr33_tau82,63,22,36,0.33,0.82,141.92,76.53,10.00,1.00,10:1,135.98,,,141.92,76.53,,0,17
CMA-ES,20260607,17,cma_r17_003_tl50_dt57_ge44_qr7_tau81,50,57,44,0.07,0.81,91.92,81.18,10.00,1.00,10:1,90.94,,,91.92,81.18,,1,22
CMA-ES,20260607,17,cma_r17_004_tl47_dt38_ge39_qr36_tau81,47,38,39,0.36,0.81,189.92,83.62,10.00,1.00,10:1,180.26,,,189.92,83.62,,0,27
CMA-ES,20260607,17,cma_r17_005_tl45_dt40_ge39_qr33_tau83,45,40,39,0.33,0.83,0.00,89.18,10.00,1.00,10:1,8.11,,,0.00,89.18,,0,0
CMA-ES,20260607,17,cma_r17_006_tl59_dt1_ge39_qr21_tau84,59,1,39,0.21,0.84,262.92,100.32,10.00,1.00,10:1,248.14,,,262.92,100.32,,1,17
CMA-ES,20260607,18,cma_r18_001_tl52_dt44_ge45_qr20_tau81,52,44,45,0.2,0.81,114.92,91.51,10.00,1.00,10:1,112.79,,,114.92,91.51,,1,22
CMA-ES,20260607,18,cma_r18_002_tl64_dt38_ge36_qr9_tau79,64,38,36,0.09,0.79,0.00,62.66,10.00,1.00,10:1,5.70,,,0.00,62.66,,0,0
CMA-ES,20260607,18,cma_r18_003_tl38_dt19_ge32_qr31_tau81,38,19,32,0.31,0.81,144.92,79.19,10.00,1.00,10:1,138.94,,,144.92,79.19,,0,19
CMA-ES,20260607,18,cma_r18_004_tl69_dt31_ge42_qr18_tau81,69,31,42,0.18,0.81,114.92,92.33,10.00,1.00,10:1,112.87,,,114.92,92.33,,1,17
CMA-ES,20260607,18,cma_r18_005_tl24_dt45_ge47_qr8_tau85,24,45,47,0.08,0.85,115.92,90.81,10.00,1.00,10:1,113.64,,,115.92,90.81,,1,21
CMA-ES,20260607,18,cma_r18_006_tl55_dt35_ge38_qr29_tau82,55,35,38,0.29,0.82,114.92,93.26,10.00,1.00,10:1,112.95,,,114.92,93.26,,1,21
CMA-ES,20260607,19,cma_r19_001_tl47_dt60_ge43_qr23_tau83,47,60,43,0.23,0.83,0.00,84.80,10.00,1.00,10:1,7.71,,,0.00,84.80,,1,22
CMA-ES,20260607,19,cma_r19_002_tl66_dt39_ge39_qr20_tau81,66,39,39,0.2,0.81,114.92,94.37,10.00,1.00,10:1,113.05,219.08016,334.0,114.91984,94.367706,150.792614,1,22
CMA-ES,20260607,19,cma_r19_003_tl42_dt67_ge45_qr19_tau80,42,67,45,0.19,0.8,168.92,83.63,10.00,1.00,10:1,161.17,219.08016,388.0,168.91984,83.631427,138.310734,1,25
CMA-ES,20260607,19,cma_r19_004_tl68_dt58_ge46_qr16_tau81,68,58,46,0.16,0.81,170.92,83.73,10.00,1.00,10:1,162.99,219.08016,390.0,170.91984,83.732267,138.091922,1,26
CMA-ES,20260607,19,cma_r19_005_tl73_dt41_ge36_qr22_tau80,73,41,36,0.22,0.8,110.92,95.91,10.00,1.00,10:1,109.56,219.08016,330.0,110.91984,95.910563,139.218289,1,25
CMA-ES,20260607,19,cma_r19_006_tl34_dt29_ge43_qr28_tau80,34,29,43,0.28,0.8,144.92,89.18,10.00,1.00,10:1,139.85,219.08016,364.0,144.91984,89.178938,144.024691,1,19
CMA-ES,20260607,20,cma_r20_001_tl57_dt31_ge41_qr21_tau80,57,31,41,0.21,0.8,114.92,93.04,10.00,1.00,10:1,112.93,219.08016,334.0,114.91984,93.044617,148.381616,1,17
CMA-ES,20260607,20,cma_r20_002_tl58_dt47_ge37_qr21_tau82,58,47,37,0.21,0.82,141.92,89.37,10.00,1.00,10:1,137.14,219.08016,361.0,141.91984,89.372251,138.374214,1,25
CMA-ES,20260607,20,cma_r20_003_tl79_dt34_ge35_qr22_tau82,79,34,35,0.22,0.82,93.92,91.04,10.00,1.00,10:1,93.66,219.08016,313.0,93.91984,91.036564,146.43769,1,20
CMA-ES,20260607,20,cma_r20_004_tl69_dt26_ge40_qr28_tau82,69,26,40,0.28,0.82,92.92,82.29,10.00,1.00,10:1,91.95,219.08016,312.0,92.91984,82.28673,148.496988,1,17
CMA-ES,20260607,20,cma_r20_005_tl49_dt48_ge39_qr26_tau80,49,48,39,0.26,0.8,155.92,88.94,10.00,1.00,10:1,149.83,219.08016,375.0,155.91984,88.938987,137.622419,1,24
CMA-ES,20260607,20,cma_r20_006_tl35_dt47_ge38_qr14_tau81,35,47,38,0.14,0.81,144.92,90.05,10.00,1.00,10:1,139.93,219.08016,364.0,144.91984,90.045288,138.224242,1,24
CMA-ES,20260607,21,cma_r21_001_tl71_dt25_ge38_qr29_tau83,71,25,38,0.29,0.83,94.92,81.71,10.00,1.00,10:1,93.72,219.08016,314.0,94.91984,81.710543,147.763473,1,17
CMA-ES,20260607,21,cma_r21_002_tl52_dt17_ge37_qr35_tau83,52,17,37,0.35,0.83,158.92,85.06,10.00,1.00,10:1,152.20,219.08016,378.0,158.91984,85.05552,151.618799,0,19
CMA-ES,20260607,21,cma_r21_003_tl55_dt17_ge30_qr39_tau82,55,17,30,0.39,0.82,158.92,85.06,10.00,1.00,10:1,152.20,219.08016,378.0,158.91984,85.05552,151.618799,0,19
CMA-ES,20260607,21,cma_r21_004_tl72_dt42_ge42_qr32_tau82,72,42,42,0.32,0.82,138.92,86.20,10.00,1.00,10:1,134.13,219.08016,358.0,138.91984,86.201541,143.520661,0,23
CMA-ES,20260607,21,cma_r21_005_tl66_dt23_ge38_qr36_tau82,66,23,38,0.36,0.82,144.92,77.03,10.00,1.00,10:1,138.75,219.08016,364.0,144.91984,77.028286,135.844237,0,17
CMA-ES,20260607,21,cma_r21_006_tl81_dt25_ge35_qr31_tau80,81,25,35,0.31,0.8,138.92,77.81,10.00,1.00,10:1,133.36,219.08016,358.0,138.91984,77.80767,136.824281,0,19
CMA-ES,20260607,22,cma_r22_001_tl67_dt34_ge34_qr32_tau82,67,34,34,0.32,0.82,137.92,83.89,10.00,1.00,10:1,133.01,219.08016,357.0,137.91984,83.88555,133.832787,0,25
CMA-ES,20260607,22,cma_r22_002_tl85_dt28_ge35_qr33_tau82,85,28,35,0.33,0.82,186.92,81.42,10.00,1.00,10:1,177.33,219.08016,406.0,186.91984,81.423913,150.78329,0,25
CMA-ES,20260607,22,cma_r22_003_tl55_dt37_ge36_qr32_tau82,55,37,36,0.32,0.82,138.92,86.60,10.00,1.00,10:1,134.16,219.08016,358.0,138.91984,86.602368,143.928375,0,24
CMA-ES,20260607,22,cma_r22_004_tl69_dt26_ge37_qr26_tau83,69,26,37,0.26,0.83,92.92,82.29,10.00,1.00,10:1,91.95,219.08016,312.0,92.91984,82.28673,148.496988,1,17
CMA-ES,20260607,22,cma_r22_005_tl84_dt24_ge40_qr29_tau84,84,24,40,0.29,0.84,164.92,83.73,10.00,1.00,10:1,157.54,219.08016,384.0,164.91984,83.734983,144.447059,1,20
CMA-ES,20260607,22,cma_r22_006_tl82_dt23_ge35_qr35_tau83,82,23,35,0.35,0.83,144.92,77.03,10.00,1.00,10:1,138.75,219.08016,364.0,144.91984,77.028286,135.844237,0,18
CMA-ES,20260607,23,cma_r23_001_tl67_dt27_ge28_qr36_tau82,67,27,28,0.36,0.82,137.92,78.95,10.00,1.00,10:1,132.56,219.08016,357.0,137.91984,78.94679,134.198052,0,22
CMA-ES,20260607,23,cma_r23_002_tl69_dt23_ge38_qr34_tau81,69,23,38,0.34,0.81,144.92,77.03,10.00,1.00,10:1,138.75,219.08016,364.0,144.91984,77.028286,135.844237,0,17
CMA-ES,20260607,23,cma_r23_003_tl48_dt22_ge32_qr26_tau83,48,22,32,0.26,0.83,93.92,81.51,10.00,1.00,10:1,92.79,219.08016,313.0,93.91984,81.511526,145.532508,1,17
CMA-ES,20260607,23,cma_r23_004_tl57_dt16_ge27_qr34_tau84,57,16,27,0.34,0.84,144.92,85.70,10.00,1.00,10:1,139.54,219.08016,364.0,144.91984,85.697388,155.339332,0,21
CMA-ES,20260607,23,cma_r23_005_tl72_dt29_ge38_qr36_tau81,72,29,38,0.36,0.81,137.92,85.76,10.00,1.00,10:1,133.18,219.08016,357.0,137.91984,85.759144,154.356502,0,20
CMA-ES,20260607,23,cma_r23_006_tl66_dt28_ge35_qr33_tau83,66,28,35,0.33,0.83,186.92,81.42,10.00,1.00,10:1,177.33,219.08016,406.0,186.91984,81.423913,150.78329,0,25
CMA-ES,20260607,24,cma_r24_001_tl57_dt23_ge37_qr37_tau82,57,23,37,0.37,0.82,159.92,75.86,10.00,1.00,10:1,152.28,219.08016,379.0,159.91984,75.858877,144.046784,0,17
CMA-ES,20260607,24,cma_r24_002_tl58_dt24_ge37_qr23_tau83,58,24,37,0.23,0.83,144.92,83.38,10.00,1.00,10:1,139.33,219.08016,364.0,144.91984,83.37715,143.67378,1,19
CMA-ES,20260607,24,cma_r24_003_tl43_dt18_ge33_qr30_tau83,43,18,33,0.3,0.83,189.92,92.03,10.00,1.00,10:1,181.02,219.08016,409.0,189.91984,92.033342,150.853786,1,22
CMA-ES,20260607,24,cma_r24_004_tl63_dt7_ge30_qr33_tau83,63,7,30,0.33,0.83,181.92,80.54,10.00,1.00,10:1,172.70,219.08016,401.0,181.91984,80.54164,135.536785,0,18
CMA-ES,20260607,24,cma_r24_005_tl67_dt36_ge29_qr24_tau81,67,36,29,0.24,0.81,138.92,94.56,10.00,1.00,10:1,134.89,219.08016,358.0,138.91984,94.555131,147.097059,1,27
CMA-ES,20260607,24,cma_r24_006_tl43_dt30_ge28_qr30_tau82,43,30,28,0.3,0.82,138.92,91.68,10.00,1.00,10:1,134.63,219.08016,358.0,138.91984,91.681618,146.207602,1,25
CMA-ES,20260607,25,cma_r25_001_tl61_dt30_ge26_qr30_tau80,61,30,26,0.3,0.8,138.92,90.34,10.00,1.00,10:1,134.50,219.08016,358.0,138.91984,90.335805,147.467647,1,25
CMA-ES,20260607,25,cma_r25_002_tl57_dt44_ge25_qr23_tau79,57,44,25,0.23,0.79,172.92,85.88,10.00,1.00,10:1,165.01,219.08016,392.0,172.91984,85.882907,145.800505,1,33
CMA-ES,20260607,25,cma_r25_003_tl56_dt22_ge30_qr28_tau82,56,22,30,0.28,0.82,93.92,81.51,10.00,1.00,10:1,92.79,219.08016,313.0,93.91984,81.511526,145.532508,1,17
CMA-ES,20260607,25,cma_r25_004_tl50_dt34_ge24_qr26_tau82,50,34,24,0.26,0.82,109.92,83.90,10.00,1.00,10:1,107.55,219.08016,329.0,109.91984,83.898673,146.469914,1,28
CMA-ES,20260607,25,cma_r25_005_tl58_dt27_ge26_qr22_tau82,58,27,26,0.22,0.82,90.92,81.20,10.00,1.00,10:1,90.04,219.08016,310.0,90.91984,81.196931,139.630225,1,21
CMA-ES,20260607,25,cma_r25_006_tl59_dt18_ge26_qr38_tau81,59,18,26,0.38,0.81,169.92,87.20,10.00,1.00,10:1,162.40,219.08016,389.0,169.91984,87.195059,157.369509,0,22
CMA-ES,20260607,26,cma_r26_001_tl59_dt22_ge24_qr27_tau83,59,22,24,0.27,0.83,146.92,80.58,10.00,1.00,10:1,140.89,219.08016,366.0,146.91984,80.583258,143.993846,1,21
CMA-ES,20260607,26,cma_r26_002_tl47_dt29_ge15_qr18_tau82,47,29,15,0.18,0.82,140.92,82.92,10.00,1.00,10:1,135.65,219.08016,360.0,140.91984,82.923973,143.69375,1,34
CMA-ES,20260607,26,cma_r26_003_tl62_dt27_ge29_qr17_tau82,62,27,29,0.17,0.82,95.92,82.03,10.00,1.00,10:1,94.66,219.08016,315.0,95.91984,82.031199,146.089506,1,21
CMA-ES,20260607,26,cma_r26_004_tl72_dt16_ge23_qr25_tau83,72,16,23,0.25,0.83,145.92,83.78,10.00,1.00,10:1,140.27,219.08016,365.0,145.91984,83.784734,147.475758,1,21
CMA-ES,20260607,26,cma_r26_005_tl61_dt9_ge24_qr31_tau83,61,9,24,0.31,0.83,171.92,84.92,10.00,1.00,10:1,164.01,219.08016,391.0,171.91984,84.915729,138.12234,0,19
CMA-ES,20260607,26,cma_r26_006_tl48_dt27_ge27_qr28_tau83,48,27,27,0.28,0.83,145.92,82.67,10.00,1.00,10:1,140.17,219.08016,365.0,145.91984,82.670728,144.331288,1,24
CMA-ES,20260607,27,cma_r27_001_tl65_dt43_ge15_qr17_tau82,65,43,15,0.17,0.82,269.92,99.53,10.00,1.00,10:1,254.43,219.08016,489.0,269.91984,99.534189,162.485714,1,48
CMA-ES,20260607,27,cma_r27_002_tl61_dt14_ge30_qr12_tau85,61,14,30,0.12,0.85,137.92,83.28,10.00,1.00,10:1,132.95,219.08016,357.0,137.91984,83.276623,145.1625,1,18
CMA-ES,20260607,27,cma_r27_003_tl57_dt35_ge23_qr20_tau80,57,35,23,0.2,0.8,155.92,84.89,10.00,1.00,10:1,149.46,219.08016,375.0,155.91984,84.887692,147.934911,1,29
CMA-ES,20260607,27,cma_r27_004_tl50_dt16_ge36_qr28_tau82,50,16,36,0.28,0.82,138.92,83.54,10.00,1.00,10:1,133.89,219.08016,358.0,138.91984,83.542708,144.065015,1,18
CMA-ES,20260607,27,cma_r27_005_tl58_dt36_ge26_qr23_tau82,58,36,26,0.23,0.82,109.92,83.23,10.00,1.00,10:1,107.49,219.08016,329.0,109.91984,83.231425,145.347181,1,27
CMA-ES,20260607,27,cma_r27_006_tl59_dt21_ge26_qr23_tau83,59,21,26,0.23,0.83,91.92,81.75,10.00,1.00,10:1,91.00,219.08016,311.0,91.91984,81.753006,139.080645,1,17
CMA-ES,20260607,28,cma_r28_001_tl42_dt19_ge31_qr20_tau84,42,19,31,0.2,0.84,137.92,93.11,10.00,1.00,10:1,133.85,219.08016,357.0,137.91984,93.108546,159.380597,1,17
CMA-ES,20260607,28,cma_r28_002_tl52_dt22_ge28_qr29_tau83,52,22,28,0.29,0.83,148.92,82.02,10.00,1.00,10:1,142.84,219.08016,368.0,148.91984,82.018443,145.681818,1,19
CMA-ES,20260607,28,cma_r28_003_tl38_dt20_ge23_qr16_tau83,38,20,23,0.16,0.83,137.92,84.68,10.00,1.00,10:1,133.08,219.08016,357.0,137.91984,84.684378,143.314465,1,19
CMA-ES,20260607,28,cma_r28_004_tl58_dt36_ge31_qr22_tau84,58,36,31,0.22,0.84,219.92,92.40,10.00,1.00,10:1,208.33,219.08016,439.0,219.91984,92.398001,155.307317,1,33
CMA-ES,20260607,28,cma_r28_005_tl64_dt25_ge23_qr33_tau82,64,25,23,0.33,0.82,144.92,75.33,10.00,1.00,10:1,138.59,219.08016,364.0,144.91984,75.332338,147.979532,0,26
CMA-ES,20260607,28,cma_r28_006_tl80_dt34_ge28_qr26_tau83,80,34,28,0.26,0.83,178.92,92.38,10.00,1.00,10:1,171.05,219.08016,398.0,178.91984,92.37635,146.313043,1,28
CMA-ES,20260607,29,cma_r29_001_tl27_dt19_ge26_qr14_tau86,27,19,26,0.14,0.86,144.92,93.61,10.00,1.00,10:1,140.25,219.08016,364.0,144.91984,93.60595,155.472441,1,20
CMA-ES,20260607,29,cma_r29_002_tl21_dt18_ge25_qr21_tau84,21,18,25,0.21,0.84,146.92,90.29,10.00,1.00,10:1,141.77,219.08016,366.0,146.91984,90.287228,149.318182,1,21
CMA-ES,20260607,29,cma_r29_003_tl31_dt31_ge20_qr12_tau80,31,31,20,0.12,0.8,145.92,88.97,10.00,1.00,10:1,140.74,219.08016,365.0,145.91984,88.966997,137.920128,1,27
CMA-ES,20260607,29,cma_r29_004_tl48_dt22_ge25_qr21_tau84,48,22,25,0.21,0.84,166.92,83.23,10.00,1.00,10:1,159.31,219.08016,386.0,166.91984,83.227286,152.498567,1,25
CMA-ES,20260607,29,cma_r29_005_tl57_dt10_ge26_qr22_tau83,57,10,26,0.22,0.83,145.92,82.43,10.00,1.00,10:1,140.15,219.08016,365.0,145.91984,82.42585,146.18541,1,17
CMA-ES,20260607,29,cma_r29_006_tl31_dt17_ge23_qr13_tau84,31,17,23,0.13,0.84,144.92,92.43,10.00,1.00,10:1,140.15,219.08016,364.0,144.91984,92.429849,164.027368,1,21
CMA-ES,20260607,30,cma_r30_001_tl45_dt13_ge27_qr17_tau84,45,13,27,0.17,0.84,144.92,85.65,10.00,1.00,10:1,139.53,219.08016,364.0,144.91984,85.653597,148.335329,1,17
CMA-ES,20260607,30,cma_r30_002_tl31_dt10_ge19_qr27_tau83,31,10,19,0.27,0.83,156.92,81.53,10.00,1.00,10:1,150.07,219.08016,376.0,156.91984,81.531443,146.793605,1,20
CMA-ES,20260607,30,cma_r30_003_tl48_dt2_ge25_qr5_tau84,48,2,25,0.05,0.84,262.92,86.61,10.00,1.00,10:1,246.89,219.08016,482.0,262.91984,86.609794,166.25,1,18
CMA-ES,20260607,30,cma_r30_004_tl30_dt11_ge23_qr33_tau82,30,11,23,0.33,0.82,161.92,86.17,10.00,1.00,10:1,155.03,219.08016,381.0,161.91984,86.170474,142.315789,0,19
CMA-ES,20260607,30,cma_r30_005_tl59_dt8_ge30_qr25_tau85,59,8,30,0.25,0.85,162.92,81.93,10.00,1.00,10:1,155.56,219.08016,382.0,162.91984,81.926757,150.569767,1,18
CMA-ES,20260607,30,cma_r30_006_tl26_dt19_ge23_qr15_tau83,26,19,23,0.15,0.83,137.92,93.11,10.00,1.00,10:1,133.85,219.08016,357.0,137.91984,93.108546,159.380597,1,19
CMA-ES,20260607,31,cma_r31_001_tl50_dt29_ge22_qr20_tau80,50,29,22,0.2,0.8,137.92,90.71,10.00,1.00,10:1,133.63,219.08016,357.0,137.91984,90.708331,149.791667,1,29
CMA-ES,20260607,31,cma_r31_002_tl48_dt12_ge31_qr18_tau83,48,12,31,0.18,0.83,145.92,83.77,10.00,1.00,10:1,140.27,219.08016,365.0,145.91984,83.774145,142.414634,1,17
CMA-ES,20260607,31,cma_r31_003_tl18_dt2_ge26_qr15_tau86,18,2,26,0.15,0.86,261.92,88.01,10.00,1.00,10:1,246.11,219.08016,481.0,261.91984,88.009788,166.641646,1,17
CMA-ES,20260607,31,cma_r31_004_tl35_dt15_ge27_qr21_tau82,35,15,27,0.21,0.82,137.92,85.23,10.00,1.00,10:1,133.13,219.08016,357.0,137.91984,85.234224,143.439873,1,18
CMA-ES,20260607,31,cma_r31_005_tl31_dt18_ge23_qr25_tau82,31,18,23,0.25,0.82,146.92,89.03,10.00,1.00,10:1,141.66,219.08016,366.0,146.91984,89.03299,149.172973,1,22
CMA-ES,20260607,31,cma_r31_006_tl41_dt16_ge22_qr12_tau81,41,16,22,0.12,0.81,165.92,83.17,10.00,1.00,10:1,158.40,219.08016,385.0,165.91984,83.173691,149.78,1,22
CMA-ES,20260607,32,cma_r32_001_tl35_dt25_ge17_qr35_tau80,35,25,17,0.35,0.8,137.92,76.17,10.00,1.00,10:1,132.31,219.08016,357.0,137.91984,76.168239,144.914454,0,28
CMA-ES,20260607,32,cma_r32_002_tl54_dt20_ge34_qr23_tau81,54,20,34,0.23,0.81,91.92,81.03,10.00,1.00,10:1,90.93,219.08016,311.0,91.91984,81.031199,148.869048,1,17
CMA-ES,20260607,32,cma_r32_003_tl31_dt7_ge25_qr23_tau82,31,7,25,0.23,0.82,163.92,84.28,10.00,1.00,10:1,156.68,219.08016,383.0,163.91984,84.279298,145.105263,1,20
CMA-ES,20260607,32,cma_r32_004_tl36_dt6_ge25_qr22_tau82,36,6,25,0.22,0.82,161.92,92.62,10.00,1.00,10:1,155.62,219.08016,381.0,161.91984,92.617375,145.932615,1,20
CMA-ES,20260607,32,cma_r32_005_tl21_dt18_ge18_qr29_tau83,21,18,18,0.29,0.83,145.92,87.98,10.00,1.00,10:1,140.65,219.08016,365.0,145.91984,87.980173,148.196237,1,22
CMA-ES,20260607,32,cma_r32_006_tl21_dt36_ge20_qr31_tau80,21,36,20,0.31,0.8,187.92,84.04,10.00,1.00,10:1,178.48,219.08016,407.0,187.91984,84.039848,143.669492,0,38
CMA-ES,20260607,33,cma_r33_001_tl30_dt30_ge29_qr19_tau81,30,30,29,0.19,0.81,145.92,89.28,10.00,1.00,10:1,140.77,219.08016,365.0,145.91984,89.277732,147.979042,1,23
CMA-ES,20260607,33,cma_r33_002_tl31_dt20_ge18_qr32_tau81,31,20,18,0.32,0.81,144.92,76.52,10.00,1.00,10:1,138.70,219.08016,364.0,144.91984,76.516744,136.839506,0,25
CMA-ES,20260607,33,cma_r33_003_tl45_dt22_ge30_qr31_tau81,45,22,30,0.31,0.81,145.92,75.01,10.00,1.00,10:1,139.47,219.08016,365.0,145.91984,75.009589,136.601246,0,22
CMA-ES,20260607,33,cma_r33_004_tl32_dt27_ge28_qr30_tau80,32,27,28,0.3,0.8,95.92,81.96,10.00,1.00,10:1,94.65,219.08016,315.0,95.91984,81.958935,146.148036,1,21
CMA-ES,20260607,33,cma_r33_005_tl33_dt28_ge33_qr22_tau81,33,28,33,0.22,0.81,90.92,92.71,10.00,1.00,10:1,91.08,219.08016,310.0,90.91984,92.711292,152.130548,1,19
CMA-ES,20260607,33,cma_r33_006_tl24_dt9_ge22_qr22_tau81,24,9,22,0.22,0.81,145.92,82.38,10.00,1.00,10:1,140.14,219.08016,365.0,145.91984,82.379554,146.847095,1,18
CMA-ES,20260607,34,cma_r34_001_tl33_dt24_ge22_qr27_tau82,33,24,22,0.27,0.82,157.92,81.65,10.00,1.00,10:1,150.99,219.08016,377.0,157.91984,81.649819,148.309038,1,25
CMA-ES,20260607,34,cma_r34_002_tl44_dt33_ge27_qr30_tau81,44,33,27,0.3,0.81,92.92,87.84,10.00,1.00,10:1,92.46,219.08016,312.0,92.91984,87.840844,144.856287,1,21
CMA-ES,20260607,34,cma_r34_003_tl35_dt18_ge30_qr24_tau83,35,18,30,0.24,0.83,145.92,91.12,10.00,1.00,10:1,140.94,219.08016,365.0,145.91984,91.120925,150.630319,1,19
CMA-ES,20260607,34,cma_r34_004_tl16_dt28_ge26_qr23_tau82,16,28,26,0.23,0.82,91.92,90.52,10.00,1.00,10:1,91.79,219.08016,311.0,91.91984,90.518828,150.119048,1,21
CMA-ES,20260607,34,cma_r34_005_tl22_dt34_ge19_qr25_tau81,22,34,19,0.25,0.81,149.92,87.99,10.00,1.00,10:1,144.29,219.08016,369.0,149.91984,87.987539,145.662614,1,30
CMA-ES,20260607,34,cma_r34_006_tl36_dt23_ge29_qr26_tau82,36,23,29,0.26,0.82,145.92,82.12,10.00,1.00,10:1,140.12,219.08016,365.0,145.91984,82.118329,143.418182,1,21
CMA-ES,20260607,35,cma_r35_001_tl46_dt24_ge31_qr19_tau82,46,24,31,0.19,0.82,144.92,83.43,10.00,1.00,10:1,139.33,219.08016,364.0,144.91984,83.430916,145.164134,1,19
CMA-ES,20260607,35,cma_r35_002_tl9_dt35_ge25_qr21_tau83,9,35,25,0.21,0.83,113.92,87.56,10.00,1.00,10:1,111.52,219.08016,333.0,113.91984,87.562815,145.495575,1,28
CMA-ES,20260607,35,cma_r35_003_tl32_dt28_ge32_qr31_tau81,32,28,32,0.31,0.81,137.92,80.06,10.00,1.00,10:1,132.66,219.08016,357.0,137.91984,80.060941,133.238411,0,22
CMA-ES,20260607,35,cma_r35_004_tl34_dt30_ge22_qr24_tau81,34,30,22,0.24,0.81,138.92,92.78,10.00,1.00,10:1,134.73,219.08016,358.0,138.91984,92.776658,162.918465,1,28
CMA-ES,20260607,35,cma_r35_005_tl8_dt33_ge23_qr36_tau80,8,33,23,0.36,0.8,111.92,82.02,10.00,1.00,10:1,109.20,219.08016,331.0,111.91984,82.019179,145.011976,0,30
CMA-ES,20260607,35,cma_r35_006_tl19_dt22_ge30_qr34_tau84,19,22,30,0.34,0.84,145.92,75.01,10.00,1.00,10:1,139.47,219.08016,365.0,145.91984,75.009589,136.601246,0,22
CMA-ES,20260607,36,cma_r36_001_tl0_dt28_ge19_qr30_tau79,0,28,19,0.3,0.79,94.92,88.48,10.00,1.00,10:1,94.33,219.08016,314.0,94.91984,88.475968,147.690289,1,28
CMA-ES,20260607,36,cma_r36_002_tl0_dt43_ge25_qr18_tau81,0,43,25,0.18,0.81,136.92,98.10,10.00,1.00,10:1,133.39,219.08016,356.0,136.91984,98.104922,175.124764,1,30
CMA-ES,20260607,36,cma_r36_003_tl6_dt35_ge18_qr38_tau82,6,35,18,0.38,0.82,174.92,75.65,10.00,1.00,10:1,165.89,219.08016,394.0,174.91984,75.645154,143.77937,0,35
CMA-ES,20260607,36,cma_r36_004_tl27_dt22_ge24_qr23_tau84,27,22,24,0.23,0.84,146.92,80.58,10.00,1.00,10:1,140.89,219.08016,366.0,146.91984,80.583258,143.993846,1,21
CMA-ES,20260607,36,cma_r36_005_tl0_dt32_ge24_qr27_tau82,0,32,24,0.27,0.82,139.92,90.00,10.00,1.00,10:1,135.38,219.08016,359.0,139.91984,90.002067,146.018692,1,27
CMA-ES,20260607,36,cma_r36_006_tl6_dt35_ge18_qr22_tau81,6,35,18,0.22,0.81,192.92,89.00,10.00,1.00,10:1,183.47,219.08016,412.0,192.91984,88.996082,144.759777,1,35
CMA-ES,20260607,37,cma_r37_001_tl0_dt25_ge18_qr15_tau83,0,25,18,0.15,0.83,93.92,79.92,10.00,1.00,10:1,92.65,219.08016,313.0,93.91984,79.9212,146.244713,1,29
CMA-ES,20260607,37,cma_r37_002_tl17_dt37_ge34_qr26_tau80,17,37,34,0.26,0.8,114.92,92.27,10.00,1.00,10:1,112.86,219.08016,334.0,114.91984,92.269337,149.027638,1,22
CMA-ES,20260607,37,cma_r37_003_tl0_dt37_ge21_qr29_tau79,0,37,21,0.29,0.79,148.92,87.57,10.00,1.00,10:1,143.34,219.08016,368.0,148.91984,87.574695,144.98773,1,32
CMA-ES,20260607,37,cma_r37_004_tl14_dt41_ge18_qr27_tau80,14,41,18,0.27,0.8,140.92,91.56,10.00,1.00,10:1,136.43,219.08016,360.0,140.91984,91.559645,137.64095,1,32
CMA-ES,20260607,37,cma_r37_005_tl6_dt36_ge23_qr24_tau81,6,36,23,0.24,0.81,156.92,88.21,10.00,1.00,10:1,150.67,219.08016,376.0,156.91984,88.208557,145.706231,1,28
CMA-ES,20260607,37,cma_r37_006_tl18_dt28_ge16_qr19_tau82,18,28,16,0.19,0.82,94.92,89.48,10.00,1.00,10:1,94.43,219.08016,314.0,94.91984,89.481716,149.634921,1,31
CMA-ES,20260607,38,cma_r38_001_tl0_dt41_ge22_qr28_tau81,0,41,22,0.28,0.81,114.92,90.20,10.00,1.00,10:1,112.67,219.08016,334.0,114.91984,90.203185,135.784247,1,30
CMA-ES,20260607,38,cma_r38_002_tl32_dt13_ge20_qr20_tau81,32,13,20,0.2,0.81,145.92,85.78,10.00,1.00,10:1,140.45,219.08016,365.0,145.91984,85.782159,149.243323,1,19
CMA-ES,20260607,38,cma_r38_003_tl2_dt38_ge22_qr9_tau84,2,38,22,0.09,0.84,137.92,96.23,10.00,1.00,10:1,134.13,219.08016,357.0,137.91984,96.232364,145.357488,1,28
CMA-ES,20260607,38,cma_r38_004_tl11_dt22_ge19_qr17_tau84,11,22,19,0.17,0.84,136.92,83.64,10.00,1.00,10:1,132.08,219.08016,356.0,136.91984,83.64246,141.313916,1,26
CMA-ES,20260607,38,cma_r38_005_tl1_dt24_ge17_qr21_tau82,1,24,17,0.21,0.82,104.92,79.51,10.00,1.00,10:1,102.61,219.08016,324.0,104.91984,79.51243,145.449541,1,28
CMA-ES,20260607,38,cma_r38_006_tl5_dt24_ge11_qr21_tau83,5,24,11,0.21,0.83,170.92,82.01,10.00,1.00,10:1,162.84,219.08016,390.0,170.91984,82.005069,146.103245,1,37
CMA-ES,20260607,39,cma_r39_001_tl3_dt35_ge22_qr30_tau80,3,35,22,0.3,0.8,144.92,92.12,10.00,1.00,10:1,140.12,219.08016,364.0,144.91984,92.116046,137.349711,1,25
CMA-ES,20260607,39,cma_r39_002_tl5_dt28_ge17_qr25_tau82,5,28,17,0.25,0.82,92.92,90.22,10.00,1.00,10:1,92.67,219.08016,312.0,92.91984,90.224743,150.109626,1,29
CMA-ES,20260607,39,cma_r39_003_tl13_dt41_ge19_qr20_tau80,13,41,19,0.2,0.8,162.92,90.89,10.00,1.00,10:1,156.37,219.08016,382.0,162.91984,90.893303,139.154762,1,34
CMA-ES,20260607,39,cma_r39_004_tl21_dt31_ge22_qr22_tau81,21,31,22,0.22,0.81,144.92,88.14,10.00,1.00,10:1,139.76,219.08016,364.0,144.91984,88.144273,142.367925,1,25
CMA-ES,20260607,39,cma_r39_005_tl12_dt29_ge15_qr23_tau82,12,29,15,0.23,0.82,140.92,82.92,10.00,1.00,10:1,135.65,219.08016,360.0,140.91984,82.923973,143.69375,1,34
CMA-ES,20260607,39,cma_r39_006_tl4_dt44_ge20_qr23_tau81,4,44,20,0.23,0.81,127.92,96.21,10.00,1.00,10:1,125.04,219.08016,347.0,127.91984,96.206653,154.794805,1,31
CMA-ES,20260607,40,cma_r40_001_tl1_dt26_ge11_qr31_tau83,1,26,11,0.31,0.83,145.92,77.40,10.00,1.00,10:1,139.69,219.08016,365.0,145.91984,77.400116,145.263768,0,32
CMA-ES,20260607,40,cma_r40_002_tl22_dt37_ge31_qr25_tau81,22,37,31,0.25,0.81,137.92,90.24,10.00,1.00,10:1,133.59,219.08016,357.0,137.91984,90.240221,145.30814,1,25
CMA-ES,20260607,40,cma_r40_003_tl30_dt27_ge23_qr26_tau82,30,27,23,0.26,0.82,145.92,81.93,10.00,1.00,10:1,140.10,219.08016,365.0,145.91984,81.92585,144.8429,1,25
CMA-ES,20260607,40,cma_r40_004_tl20_dt37_ge27_qr40_tau80,20,37,27,0.4,0.8,113.92,80.47,10.00,1.00,10:1,110.88,219.08016,333.0,113.91984,80.468475,141.86217,0,29
CMA-ES,20260607,40,cma_r40_005_tl0_dt32_ge17_qr18_tau82,0,32,17,0.18,0.82,95.92,87.74,10.00,1.00,10:1,95.18,219.08016,315.0,95.91984,87.737829,146.089286,1,31
CMA-ES,20260607,40,cma_r40_006_tl0_dt32_ge14_qr24_tau82,0,32,14,0.24,0.82,144.92,81.41,10.00,1.00,10:1,139.15,219.08016,364.0,144.91984,81.410786,145.385075,1,36
CMA-ES,20260607,41,cma_r41_001_tl7_dt27_ge19_qr21_tau82,7,27,19,0.21,0.82,158.92,81.84,10.00,1.00,10:1,151.91,219.08016,378.0,158.91984,81.842923,145.482249,1,31
CMA-ES,20260607,41,cma_r41_002_tl21_dt27_ge24_qr17_tau82,21,27,24,0.17,0.82,138.92,84.35,10.00,1.00,10:1,133.96,219.08016,358.0,138.91984,84.348486,142.285714,1,26
CMA-ES,20260607,41,cma_r41_003_tl29_dt24_ge18_qr28_tau81,29,24,18,0.28,0.81,138.92,83.60,10.00,1.00,10:1,133.89,219.08016,358.0,138.91984,83.603669,140.996815,1,26
CMA-ES,20260607,41,cma_r41_004_tl2_dt30_ge19_qr21_tau80,2,30,19,0.21,0.8,94.92,88.68,10.00,1.00,10:1,94.35,219.08016,314.0,94.91984,88.683238,149.622024,1,29
CMA-ES,20260607,41,cma_r41_005_tl20_dt29_ge25_qr25_tau83,20,29,25,0.25,0.83,111.92,87.12,10.00,1.00,10:1,109.66,219.08016,331.0,111.91984,87.116293,135.469799,1,27
CMA-ES,20260607,41,cma_r41_006_tl22_dt34_ge28_qr22_tau82,22,34,28,0.22,0.82,91.92,87.88,10.00,1.00,10:1,91.55,219.08016,311.0,91.91984,87.877215,144.548485,1,20
CMA-ES,20260607,42,cma_r42_001_tl10_dt29_ge25_qr16_tau84,10,29,25,0.16,0.84,111.92,87.12,10.00,1.00,10:1,109.66,219.08016,331.0,111.91984,87.116293,135.469799,1,27
CMA-ES,20260607,42,cma_r42_002_tl18_dt34_ge28_qr18_tau82,18,34,28,0.18,0.82,91.92,87.88,10.00,1.00,10:1,91.55,219.08016,311.0,91.91984,87.877215,144.548485,1,20
CMA-ES,20260607,42,cma_r42_003_tl13_dt31_ge22_qr18_tau81,13,31,22,0.18,0.81,144.92,87.59,10.00,1.00,10:1,139.71,219.08016,364.0,144.91984,87.59176,140.028481,1,25
CMA-ES,20260607,42,cma_r42_004_tl13_dt35_ge18_qr21_tau81,13,35,18,0.21,0.81,186.92,87.66,10.00,1.00,10:1,177.90,219.08016,406.0,186.91984,87.657289,144.137143,1,35
CMA-ES,20260607,42,cma_r42_005_tl28_dt33_ge31_qr22_tau83,28,33,31,0.22,0.83,138.92,93.94,10.00,1.00,10:1,134.83,219.08016,358.0,138.91984,93.936836,152.827664,1,25
CMA-ES,20260607,42,cma_r42_006_tl24_dt39_ge30_qr13_tau83,24,39,30,0.13,0.83,108.92,91.85,10.00,1.00,10:1,107.37,219.08016,328.0,108.91984,91.846108,137.12012,1,27
CMA-ES,20260607,43,cma_r43_001_tl13_dt30_ge23_qr26_tau82,13,30,23,0.26,0.82,138.92,90.20,10.00,1.00,10:1,134.49,219.08016,358.0,138.91984,90.19958,150.568862,1,26
CMA-ES,20260607,43,cma_r43_002_tl25_dt44_ge33_qr15_tau83,25,44,33,0.15,0.83,159.92,90.65,10.00,1.00,10:1,153.62,219.08016,379.0,159.91984,90.646665,136.238806,1,28
CMA-ES,20260607,43,cma_r43_003_tl45_dt32_ge31_qr18_tau83,45,32,31,0.18,0.83,93.92,88.32,10.00,1.00,10:1,93.41,219.08016,313.0,93.91984,88.323733,135.417508,1,20
CMA-ES,20260607,43,cma_r43_004_tl7_dt35_ge22_qr20_tau84,7,35,22,0.2,0.84,144.92,92.12,10.00,1.00,10:1,140.12,219.08016,364.0,144.91984,92.116046,137.349711,1,25
CMA-ES,20260607,43,cma_r43_005_tl19_dt38_ge23_qr14_tau82,19,38,23,0.14,0.82,165.92,91.00,10.00,1.00,10:1,159.11,219.08016,385.0,165.91984,90.995609,136.224189,1,32
CMA-ES,20260607,43,cma_r43_006_tl9_dt29_ge24_qr19_tau84,9,29,24,0.19,0.84,166.92,89.01,10.00,1.00,10:1,159.84,219.08016,386.0,166.91984,89.014338,150.919771,1,31
CMA-ES,20260607,44,cma_r44_001_tl50_dt25_ge30_qr18_tau83,50,25,30,0.18,0.83,94.92,81.71,10.00,1.00,10:1,93.72,219.08016,314.0,94.91984,81.710543,147.763473,1,18
CMA-ES,20260607,44,cma_r44_002_tl35_dt32_ge29_qr15_tau83,35,32,29,0.15,0.83,92.92,89.49,10.00,1.00,10:1,92.61,219.08016,312.0,92.91984,89.488308,147.680597,1,20
CMA-ES,20260607,44,cma_r44_003_tl33_dt37_ge28_qr19_tau83,33,37,28,0.19,0.83,162.92,90.93,10.00,1.00,10:1,156.38,219.08016,382.0,162.91984,90.932813,145.217765,1,30
CMA-ES,20260607,44,cma_r44_004_tl33_dt36_ge25_qr27_tau83,33,36,25,0.27,0.83,208.92,83.98,10.00,1.00,10:1,197.56,219.08016,428.0,208.91984,83.976545,157.748252,1,32
CMA-ES,20260607,44,cma_r44_005_tl16_dt30_ge21_qr34_tau81,16,30,21,0.34,0.81,115.92,84.93,10.00,1.00,10:1,113.10,219.08016,335.0,115.91984,84.926207,147.657143,0,30
CMA-ES,20260607,44,cma_r44_006_tl45_dt28_ge31_qr14_tau83,45,28,31,0.14,0.83,90.92,92.59,10.00,1.00,10:1,91.07,219.08016,310.0,90.91984,92.590324,152.093995,1,19
CMA-ES,20260607,45,cma_r45_001_tl30_dt27_ge26_qr17_tau83,30,27,26,0.17,0.83,90.92,81.20,10.00,1.00,10:1,90.04,219.08016,310.0,90.91984,81.196931,139.630225,1,21
CMA-ES,20260607,45,cma_r45_002_tl56_dt27_ge34_qr14_tau83,56,27,34,0.14,0.83,95.92,82.03,10.00,1.00,10:1,94.66,219.08016,315.0,95.91984,82.031199,146.089506,1,19
CMA-ES,20260607,45,cma_r45_003_tl48_dt32_ge34_qr14_tau84,48,32,34,0.14,0.84,93.92,89.03,10.00,1.00,10:1,93.48,219.08016,313.0,93.91984,89.032555,145.14759,1,19
CMA-ES,20260607,45,cma_r45_004_tl33_dt30_ge29_qr20_tau83,33,30,29,0.2,0.83,145.92,89.28,10.00,1.00,10:1,140.77,219.08016,365.0,145.91984,89.277732,147.979042,1,23
CMA-ES,20260607,45,cma_r45_005_tl50_dt23_ge37_qr15_tau83,50,23,37,0.15,0.83,145.92,83.75,10.00,1.00,10:1,140.27,219.08016,365.0,145.91984,83.749924,146.174847,1,19
CMA-ES,20260607,45,cma_r45_006_tl30_dt33_ge27_qr9_tau84,30,33,27,0.09,0.84,92.92,87.84,10.00,1.00,10:1,92.46,219.08016,312.0,92.91984,87.840844,144.856287,1,21
CMA-ES,20260607,46,cma_r46_001_tl37_dt23_ge27_qr16_tau83,37,23,27,0.16,0.83,144.92,82.12,10.00,1.00,10:1,139.21,219.08016,364.0,144.91984,82.120269,145.873112,1,22
CMA-ES,20260607,46,cma_r46_002_tl22_dt26_ge25_qr5_tau84,22,26,25,0.05,0.84,145.92,82.90,10.00,1.00,10:1,140.19,219.08016,365.0,145.91984,82.898073,144.082317,1,25
CMA-ES,20260607,46,cma_r46_003_tl15_dt35_ge26_qr17_tau83,15,35,26,0.17,0.83,138.92,88.50,10.00,1.00,10:1,134.34,219.08016,358.0,138.91984,88.499163,142.674847,1,27
CMA-ES,20260607,46,cma_r46_004_tl27_dt28_ge25_qr8_tau83,27,28,25,0.08,0.83,145.92,87.34,10.00,1.00,10:1,140.59,219.08016,365.0,145.91984,87.341632,145.310627,1,25
CMA-ES,20260607,46,cma_r46_005_tl33_dt32_ge27_qr21_tau81,33,32,27,0.21,0.81,91.92,88.32,10.00,1.00,10:1,91.59,219.08016,311.0,91.91984,88.323817,145.498489,1,21
CMA-ES,20260607,46,cma_r46_006_tl27_dt31_ge26_qr15_tau81,27,31,26,0.15,0.81,137.92,88.49,10.00,1.00,10:1,133.43,219.08016,357.0,137.91984,88.489817,141.786585,1,25
CMA-ES,20260607,47,cma_r47_001_tl46_dt26_ge28_qr15_tau82,46,26,28,0.15,0.82,92.92,82.26,10.00,1.00,10:1,91.95,219.08016,312.0,92.91984,82.258428,148.937126,1,18
CMA-ES,20260607,47,cma_r47_002_tl61_dt29_ge31_qr20_tau80,61,29,31,0.2,0.8,144.92,89.17,10.00,1.00,10:1,139.85,219.08016,364.0,144.91984,89.168461,143.835404,1,24
CMA-ES,20260607,47,cma_r47_003_tl42_dt31_ge28_qr21_tau81,42,31,28,0.21,0.81,144.92,88.45,10.00,1.00,10:1,139.79,219.08016,364.0,144.91984,88.445137,142.182099,1,24
CMA-ES,20260607,47,cma_r47_004_tl40_dt25_ge26_qr22_tau81,40,25,26,0.22,0.81,90.92,81.45,10.00,1.00,10:1,90.06,219.08016,310.0,90.91984,81.454356,138.564935,1,19
CMA-ES,20260607,47,cma_r47_005_tl34_dt37_ge28_qr20_tau82,34,37,28,0.2,0.82,162.92,90.93,10.00,1.00,10:1,156.38,219.08016,382.0,162.91984,90.932813,145.217765,1,30
CMA-ES,20260607,47,cma_r47_006_tl23_dt32_ge22_qr19_tau80,23,32,22,0.19,0.8,144.92,88.14,10.00,1.00,10:1,139.76,219.08016,364.0,144.91984,88.144273,142.367925,1,25
CMA-ES,20260607,48,cma_r48_001_tl33_dt30_ge26_qr17_tau81,33,30,26,0.17,0.81,138.92,90.34,10.00,1.00,10:1,134.50,219.08016,358.0,138.91984,90.335805,147.467647,1,25
CMA-ES,20260607,48,cma_r48_002_tl42_dt23_ge25_qr23_tau81,42,23,25,0.23,0.81,165.92,82.93,10.00,1.00,10:1,158.38,219.08016,385.0,165.91984,82.928077,147.208092,1,25
CMA-ES,20260607,48,cma_r48_003_tl65_dt28_ge34_qr20_tau82,65,28,34,0.2,0.82,90.92,92.77,10.00,1.00,10:1,91.09,219.08016,310.0,90.91984,92.767744,152.148825,1,19
CMA-ES,20260607,48,cma_r48_004_tl38_dt28_ge28_qr22_tau82,38,28,28,0.22,0.82,91.92,91.89,10.00,1.00,10:1,91.92,219.08016,311.0,91.91984,91.890729,150.496021,1,20
CMA-ES,20260607,48,cma_r48_005_tl54_dt30_ge34_qr18_tau81,54,30,34,0.18,0.81,94.92,87.48,10.00,1.00,10:1,94.24,219.08016,314.0,94.91984,87.479038,134.715254,1,19
CMA-ES,20260607,48,cma_r48_006_tl31_dt27_ge23_qr19_tau82,31,27,23,0.19,0.82,145.92,81.93,10.00,1.00,10:1,140.10,219.08016,365.0,145.91984,81.92585,144.8429,1,25
CMA-ES,20260607,49,cma_r49_001_tl66_dt25_ge35_qr14_tau83,66,25,35,0.14,0.83,94.92,81.71,10.00,1.00,10:1,93.72,219.08016,314.0,94.91984,81.710543,147.763473,1,17
CMA-ES,20260607,49,cma_r49_002_tl68_dt32_ge31_qr17_tau82,68,32,31,0.17,0.82,93.92,88.32,10.00,1.00,10:1,93.41,219.08016,313.0,93.91984,88.323733,135.417508,1,20
CMA-ES,20260607,49,cma_r49_003_tl63_dt26_ge28_qr21_tau82,63,26,28,0.21,0.82,92.92,82.26,10.00,1.00,10:1,91.95,219.08016,312.0,92.91984,82.258428,148.937126,1,18
CMA-ES,20260607,49,cma_r49_004_tl81_dt24_ge34_qr33_tau80,81,24,34,0.33,0.8,190.92,85.87,10.00,1.00,10:1,181.37,219.08016,410.0,190.91984,85.8742,152.118557,0,24
CMA-ES,20260607,49,cma_r49_005_tl89_dt21_ge38_qr27_tau82,89,21,38,0.27,0.82,138.92,84.58,10.00,1.00,10:1,133.98,219.08016,358.0,138.91984,84.576535,141.0,1,17
CMA-ES,20260607,49,cma_r49_006_tl66_dt27_ge36_qr24_tau82,66,27,36,0.24,0.82,93.92,82.40,10.00,1.00,10:1,92.87,219.08016,313.0,93.91984,82.396141,145.717391,1,17
CMA-ES,20260607,50,cma_r50_001_tl64_dt29_ge30_qr28_tau83,64,29,30,0.28,0.83,145.92,88.68,10.00,1.00,10:1,140.72,219.08016,365.0,145.91984,88.683232,142.890244,1,24
CMA-ES,20260607,50,cma_r50_002_tl49_dt37_ge26_qr30_tau80,49,37,26,0.3,0.8,107.92,87.54,10.00,1.00,10:1,106.07,219.08016,327.0,107.91984,87.539118,136.997015,1,29
CMA-ES,20260607,50,cma_r50_003_tl31_dt19_ge23_qr28_tau81,31,19,23,0.28,0.81,137.92,93.11,10.00,1.00,10:1,133.85,219.08016,357.0,137.91984,93.108546,159.380597,1,19
CMA-ES,20260607,50,cma_r50_004_tl62_dt26_ge31_qr20_tau82,62,26,31,0.2,0.82,92.92,82.29,10.00,1.00,10:1,91.95,219.08016,312.0,92.91984,82.28673,148.496988,1,18
CMA-ES,20260607,50,cma_r50_005_tl61_dt25_ge21_qr29_tau82,61,25,21,0.29,0.82,137.92,82.97,10.00,1.00,10:1,132.92,219.08016,357.0,137.91984,82.967332,138.453674,1,26
CMA-ES,20260607,50,cma_r50_006_tl76_dt24_ge31_qr26_tau82,76,24,31,0.26,0.82,144.92,83.43,10.00,1.00,10:1,139.33,219.08016,364.0,144.91984,83.430916,145.164134,1,19
BO,20260607,1,bo_r01_001_tl50_dt212_ge40_qr62_tau90,50,212,40,0.62,0.9,362.92,83.43,10.00,1.00,10:1,337.51,,,362.92,83.43,,0,40
BO,20260607,1,bo_r01_002_tl80_dt143_ge18_qr17_tau79,80,143,18,0.17,0.79,384.92,84.76,10.00,1.00,10:1,357.63,,,384.92,84.76,,1,61
BO,20260607,1,bo_r01_003_tl56_dt74_ge28_qr32_tau74,56,74,28,0.32,0.74,184.92,79.22,10.00,1.00,10:1,175.31,,,184.92,79.22,,0,32
BO,20260607,1,bo_r01_004_tl117_dt156_ge35_qr21_tau70,117,156,35,0.21,0.7,190.92,91.92,10.00,1.00,10:1,181.92,,,190.92,91.92,,1,31
BO,20260607,1,bo_r01_005_tl43_dt211_ge31_qr66_tau75,43,211,31,0.66,0.75,325.92,96.30,10.00,1.00,10:1,305.05,,,325.92,96.30,,0,41
BO,20260607,1,bo_r01_006_tl77_dt210_ge17_qr42_tau85,77,210,17,0.42,0.85,285.92,86.78,10.00,1.00,10:1,267.82,,,285.92,86.78,,0,51
BO,20260607,2,bo_r02_001_tl120_dt59_ge19_qr20_tau87,120,59,19,0.2,0.87,195.92,84.11,10.00,1.00,10:1,185.76,,,195.92,84.11,,1,41
BO,20260607,2,bo_r02_002_tl49_dt122_ge12_qr53_tau77,49,122,12,0.53,0.77,301.92,104.94,10.00,1.00,10:1,284.01,,,301.92,104.94,,0,65
BO,20260607,2,bo_r02_003_tl88_dt70_ge3_qr0_tau77,88,70,3,0.0,0.77,327.92,83.96,10.00,1.00,10:1,305.74,,,327.92,83.96,,1,92
BO,20260607,2,bo_r02_004_tl73_dt1_ge22_qr10_tau87,73,1,22,0.1,0.87,262.92,100.32,10.00,1.00,10:1,248.14,,,262.92,100.32,,1,18
BO,20260607,2,bo_r02_005_tl12_dt151_ge30_qr53_tau80,12,151,30,0.53,0.8,144.92,79.72,10.00,1.00,10:1,138.99,,,144.92,79.72,,0,27
BO,20260607,2,bo_r02_006_tl121_dt65_ge11_qr46_tau73,121,65,11,0.46,0.73,288.92,99.75,10.00,1.00,10:1,271.72,,,288.92,99.75,,0,63
BO,20260607,3,bo_r03_001_tl22_dt31_ge1_qr54_tau72,22,31,1,0.54,0.72,192.92,82.64,10.00,1.00,10:1,182.89,,,192.92,82.64,,0,59
BO,20260607,3,bo_r03_002_tl55_dt52_ge38_qr75_tau71,55,52,38,0.75,0.71,165.92,83.12,10.00,1.00,10:1,158.39,,,165.92,83.12,,0,27
BO,20260607,3,bo_r03_003_tl117_dt3_ge19_qr98_tau78,117,3,19,0.98,0.78,262.92,88.84,10.00,1.00,10:1,247.09,,,262.92,88.84,,0,18
BO,20260607,3,bo_r03_004_tl95_dt181_ge20_qr27_tau74,95,181,20,0.27,0.74,290.92,87.14,10.00,1.00,10:1,272.39,,,290.92,87.14,,1,52
BO,20260607,3,bo_r03_005_tl26_dt127_ge1_qr65_tau72,26,127,1,0.65,0.72,249.92,94.82,10.00,1.00,10:1,235.82,,,249.92,94.82,,0,91
BO,20260607,3,bo_r03_006_tl55_dt176_ge38_qr40_tau85,55,176,38,0.4,0.85,264.92,89.17,10.00,1.00,10:1,248.94,,,264.92,89.17,,0,31
BO,20260607,4,bo_r04_001_tl3_dt71_ge44_qr30_tau88,3,71,44,0.3,0.88,113.92,90.96,10.00,1.00,10:1,111.83,,,113.92,90.96,,1,22
BO,20260607,4,bo_r04_002_tl31_dt28_ge30_qr19_tau81,31,28,30,0.19,0.81,90.92,94.03,10.00,1.00,10:1,91.20,,,90.92,94.03,,1,19
BO,20260607,4,bo_r04_003_tl68_dt239_ge1_qr84_tau82,68,239,1,0.84,0.82,325.92,95.70,10.00,1.00,10:1,304.99,,,325.92,95.70,,0,107
BO,20260607,4,bo_r04_004_tl67_dt190_ge15_qr77_tau75,67,190,15,0.77,0.75,519.92,83.18,10.00,1.00,10:1,480.22,,,519.92,83.18,,0,80
BO,20260607,4,bo_r04_005_tl11_dt176_ge20_qr90_tau78,11,176,20,0.9,0.78,308.92,80.54,10.00,1.00,10:1,288.16,,,308.92,80.54,,0,48
BO,20260607,4,bo_r04_006_tl56_dt15_ge36_qr99_tau75,56,15,36,0.99,0.75,144.92,78.65,10.00,1.00,10:1,138.90,,,144.92,78.65,,0,18
BO,20260607,5,bo_r05_001_tl50_dt39_ge28_qr38_tau70,50,39,28,0.38,0.7,137.92,81.77,10.00,1.00,10:1,132.81,,,137.92,81.77,,0,28
BO,20260607,5,bo_r05_002_tl114_dt119_ge42_qr19_tau76,114,119,42,0.19,0.76,270.92,82.80,10.00,1.00,10:1,253.82,,,270.92,82.80,,1,32
BO,20260607,5,bo_r05_003_tl30_dt173_ge9_qr30_tau90,30,173,9,0.3,0.9,333.92,92.86,10.00,1.00,10:1,312.00,,,333.92,92.86,,1,71
BO,20260607,5,bo_r05_004_tl67_dt40_ge43_qr75_tau74,67,40,43,0.75,0.74,108.92,82.13,10.00,1.00,10:1,106.48,,,108.92,82.13,,0,19
BO,20260607,5,bo_r05_005_tl20_dt219_ge38_qr92_tau78,20,219,38,0.92,0.78,203.92,81.85,10.00,1.00,10:1,192.82,,,203.92,81.85,,0,29
BO,20260607,5,bo_r05_006_tl98_dt149_ge21_qr12_tau76,98,149,21,0.12,0.76,230.92,82.93,10.00,1.00,10:1,217.47,,,230.92,82.93,,1,46
BO,20260607,6,bo_r06_001_tl119_dt74_ge7_qr7_tau70,119,74,7,0.07,0.7,364.92,97.15,10.00,1.00,10:1,340.58,,,364.92,97.15,,1,86
BO,20260607,6,bo_r06_002_tl8_dt204_ge36_qr80_tau76,8,204,36,0.8,0.76,258.92,79.53,10.00,1.00,10:1,242.61,,,258.92,79.53,,0,35
BO,20260607,6,bo_r06_003_tl28_dt22_ge33_qr35_tau76,28,22,33,0.35,0.76,145.92,75.50,10.00,1.00,10:1,139.52,,,145.92,75.50,,0,18
BO,20260607,6,bo_r06_004_tl86_dt232_ge20_qr22_tau70,86,232,20,0.22,0.7,290.92,87.14,10.00,1.00,10:1,272.39,,,290.92,87.14,,1,52
BO,20260607,6,bo_r06_005_tl82_dt60_ge33_qr40_tau89,82,60,33,0.4,0.89,245.92,76.56,10.00,1.00,10:1,230.52,,,245.92,76.56,,0,33
BO,20260607,6,bo_r06_006_tl81_dt122_ge8_qr4_tau70,81,122,8,0.04,0.7,406.92,87.22,10.00,1.00,10:1,377.86,,,406.92,87.22,,1,88
BO,20260607,7,bo_r07_001_tl58_dt81_ge42_qr4_tau82,58,81,42,0.04,0.82,198.92,89.37,10.00,1.00,10:1,188.96,,,198.92,89.37,,1,28
BO,20260607,7,bo_r07_002_tl12_dt115_ge48_qr61_tau70,12,115,48,0.61,0.7,283.92,79.07,10.00,1.00,10:1,265.30,,,283.92,79.07,,0,30
BO,20260607,7,bo_r07_003_tl73_dt176_ge11_qr55_tau84,73,176,11,0.55,0.84,320.92,82.28,10.00,1.00,10:1,299.23,,,320.92,82.28,,0,67
BO,20260607,7,bo_r07_004_tl26_dt15_ge37_qr40_tau84,26,15,37,0.4,0.84,145.92,78.62,10.00,1.00,10:1,139.80,,,145.92,78.62,,0,17
BO,20260607,7,bo_r07_005_tl106_dt115_ge29_qr23_tau87,106,115,29,0.23,0.87,224.92,88.79,10.00,1.00,10:1,212.54,,,224.92,88.79,,1,34
BO,20260607,7,bo_r07_006_tl34_dt110_ge15_qr88_tau86,34,110,15,0.88,0.86,303.92,85.22,10.00,1.00,10:1,284.04,,,303.92,85.22,,0,58
BO,20260607,8,bo_r08_001_tl103_dt74_ge32_qr38_tau71,103,74,32,0.38,0.71,242.92,78.20,10.00,1.00,10:1,227.95,,,242.92,78.20,,0,36
BO,20260607,8,bo_r08_002_tl12_dt66_ge2_qr31_tau79,12,66,2,0.31,0.79,295.92,88.00,10.00,1.00,10:1,277.02,,,295.92,88.00,,0,84
BO,20260607,8,bo_r08_003_tl52_dt209_ge43_qr9_tau88,52,209,43,0.09,0.88,209.92,83.13,10.00,1.00,10:1,198.39,,,209.92,83.13,,1,29
BO,20260607,8,bo_r08_004_tl53_dt156_ge33_qr38_tau86,53,156,33,0.38,0.86,363.92,89.46,10.00,1.00,10:1,338.97,,,363.92,89.46,,0,42
BO,20260607,8,bo_r08_005_tl23_dt153_ge44_qr17_tau73,23,153,44,0.17,0.73,159.92,84.98,10.00,1.00,10:1,153.11,,,159.92,84.98,,1,28
BO,20260607,8,bo_r08_006_tl17_dt76_ge27_qr36_tau87,17,76,27,0.36,0.87,159.92,80.82,10.00,1.00,10:1,152.73,,,159.92,80.82,,0,33
BO,20260607,9,bo_r09_001_tl106_dt21_ge32_qr45_tau74,106,21,32,0.45,0.74,144.92,75.77,10.00,1.00,10:1,138.63,,,144.92,75.77,,0,19
BO,20260607,9,bo_r09_002_tl105_dt75_ge12_qr84_tau87,105,75,12,0.84,0.87,290.92,92.83,10.00,1.00,10:1,272.91,,,290.92,92.83,,0,58
BO,20260607,9,bo_r09_003_tl42_dt234_ge39_qr55_tau84,42,234,39,0.55,0.84,274.92,81.03,10.00,1.00,10:1,257.29,,,274.92,81.03,,0,32
BO,20260607,9,bo_r09_004_tl119_dt231_ge27_qr7_tau70,119,231,27,0.07,0.7,287.92,86.12,10.00,1.00,10:1,269.57,,,287.92,86.12,,1,43
BO,20260607,9,bo_r09_005_tl57_dt68_ge11_qr91_tau90,57,68,11,0.91,0.9,210.92,88.29,10.00,1.00,10:1,199.77,,,210.92,88.29,,0,58
BO,20260607,9,bo_r09_006_tl32_dt111_ge6_qr52_tau83,32,111,6,0.52,0.83,262.92,101.62,10.00,1.00,10:1,248.26,,,262.92,101.62,,0,69
BO,20260607,10,bo_r10_001_tl78_dt33_ge41_qr96_tau79,78,33,41,0.96,0.79,144.92,86.55,10.00,1.00,10:1,139.61,,,144.92,86.55,,0,20
BO,20260607,10,bo_r10_002_tl33_dt142_ge15_qr0_tau74,33,142,15,0.0,0.74,267.92,86.03,10.00,1.00,10:1,251.38,,,267.92,86.03,,1,51
BO,20260607,10,bo_r10_003_tl111_dt95_ge35_qr42_tau87,111,95,35,0.42,0.87,370.92,89.35,10.00,1.00,10:1,345.32,,,370.92,89.35,,0,41
BO,20260607,10,bo_r10_004_tl119_dt133_ge13_qr83_tau76,119,133,13,0.83,0.76,355.92,93.20,10.00,1.00,10:1,332.04,,,355.92,93.20,,0,65
BO,20260607,10,bo_r10_005_tl103_dt217_ge30_qr85_tau82,103,217,30,0.85,0.82,286.92,75.40,10.00,1.00,10:1,267.69,,,286.92,75.40,,0,40
BO,20260607,10,bo_r10_006_tl2_dt95_ge46_qr94_tau71,2,95,46,0.94,0.71,162.92,87.44,10.00,1.00,10:1,156.06,,,162.92,87.44,,0,22
BO,20260607,11,bo_r11_001_tl70_dt39_ge50_qr97_tau90,70,39,50,0.97,0.9,144.92,88.61,10.00,1.00,10:1,139.80,,,144.92,88.61,,0,18
BO,20260607,11,bo_r11_002_tl119_dt36_ge32_qr92_tau87,119,36,32,0.92,0.87,108.92,81.92,10.00,1.00,10:1,106.47,,,108.92,81.92,,0,23
BO,20260607,11,bo_r11_003_tl119_dt53_ge41_qr88_tau89,119,53,41,0.88,0.89,190.92,84.80,10.00,1.00,10:1,181.27,,,190.92,84.80,,0,27
BO,20260607,11,bo_r11_004_tl119_dt97_ge38_qr81_tau88,119,97,38,0.81,0.88,292.92,87.71,10.00,1.00,10:1,274.26,,,292.92,87.71,,0,36
BO,20260607,11,bo_r11_005_tl115_dt181_ge44_qr91_tau84,115,181,44,0.91,0.84,248.92,80.57,10.00,1.00,10:1,233.62,,,248.92,80.57,,0,29
BO,20260607,11,bo_r11_006_tl44_dt9_ge38_qr99_tau90,44,9,38,0.99,0.9,177.92,81.68,10.00,1.00,10:1,169.17,,,177.92,81.68,,0,18
BO,20260607,12,bo_r12_001_tl51_dt11_ge50_qr97_tau88,51,11,50,0.97,0.88,161.92,86.17,10.00,1.00,10:1,155.03,,,161.92,86.17,,0,17
BO,20260607,12,bo_r12_002_tl119_dt0_ge40_qr60_tau88,119,0,40,0.6,0.88,297.92,84.08,10.00,1.00,10:1,278.48,,,297.92,84.08,,0,35
BO,20260607,12,bo_r12_003_tl90_dt163_ge49_qr100_tau84,90,163,49,1.0,0.84,302.92,79.03,10.00,1.00,10:1,282.57,,,302.92,79.03,,0,31
BO,20260607,12,bo_r12_004_tl107_dt175_ge48_qr89_tau84,107,175,48,0.89,0.84,303.92,80.26,10.00,1.00,10:1,283.59,,,303.92,80.26,,0,32
BO,20260607,12,bo_r12_005_tl115_dt164_ge50_qr61_tau88,115,164,50,0.61,0.88,400.92,78.81,10.00,1.00,10:1,371.64,,,400.92,78.81,,0,34
BO,20260607,12,bo_r12_006_tl121_dt149_ge35_qr68_tau89,121,149,35,0.68,0.89,262.92,90.00,10.00,1.00,10:1,247.20,,,262.92,90.00,,0,34
BO,20260607,13,bo_r13_001_tl95_dt84_ge39_qr94_tau88,95,84,39,0.94,0.88,299.92,84.36,10.00,1.00,10:1,280.32,,,299.92,84.36,,0,36
BO,20260607,13,bo_r13_002_tl98_dt222_ge44_qr91_tau90,98,222,44,0.91,0.9,248.92,80.57,10.00,1.00,10:1,233.62,,,248.92,80.57,,0,29
BO,20260607,13,bo_r13_003_tl103_dt40_ge48_qr100_tau83,103,40,48,1.0,0.83,137.92,88.67,10.00,1.00,10:1,133.44,,,137.92,88.67,,0,19
BO,20260607,13,bo_r13_004_tl115_dt6_ge46_qr59_tau89,115,6,46,0.59,0.89,180.92,92.55,10.00,1.00,10:1,172.89,,,180.92,92.55,,0,18
BO,20260607,13,bo_r13_005_tl118_dt26_ge47_qr97_tau84,118,26,47,0.97,0.84,137.92,78.59,10.00,1.00,10:1,132.53,,,137.92,78.59,,0,17
BO,20260607,13,bo_r13_006_tl119_dt67_ge45_qr85_tau89,119,67,45,0.85,0.89,191.92,77.30,10.00,1.00,10:1,181.50,,,191.92,77.30,,0,25
BO,20260607,14,bo_r14_001_tl114_dt161_ge49_qr97_tau85,114,161,49,0.97,0.85,302.92,79.03,10.00,1.00,10:1,282.57,,,302.92,79.03,,0,31
BO,20260607,14,bo_r14_002_tl121_dt13_ge50_qr98_tau90,121,13,50,0.98,0.9,145.92,79.26,10.00,1.00,10:1,139.86,,,145.92,79.26,,0,17
BO,20260607,14,bo_r14_003_tl76_dt26_ge48_qr70_tau89,76,26,48,0.7,0.89,137.92,78.59,10.00,1.00,10:1,132.53,,,137.92,78.59,,0,17
BO,20260607,14,bo_r14_004_tl98_dt37_ge29_qr76_tau90,98,37,29,0.76,0.9,113.92,81.98,10.00,1.00,10:1,111.02,,,113.92,81.98,,0,26
BO,20260607,14,bo_r14_005_tl98_dt62_ge44_qr94_tau83,98,62,44,0.94,0.83,238.92,77.27,10.00,1.00,10:1,224.22,,,238.92,77.27,,0,29
BO,20260607,14,bo_r14_006_tl118_dt39_ge22_qr78_tau88,118,39,22,0.78,0.88,136.92,82.44,10.00,1.00,10:1,131.97,,,136.92,82.44,,0,31
BO,20260607,15,bo_r15_001_tl113_dt134_ge30_qr91_tau89,113,134,30,0.91,0.89,286.92,75.40,10.00,1.00,10:1,267.69,,,286.92,75.40,,0,40
BO,20260607,15,bo_r15_002_tl118_dt21_ge36_qr75_tau88,118,21,36,0.75,0.88,144.92,75.77,10.00,1.00,10:1,138.63,,,144.92,75.77,,0,19
BO,20260607,15,bo_r15_003_tl62_dt4_ge50_qr77_tau89,62,4,50,0.77,0.89,283.92,89.58,10.00,1.00,10:1,266.25,,,283.92,89.58,,0,18
BO,20260607,15,bo_r15_004_tl100_dt115_ge23_qr100_tau88,100,115,23,1.0,0.88,280.92,81.59,10.00,1.00,10:1,262.80,,,280.92,81.59,,0,44
BO,20260607,15,bo_r15_005_tl119_dt65_ge43_qr84_tau82,119,65,43,0.84,0.82,191.92,79.06,10.00,1.00,10:1,181.66,,,191.92,79.06,,0,25
BO,20260607,15,bo_r15_006_tl103_dt17_ge25_qr97_tau85,103,17,25,0.97,0.85,145.92,86.23,10.00,1.00,10:1,140.49,,,145.92,86.23,,0,21
BO,20260607,16,bo_r16_001_tl89_dt181_ge44_qr95_tau89,89,181,44,0.95,0.89,248.92,80.57,10.00,1.00,10:1,233.62,,,248.92,80.57,,0,29
BO,20260607,16,bo_r16_002_tl94_dt23_ge42_qr100_tau86,94,23,42,1.0,0.86,144.92,77.03,10.00,1.00,10:1,138.75,,,144.92,77.03,,0,17
BO,20260607,16,bo_r16_003_tl94_dt74_ge46_qr91_tau88,94,74,46,0.91,0.88,266.92,78.47,10.00,1.00,10:1,249.79,,,266.92,78.47,,0,30
BO,20260607,16,bo_r16_004_tl97_dt78_ge49_qr78_tau88,97,78,49,0.78,0.88,264.92,77.62,10.00,1.00,10:1,247.89,,,264.92,77.62,,0,28
BO,20260607,16,bo_r16_005_tl103_dt90_ge42_qr78_tau89,103,90,42,0.78,0.89,190.92,76.02,10.00,1.00,10:1,180.47,,,190.92,76.02,,0,28
BO,20260607,16,bo_r16_006_tl110_dt113_ge33_qr91_tau88,110,113,33,0.91,0.88,363.92,89.46,10.00,1.00,10:1,338.97,,,363.92,89.46,,0,42
BO,20260607,17,bo_r17_001_tl78_dt8_ge46_qr92_tau89,78,8,46,0.92,0.89,164.92,79.52,10.00,1.00,10:1,157.16,,,164.92,79.52,,0,18
BO,20260607,17,bo_r17_002_tl97_dt195_ge42_qr100_tau90,97,195,42,1.0,0.9,281.92,79.19,10.00,1.00,10:1,263.49,,,281.92,79.19,,0,31
BO,20260607,17,bo_r17_003_tl100_dt16_ge48_qr90_tau84,100,16,48,0.9,0.84,144.92,79.76,10.00,1.00,10:1,139.00,,,144.92,79.76,,0,17
BO,20260607,17,bo_r17_004_tl110_dt111_ge27_qr98_tau90,110,111,27,0.98,0.9,265.92,78.67,10.00,1.00,10:1,248.90,,,265.92,78.67,,0,41
BO,20260607,17,bo_r17_005_tl120_dt28_ge27_qr98_tau86,120,28,27,0.98,0.86,167.92,76.49,10.00,1.00,10:1,159.61,,,167.92,76.49,,0,26
BO,20260607,17,bo_r17_006_tl63_dt17_ge37_qr95_tau90,63,17,37,0.95,0.9,158.92,85.06,10.00,1.00,10:1,152.20,,,158.92,85.06,,0,19
BO,20260607,18,bo_r18_001_tl97_dt85_ge38_qr95_tau88,97,85,38,0.95,0.88,220.92,89.49,10.00,1.00,10:1,208.97,,,220.92,89.49,,0,30
BO,20260607,18,bo_r18_002_tl102_dt62_ge39_qr83_tau88,102,62,39,0.83,0.88,299.92,83.77,10.00,1.00,10:1,280.27,,,299.92,83.77,,0,37
BO,20260607,18,bo_r18_003_tl103_dt155_ge49_qr97_tau86,103,155,49,0.97,0.86,302.92,79.03,10.00,1.00,10:1,282.57,,,302.92,79.03,,0,31
BO,20260607,18,bo_r18_004_tl109_dt81_ge39_qr95_tau86,109,81,39,0.95,0.86,299.92,84.36,10.00,1.00,10:1,280.32,,,299.92,84.36,,0,36
BO,20260607,18,bo_r18_005_tl115_dt45_ge42_qr76_tau90,115,45,42,0.76,0.9,225.92,82.69,10.00,1.00,10:1,212.90,,,225.92,82.69,,0,27
BO,20260607,18,bo_r18_006_tl105_dt27_ge47_qr96_tau81,105,27,47,0.96,0.81,139.92,81.41,10.00,1.00,10:1,134.60,,,139.92,81.41,,0,18
BO,20260607,19,bo_r19_001_tl84_dt209_ge49_qr97_tau90,84,209,49,0.97,0.9,302.92,79.03,10.00,1.00,10:1,282.57,,,302.92,79.03,,0,31
BO,20260607,19,bo_r19_002_tl99_dt101_ge32_qr96_tau90,99,101,32,0.96,0.9,316.92,91.59,10.00,1.00,10:1,296.44,,,316.92,91.59,,0,40
BO,20260607,19,bo_r19_003_tl100_dt73_ge42_qr88_tau87,100,73,42,0.88,0.87,232.92,76.27,10.00,1.00,10:1,218.68,,,232.92,76.27,,0,28
BO,20260607,19,bo_r19_004_tl115_dt29_ge43_qr90_tau85,115,29,43,0.9,0.85,137.92,92.87,10.00,1.00,10:1,133.82,,,137.92,92.87,,0,20
BO,20260607,19,bo_r19_005_tl115_dt36_ge41_qr49_tau90,115,36,41,0.49,0.9,109.92,84.34,10.00,1.00,10:1,107.59,,,109.92,84.34,,0,19
BO,20260607,19,bo_r19_006_tl86_dt100_ge44_qr99_tau83,86,100,44,0.99,0.83,189.92,79.45,10.00,1.00,10:1,179.88,,,189.92,79.45,,0,28
BO,20260607,20,bo_r20_001_tl76_dt1_ge48_qr92_tau86,76,1,48,0.92,0.86,264.92,89.58,10.00,1.00,10:1,248.98,,,264.92,89.58,,0,17
BO,20260607,20,bo_r20_002_tl76_dt19_ge49_qr85_tau89,76,19,49,0.85,0.89,144.92,79.19,10.00,1.00,10:1,138.94,,,144.92,79.19,,0,17
BO,20260607,20,bo_r20_003_tl95_dt16_ge46_qr100_tau87,95,16,46,1.0,0.87,144.92,79.76,10.00,1.00,10:1,139.00,,,144.92,79.76,,0,17
BO,20260607,20,bo_r20_004_tl108_dt100_ge44_qr99_tau90,108,100,44,0.99,0.9,189.92,79.45,10.00,1.00,10:1,179.88,,,189.92,79.45,,0,28
BO,20260607,20,bo_r20_005_tl109_dt32_ge35_qr85_tau85,109,32,35,0.85,0.85,138.92,83.41,10.00,1.00,10:1,133.87,,,138.92,83.41,,0,21
BO,20260607,20,bo_r20_006_tl113_dt81_ge48_qr51_tau89,113,81,48,0.51,0.89,252.92,74.41,10.00,1.00,10:1,236.69,,,252.92,74.41,,0,28
BO,20260607,21,bo_r21_001_tl99_dt47_ge36_qr100_tau86,99,47,36,1.0,0.86,171.92,88.45,10.00,1.00,10:1,164.33,,,171.92,88.45,,0,26
BO,20260607,21,bo_r21_002_tl101_dt18_ge40_qr100_tau90,101,18,40,1.0,0.9,165.92,87.50,10.00,1.00,10:1,158.79,,,165.92,87.50,,0,19
BO,20260607,21,bo_r21_003_tl121_dt80_ge50_qr70_tau85,121,80,50,0.7,0.85,220.92,73.64,10.00,1.00,10:1,207.53,,,220.92,73.64,,0,27
BO,20260607,21,bo_r21_004_tl120_dt209_ge40_qr91_tau86,120,209,40,0.91,0.86,297.92,84.08,10.00,1.00,10:1,278.48,,,297.92,84.08,,0,35
BO,20260607,21,bo_r21_005_tl120_dt58_ge13_qr94_tau87,120,58,13,0.94,0.87,230.92,89.58,10.00,1.00,10:1,218.07,,,230.92,89.58,,0,50
BO,20260607,21,bo_r21_006_tl39_dt18_ge43_qr99_tau88,39,18,43,0.99,0.88,164.92,85.45,10.00,1.00,10:1,157.70,,,164.92,85.45,,0,19
BO,20260607,22,bo_r22_001_tl81_dt78_ge50_qr80_tau90,81,78,50,0.8,0.9,220.92,73.64,10.00,1.00,10:1,207.53,,,220.92,73.64,,0,27
BO,20260607,22,bo_r22_002_tl102_dt228_ge48_qr91_tau89,102,228,48,0.91,0.89,303.92,80.26,10.00,1.00,10:1,283.59,,,303.92,80.26,,0,32
BO,20260607,22,bo_r22_003_tl103_dt53_ge50_qr97_tau89,103,53,50,0.97,0.89,145.92,86.06,10.00,1.00,10:1,140.48,,,145.92,86.06,,0,21
BO,20260607,22,bo_r22_004_tl108_dt7_ge39_qr77_tau90,108,7,39,0.77,0.9,167.92,81.69,10.00,1.00,10:1,160.08,,,167.92,81.69,,0,17
BO,20260607,22,bo_r22_005_tl100_dt38_ge48_qr89_tau83,100,38,48,0.89,0.83,138.92,87.18,10.00,1.00,10:1,134.22,,,138.92,87.18,,0,19
BO,20260607,22,bo_r22_006_tl104_dt157_ge23_qr98_tau90,104,157,23,0.98,0.9,195.92,78.49,10.00,1.00,10:1,185.24,,,195.92,78.49,,0,38
BO,20260607,23,bo_r23_001_tl106_dt177_ge42_qr81_tau90,106,177,42,0.81,0.9,281.92,79.19,10.00,1.00,10:1,263.49,,,281.92,79.19,,0,31
BO,20260607,23,bo_r23_002_tl108_dt51_ge47_qr92_tau85,108,51,47,0.92,0.85,158.92,84.90,10.00,1.00,10:1,152.19,,,158.92,84.90,,0,22
BO,20260607,23,bo_r23_003_tl113_dt39_ge21_qr95_tau89,113,39,21,0.95,0.89,137.92,94.23,10.00,1.00,10:1,133.95,,,137.92,94.23,,0,31
BO,20260607,23,bo_r23_004_tl120_dt95_ge41_qr88_tau90,120,95,41,0.88,0.9,137.92,77.60,10.00,1.00,10:1,132.44,,,137.92,77.60,,0,26
BO,20260607,23,bo_r23_005_tl119_dt229_ge39_qr97_tau86,119,229,39,0.97,0.86,269.92,83.83,10.00,1.00,10:1,253.00,,,269.92,83.83,,0,33
BO,20260607,23,bo_r23_006_tl78_dt191_ge38_qr99_tau89,78,191,38,0.99,0.89,298.92,86.19,10.00,1.00,10:1,279.58,,,298.92,86.19,,0,35
BO,20260607,24,bo_r24_001_tl98_dt27_ge49_qr100_tau82,98,27,49,1.0,0.82,137.92,81.54,10.00,1.00,10:1,132.79,,,137.92,81.54,,0,17
BO,20260607,24,bo_r24_002_tl111_dt25_ge47_qr67_tau88,111,25,47,0.67,0.88,137.92,76.94,10.00,1.00,10:1,132.38,,,137.92,76.94,,0,17
BO,20260607,24,bo_r24_003_tl120_dt18_ge44_qr96_tau81,120,18,44,0.96,0.81,165.92,84.15,10.00,1.00,10:1,158.49,,,165.92,84.15,,0,19
BO,20260607,24,bo_r24_004_tl107_dt47_ge20_qr94_tau89,107,47,20,0.94,0.89,254.92,93.77,10.00,1.00,10:1,240.27,,,254.92,93.77,,0,41
BO,20260607,24,bo_r24_005_tl97_dt103_ge26_qr90_tau90,97,103,26,0.9,0.9,190.92,79.38,10.00,1.00,10:1,180.78,,,190.92,79.38,,0,35
BO,20260607,24,bo_r24_006_tl118_dt14_ge29_qr94_tau83,118,14,29,0.94,0.83,145.92,79.67,10.00,1.00,10:1,139.90,,,145.92,79.67,,0,18
BO,20260607,25,bo_r25_001_tl94_dt17_ge36_qr84_tau89,94,17,36,0.84,0.89,158.92,85.13,10.00,1.00,10:1,152.21,,,158.92,85.13,,0,19
BO,20260607,25,bo_r25_002_tl98_dt123_ge30_qr96_tau90,98,123,30,0.96,0.9,286.92,75.40,10.00,1.00,10:1,267.69,,,286.92,75.40,,0,40
BO,20260607,25,bo_r25_003_tl101_dt169_ge37_qr100_tau89,101,169,37,1.0,0.89,412.92,87.47,10.00,1.00,10:1,383.33,,,412.92,87.47,,0,40
BO,20260607,25,bo_r25_004_tl99_dt54_ge33_qr97_tau86,99,54,33,0.97,0.86,239.92,83.08,10.00,1.00,10:1,225.66,,,239.92,83.08,,0,32
BO,20260607,25,bo_r25_005_tl119_dt130_ge46_qr56_tau89,119,130,46,0.56,0.89,200.92,81.06,10.00,1.00,10:1,190.02,,,200.92,81.06,,0,26
BO,20260607,25,bo_r25_006_tl53_dt26_ge42_qr95_tau88,53,26,42,0.95,0.88,138.92,80.81,10.00,1.00,10:1,133.64,,,138.92,80.81,,0,18
BO,20260607,26,bo_r26_001_tl103_dt161_ge48_qr87_tau90,103,161,48,0.87,0.9,303.92,80.26,10.00,1.00,10:1,283.59,,,303.92,80.26,,0,32
BO,20260607,26,bo_r26_002_tl117_dt28_ge46_qr100_tau90,117,28,46,1.0,0.9,168.92,86.58,10.00,1.00,10:1,161.43,,,168.92,86.58,,0,21
BO,20260607,26,bo_r26_003_tl101_dt98_ge39_qr80_tau87,101,98,39,0.8,0.87,489.92,80.89,10.00,1.00,10:1,452.74,,,489.92,80.89,,0,45
BO,20260607,26,bo_r26_004_tl109_dt6_ge48_qr65_tau84,109,6,48,0.65,0.84,181.92,95.17,10.00,1.00,10:1,174.03,,,181.92,95.17,,0,18
BO,20260607,26,bo_r26_005_tl112_dt27_ge47_qr59_tau86,112,27,47,0.59,0.86,139.92,81.41,10.00,1.00,10:1,134.60,,,139.92,81.41,,0,18
BO,20260607,26,bo_r26_006_tl105_dt71_ge46_qr61_tau87,105,71,46,0.61,0.87,253.92,77.79,10.00,1.00,10:1,237.91,,,253.92,77.79,,0,28
BO,20260607,27,bo_r27_001_tl91_dt43_ge31_qr98_tau88,91,43,31,0.98,0.88,185.92,83.32,10.00,1.00,10:1,176.59,,,185.92,83.32,,0,30
BO,20260607,27,bo_r27_002_tl114_dt90_ge27_qr99_tau90,114,90,27,0.99,0.9,276.92,80.75,10.00,1.00,10:1,259.09,,,276.92,80.75,,0,40
BO,20260607,27,bo_r27_003_tl118_dt181_ge27_qr99_tau88,118,181,27,0.99,0.88,222.92,77.46,10.00,1.00,10:1,209.70,,,222.92,77.46,,0,38
BO,20260607,27,bo_r27_004_tl119_dt165_ge31_qr86_tau89,119,165,31,0.86,0.89,308.92,86.56,10.00,1.00,10:1,288.71,,,308.92,86.56,,0,39
BO,20260607,27,bo_r27_005_tl93_dt44_ge36_qr75_tau90,93,44,36,0.75,0.9,176.92,83.81,10.00,1.00,10:1,168.46,,,176.92,83.81,,0,29
BO,20260607,27,bo_r27_006_tl101_dt55_ge47_qr56_tau90,101,55,47,0.56,0.9,176.92,86.20,10.00,1.00,10:1,168.67,,,176.92,86.20,,0,22
BO,20260607,28,bo_r28_001_tl113_dt189_ge41_qr86_tau89,113,189,41,0.86,0.89,241.92,77.60,10.00,1.00,10:1,226.98,,,241.92,77.60,,0,32
BO,20260607,28,bo_r28_002_tl121_dt22_ge35_qr100_tau86,121,22,35,1.0,0.86,137.92,76.93,10.00,1.00,10:1,132.38,,,137.92,76.93,,0,17
BO,20260607,28,bo_r28_003_tl64_dt164_ge46_qr100_tau89,64,164,46,1.0,0.89,344.92,79.78,10.00,1.00,10:1,320.82,,,344.92,79.78,,0,32
BO,20260607,28,bo_r28_004_tl92_dt104_ge48_qr71_tau88,92,104,48,0.71,0.88,283.92,79.68,10.00,1.00,10:1,265.35,,,283.92,79.68,,0,28
BO,20260607,28,bo_r28_005_tl100_dt129_ge44_qr76_tau87,100,129,44,0.76,0.87,248.92,80.57,10.00,1.00,10:1,233.62,,,248.92,80.57,,0,29
BO,20260607,28,bo_r28_006_tl97_dt178_ge45_qr79_tau87,97,178,45,0.79,0.87,254.92,76.28,10.00,1.00,10:1,238.68,,,254.92,76.28,,0,27
BO,20260607,29,bo_r29_001_tl60_dt79_ge44_qr97_tau90,60,79,44,0.97,0.9,290.92,72.80,10.00,1.00,10:1,271.09,,,290.92,72.80,,0,33
BO,20260607,29,bo_r29_002_tl87_dt11_ge40_qr91_tau87,87,11,40,0.91,0.87,161.92,86.17,10.00,1.00,10:1,155.03,,,161.92,86.17,,0,17
BO,20260607,29,bo_r29_003_tl105_dt171_ge41_qr94_tau90,105,171,41,0.94,0.9,241.92,77.60,10.00,1.00,10:1,226.98,,,241.92,77.60,,0,32
BO,20260607,29,bo_r29_004_tl118_dt130_ge45_qr92_tau88,118,130,45,0.92,0.88,254.92,76.28,10.00,1.00,10:1,238.68,,,254.92,76.28,,0,27
BO,20260607,29,bo_r29_005_tl108_dt145_ge42_qr80_tau88,108,145,42,0.8,0.88,281.92,79.19,10.00,1.00,10:1,263.49,,,281.92,79.19,,0,31
BO,20260607,29,bo_r29_006_tl80_dt119_ge40_qr90_tau89,80,119,40,0.9,0.89,325.92,85.68,10.00,1.00,10:1,304.08,,,325.92,85.68,,0,37
BO,20260607,30,bo_r30_001_tl64_dt68_ge48_qr95_tau89,64,68,48,0.95,0.89,193.92,78.39,10.00,1.00,10:1,183.42,,,193.92,78.39,,0,24
BO,20260607,30,bo_r30_002_tl72_dt138_ge50_qr96_tau88,72,138,50,0.96,0.88,400.92,78.81,10.00,1.00,10:1,371.64,,,400.92,78.81,,0,34
BO,20260607,30,bo_r30_003_tl110_dt17_ge37_qr95_tau89,110,17,37,0.95,0.89,158.92,85.06,10.00,1.00,10:1,152.20,,,158.92,85.06,,0,19
BO,20260607,30,bo_r30_004_tl113_dt18_ge28_qr94_tau90,113,18,28,0.94,0.9,177.92,86.34,10.00,1.00,10:1,169.59,,,177.92,86.34,,0,21
BO,20260607,30,bo_r30_005_tl121_dt199_ge48_qr93_tau83,121,199,48,0.93,0.83,303.92,80.26,10.00,1.00,10:1,283.59,,,303.92,80.26,,0,32
BO,20260607,30,bo_r30_006_tl113_dt73_ge40_qr74_tau87,113,73,40,0.74,0.87,264.92,83.80,10.00,1.00,10:1,248.45,,,264.92,83.80,,0,31
BO,20260607,31,bo_r31_001_tl97_dt60_ge38_qr79_tau90,97,60,38,0.79,0.9,272.92,82.74,10.00,1.00,10:1,255.63,,,272.92,82.74,,0,33
BO,20260607,31,bo_r31_002_tl102_dt71_ge49_qr93_tau83,102,71,49,0.93,0.83,237.92,84.06,10.00,1.00,10:1,223.93,,,237.92,84.06,,0,27
BO,20260607,31,bo_r31_003_tl118_dt28_ge39_qr94_tau89,118,28,39,0.94,0.89,145.92,85.44,10.00,1.00,10:1,140.42,,,145.92,85.44,,0,20
BO,20260607,31,bo_r31_004_tl120_dt6_ge45_qr91_tau83,120,6,45,0.91,0.83,181.92,95.17,10.00,1.00,10:1,174.03,,,181.92,95.17,,0,18
BO,20260607,31,bo_r31_005_tl94_dt165_ge43_qr94_tau87,94,165,43,0.94,0.87,272.92,80.52,10.00,1.00,10:1,255.43,,,272.92,80.52,,0,33
BO,20260607,31,bo_r31_006_tl107_dt52_ge36_qr74_tau89,107,52,36,0.74,0.89,241.92,74.35,10.00,1.00,10:1,226.69,,,241.92,74.35,,0,31
BO,20260607,32,bo_r32_001_tl77_dt1_ge42_qr95_tau88,77,1,42,0.95,0.88,0.00,89.57,10.00,1.00,10:1,1000008.14,,,0.00,89.57,,0,17
BO,20260607,32,bo_r32_002_tl106_dt209_ge46_qr100_tau86,106,209,46,1.0,0.86,344.92,79.78,10.00,1.00,10:1,320.82,,,344.92,79.78,,0,32
BO,20260607,32,bo_r32_003_tl117_dt120_ge49_qr76_tau88,117,120,49,0.76,0.88,302.92,79.03,10.00,1.00,10:1,282.57,,,302.92,79.03,,0,31
BO,20260607,32,bo_r32_004_tl120_dt143_ge27_qr95_tau89,120,143,27,0.95,0.89,222.92,77.46,10.00,1.00,10:1,209.70,,,222.92,77.46,,0,38
BO,20260607,32,bo_r32_005_tl115_dt91_ge13_qr97_tau90,115,91,13,0.97,0.9,283.92,91.15,10.00,1.00,10:1,266.40,,,283.92,91.15,,0,58
BO,20260607,32,bo_r32_006_tl115_dt222_ge48_qr96_tau83,115,222,48,0.96,0.83,303.92,80.26,10.00,1.00,10:1,283.59,,,303.92,80.26,,0,32
BO,20260607,33,bo_r33_001_tl90_dt21_ge50_qr91_tau86,90,21,50,0.91,0.86,144.92,75.77,10.00,1.00,10:1,138.63,,,144.92,75.77,,0,17
BO,20260607,33,bo_r33_002_tl105_dt209_ge42_qr96_tau90,105,209,42,0.96,0.9,281.92,79.19,10.00,1.00,10:1,263.49,,,281.92,79.19,,0,31
BO,20260607,33,bo_r33_003_tl116_dt43_ge49_qr88_tau87,116,43,49,0.88,0.87,237.92,83.61,10.00,1.00,10:1,223.89,,,237.92,83.61,,0,26
BO,20260607,33,bo_r33_004_tl121_dt101_ge28_qr93_tau89,121,101,28,0.93,0.89,226.92,79.16,10.00,1.00,10:1,213.49,,,226.92,79.16,,0,34
BO,20260607,33,bo_r33_005_tl70_dt38_ge36_qr97_tau90,70,38,36,0.97,0.9,112.92,80.09,10.00,1.00,10:1,109.93,,,112.92,80.09,,0,22
BO,20260607,33,bo_r33_006_tl115_dt76_ge22_qr96_tau88,115,76,22,0.96,0.88,362.92,92.39,10.00,1.00,10:1,338.33,,,362.92,92.39,,0,54
BO,20260607,34,bo_r34_001_tl105_dt68_ge50_qr99_tau88,105,68,50,0.99,0.88,195.92,78.22,10.00,1.00,10:1,185.22,,,195.92,78.22,,0,24
BO,20260607,34,bo_r34_002_tl117_dt227_ge39_qr96_tau90,117,227,39,0.96,0.9,269.92,83.83,10.00,1.00,10:1,253.00,,,269.92,83.83,,0,33
BO,20260607,34,bo_r34_003_tl122_dt244_ge36_qr93_tau89,122,244,36,0.93,0.89,288.92,84.10,10.00,1.00,10:1,270.30,,,288.92,84.10,,0,34
BO,20260607,34,bo_r34_004_tl119_dt134_ge49_qr92_tau82,119,134,49,0.92,0.82,302.92,79.03,10.00,1.00,10:1,282.57,,,302.92,79.03,,0,31
BO,20260607,34,bo_r34_005_tl94_dt186_ge46_qr81_tau90,94,186,46,0.81,0.9,344.92,79.78,10.00,1.00,10:1,320.82,,,344.92,79.78,,0,32
BO,20260607,34,bo_r34_006_tl100_dt95_ge48_qr72_tau88,100,95,48,0.72,0.88,259.92,80.17,10.00,1.00,10:1,243.58,,,259.92,80.17,,0,30
BO,20260607,35,bo_r35_001_tl76_dt2_ge43_qr90_tau88,76,2,43,0.9,0.88,262.92,87.71,10.00,1.00,10:1,246.99,,,262.92,87.71,,0,17
BO,20260607,35,bo_r35_002_tl121_dt5_ge13_qr95_tau90,121,5,13,0.95,0.9,266.92,79.29,10.00,1.00,10:1,249.86,,,266.92,79.29,,0,20
BO,20260607,35,bo_r35_003_tl122_dt60_ge32_qr61_tau90,122,60,32,0.61,0.9,242.92,77.72,10.00,1.00,10:1,227.90,,,242.92,77.72,,0,34
BO,20260607,35,bo_r35_004_tl97_dt65_ge24_qr97_tau88,97,65,24,0.97,0.88,197.92,77.28,10.00,1.00,10:1,186.95,,,197.92,77.28,,0,35
BO,20260607,35,bo_r35_005_tl107_dt84_ge24_qr95_tau87,107,84,24,0.95,0.87,223.92,76.99,10.00,1.00,10:1,210.56,,,223.92,76.99,,0,40
BO,20260607,35,bo_r35_006_tl76_dt35_ge35_qr92_tau88,76,35,35,0.92,0.88,109.92,81.36,10.00,1.00,10:1,107.32,,,109.92,81.36,,0,22
BO,20260607,36,bo_r36_001_tl101_dt210_ge46_qr100_tau88,101,210,46,1.0,0.88,344.92,79.78,10.00,1.00,10:1,320.82,,,344.92,79.78,,0,32
BO,20260607,36,bo_r36_002_tl110_dt109_ge45_qr84_tau90,110,109,45,0.84,0.9,192.92,77.83,10.00,1.00,10:1,182.46,,,192.92,77.83,,0,27
BO,20260607,36,bo_r36_003_tl112_dt10_ge28_qr87_tau90,112,10,28,0.87,0.9,162.92,82.27,10.00,1.00,10:1,155.59,,,162.92,82.27,,0,18
BO,20260607,36,bo_r36_004_tl112_dt96_ge42_qr93_tau90,112,96,42,0.93,0.9,190.92,79.15,10.00,1.00,10:1,180.76,,,190.92,79.15,,0,28
BO,20260607,36,bo_r36_005_tl118_dt26_ge36_qr97_tau83,118,26,36,0.97,0.83,138.92,78.83,10.00,1.00,10:1,133.46,,,138.92,78.83,,0,19
BO,20260607,36,bo_r36_006_tl118_dt49_ge30_qr98_tau85,118,49,30,0.98,0.85,192.92,84.13,10.00,1.00,10:1,183.03,,,192.92,84.13,,0,29
BO,20260607,37,bo_r37_001_tl66_dt124_ge49_qr98_tau89,66,124,49,0.98,0.89,302.92,79.03,10.00,1.00,10:1,282.57,,,302.92,79.03,,0,31
BO,20260607,37,bo_r37_002_tl95_dt94_ge41_qr96_tau90,95,94,41,0.96,0.9,137.92,77.60,10.00,1.00,10:1,132.44,,,137.92,77.60,,0,26
BO,20260607,37,bo_r37_003_tl102_dt8_ge30_qr98_tau88,102,8,30,0.98,0.88,172.92,81.72,10.00,1.00,10:1,164.63,,,172.92,81.72,,0,18
BO,20260607,37,bo_r37_004_tl109_dt46_ge36_qr94_tau89,109,46,36,0.94,0.89,171.92,88.45,10.00,1.00,10:1,164.33,,,171.92,88.45,,0,25
BO,20260607,37,bo_r37_005_tl115_dt102_ge43_qr92_tau89,115,102,43,0.92,0.89,193.92,79.82,10.00,1.00,10:1,183.55,,,193.92,79.82,,0,30
BO,20260607,37,bo_r37_006_tl91_dt74_ge35_qr92_tau89,91,74,35,0.92,0.89,241.92,86.52,10.00,1.00,10:1,227.79,,,241.92,86.52,,0,34
BO,20260607,38,bo_r38_001_tl93_dt72_ge44_qr100_tau85,93,72,44,1.0,0.85,273.92,77.23,10.00,1.00,10:1,256.04,,,273.92,77.23,,0,29
BO,20260607,38,bo_r38_002_tl104_dt92_ge40_qr98_tau86,104,92,40,0.98,0.86,302.92,84.62,10.00,1.00,10:1,283.07,,,302.92,84.62,,0,33
BO,20260607,38,bo_r38_003_tl105_dt40_ge40_qr74_tau89,105,40,40,0.74,0.89,114.92,83.19,10.00,1.00,10:1,112.04,,,114.92,83.19,,0,22
BO,20260607,38,bo_r38_004_tl111_dt48_ge46_qr81_tau86,111,48,46,0.81,0.86,239.92,87.67,10.00,1.00,10:1,226.08,,,239.92,87.67,,0,25
BO,20260607,38,bo_r38_005_tl111_dt44_ge28_qr96_tau85,111,44,28,0.96,0.85,127.92,86.38,10.00,1.00,10:1,124.14,,,127.92,86.38,,0,29
BO,20260607,38,bo_r38_006_tl114_dt217_ge26_qr90_tau90,114,217,26,0.9,0.9,209.92,78.29,10.00,1.00,10:1,197.95,,,209.92,78.29,,0,37
BO,20260607,39,bo_r39_001_tl74_dt30_ge47_qr99_tau87,74,30,47,0.99,0.87,140.92,84.55,10.00,1.00,10:1,135.80,,,140.92,84.55,,0,18
BO,20260607,39,bo_r39_002_tl87_dt94_ge43_qr92_tau90,87,94,43,0.92,0.9,193.92,79.82,10.00,1.00,10:1,183.55,,,193.92,79.82,,0,30
BO,20260607,39,bo_r39_003_tl91_dt30_ge41_qr94_tau89,91,30,41,0.94,0.89,114.92,83.08,10.00,1.00,10:1,112.03,,,114.92,83.08,,0,18
BO,20260607,39,bo_r39_004_tl102_dt42_ge45_qr96_tau87,102,42,45,0.96,0.87,111.92,83.02,10.00,1.00,10:1,109.29,,,111.92,83.02,,0,19
BO,20260607,39,bo_r39_005_tl104_dt26_ge36_qr91_tau88,104,26,36,0.91,0.88,138.92,78.83,10.00,1.00,10:1,133.46,,,138.92,78.83,,0,19
BO,20260607,39,bo_r39_006_tl109_dt69_ge50_qr84_tau84,109,69,50,0.84,0.84,195.92,78.22,10.00,1.00,10:1,185.22,,,195.92,78.22,,0,24
BO,20260607,40,bo_r40_001_tl97_dt26_ge43_qr93_tau89,97,26,43,0.93,0.89,137.92,78.59,10.00,1.00,10:1,132.53,,,137.92,78.59,,0,17
BO,20260607,40,bo_r40_002_tl110_dt147_ge37_qr96_tau88,110,147,37,0.96,0.88,412.92,87.47,10.00,1.00,10:1,383.33,,,412.92,87.47,,0,40
BO,20260607,40,bo_r40_003_tl116_dt95_ge31_qr90_tau90,116,95,31,0.9,0.9,362.92,88.55,10.00,1.00,10:1,337.98,,,362.92,88.55,,0,43
BO,20260607,40,bo_r40_004_tl118_dt93_ge45_qr93_tau89,118,93,45,0.93,0.89,259.92,76.41,10.00,1.00,10:1,243.24,,,259.92,76.41,,0,29
BO,20260607,40,bo_r40_005_tl118_dt21_ge43_qr58_tau88,118,21,43,0.58,0.88,144.92,75.77,10.00,1.00,10:1,138.63,,,144.92,75.77,,0,18
BO,20260607,40,bo_r40_006_tl59_dt124_ge48_qr99_tau89,59,124,48,0.99,0.89,303.92,80.26,10.00,1.00,10:1,283.59,,,303.92,80.26,,0,32
BO,20260607,41,bo_r41_001_tl103_dt165_ge39_qr99_tau87,103,165,39,0.99,0.87,269.92,83.83,10.00,1.00,10:1,253.00,,,269.92,83.83,,0,33
BO,20260607,41,bo_r41_002_tl121_dt216_ge37_qr95_tau88,121,216,37,0.95,0.88,412.92,87.47,10.00,1.00,10:1,383.33,,,412.92,87.47,,0,40
BO,20260607,41,bo_r41_003_tl97_dt121_ge42_qr77_tau90,97,121,42,0.77,0.9,281.92,79.19,10.00,1.00,10:1,263.49,,,281.92,79.19,,0,31
BO,20260607,41,bo_r41_004_tl114_dt26_ge49_qr53_tau88,114,26,49,0.53,0.88,137.92,78.59,10.00,1.00,10:1,132.53,,,137.92,78.59,,0,17
BO,20260607,41,bo_r41_005_tl112_dt1_ge26_qr82_tau88,112,1,26,0.82,0.88,264.92,89.58,10.00,1.00,10:1,248.98,,,264.92,89.58,,0,18
BO,20260607,41,bo_r41_006_tl82_dt9_ge48_qr89_tau84,82,9,48,0.89,0.84,164.92,79.50,10.00,1.00,10:1,157.15,,,164.92,79.50,,0,18
BO,20260607,42,bo_r42_001_tl101_dt167_ge40_qr98_tau89,101,167,40,0.98,0.89,297.92,84.08,10.00,1.00,10:1,278.48,,,297.92,84.08,,0,35
BO,20260607,42,bo_r42_002_tl104_dt131_ge50_qr74_tau90,104,131,50,0.74,0.9,400.92,78.81,10.00,1.00,10:1,371.64,,,400.92,78.81,,0,34
BO,20260607,42,bo_r42_003_tl109_dt29_ge46_qr81_tau87,109,29,46,0.81,0.87,137.92,84.01,10.00,1.00,10:1,133.02,,,137.92,84.01,,0,19
BO,20260607,42,bo_r42_004_tl74_dt61_ge50_qr100_tau85,74,61,50,1.0,0.85,254.92,77.90,10.00,1.00,10:1,238.83,,,254.92,77.90,,0,27
BO,20260607,42,bo_r42_005_tl103_dt59_ge47_qr77_tau86,103,59,47,0.77,0.86,158.92,77.73,10.00,1.00,10:1,151.54,,,158.92,77.73,,0,24
BO,20260607,42,bo_r42_006_tl120_dt209_ge49_qr77_tau86,120,209,49,0.77,0.86,302.92,79.03,10.00,1.00,10:1,282.57,,,302.92,79.03,,0,31
BO,20260607,43,bo_r43_001_tl89_dt25_ge40_qr93_tau87,89,25,40,0.93,0.87,137.92,76.70,10.00,1.00,10:1,132.35,,,137.92,76.70,,0,17
BO,20260607,43,bo_r43_002_tl105_dt158_ge46_qr98_tau85,105,158,46,0.98,0.85,344.92,79.78,10.00,1.00,10:1,320.82,,,344.92,79.78,,0,32
BO,20260607,43,bo_r43_003_tl111_dt15_ge42_qr98_tau88,111,15,42,0.98,0.88,144.92,78.65,10.00,1.00,10:1,138.90,,,144.92,78.65,,0,17
BO,20260607,43,bo_r43_004_tl111_dt73_ge43_qr100_tau83,111,73,43,1.0,0.83,267.92,76.58,10.00,1.00,10:1,250.53,,,267.92,76.58,,0,31
BO,20260607,43,bo_r43_005_tl118_dt2_ge48_qr95_tau90,118,2,48,0.95,0.9,262.92,87.71,10.00,1.00,10:1,246.99,,,262.92,87.71,,0,17
BO,20260607,43,bo_r43_006_tl105_dt68_ge46_qr59_tau90,105,68,46,0.59,0.9,250.92,77.99,10.00,1.00,10:1,235.20,,,250.92,77.99,,0,28
BO,20260607,44,bo_r44_001_tl92_dt101_ge49_qr96_tau86,92,101,49,0.96,0.86,0.00,0.00,10.00,1.00,10:1,1000000.00,,,0.00,0.00,,0,32
BO,20260607,44,bo_r44_002_tl108_dt163_ge44_qr91_tau87,108,163,44,0.91,0.87,0.00,0.00,10.00,1.00,10:1,1000000.00,,,0.00,0.00,,0,29
BO,20260607,44,bo_r44_003_tl116_dt116_ge44_qr67_tau89,116,116,44,0.67,0.89,0.00,0.00,10.00,1.00,10:1,1000000.00,,,0.00,0.00,,0,27
BO,20260607,44,bo_r44_004_tl95_dt243_ge48_qr95_tau87,95,243,48,0.95,0.87,0.00,0.00,10.00,1.00,10:1,1000000.00,,,0.00,0.00,,0,32
BO,20260607,44,bo_r44_005_tl95_dt110_ge41_qr74_tau90,95,110,41,0.74,0.9,0.00,0.00,10.00,1.00,10:1,1000000.00,,,0.00,0.00,,0,29
BO,20260607,44,bo_r44_006_tl90_dt116_ge31_qr96_tau89,90,116,31,0.96,0.89,0.00,0.00,10.00,1.00,10:1,1000000.00,,,0.00,0.00,,0,39
BO,20260607,45,bo_r45_001_tl77_dt82_ge48_qr88_tau89,77,82,48,0.88,0.89,252.92,74.41,10.00,1.00,10:1,236.69,,,252.92,74.41,,0,28
BO,20260607,45,bo_r45_002_tl105_dt83_ge43_qr87_tau88,105,83,43,0.87,0.88,266.92,76.22,10.00,1.00,10:1,249.58,,,266.92,76.22,,0,34
BO,20260607,45,bo_r45_003_tl118_dt184_ge36_qr96_tau88,118,184,36,0.96,0.88,288.92,84.10,10.00,1.00,10:1,270.30,,,288.92,84.10,,0,34
BO,20260607,45,bo_r45_004_tl85_dt4_ge47_qr99_tau82,85,4,47,0.99,0.82,262.92,99.38,10.00,1.00,10:1,248.05,,,262.92,99.38,,0,17
BO,20260607,45,bo_r45_005_tl74_dt97_ge42_qr87_tau90,74,97,42,0.87,0.9,190.92,79.15,10.00,1.00,10:1,180.76,,,190.92,79.15,,0,28
BO,20260607,45,bo_r45_006_tl102_dt48_ge33_qr72_tau90,102,48,33,0.72,0.9,162.92,88.00,10.00,1.00,10:1,156.11,,,162.92,88.00,,0,26
BO,20260607,46,bo_r46_001_tl86_dt187_ge49_qr97_tau88,86,187,49,0.97,0.88,302.92,79.03,10.00,1.00,10:1,282.57,,,302.92,79.03,,0,31
BO,20260607,46,bo_r46_002_tl113_dt77_ge34_qr94_tau88,113,77,34,0.94,0.88,270.92,80.41,10.00,1.00,10:1,253.60,,,270.92,80.41,,0,37
BO,20260607,46,bo_r46_003_tl120_dt149_ge36_qr92_tau89,120,149,36,0.92,0.89,288.92,84.10,10.00,1.00,10:1,270.30,,,288.92,84.10,,0,34
BO,20260607,46,bo_r46_004_tl121_dt11_ge33_qr87_tau88,121,11,33,0.87,0.88,166.92,87.05,10.00,1.00,10:1,159.66,,,166.92,87.05,,0,18
BO,20260607,46,bo_r46_005_tl121_dt148_ge40_qr83_tau89,121,148,40,0.83,0.89,297.92,84.08,10.00,1.00,10:1,278.48,,,297.92,84.08,,0,35
BO,20260607,46,bo_r46_006_tl122_dt29_ge47_qr62_tau87,122,29,47,0.62,0.87,137.92,88.87,10.00,1.00,10:1,133.46,,,137.92,88.87,,0,19
BO,20260607,47,bo_r47_001_tl96_dt7_ge50_qr85_tau89,96,7,50,0.85,0.89,167.92,81.69,10.00,1.00,10:1,160.08,,,167.92,81.69,,0,17
BO,20260607,47,bo_r47_002_tl111_dt141_ge44_qr82_tau90,111,141,44,0.82,0.9,248.92,80.57,10.00,1.00,10:1,233.62,,,248.92,80.57,,0,29
BO,20260607,47,bo_r47_003_tl113_dt19_ge47_qr80_tau90,113,19,47,0.8,0.9,144.92,79.19,10.00,1.00,10:1,138.94,,,144.92,79.19,,0,17
BO,20260607,47,bo_r47_004_tl109_dt20_ge38_qr88_tau85,109,20,38,0.88,0.85,144.92,77.17,10.00,1.00,10:1,138.76,,,144.92,77.17,,0,19
BO,20260607,47,bo_r47_005_tl108_dt62_ge12_qr98_tau90,108,62,12,0.98,0.9,397.92,97.50,10.00,1.00,10:1,370.61,,,397.92,97.50,,0,76
BO,20260607,47,bo_r47_006_tl109_dt153_ge33_qr90_tau87,109,153,33,0.9,0.87,286.92,89.91,10.00,1.00,10:1,269.01,,,286.92,89.91,,0,35
BO,20260607,48,bo_r48_001_tl85_dt77_ge39_qr100_tau88,85,77,39,1.0,0.88,315.92,80.31,10.00,1.00,10:1,294.50,,,315.92,80.31,,0,35
BO,20260607,48,bo_r48_002_tl118_dt55_ge50_qr67_tau86,118,55,50,0.67,0.86,144.92,85.73,10.00,1.00,10:1,139.54,,,144.92,85.73,,0,21
BO,20260607,48,bo_r48_003_tl101_dt163_ge37_qr100_tau86,101,163,37,1.0,0.86,412.92,87.47,10.00,1.00,10:1,383.33,,,412.92,87.47,,0,40
BO,20260607,48,bo_r48_004_tl63_dt131_ge39_qr99_tau90,63,131,39,0.99,0.9,294.92,83.50,10.00,1.00,10:1,275.70,,,294.92,83.50,,0,34
BO,20260607,48,bo_r48_005_tl55_dt39_ge46_qr86_tau88,55,39,46,0.86,0.88,111.92,93.93,10.00,1.00,10:1,110.28,,,111.92,93.93,,0,17
BO,20260607,48,bo_r48_006_tl99_dt51_ge29_qr73_tau88,99,51,29,0.73,0.88,240.92,82.07,10.00,1.00,10:1,226.48,,,240.92,82.07,,0,32
BO,20260607,49,bo_r49_001_tl114_dt85_ge38_qr98_tau87,114,85,38,0.98,0.87,220.92,89.49,10.00,1.00,10:1,208.97,,,220.92,89.49,,0,30
BO,20260607,49,bo_r49_002_tl117_dt170_ge45_qr95_tau84,117,170,45,0.95,0.84,254.92,76.28,10.00,1.00,10:1,238.68,,,254.92,76.28,,0,27
BO,20260607,49,bo_r49_003_tl122_dt99_ge46_qr60_tau89,122,99,46,0.6,0.89,325.92,81.76,10.00,1.00,10:1,303.72,,,325.92,81.76,,0,34
BO,20260607,49,bo_r49_004_tl121_dt177_ge31_qr90_tau87,121,177,31,0.9,0.87,308.92,86.56,10.00,1.00,10:1,288.71,,,308.92,86.56,,0,39
BO,20260607,49,bo_r49_005_tl110_dt5_ge43_qr84_tau81,110,5,43,0.84,0.81,274.92,81.78,10.00,1.00,10:1,257.36,,,274.92,81.78,,0,18
BO,20260607,49,bo_r49_006_tl64_dt200_ge39_qr100_tau90,64,200,39,1.0,0.9,294.92,83.50,10.00,1.00,10:1,275.70,,,294.92,83.50,,0,34
BO,20260607,50,bo_r50_001_tl100_dt0_ge47_qr96_tau87,100,0,47,0.96,0.87,258.92,82.01,10.00,1.00,10:1,242.84,,,258.92,82.01,,0,29
BO,20260607,50,bo_r50_002_tl104_dt46_ge46_qr82_tau88,104,46,46,0.82,0.88,242.92,87.83,10.00,1.00,10:1,228.82,,,242.92,87.83,,0,24
BO,20260607,50,bo_r50_003_tl108_dt130_ge44_qr85_tau89,108,130,44,0.85,0.89,248.92,80.57,10.00,1.00,10:1,233.62,,,248.92,80.57,,0,29
BO,20260607,50,bo_r50_004_tl114_dt135_ge48_qr85_tau86,114,135,48,0.85,0.86,303.92,80.26,10.00,1.00,10:1,283.59,,,303.92,80.26,,0,32
BO,20260607,50,bo_r50_005_tl119_dt162_ge37_qr96_tau90,119,162,37,0.96,0.9,412.92,87.47,10.00,1.00,10:1,383.33,,,412.92,87.47,,0,40
BO,20260607,50,bo_r50_006_tl94_dt89_ge33_qr95_tau89,94,89,33,0.95,0.89,221.92,88.64,10.00,1.00,10:1,209.80,,,221.92,88.64,,0,35
