edge_id,length_m,lane_count,speed_mps,priority,axis_alignment,spine_score,is_spine_edge
781985786#3,100.9,3.0,27.78,12.0,0.997355,0.977608,True
1499619449#0,220.58,3.0,27.78,11.0,0.990746,0.97134,True
333972428#3,127.2,3.0,27.78,11.0,0.979585,0.968439,True
383097712#1,176.57,3.0,27.78,11.0,0.984901,0.964227,True
781985786#2,83.45,3.0,27.78,12.0,0.999992,0.962602,True
781985786#8,47.39,3.0,27.78,12.0,0.996911,0.935485,True
781985786#6,44.32,3.0,27.78,12.0,0.998452,0.932543,True
333972428#2,72.57,3.0,27.78,11.0,0.998446,0.930104,True
-218684411#1,44.41,3.0,27.78,12.0,0.999971,0.929882,True
1499619449#2,66.48,3.0,27.78,11.0,0.998869,0.925695,True
781985786#7,34.12,3.0,27.78,12.0,0.999998,0.924535,True
781985786#4,33.24,3.0,27.78,12.0,0.997778,0.922253,True
1499619447#1,66.66,4.0,27.78,11.0,0.980864,0.920381,True
-218684411#4,31.25,3.0,27.78,12.0,0.998098,0.919001,True
781985786#5,28.2,3.0,27.78,12.0,0.997675,0.918516,True
1467498054,41.55,4.0,27.78,12.0,0.904408,0.914029,True
1499619447#0,42.96,4.0,27.78,11.0,0.998142,0.905435,True
-218684411#2,12.31,3.0,27.78,12.0,0.999813,0.903114,True
333972428#1,36.3,3.0,27.78,11.0,0.998663,0.899306,True
785130600#2,139.73,2.0,27.78,12.0,0.995717,0.873068,True
781985784,276.83,2.0,27.78,12.0,0.987719,0.870505,True
420361196,288.07,2.0,27.78,12.0,0.988665,0.869996,True
347237859#4,134.34,2.0,27.78,12.0,0.997463,0.86706,True
781985779#0,160.91,2.0,27.78,12.0,0.979958,0.863449,True
413953596#2,108.96,3.0,27.78,12.0,0.367914,0.854058,True
218915135#3,109.38,2.0,27.78,12.0,0.925197,0.849051,True
921117704#0,94.47,2.0,27.78,12.0,0.9809,0.846089,True
781983104#0,90.45,2.0,27.78,12.0,0.983939,0.841634,True
1455497345,84.46,2.0,27.78,12.0,0.995399,0.841485,True
413953596#3,16.89,3.0,27.78,12.0,0.738879,0.840695,True
198566324#0,12.8,8.0,27.78,12.0,0.781581,0.83652,True
218773869#6,82.37,2.0,27.78,12.0,0.992622,0.834015,True
1455512070,74.52,2.0,27.78,12.0,0.993428,0.831924,True
-1455512070,74.52,2.0,27.78,12.0,0.993428,0.830862,True
347237859#3,74.18,2.0,27.78,12.0,0.999201,0.830262,True
183272387#0,121.78,2.0,27.78,12.0,0.850038,0.82881,True
619147739#3,110.76,2.0,27.78,12.0,0.964391,0.827887,True
135131181,374.36,3.0,27.78,12.0,0.36163,0.827485,True
781983104#1,281.48,2.0,27.78,12.0,0.866724,0.827109,True
800229256#2,101.69,3.0,16.67,12.0,0.858366,0.826776,True
174870621#1,70.41,2.0,27.78,12.0,0.998723,0.825562,True
773066532#5,236.73,8.0,27.78,12.0,0.326359,0.825445,True
-174870621#2,70.41,2.0,27.78,12.0,0.998719,0.824493,True
-218923171#4,71.74,4.0,27.78,12.0,0.421387,0.822514,True
218923171#4,71.74,4.0,27.78,12.0,0.421442,0.821623,True
174870621#0,69.9,2.0,27.78,12.0,0.987183,0.821445,True
619147738#0,103.88,2.0,27.78,12.0,0.993861,0.820904,True
-174870621#0,69.9,2.0,27.78,12.0,0.987183,0.820389,True
347237859#0,61.75,2.0,27.78,12.0,0.99268,0.819626,True
-218773868#4,60.72,2.0,27.78,12.0,0.996183,0.818399,True
585341904#0,28.39,5.0,27.78,12.0,0.595485,0.818362,True
781985793#0,63.5,2.0,27.78,12.0,0.969947,0.81761,True
785130600#3,54.1,2.0,27.78,12.0,0.993183,0.817563,True
218773868#4,60.65,2.0,27.78,12.0,0.99619,0.817276,True
219696193#1,65.21,2.0,27.78,12.0,0.981659,0.817263,True
781985787#0,60.01,2.0,27.78,12.0,0.997321,0.81553,True
383097723,114.78,3.0,27.78,12.0,0.15408,0.815199,True
174870621#8,55.35,2.0,27.78,12.0,0.999393,0.814652,True
-174870621#8,55.35,2.0,27.78,12.0,0.999393,0.813583,True
516948898#3,94.42,3.0,27.78,12.0,0.34441,0.812679,True
174870621#4,53.34,2.0,27.78,12.0,0.999679,0.812266,True
-174870621#5,53.34,2.0,27.78,12.0,0.999679,0.811195,True
218915133#2,47.58,2.0,27.78,12.0,0.999586,0.809884,True
-218773868#5,48.88,2.0,27.78,12.0,0.996727,0.809576,True
619147735#0,72.69,3.0,27.78,12.0,0.459058,0.8094,True
218915133#0,45.9,2.0,27.78,12.0,0.999828,0.808525,True
218773868#5,48.88,2.0,27.78,12.0,0.996724,0.808509,True
183272654,43.72,4.0,27.78,12.0,0.473237,0.80788,True
218773869#7,52.82,2.0,27.78,12.0,0.989979,0.806882,True
218684411#0,44.82,2.0,27.78,12.0,0.99997,0.80656,True
-218773868#2,49.02,2.0,27.78,12.0,0.994568,0.806314,True
-180368918#0,48.45,2.0,27.78,12.0,0.999935,0.805895,True
-180368918#7,47.64,2.0,27.78,12.0,0.999994,0.805893,True
218773868#2,49.02,2.0,27.78,12.0,0.994568,0.805249,True
174870621#6,44.29,2.0,27.78,12.0,0.999099,0.804913,True
180368918#7,47.64,2.0,27.78,12.0,0.999993,0.804824,True
-174870621#7,44.37,2.0,27.78,12.0,0.999109,0.803913,True
180368918#0,46.75,2.0,27.78,12.0,0.999929,0.803408,True
785130600#0,39.71,2.0,27.78,12.0,0.989386,0.803318,True
781983103#2,44.35,2.0,27.78,12.0,0.987869,0.802849,True
428260110,37.19,2.0,27.78,12.0,0.998518,0.802357,True
180368915#3,40.88,2.0,27.78,12.0,0.984316,0.802315,True
218915135#4,39.79,2.0,27.78,12.0,0.985748,0.801951,True
218773869#4,39.44,2.0,27.78,12.0,0.992181,0.800243,True
219696193#2,40.55,2.0,27.78,12.0,0.986335,0.800026,True
619147739#0,86.55,2.0,27.78,12.0,0.963476,0.799644,True
333557072#5,79.37,2.0,27.78,12.0,0.973471,0.799096,True
218923178#7,53.87,3.0,16.67,12.0,0.855542,0.79862,True
218923178#4,63.86,3.0,16.67,12.0,0.839184,0.797599,True
585341901#2,103.65,2.0,27.78,12.0,0.710868,0.796814,True
218773869#1,31.3,2.0,27.78,12.0,0.99175,0.795361,True
218773869#5,32.99,2.0,27.78,12.0,0.996823,0.794993,True
218684411#4,30.8,2.0,27.78,12.0,0.998086,0.794959,True
-218923171#3,27.49,4.0,27.78,12.0,0.509814,0.794481,True
781983103#1,56.65,2.0,27.78,12.0,0.910071,0.794323,True
180368915#2,42.36,2.0,27.78,12.0,0.927437,0.794235,True
218923171#2,28.28,4.0,27.78,12.0,0.509144,0.793967,True
174870621#9,29.66,2.0,27.78,12.0,0.999353,0.793525,True
37403503#0,29.34,4.0,27.78,12.0,0.565854,0.793432,True
1465558143,89.68,5.0,27.78,12.0,0.155879,0.793289,True
773066536#1,67.01,3.0,16.67,12.0,0.91962,0.793123,True
-174870621#10,29.7,2.0,27.78,12.0,0.999354,0.792489,True
333557072#3,63.06,2.0,27.78,12.0,0.970804,0.789321,True
1455524949#4,59.66,3.0,16.67,12.0,0.924177,0.789161,True
218773869#3,24.42,2.0,27.78,12.0,0.994321,0.788998,True
785130600#1,18.14,2.0,27.78,12.0,0.999978,0.788325,True
781985792#3,33.78,2.0,27.78,12.0,0.978957,0.787913,True
619147729#2,26.59,3.0,27.78,12.0,0.493881,0.787364,True
-180368918#3,24.71,2.0,27.78,12.0,0.999833,0.786478,True
619147729#0,14.52,3.0,27.78,12.0,0.521314,0.78629,True
347237859#1,20.56,2.0,27.78,12.0,0.999969,0.786178,True
619147739#5,77.11,2.0,27.78,12.0,0.866965,0.786168,True
-218773868#3,23.46,2.0,27.78,12.0,0.994973,0.786159,True
180368918#3,24.71,2.0,27.78,12.0,0.999833,0.785408,True
218773868#3,23.46,2.0,27.78,12.0,0.994973,0.785095,True
218773869#8,26.25,2.0,27.78,12.0,0.988873,0.784269,True
1455512066,19.84,2.0,27.78,12.0,0.973005,0.784075,True
-180368918#6,20.62,2.0,27.78,12.0,0.999648,0.783201,True
218923178#2,57.4,3.0,16.67,12.0,0.835767,0.783175,True
347237859#2,16.88,2.0,27.78,12.0,0.999173,0.782837,True
-180368918#5,19.65,2.0,27.78,12.0,0.999643,0.782238,True
180368918#6,20.62,2.0,27.78,12.0,0.999648,0.782132,True
180368918#5,19.65,2.0,27.78,12.0,0.999643,0.781169,True
615671505#0,198.31,4.0,27.78,12.0,0.150236,0.781115,True
-180368918#8,17.45,2.0,27.78,12.0,0.999964,0.780832,True
619147739#6,87.19,2.0,27.78,12.0,0.755871,0.780502,True
-218773868#0,16.64,2.0,27.78,12.0,0.999963,0.779974,True
180368918#8,17.1,2.0,27.78,12.0,0.999963,0.779471,True
218684411#2,12.19,2.0,27.78,12.0,0.999823,0.779353,True
-218773868#6,12.08,2.0,27.78,12.0,0.995261,0.779252,True
-578313748#0,16.99,2.0,27.78,12.0,0.999904,0.779174,True
218773868#0,16.64,2.0,27.78,12.0,0.999965,0.778905,True
218773868#6,12.08,2.0,27.78,12.0,0.9953,0.778195,True
578313748#0,16.99,2.0,27.78,12.0,0.999903,0.778105,True
-218923171#5,16.86,4.0,27.78,12.0,0.37932,0.777229,True
218923171#5,16.86,4.0,27.78,12.0,0.37935,0.776423,True
516948898#4,38.68,3.0,27.78,12.0,0.449556,0.775297,True
-578313748#2,11.8,2.0,27.78,12.0,0.998308,0.774705,True
-218923171#1,16.35,4.0,27.78,12.0,0.48903,0.774677,True
619147740,57.93,2.0,27.78,12.0,0.974287,0.774551,True
218923171#0,16.37,4.0,27.78,12.0,0.489082,0.773655,True
578313748#2,11.8,2.0,27.78,12.0,0.998308,0.773637,True
1455524949#5,37.62,3.0,16.67,12.0,0.916215,0.773011,True
578313749#0,29.65,3.0,16.67,12.0,0.789595,0.7719,True
619147739#1,45.96,2.0,27.78,12.0,0.963521,0.769329,True
218926711#2,72.78,2.0,27.78,12.0,0.71471,0.76853,True
383097722#0,28.11,7.0,27.78,12.0,0.296216,0.766634,True
-383097722#0,28.11,4.0,27.78,12.0,0.295911,0.765695,True
180368915#1,12.3,2.0,27.78,12.0,0.890961,0.762356,True
773066536#0,25.15,3.0,16.67,12.0,0.923176,0.762233,True
585341917,52.1,2.0,27.78,12.0,0.841168,0.761745,True
184083191#1,20.44,3.0,16.67,12.0,0.923919,0.761577,True
1465558144,40.67,6.0,27.78,12.0,0.144281,0.759386,True
218926711#4,68.28,2.0,27.78,12.0,0.651443,0.758187,True
616037662#0,108.99,5.0,27.78,12.0,0.067763,0.758142,True
1455524949#6,14.88,3.0,16.67,12.0,0.916996,0.757278,True
379943276,66.79,4.0,27.78,12.0,0.152966,0.756856,True
218923178#0,11.83,3.0,16.67,12.0,0.896509,0.754173,True
-913009312#8,118.78,2.0,27.78,12.0,0.4548,0.752172,True
913009312#6,119.18,2.0,27.78,12.0,0.45485,0.752024,True
800229256#3,18.09,3.0,16.67,12.0,0.858447,0.750502,True
-383097714,18.36,5.0,27.78,12.0,0.291162,0.748025,True
769116603#1,431.41,2.0,27.78,12.0,0.515657,0.74774,True
619147727,29.27,2.0,27.78,12.0,0.855981,0.747265,True
383097714,18.36,5.0,27.78,12.0,0.29116,0.74724,True
218926711#6,95.39,2.0,27.78,12.0,0.533617,0.744613,True
1206223946#0,32.77,2.0,27.78,12.0,0.929043,0.744553,True
585341901#1,41.89,2.0,27.78,12.0,0.675324,0.742394,True
619147736,87.07,2.0,27.78,12.0,0.502039,0.736289,True
-913009312#3,136.25,2.0,27.78,12.0,0.514705,0.735459,True
913009312#1,136.06,2.0,27.78,12.0,0.514695,0.734901,True
413953595,14.4,2.0,27.78,12.0,0.846523,0.732915,True
585341901#3,44.56,2.0,27.78,12.0,0.689608,0.732849,True
616037662#1,28.21,5.0,27.78,12.0,0.18356,0.728144,True
-218923177,154.31,1.0,27.78,11.0,0.996474,0.727874,True
333554715#1,154.4,1.0,27.78,11.0,0.996476,0.727341,True
783692390#0,98.49,1.0,22.22,7.0,0.979458,0.726533,True
516948898#2,11.03,3.0,27.78,12.0,0.202659,0.725672,True
616037662#2,22.22,5.0,27.78,12.0,0.15293,0.723105,True
218926711#1,25.6,2.0,27.78,12.0,0.719124,0.722587,True
218926711#0,58.28,2.0,27.78,12.0,0.597134,0.718821,True
919984684,12.05,2.0,27.78,12.0,0.805386,0.718531,True
413953596#0,15.55,3.0,27.78,12.0,0.036782,0.718187,True
183272313#0,87.72,2.0,27.78,12.0,0.391785,0.717706,True
585341908#0,59.61,2.0,27.78,12.0,0.579388,0.715613,True
785130598#1,154.47,2.0,13.89,12.0,0.996205,0.715134,True
785130598#5,112.66,2.0,13.89,12.0,0.996204,0.713051,True
913428734,71.33,1.0,22.22,7.0,0.999908,0.70848,True
619147734,40.06,8.0,16.67,12.0,0.528745,0.707682,True
198564928#26,110.24,1.0,27.78,11.0,0.995315,0.707504,True
-198564928#26,110.28,1.0,27.78,11.0,0.995321,0.707005,True
183272314#2,89.4,2.0,27.78,12.0,0.323942,0.705611,True
899373686#6,60.36,8.0,16.67,12.0,0.463939,0.702156,True
37402180#3,278.86,1.0,27.78,11.0,0.921075,0.699627,True
-800229257#1,278.12,1.0,27.78,11.0,0.921498,0.699254,True
218915132#0,25.06,3.0,27.78,12.0,0.085608,0.697785,True
198564928#27,94.52,1.0,27.78,11.0,0.995445,0.696463,True
-198564928#27,94.5,1.0,27.78,11.0,0.995456,0.695916,True
516948900#3,76.39,1.0,27.78,11.0,0.997773,0.69444,True
-516948900#3,76.39,1.0,27.78,11.0,0.997763,0.693904,True
585341903#0,71.1,2.0,27.78,12.0,0.422268,0.69377,True
1455518729#0,86.92,1.0,27.78,11.0,0.996829,0.693705,True
-1455518729#0,86.91,1.0,27.78,11.0,0.996829,0.693164,True
785130598#7,86.02,2.0,13.89,12.0,0.994053,0.692085,True
1455497343#1,80.65,2.0,13.89,12.0,0.994821,0.690699,True
220028617,321.17,2.0,27.78,12.0,0.186326,0.690285,True
619147738#1,17.0,2.0,27.78,12.0,0.681128,0.689763,True
585341902,23.25,2.0,27.78,12.0,0.657607,0.688512,True
913009312#9,33.36,2.0,27.78,12.0,0.440606,0.688419,True
-913009312#9,33.36,2.0,27.78,12.0,0.440605,0.688418,True
345046979#4,83.23,2.0,27.78,12.0,0.43129,0.683483,True
-345046979#5,83.33,2.0,27.78,12.0,0.431267,0.683114,True
1455497343#4,67.17,2.0,13.89,12.0,0.990195,0.680778,True
782892489#5,192.29,2.0,27.78,12.0,0.260719,0.680331,True
773066535#0,36.72,2.0,27.78,12.0,0.594476,0.678912,True
782892491#0,53.78,1.0,22.22,10.0,0.996884,0.678507,True
-1424068314#4,32.66,2.0,27.78,12.0,0.452856,0.677443,True
1424068314#4,31.89,2.0,27.78,12.0,0.453497,0.677394,True
516948900#4,50.58,1.0,27.78,11.0,0.997141,0.673723,True
-516948900#4,50.58,1.0,27.78,11.0,0.99714,0.673189,True
782892491#1,44.84,1.0,22.22,10.0,0.999116,0.672055,True
183272647,55.32,1.0,22.22,7.0,0.91742,0.671388,True
218974503#1,281.24,2.0,27.78,12.0,0.182729,0.668043,True
-913009312#4,24.82,2.0,27.78,12.0,0.511151,0.667733,True
708858347,38.35,5.0,13.89,11.0,0.626977,0.667488,True
333554716,52.11,1.0,22.22,7.0,0.99001,0.667187,True
913009312#4,24.82,2.0,27.78,12.0,0.511024,0.667161,True
785130598#3,59.35,2.0,13.89,12.0,0.994651,0.667018,True
438360331#2,201.89,2.0,27.78,12.0,0.000286,0.664932,True
782892492#1,33.65,1.0,22.22,7.0,0.946181,0.664708,True
176728950#0,82.58,1.0,22.22,10.0,0.953959,0.664347,True
198564928#19,64.35,1.0,27.78,11.0,0.990963,0.664034,True
-176728950#0,82.58,1.0,22.22,10.0,0.953959,0.663837,True
-198564928#20,64.42,1.0,27.78,11.0,0.99096,0.663561,True
1455518729#1,48.82,1.0,27.78,11.0,0.995644,0.662862,True
1455497343#3,44.13,2.0,13.89,12.0,0.995689,0.662379,True
-1455518729#1,48.82,1.0,27.78,11.0,0.995645,0.66233,True
782892492#0,22.88,1.0,22.22,7.0,0.967442,0.662074,True
619147726#0,47.94,1.0,27.78,11.0,0.970081,0.661182,True
1455497343#0,46.88,2.0,13.89,12.0,0.993446,0.661153,True
913009312#10,14.9,2.0,27.78,12.0,0.39258,0.659992,True
-913009312#10,14.9,2.0,27.78,12.0,0.392505,0.659557,True
198564928#28,46.29,1.0,27.78,11.0,0.992925,0.657108,True
1109231377#1,10.23,1.0,22.22,7.0,0.993022,0.656839,True
-198564928#28,46.29,1.0,27.78,11.0,0.992925,0.656577,True
585341909,40.64,1.0,22.22,7.0,0.957634,0.654782,True
-333554714#1,45.99,2.0,27.78,12.0,0.219488,0.653704,True
333554714#1,45.99,2.0,27.78,12.0,0.219474,0.653623,True
-913006754#8,132.45,3.0,13.89,12.0,0.102033,0.651761,True
913006754#7,132.42,3.0,13.89,12.0,0.102021,0.651586,True
516948900#7,26.23,1.0,27.78,11.0,0.984716,0.651414,True
244221644#1,77.05,1.0,27.78,11.0,0.805511,0.651325,True
-913009312#5,16.29,2.0,27.78,12.0,0.431253,0.651135,True
516948900#5,22.87,1.0,27.78,11.0,0.996123,0.651084,True
913009312#5,16.67,2.0,27.78,12.0,0.431634,0.651057,True
1455497343#2,31.15,2.0,13.89,12.0,0.996118,0.650858,True
-516948900#6,22.87,1.0,27.78,11.0,0.996123,0.650551,True
-516948900#8,25.23,1.0,27.78,11.0,0.984458,0.650003,True
-218684411#3,5.97,3.0,27.78,12.0,0.997714,0.897575,False
1339697075#1,174.55,3.0,27.78,11.0,0.71771,0.893542,False
781985786#1,0.2,3.0,27.78,12.0,0.9537,0.884674,False
37403503#2,176.15,4.0,27.78,12.0,0.64718,0.879436,False
244384770#12,354.35,3.0,27.78,12.0,0.541075,0.858215,False
-244384770#15,354.62,3.0,27.78,12.0,0.541054,0.858211,False
1499619446#0,5.5,4.0,27.78,11.0,0.933227,0.857523,False
-37403487#1,11.5,3.0,27.78,12.0,0.974858,0.854555,False
37403487#0,11.5,3.0,27.78,12.0,0.974858,0.854555,False
782892488#2,149.54,3.0,16.67,12.0,0.993362,0.851763,False
1455524951#0,124.53,3.0,16.67,12.0,0.992903,0.851672,False
782892488#3,129.58,3.0,16.67,12.0,0.991713,0.851434,False
218974504#2,123.79,3.0,16.67,12.0,0.99094,0.851279,False
198564925#2,146.69,3.0,16.67,12.0,0.989507,0.850992,False
218923188#2,149.56,3.0,16.67,12.0,0.985731,0.850237,False
218923160#0,257.02,3.0,16.67,12.0,0.983618,0.849815,False
198564925#4,111.48,3.0,16.67,12.0,0.988343,0.843659,False
1455524949#0,134.06,3.0,16.67,12.0,0.943067,0.841704,False
773066536#4,161.63,3.0,16.67,12.0,0.93611,0.840313,False
619147735#1,123.63,3.0,27.78,12.0,0.441489,0.838298,False
184083187#3,101.97,3.0,16.67,12.0,0.990023,0.836071,False
1465558145,0.2,5.0,27.78,12.0,0.692806,0.835747,False
1455524951#3,97.76,3.0,16.67,12.0,0.992926,0.833143,False
218974504#3,97.69,3.0,16.67,12.0,0.990443,0.832588,False
37403503#3,63.51,4.0,27.78,12.0,0.648213,0.832568,False
773066536#2,110.18,3.0,16.67,12.0,0.923664,0.82964,False
1456115804#2,89.14,3.0,16.67,12.0,0.992941,0.825963,False
1212424783#3,120.95,2.0,27.78,12.0,0.999578,0.824916,False
218924602#8,129.66,2.0,27.78,12.0,0.999303,0.824861,False
1212424785#0,352.29,2.0,27.78,12.0,0.998355,0.824671,False
732213463#0,195.35,2.0,27.78,12.0,0.998162,0.824632,False
1212424791#2,139.16,2.0,27.78,12.0,0.996207,0.824241,False
732213463#5,225.62,2.0,27.78,12.0,0.995095,0.824019,False
908646367#11,119.63,2.0,27.78,12.0,0.995579,0.823808,False
516388936#3,139.59,2.0,27.78,12.0,0.993212,0.823642,False
1455526427#2,233.49,2.0,27.78,12.0,0.992056,0.823411,False
184083187#2,85.16,3.0,16.67,12.0,0.993385,0.822735,False
1212424782#0,386.27,2.0,27.78,12.0,0.986549,0.82231,False
184083187#1,84.34,3.0,16.67,12.0,0.992749,0.821924,False
1339697075#0,4.1,3.0,27.78,11.0,0.828411,0.819099,False
-1424068313#5,176.43,2.0,27.78,12.0,0.960388,0.817078,False
1424068313#1,176.77,2.0,27.78,12.0,0.960383,0.817077,False
218974504#4,78.1,3.0,16.67,12.0,0.987457,0.815666,False
218924602#2,107.34,2.0,27.78,12.0,0.997374,0.813925,False
908646367#8,104.44,2.0,27.78,12.0,0.993616,0.810756,False
1455524949#3,84.57,3.0,16.67,12.0,0.933049,0.810176,False
383097715,139.84,4.0,27.78,12.0,0.298623,0.809725,False
218924602#0,101.93,2.0,27.78,12.0,0.997287,0.809399,False
619147735#4,80.29,3.0,27.78,12.0,0.449502,0.806809,False
383097721,134.37,4.0,27.78,12.0,0.273459,0.804692,False
1456115804#0,60.81,3.0,16.67,12.0,0.992943,0.802354,False
908646367#2,103.45,2.0,27.78,12.0,0.94977,0.801162,False
135131180#0,169.48,4.0,27.78,12.0,0.251987,0.800397,False
244384770#11,33.73,3.0,27.78,12.0,0.607431,0.799594,False
-244384770#11,33.4,3.0,27.78,12.0,0.607658,0.799365,False
218974504#5,50.65,3.0,16.67,12.0,0.993212,0.793942,False
37403503#4,27.68,4.0,27.78,12.0,0.595864,0.792239,False
218923188#1,48.78,3.0,16.67,12.0,0.987355,0.791212,False
516948898#5,85.69,3.0,27.78,12.0,0.348377,0.791084,False
1212424783#0,79.68,2.0,27.78,12.0,0.995555,0.790511,False
1212424791#8,82.91,2.0,27.78,12.0,0.979634,0.790019,False
1212424791#0,78.11,2.0,27.78,12.0,0.998079,0.789707,False
1499619439#3,176.31,3.0,27.78,11.0,0.193856,0.788771,False
-911522751#0,74.84,2.0,22.22,10.0,0.998863,0.787139,False
911522751#1,78.77,2.0,22.22,10.0,0.981276,0.786897,False
-911522751#1,78.77,2.0,22.22,10.0,0.981263,0.786894,False
184083187#0,41.56,3.0,16.67,12.0,0.994178,0.78656,False
911522751#0,74.08,2.0,22.22,10.0,0.998866,0.786507,False
908646367#0,94.99,2.0,27.78,12.0,0.910111,0.78618,False
782892488#5,40.75,3.0,16.67,12.0,0.993274,0.785704,False
1455524951#7,40.39,3.0,16.67,12.0,0.992904,0.78533,False
-480233462#1,72.75,2.0,27.78,12.0,0.994097,0.784444,False
480233462#0,72.75,2.0,27.78,12.0,0.994097,0.784444,False
782892488#4,40.21,3.0,16.67,12.0,0.988557,0.784311,False
198564925#1,39.96,3.0,16.67,12.0,0.989101,0.784211,False
908694578#3,92.71,2.0,27.78,12.0,0.908414,0.783941,False
1456115804#3,38.11,3.0,16.67,12.0,0.992971,0.783443,False
908694578#2,87.79,2.0,27.78,12.0,0.922658,0.78269,False
218923188#4,39.21,3.0,16.67,12.0,0.984023,0.78257,False
656122981#2,101.5,3.0,27.78,12.0,0.239045,0.782392,False
908646367#6,73.35,2.0,27.78,12.0,0.979268,0.781979,False
480233463#0,68.1,2.0,27.78,12.0,0.999883,0.781727,False
480233462#3,69.47,2.0,27.78,12.0,0.99411,0.781714,False
-1424068313#0,69.34,2.0,27.78,12.0,0.994115,0.781606,False
1455524949#2,51.88,3.0,16.67,12.0,0.920028,0.78033,False
219096264,32.62,3.0,16.67,12.0,0.997837,0.779842,False
184083187#4,34.31,3.0,16.67,12.0,0.989555,0.779594,False
769116601#0,221.14,4.0,27.78,12.0,0.147533,0.779507,False
585341904#1,0.2,5.0,27.78,12.0,0.528529,0.779283,False
619147729#1,0.2,3.0,27.78,12.0,0.545141,0.778146,False
218923184,31.62,3.0,16.67,12.0,0.992964,0.778034,False
1455512069,7.61,2.0,27.78,12.0,0.995653,0.777968,False
37400684#1,124.09,3.0,27.78,12.0,0.136528,0.777306,False
-1455512069,7.61,2.0,27.78,12.0,0.995712,0.776916,False
1455524951#6,29.03,3.0,16.67,12.0,0.992907,0.775864,False
218923160#4,29.28,3.0,16.67,12.0,0.989246,0.77534,False
218684411#3,5.97,2.0,27.78,12.0,0.997714,0.773909,False
218915133#3,2.81,2.0,27.78,12.0,0.999526,0.77272,False
-800229255,8.61,2.0,27.78,12.0,0.999245,0.772383,False
800229255,8.56,2.0,27.78,12.0,0.999226,0.771269,False
219696193#0,7.84,2.0,27.78,12.0,0.989294,0.770032,False
1456115805,20.35,3.0,16.67,12.0,0.992983,0.768646,False
218923188#0,21.09,3.0,16.67,12.0,0.98894,0.768454,False
516388936#4,55.8,2.0,27.78,12.0,0.980497,0.767599,False
1212424791#7,50.96,2.0,27.78,12.0,0.993149,0.766096,False
921117704#1,7.64,2.0,27.78,12.0,0.929925,0.765456,False
1212424783#1,45.94,2.0,27.78,12.0,0.999769,0.763237,False
-1339655670#2,83.26,3.0,27.78,11.0,0.218984,0.76318,False
520307305#0,136.23,2.0,27.78,12.0,0.671929,0.759386,False
-520307305#2,136.83,2.0,27.78,12.0,0.671635,0.759327,False
218974504#1,9.54,3.0,16.67,12.0,0.990953,0.759232,False
198564925#5,9.61,3.0,16.67,12.0,0.988226,0.758745,False
913006754#1,68.57,3.0,13.89,12.0,0.994784,0.758644,False
-913006754#1,68.56,3.0,13.89,12.0,0.994786,0.758636,False
908694578#0,46.98,2.0,27.78,12.0,0.969064,0.757963,False
198564925#0,7.95,3.0,16.67,12.0,0.988997,0.757515,False
1456115804#1,7.01,3.0,16.67,12.0,0.992818,0.757496,False
-37928420#2,63.06,2.0,27.78,12.0,0.897752,0.7571,False
37928420#0,62.31,2.0,27.78,12.0,0.897638,0.756453,False
782892488#1,6.19,3.0,16.67,12.0,0.990827,0.756415,False
184083187#5,5.97,3.0,16.67,12.0,0.989543,0.755975,False
1499619440#3,72.6,5.0,27.78,11.0,0.222908,0.755082,False
180368915#0,5.03,2.0,27.78,12.0,0.890557,0.754955,False
218924602#6,35.96,2.0,27.78,12.0,0.997468,0.75446,False
218960897,3.11,3.0,16.67,12.0,0.992667,0.754216,False
218923153,5.26,3.0,16.67,12.0,0.850546,0.753787,False
908646367#7,35.53,2.0,27.78,12.0,0.995731,0.753755,False
1455524953,3.17,3.0,16.67,12.0,0.990072,0.753747,False
1455524948,2.11,3.0,16.67,12.0,0.993137,0.753477,False
183272383,3.17,3.0,16.67,12.0,0.988212,0.753375,False
800229256#0,5.8,3.0,16.67,12.0,0.858286,0.75286,False
493183992#3,48.91,2.0,27.78,12.0,0.934552,0.752669,False
1455526426#0,32.54,2.0,27.78,12.0,0.999992,0.752115,False
1455524951#2,0.2,3.0,16.67,12.0,0.993973,0.752052,False
781985788#0,0.2,7.0,27.78,12.0,0.297423,0.751752,False
-913006754#2,76.22,3.0,13.89,12.0,0.924878,0.751038,False
-781985788#0,0.2,4.0,27.78,12.0,0.286763,0.748749,False
913006754#2,70.04,3.0,13.89,12.0,0.925914,0.746095,False
732213463#4,26.2,2.0,27.78,12.0,0.993426,0.745518,False
1212424783#2,24.6,2.0,27.78,12.0,0.999768,0.745454,False
899373686#3,130.64,8.0,16.67,12.0,0.460037,0.745098,False
218924602#4,23.34,2.0,27.78,12.0,0.998016,0.744053,False
198564932,25.0,3.0,16.67,12.0,0.827332,0.739391,False
-911522751#3,19.64,2.0,22.22,10.0,0.981257,0.737618,False
911522751#2,19.64,2.0,22.22,10.0,0.981159,0.737598,False
619147731,21.76,2.0,27.78,12.0,0.970358,0.737205,False
613477341#4,70.69,3.0,27.78,12.0,0.122876,0.733484,False
899373688#0,12.77,2.0,27.78,12.0,0.986401,0.732922,False
219096265,31.75,4.0,27.78,11.0,0.279484,0.732355,False
1499619440#2,49.33,5.0,27.78,11.0,0.205781,0.732265,False
218769254#3,70.34,3.0,27.78,12.0,0.115575,0.731732,False
1499619442,18.91,4.0,27.78,11.0,0.320921,0.729943,False
383097720,52.72,5.0,27.78,12.0,0.17684,0.729301,False
908646367#5,9.76,2.0,27.78,12.0,0.979341,0.729001,False
218924602#7,3.58,2.0,27.78,12.0,0.998257,0.727635,False
613477341#2,48.97,3.0,27.78,12.0,0.183412,0.727491,False
1465558146#1,0.2,3.0,27.78,12.0,0.144173,0.727276,False
1465558146#0,0.2,3.0,27.78,12.0,0.144175,0.727062,False
184083183#6,127.04,2.0,16.67,12.0,0.992944,0.72668,False
184083181#0,151.93,2.0,16.67,12.0,0.992899,0.726671,False
1455526427#3,2.77,2.0,27.78,12.0,0.982164,0.723741,False
1499619437,7.99,4.0,27.78,11.0,0.335071,0.723673,False
1465558140,0.38,6.0,27.78,12.0,0.127035,0.723587,False
1499619439#0,46.59,3.0,27.78,11.0,0.173657,0.723556,False
770890589#1,155.3,2.0,27.78,12.0,0.483714,0.721743,False
908646367#3,2.5,2.0,27.78,12.0,0.9722,0.721523,False
1499619440#5,26.43,5.0,27.78,11.0,0.243514,0.720728,False
-913006754#0,20.27,3.0,13.89,12.0,0.995193,0.718476,False
913006754#0,20.27,3.0,13.89,12.0,0.995144,0.718466,False
770890589#4,73.92,2.0,27.78,12.0,0.649938,0.716588,False
184083183#1,107.8,2.0,16.67,12.0,0.992945,0.716513,False
379943751,97.35,2.0,27.78,11.0,0.548666,0.715858,False
37400684#0,50.7,3.0,27.78,12.0,0.116475,0.715545,False
1499619440#4,23.27,5.0,27.78,11.0,0.228221,0.715036,False
493183992#0,13.25,2.0,27.78,12.0,0.87324,0.71069,False
37403503#5,27.73,4.0,27.78,12.0,0.184202,0.709949,False
1339697074#1,48.72,3.0,27.78,11.0,0.094698,0.70954,False
413953596#1,8.69,3.0,27.78,12.0,0.010233,0.708562,False
184083252,38.43,4.0,27.78,12.0,0.115699,0.705165,False
656122981#4,32.95,3.0,27.78,12.0,0.136052,0.704669,False
1499619445#2,187.46,4.0,13.89,11.0,0.510061,0.704558,False
218769254#1,37.23,3.0,27.78,12.0,0.115759,0.704177,False
770890589#3,57.84,2.0,27.78,12.0,0.653927,0.703985,False
-345046979#3,141.02,2.0,27.78,12.0,0.393183,0.703637,False
345046979#0,141.02,2.0,27.78,12.0,0.393166,0.703633,False
708672701#4,138.42,4.0,13.89,11.0,0.492418,0.701029,False
1499619439#1,8.9,3.0,27.78,11.0,0.217548,0.700926,False
1499619439#2,3.48,3.0,27.78,11.0,0.235112,0.699922,False
1084408283#2,190.91,8.0,16.67,12.0,0.231593,0.69941,False
1206223943,0.2,2.0,27.78,12.0,0.769101,0.698804,False
218771978#1,216.94,1.0,27.78,12.0,0.992682,0.698536,False
218771978#2,131.92,1.0,27.78,12.0,0.98791,0.697582,False
-198564928#4,116.59,1.0,27.78,11.0,0.999987,0.697156,False
477063271,0.2,2.0,27.78,12.0,0.81089,0.696557,False
198564928#0,115.7,1.0,27.78,11.0,0.999977,0.696412,False
1305791485#0,200.64,1.0,27.78,12.0,0.979761,0.695952,False
184083181#6,83.1,2.0,16.67,12.0,0.992896,0.69592,False
585341908#1,4.72,2.0,27.78,12.0,0.713542,0.693124,False
656122981#1,4.14,3.0,27.78,12.0,0.197219,0.692894,False
899373686#4,63.94,8.0,16.67,12.0,0.431622,0.692699,False
656122981#0,0.2,3.0,27.78,12.0,0.208268,0.69182,False
908622900#0,72.5,8.0,16.67,12.0,0.386358,0.690779,False
-1499619438#0,0.22,4.0,27.78,12.0,0.113863,0.690724,False
1206223940,3.55,2.0,27.78,12.0,0.703415,0.688726,False
656122981#6,12.0,3.0,27.78,12.0,0.138858,0.687772,False
-775222468#16,442.25,1.0,22.22,10.0,0.936558,0.687312,False
775222468#9,436.48,1.0,22.22,10.0,0.935619,0.687124,False
378453707#0,211.37,8.0,16.67,12.0,0.167721,0.686635,False
1499619438#0,0.2,5.0,27.78,12.0,0.096158,0.686602,False
37403503#6,18.5,4.0,27.78,12.0,0.099669,0.685351,False
773060732#2,342.38,1.0,27.78,11.0,0.917134,0.683427,False
218769254#0,12.18,3.0,27.78,12.0,0.115741,0.683298,False
184083183#0,67.51,2.0,16.67,12.0,0.992943,0.682938,False
1212424784,0.2,3.0,27.78,12.0,0.159477,0.682062,False
1206223939,0.2,2.0,27.78,12.0,0.692862,0.681271,False
135131177,1533.43,2.0,27.78,12.0,0.280747,0.681149,False
37399710,1533.95,2.0,27.78,12.0,0.278995,0.680799,False
708672701#0,190.69,4.0,13.89,11.0,0.376525,0.67785,False
37399713#2,164.77,1.0,27.78,11.0,0.889219,0.677844,False
135131180#2,17.32,4.0,27.78,12.0,0.050633,0.67456,False
1456115789,0.2,3.0,27.78,12.0,0.110187,0.672204,False
184083181#7,54.2,2.0,16.67,12.0,0.992887,0.671835,False
1339697074#0,16.99,3.0,27.78,11.0,0.034387,0.671036,False
198691067#2,56.56,2.0,27.78,12.0,0.493888,0.670911,False
-198691067#2,56.56,2.0,27.78,12.0,0.493779,0.670889,False
615671502,0.2,2.0,27.78,12.0,0.625717,0.670887,False
218771978#3,87.2,1.0,27.78,12.0,0.984822,0.669631,False
732213462,0.2,4.0,27.78,12.0,0.09706,0.669579,False
469260694#0,92.0,2.0,27.78,11.0,0.339169,0.6695,False
184083183#5,51.01,2.0,16.67,12.0,0.99295,0.669189,False
619147732,58.49,8.0,16.67,12.0,0.334411,0.668715,False
520307305#3,50.0,2.0,27.78,12.0,0.495429,0.665752,False
-520307305#3,50.0,2.0,27.78,12.0,0.495416,0.66575,False
218915132#1,3.1,3.0,27.78,12.0,0.037763,0.665524,False
218771978#5,82.98,1.0,27.78,12.0,0.981068,0.665364,False
770890589#5,24.46,2.0,27.78,12.0,0.599615,0.665306,False
333554719,125.69,2.0,27.78,12.0,0.197512,0.664502,False
-607077076#3,95.57,1.0,22.22,10.0,0.912634,0.662168,False
607077076#2,95.57,1.0,22.22,10.0,0.912634,0.662168,False
379943301,1309.54,2.0,27.78,12.0,0.170455,0.659091,False
383097717,1325.22,2.0,27.78,12.0,0.169909,0.658982,False
517634898,11.51,8.0,16.67,12.0,0.479275,0.658538,False
-420334155#3,185.95,3.0,8.33,10.0,0.542081,0.658416,False
184083181#4,35.19,2.0,16.67,12.0,0.992879,0.655992,False
218769257,34.44,2.0,16.67,12.0,0.992858,0.655362,False
775222468#7,71.93,1.0,22.22,10.0,0.967899,0.653521,False
198691067#0,49.72,2.0,27.78,12.0,0.432545,0.652942,False
-198691067#1,49.72,2.0,27.78,12.0,0.432441,0.652922,False
-775222468#8,70.75,1.0,22.22,10.0,0.968698,0.652698,False
913811576#1,66.77,1.0,22.22,10.0,0.983353,0.652312,False
796927124,0.2,2.0,27.78,12.0,0.528528,0.651645,False
913565824#0,137.38,2.0,27.78,12.0,0.132017,0.651403,False
184083183#3,29.12,2.0,16.67,12.0,0.992937,0.650945,False
1499619443#4,81.47,4.0,13.89,11.0,0.401014,0.65064,False
773060736,8.19,1.0,22.22,7.0,0.988756,0.650432,False
1456115801#6,90.85,2.0,27.78,12.0,0.11583,0.64933,False
-775222468#4,133.55,1.0,22.22,10.0,0.743046,0.648609,False
184083181#1,25.79,2.0,16.67,12.0,0.992873,0.648157,False
775222468#4,130.64,1.0,22.22,10.0,0.740516,0.648103,False
1283637487,87.73,1.0,22.22,10.0,0.873549,0.647818,False
-229028634#1,87.37,1.0,22.22,10.0,0.8735,0.647508,False
1395426737#0,28.82,1.0,22.22,7.0,0.88088,0.644927,False
1465558147,1.65,1.0,22.22,7.0,0.974427,0.644857,False
198564928#21,39.17,1.0,27.78,11.0,0.992279,0.64471,False
1456115801#0,115.81,2.0,27.78,12.0,0.115696,0.644647,False
-198564928#21,39.1,1.0,27.78,11.0,0.992288,0.644122,False
1501824266,62.53,2.0,27.78,12.0,0.115626,0.643584,False
781183834#0,24.85,1.0,27.78,11.0,0.995747,0.64161,False
184083183#2,17.64,2.0,16.67,12.0,0.992931,0.641377,False
218771978#6,50.99,1.0,27.78,12.0,0.990472,0.640586,False
198564928#7,60.77,1.0,27.78,11.0,0.948689,0.640379,False
516948900#2,14.14,1.0,27.78,11.0,0.990141,0.640282,False
1455518729#7,18.66,1.0,27.78,11.0,0.956638,0.640103,False
-198564928#7,60.18,1.0,27.78,11.0,0.948666,0.639883,False
-516948900#2,14.14,1.0,27.78,11.0,0.990143,0.639753,False
-1455518729#7,18.19,1.0,27.78,11.0,0.956578,0.639199,False
1455518729#4,26.24,1.0,27.78,11.0,0.953313,0.639012,False
183521074#0,57.36,1.0,22.22,10.0,0.955459,0.638892,False
-1455518729#4,26.24,1.0,27.78,11.0,0.953296,0.638497,False
1339655670#1,83.57,2.0,27.78,11.0,0.218935,0.638429,False
619147730#3,15.56,1.0,27.78,11.0,0.995207,0.638201,False
775222468#1,164.79,1.0,22.22,10.0,0.604344,0.637955,False
919117822#1,81.92,2.0,27.78,12.0,0.223423,0.637951,False
-531796031,36.2,1.0,27.78,11.0,0.894166,0.637944,False
531796031,36.74,1.0,27.78,11.0,0.894078,0.637894,False
-775222468#3,164.09,1.0,22.22,10.0,0.60506,0.637816,False
386023652#1,81.13,2.0,27.78,12.0,0.006834,0.637742,False
198564928#24,27.37,1.0,27.78,11.0,0.997009,0.637372,False
1455518727#0,85.83,2.0,27.78,12.0,0.141862,0.637015,False
-1455518727#0,85.83,2.0,27.78,12.0,0.141863,0.636864,False
-198564928#24,27.37,1.0,27.78,11.0,0.997009,0.636839,False
198564928#14,43.47,1.0,27.78,11.0,0.963422,0.635977,False
619147726#1,11.03,1.0,27.78,11.0,0.999806,0.635579,False
-198564928#14,43.55,1.0,27.78,11.0,0.963347,0.635513,False
1455518729#6,27.99,1.0,27.78,11.0,0.903643,0.634798,False
198564928#16,32.67,1.0,27.78,11.0,0.988567,0.634548,False
-1455518729#6,27.99,1.0,27.78,11.0,0.903495,0.634284,False
-198564928#16,32.67,1.0,27.78,11.0,0.988568,0.63402,False
1455518729#2,21.11,1.0,27.78,11.0,0.958981,0.633716,False
184083181#3,8.36,2.0,16.67,12.0,0.992917,0.633641,False
-1455518729#2,21.11,1.0,27.78,11.0,0.958847,0.633176,False
289213613#3,10.72,1.0,27.78,11.0,0.991711,0.6322,False
1455518726,15.38,1.0,27.78,11.0,0.991219,0.632071,False
1455512071,64.45,2.0,27.78,12.0,0.082222,0.631932,False
1206223944,10.09,2.0,27.78,12.0,0.398911,0.631755,False
-1455518726,15.38,1.0,27.78,11.0,0.991221,0.631541,False
-428260116#0,63.89,2.0,27.78,12.0,0.082644,0.631504,False
773060731,41.33,1.0,27.78,11.0,0.985126,0.631467,False
619147730#0,5.7,1.0,27.78,11.0,0.999528,0.630992,False
785130603,33.24,1.0,22.22,7.0,0.770637,0.630556,False
198564928#18,25.0,1.0,27.78,11.0,0.993852,0.63053,False
1395426737#1,3.25,1.0,22.22,7.0,0.924693,0.630042,False
-198564928#18,25.0,1.0,27.78,11.0,0.993809,0.62999,False
1455524950#0,102.09,2.0,27.78,12.0,0.098358,0.629747,False
-1455526423,102.08,2.0,27.78,12.0,0.098348,0.629736,False
198564928#11,39.22,1.0,27.78,11.0,0.973103,0.629478,False
619342756,10.2,1.0,27.78,11.0,0.981581,0.629107,False
-198564928#11,39.22,1.0,27.78,11.0,0.973162,0.628968,False
-198564928#5,48.86,1.0,27.78,11.0,0.939837,0.628684,False
198564928#5,48.86,1.0,27.78,11.0,0.939837,0.628684,False
183272621,52.7,1.0,22.22,6.0,0.999972,0.627639,False
770890584#0,54.45,1.0,22.22,7.0,0.892706,0.627445,False
785130598#0,14.61,2.0,13.89,12.0,0.996365,0.627016,False
620607766#0,51.0,1.0,22.22,10.0,0.678538,0.626543,False
-520307305#4,30.6,2.0,27.78,12.0,0.376018,0.625704,False
782892489#2,46.22,2.0,27.78,12.0,0.117775,0.625566,False
-183272309#13,71.68,1.0,22.22,10.0,0.826712,0.625076,False
183272309#12,71.58,1.0,22.22,10.0,0.826769,0.625004,False
520307305#4,28.76,2.0,27.78,12.0,0.377827,0.624532,False
289213613#0,3.13,1.0,27.78,11.0,0.981884,0.624012,False
176728950#1,40.44,1.0,22.22,10.0,0.943318,0.622805,False
-176728950#2,40.86,1.0,22.22,10.0,0.943502,0.62275,False
184083175,52.32,1.0,22.22,7.0,0.894517,0.622503,False
198564928#23,11.68,1.0,27.78,11.0,0.989201,0.62241,False
-198564928#23,11.68,1.0,27.78,11.0,0.989201,0.621881,False
37399924#6,114.27,1.0,27.78,11.0,0.57231,0.621435,False
913702834,28.2,1.0,22.22,7.0,0.798993,0.621157,False
1455518729#5,11.39,1.0,27.78,11.0,0.916566,0.621145,False
-37399924#7,114.26,1.0,27.78,11.0,0.572311,0.62112,False
198564928#6,55.19,1.0,27.78,11.0,0.874692,0.62093,False
-198564928#6,55.19,1.0,27.78,11.0,0.874663,0.620924,False
-1455518729#5,11.58,1.0,27.78,11.0,0.916854,0.62087,False
198564928#22,11.27,1.0,27.78,11.0,0.98562,0.620662,False
422599316#1,8.78,2.0,27.78,12.0,0.305281,0.620222,False
-198564928#22,11.27,1.0,27.78,11.0,0.985619,0.620135,False
503530174#0,102.74,1.0,22.22,10.0,0.486074,0.619715,False
386023652#0,0.2,2.0,27.78,12.0,0.232292,0.619055,False
1283636940#0,57.0,1.0,27.78,11.0,0.68173,0.618958,False
-1455497346,101.2,1.0,22.22,10.0,0.487478,0.618951,False
1499619443#8,45.56,4.0,13.89,11.0,0.390709,0.618654,False
-198564928#10,28.12,1.0,27.78,11.0,0.975662,0.618566,False
198564928#10,27.69,1.0,27.78,11.0,0.975458,0.618361,False
913565824#9,50.59,2.0,27.78,12.0,0.252512,0.617661,False
913811577#0,20.88,1.0,22.22,10.0,0.999985,0.617397,False
-913811577#1,20.67,1.0,22.22,10.0,0.999983,0.617222,False
607077076#1,39.13,1.0,22.22,10.0,0.919621,0.616533,False
-607077076#1,39.13,1.0,22.22,10.0,0.919523,0.616513,False
198564928#8,29.26,1.0,27.78,11.0,0.954822,0.615348,False
1395426738#0,27.73,1.0,22.22,7.0,0.886749,0.614706,False
-198564928#8,28.55,1.0,27.78,11.0,0.954293,0.61465,False
198564928#25,0.2,1.0,27.78,11.0,0.993975,0.614471,False
218974503#3,46.29,2.0,27.78,12.0,0.058975,0.614394,False
198564928#17,6.52,1.0,27.78,11.0,0.992823,0.614347,False
-198564928#25,0.2,1.0,27.78,11.0,0.993975,0.613939,False
-198564928#17,6.52,1.0,27.78,11.0,0.992637,0.61378,False
615671500#0,46.43,2.0,27.78,12.0,0.056721,0.612764,False
198564928#12,18.62,1.0,27.78,11.0,0.965297,0.612554,False
913811576#0,81.48,1.0,22.22,10.0,0.722787,0.612457,False
619147733,0.2,1.0,22.22,7.0,0.999948,0.612261,False
-1455512067,14.21,2.0,27.78,12.0,0.135277,0.612198,False
-198564928#12,18.62,1.0,27.78,11.0,0.965297,0.612037,False
1455512067,14.21,2.0,27.78,12.0,0.13493,0.611985,False
244214816#0,38.95,1.0,27.78,11.0,0.893676,0.611194,False
383097727#0,0.45,1.0,22.22,7.0,0.963522,0.611078,False
1499619443#9,37.44,4.0,13.89,11.0,0.378635,0.609473,False
1455518727#1,67.33,2.0,27.78,12.0,0.141687,0.609446,False
-1455518727#2,67.33,2.0,27.78,12.0,0.141537,0.609416,False
908622900#1,14.27,8.0,16.67,12.0,0.209951,0.606973,False
-218960891#1,102.51,1.0,27.78,11.0,0.606546,0.606734,False
218960891#1,102.51,1.0,27.78,11.0,0.606546,0.606734,False
517706841#5,41.31,2.0,27.78,12.0,0.236348,0.606695,False
-607077076#0,34.08,1.0,22.22,10.0,0.891329,0.606666,False
607077076#0,34.08,1.0,22.22,10.0,0.891329,0.606666,False
913392928#1,0.2,1.0,22.22,7.0,0.809436,0.606315,False
383097728,13.05,1.0,22.22,7.0,0.972677,0.60541,False
913833410,54.13,1.0,22.22,7.0,0.801173,0.605343,False
183272309#7,49.34,1.0,22.22,10.0,0.819888,0.605094,False
769116602,84.41,2.0,27.78,12.0,0.048278,0.604997,False
-913833410,53.74,1.0,22.22,7.0,0.80032,0.604847,False
-183272309#7,48.97,1.0,22.22,10.0,0.82001,0.60481,False
198564933,13.23,3.0,16.67,12.0,0.202378,0.604592,False
-218960895#0,49.09,1.0,27.78,11.0,0.817962,0.604501,False
218960895#0,49.07,1.0,27.78,11.0,0.818017,0.604495,False
899373686#1,8.45,8.0,16.67,12.0,0.218302,0.603793,False
1109231376,10.28,1.0,22.22,6.0,0.989617,0.603582,False
913565824#8,41.17,2.0,27.78,12.0,0.22114,0.603536,False
198564928#13,5.11,1.0,27.78,11.0,0.964753,0.602332,False
183272604,19.5,1.0,22.22,7.0,0.719043,0.60225,False
-198564928#13,5.11,1.0,27.78,11.0,0.965319,0.601929,False
183521074#2,54.47,1.0,22.22,10.0,0.779734,0.601338,False
219696191#0,71.08,1.0,22.22,7.0,0.70002,0.601085,False
198564928#15,0.69,1.0,27.78,11.0,0.958186,0.600902,False
198564930,81.77,2.0,16.67,12.0,0.520888,0.60041,False
-198564928#15,0.69,1.0,27.78,11.0,0.957642,0.600281,False
-913006754#9,32.24,3.0,13.89,12.0,0.1357,0.599612,False
913006754#9,32.24,3.0,13.89,12.0,0.135709,0.599397,False
517706841#4,31.66,2.0,27.78,12.0,0.237896,0.598963,False
1455526425#0,61.06,2.0,27.78,12.0,0.11289,0.598461,False
-1455526425#1,61.06,2.0,27.78,12.0,0.112812,0.598446,False
218974503#5,10.36,2.0,27.78,12.0,0.106923,0.597981,False
913372757,2.5,1.0,22.22,7.0,0.782654,0.597154,False
1456115801#7,14.85,2.0,27.78,12.0,0.115652,0.597127,False
775222468#5,1.32,1.0,22.22,10.0,0.978747,0.596849,False
198564926,60.85,1.0,22.22,6.0,0.979911,0.596691,False
-775222468#5,1.08,1.0,22.22,10.0,0.97802,0.596504,False
913694023#0,64.68,1.0,22.22,6.0,0.962459,0.596392,False
-1455512074,11.24,2.0,27.78,12.0,0.063034,0.596036,False
1455512074,11.24,2.0,27.78,12.0,0.06299,0.596027,False
773060732#5,0.2,1.0,27.78,11.0,0.971274,0.594421,False
413953597#1,20.33,2.0,27.78,12.0,0.019983,0.59424,False
37403486#1,40.44,2.0,27.78,11.0,0.175045,0.593709,False
-37403486#2,40.44,2.0,27.78,11.0,0.175041,0.593708,False
184083174,42.96,1.0,22.22,7.0,0.789486,0.593697,False
782892489#3,25.91,2.0,27.78,12.0,0.081526,0.593602,False
585341906#0,19.32,2.0,27.78,12.0,0.258911,0.593405,False
913006752#0,17.14,2.0,27.78,12.0,0.269207,0.593125,False
117784420,56.68,1.0,22.22,7.0,0.726471,0.592528,False
-913006754#6,66.72,3.0,13.89,12.0,0.12822,0.59184,False
913006754#6,66.72,3.0,13.89,12.0,0.128221,0.591635,False
913694024#0,53.08,1.0,22.22,7.0,0.735894,0.591412,False
413953597#2,16.73,2.0,27.78,12.0,0.020931,0.591169,False
386023652#2,20.42,2.0,27.78,12.0,0.07946,0.590639,False
-183272309#9,26.89,1.0,22.22,10.0,0.841119,0.590632,False
183272309#9,26.87,1.0,22.22,10.0,0.841144,0.59062,False
482167260,55.0,2.0,27.78,12.0,0.098349,0.590503,False
-482167260,55.0,2.0,27.78,12.0,0.098264,0.590486,False
379943747,44.69,1.0,27.78,11.0,0.764426,0.590127,False
1455518728,23.2,2.0,27.78,12.0,0.099934,0.588947,False
-1455518728,23.2,2.0,27.78,12.0,0.09992,0.588839,False
218974503#0,34.77,2.0,27.78,12.0,0.174119,0.588799,False
198564934#0,49.61,1.0,22.22,6.0,0.984539,0.588249,False
782892489#0,9.73,2.0,27.78,12.0,0.059003,0.587985,False
37399924#3,60.22,1.0,27.78,11.0,0.537974,0.587962,False
-37399924#4,60.45,1.0,27.78,11.0,0.538015,0.587875,False
-913006752#1,14.33,2.0,27.78,12.0,0.254619,0.587865,False
176728951#2,178.16,1.0,22.22,10.0,0.384238,0.587676,False
913565824#11,20.19,2.0,27.78,12.0,0.229068,0.587639,False
-176728951#4,177.95,1.0,22.22,10.0,0.384218,0.587473,False
-913009311,12.76,2.0,27.78,12.0,0.248666,0.585367,False
913009311,12.75,2.0,27.78,12.0,0.248702,0.585365,False
379943753#0,53.12,1.0,27.78,11.0,0.705375,0.585342,False
420361195,14.7,1.0,22.22,7.0,0.62101,0.58522,False
198564931,71.48,1.0,22.22,7.0,0.623298,0.584226,False
-183272309#8,18.26,1.0,22.22,10.0,0.843503,0.583917,False
183272309#8,18.26,1.0,22.22,10.0,0.843503,0.583917,False
913270580#0,11.42,1.0,22.22,7.0,0.755258,0.583855,False
539136610#0,8.78,1.0,22.22,7.0,0.882318,0.58378,False
585341907#2,29.88,2.0,27.78,12.0,0.137409,0.583681,False
913565824#10,10.4,2.0,27.78,12.0,0.249916,0.58365,False
1206223945,28.09,2.0,27.78,12.0,0.104708,0.583372,False
913811578,34.98,1.0,22.22,10.0,0.768312,0.582812,False
-913811578,34.98,1.0,22.22,10.0,0.768247,0.582799,False
183521074#3,11.27,1.0,22.22,10.0,0.863395,0.582071,False
1206223947,26.19,2.0,27.78,12.0,0.112047,0.582062,False
620607766#3,95.04,1.0,22.22,10.0,0.329104,0.581129,False
1456115801#3,26.59,2.0,27.78,12.0,0.115881,0.580371,False
244399270,54.69,1.0,22.22,6.0,0.923553,0.580286,False
428260116#1,10.63,2.0,27.78,12.0,0.07858,0.579426,False
782892489#4,31.23,2.0,27.78,12.0,0.026925,0.57937,False
-428260116#1,10.63,2.0,27.78,12.0,0.078579,0.579343,False
438360329#0,66.94,1.0,22.22,5.0,0.964883,0.578968,False
-37399924#8,78.23,1.0,27.78,11.0,0.56829,0.57885,False
37399924#8,78.23,1.0,27.78,11.0,0.568289,0.57885,False
908694579,16.9,2.0,27.78,12.0,0.198503,0.578784,False
781985789#0,3.86,1.0,22.22,7.0,0.661006,0.578693,False
-183272309#11,12.6,1.0,22.22,10.0,0.840745,0.578649,False
183272309#10,12.6,1.0,22.22,10.0,0.840573,0.578615,False
-913006753,6.68,2.0,13.89,12.0,0.975355,0.578183,False
913006753,6.68,2.0,13.89,12.0,0.975355,0.578183,False
333555370,35.1,2.0,27.78,12.0,0.115637,0.577377,False
1456115801#5,14.76,2.0,27.78,12.0,0.115686,0.577126,False
78628775#2,119.14,1.0,27.78,11.0,0.188164,0.576894,False
-198564935#3,65.7,2.0,8.33,12.0,0.981209,0.575992,False
198564935#0,65.7,2.0,8.33,12.0,0.981208,0.575992,False
37402371,12.57,2.0,27.78,12.0,0.202485,0.575972,False
1455524944,27.36,2.0,27.78,12.0,0.138826,0.575565,False
-1455524946,27.35,2.0,27.78,12.0,0.138638,0.575519,False
-520307306,29.13,2.0,27.78,12.0,0.130297,0.575334,False
520307306,28.32,2.0,27.78,12.0,0.130167,0.574633,False
-1455526422,27.54,2.0,27.78,12.0,0.131435,0.574237,False
1455526422,27.54,2.0,27.78,12.0,0.131256,0.574201,False
428544127,30.62,1.0,22.22,6.0,0.990871,0.573691,False
913392928#0,13.17,1.0,22.22,7.0,0.587305,0.573626,False
775222468#6,47.6,1.0,22.22,10.0,0.669368,0.57354,False
773060732#0,35.48,1.0,27.78,11.0,0.718197,0.573206,False
-775222468#6,47.2,1.0,22.22,10.0,0.667567,0.572847,False
117784422,61.14,1.0,22.22,7.0,0.604148,0.57178,False
244221644#0,225.24,1.0,27.78,11.0,0.323087,0.569745,False
-223418965#13,260.73,1.0,22.22,10.0,0.34504,0.569008,False
223418965#10,261.24,1.0,22.22,10.0,0.344724,0.568945,False
782892489#8,23.88,2.0,27.78,12.0,0.1201,0.56892,False
-608946832,21.19,2.0,27.78,12.0,0.127897,0.568238,False
482167259,21.01,2.0,27.78,12.0,0.128081,0.568125,False
37399924#2,75.1,1.0,27.78,11.0,0.314737,0.567515,False
-37399924#2,75.1,1.0,27.78,11.0,0.314613,0.567322,False
218662402#0,46.56,2.0,27.78,12.0,0.016554,0.567111,False
244215552#1,74.44,1.0,22.22,7.0,0.525181,0.567069,False
-218662402#1,46.49,2.0,27.78,12.0,0.01655,0.567052,False
438360331#0,8.04,2.0,27.78,12.0,0.017508,0.56697,False
770890587,29.34,2.0,27.78,12.0,0.086282,0.566706,False
620634300,16.95,2.0,27.78,12.0,0.136239,0.566373,False
-1455527229,22.33,2.0,27.78,12.0,0.111994,0.566007,False
1455527229,22.33,2.0,27.78,12.0,0.111995,0.566007,False
656122996,28.8,2.0,27.78,12.0,0.083861,0.565772,False
-913006754#5,40.55,3.0,13.89,12.0,0.139871,0.564311,False
913006754#5,40.55,3.0,13.89,12.0,0.139867,0.564311,False
913006754#3,15.12,3.0,13.89,12.0,0.243745,0.563894,False
-913006754#3,18.44,3.0,13.89,12.0,0.229794,0.563871,False
1456115800,18.43,2.0,27.78,12.0,0.11558,0.563474,False
1339697076#1,28.14,1.0,27.78,11.0,0.694468,0.562344,False
-37399924#9,57.88,1.0,27.78,11.0,0.565399,0.561313,False
37399924#9,57.88,1.0,27.78,11.0,0.565398,0.561313,False
-1455526421,19.73,2.0,27.78,12.0,0.098184,0.561078,False
1455526421,19.73,2.0,27.78,12.0,0.098169,0.561075,False
183272309#6,40.6,1.0,22.22,10.0,0.636046,0.561042,False
219696192#0,101.44,1.0,27.78,11.0,0.159627,0.560919,False
-183272309#6,38.71,1.0,22.22,10.0,0.639791,0.560217,False
913525284,10.28,1.0,22.22,7.0,0.752492,0.559065,False
198691704#0,29.23,1.0,22.22,7.0,0.49551,0.558657,False
913565824#7,20.78,2.0,27.78,12.0,0.075055,0.557328,False
770890589#0,6.14,2.0,27.78,12.0,0.134738,0.557064,False
37399924#5,25.23,1.0,27.78,11.0,0.572361,0.557047,False
1455524945,5.01,2.0,27.78,12.0,0.138891,0.556953,False
183272309#0,116.78,1.0,22.22,10.0,0.096153,0.556799,False
-422584938,249.49,1.0,22.22,10.0,0.238834,0.556794,False
-1455524945,5.01,2.0,27.78,12.0,0.137884,0.556752,False
-37399924#5,25.23,1.0,27.78,11.0,0.572361,0.556741,False
-183272309#0,116.78,1.0,22.22,10.0,0.095808,0.556721,False
422584938,250.13,1.0,22.22,10.0,0.238692,0.556659,False
-37399924#11,46.92,1.0,27.78,11.0,0.586417,0.556383,False
37399924#10,46.92,1.0,27.78,11.0,0.586341,0.556368,False
585341906#2,18.63,2.0,27.78,12.0,0.043296,0.55467,False
-268783056#1,8.35,2.0,27.78,12.0,0.112836,0.554526,False
268783056#0,8.26,2.0,27.78,12.0,0.112897,0.554463,False
615671503,10.18,2.0,27.78,12.0,0.005737,0.553622,False
585341907#0,16.16,2.0,27.78,12.0,0.064737,0.551762,False
-218684408#1,98.11,1.0,27.78,11.0,0.164078,0.551184,False
218684408#0,98.0,1.0,27.78,11.0,0.164083,0.551172,False
767654646,39.01,1.0,22.22,7.0,0.357287,0.551155,False
198564934#1,12.78,1.0,22.22,6.0,0.949713,0.550593,False
37399713#1,69.4,1.0,27.78,11.0,0.460759,0.549985,False
-37402180#2,13.66,1.0,27.78,11.0,0.575668,0.549371,False
913565824#6,10.69,2.0,27.78,12.0,0.075095,0.548927,False
37402180#1,13.17,1.0,27.78,11.0,0.573455,0.548847,False
170403826#3,15.93,1.0,22.22,7.0,0.670938,0.547463,False
-913006754#4,24.04,3.0,13.89,12.0,0.115203,0.545619,False
913006754#4,22.86,3.0,13.89,12.0,0.117665,0.545128,False
913836406#0,11.53,1.0,22.22,7.0,0.676936,0.544996,False
913233121#0,27.33,1.0,22.22,6.0,0.689926,0.543669,False
244215552#0,22.29,1.0,22.22,7.0,0.623543,0.543284,False
769116604,18.33,2.0,27.78,12.0,0.014812,0.543237,False
184083172,44.14,1.0,22.22,7.0,0.506968,0.538177,False
-37399924#1,28.19,1.0,27.78,11.0,0.335998,0.538049,False
37399924#0,28.23,1.0,27.78,11.0,0.336022,0.537906,False
1120540512,6.74,1.0,22.22,7.0,0.431515,0.536055,False
777881144#1,461.23,1.0,27.78,11.0,0.032909,0.534014,False
420334155#0,186.32,2.0,8.33,10.0,0.542062,0.533412,False
176728951#0,70.38,1.0,22.22,10.0,0.370365,0.532723,False
78628775#5,253.11,1.0,27.78,11.0,0.102042,0.532286,False
-176728951#0,69.56,1.0,22.22,10.0,0.371493,0.532265,False
219696192#5,173.92,1.0,27.78,11.0,0.083501,0.530665,False
-183272309#2,83.87,1.0,22.22,10.0,0.169604,0.530298,False
78628775#0,17.61,1.0,27.78,11.0,0.436331,0.53019,False
183272309#1,83.09,1.0,22.22,10.0,0.170172,0.529829,False
198691704#2,27.79,1.0,22.22,7.0,0.319635,0.529246,False
1283636940#1,7.75,1.0,27.78,11.0,0.39691,0.527106,False
913006751#0,21.17,1.0,22.22,7.0,0.539567,0.525555,False
-223418965#17,234.03,1.0,22.22,10.0,0.110171,0.522034,False
78628775#3,63.07,1.0,27.78,11.0,0.133418,0.52189,False
223418965#16,229.27,1.0,22.22,10.0,0.108585,0.521717,False
420383141#1,128.43,1.0,27.78,11.0,0.095475,0.519095,False
1379887973#0,0.2,1.0,22.22,6.0,0.836656,0.517498,False
-218960891#0,19.76,1.0,27.78,11.0,0.499282,0.516323,False
218960891#0,19.76,1.0,27.78,11.0,0.498718,0.51621,False
913270580#2,16.26,1.0,22.22,7.0,0.402884,0.515909,False
913835755#0,12.31,1.0,22.22,7.0,0.524309,0.51512,False
-1205679418#12,138.41,1.0,22.22,10.0,0.070314,0.514063,False
1205679418#11,138.36,1.0,22.22,10.0,0.070288,0.514058,False
183272587,36.68,1.0,22.22,7.0,0.235236,0.513489,False
913836077,8.83,1.0,22.22,7.0,0.524699,0.512298,False
223418965#1,59.08,1.0,22.22,10.0,0.140462,0.510794,False
-223418965#1,59.08,1.0,22.22,10.0,0.140463,0.51072,False
-223418965#9,82.27,1.0,22.22,10.0,0.202696,0.509097,False
223418965#5,82.13,1.0,22.22,10.0,0.20265,0.508972,False
223296642,49.62,1.0,22.22,7.0,0.174428,0.507694,False
913692893,9.82,1.0,22.22,7.0,0.478949,0.503973,False
183272584#0,17.89,1.0,22.22,7.0,0.251068,0.502141,False
37399713#0,69.08,1.0,27.78,11.0,0.21883,0.501333,False
1109231377#0,22.51,1.0,22.22,7.0,0.161961,0.49933,False
1473526512,36.23,1.0,22.22,7.0,0.198847,0.496017,False
223418965#2,57.36,1.0,22.22,10.0,0.133359,0.495874,False
-223418965#2,57.36,1.0,22.22,10.0,0.133355,0.495802,False
-176728951#1,27.4,1.0,22.22,10.0,0.346569,0.492147,False
176728951#1,27.32,1.0,22.22,10.0,0.346857,0.492138,False
800229257#2,37.26,1.0,27.78,11.0,0.304327,0.492048,False
215843535#4,87.22,1.0,22.22,10.0,0.096667,0.492017,False
-800229257#2,37.26,1.0,27.78,11.0,0.30454,0.491958,False
-215843535#5,86.92,1.0,22.22,10.0,0.096678,0.491769,False
1205679413,7.21,1.0,22.22,7.0,0.425556,0.49112,False
517641026#2,74.83,1.0,27.78,11.0,0.142708,0.4909,False
-223418965#15,62.95,1.0,22.22,10.0,0.186274,0.489713,False
223418965#15,62.95,1.0,22.22,10.0,0.186274,0.489713,False
223418965#3,60.43,1.0,22.22,10.0,0.144317,0.488351,False
-223418965#4,60.43,1.0,22.22,10.0,0.144318,0.488274,False
1205679414,8.66,1.0,22.22,10.0,0.145691,0.485803,False
1339697076#0,26.52,1.0,27.78,11.0,0.311216,0.484343,False
219696192#4,40.59,1.0,27.78,11.0,0.071859,0.484146,False
777881147#4,16.18,1.0,27.78,11.0,0.204686,0.482813,False
1205679415,17.83,1.0,22.22,5.0,0.837275,0.482313,False
183272713#0,45.47,1.0,22.22,7.0,0.1084,0.4819,False
913709099#0,23.22,1.0,22.22,7.0,0.251295,0.48038,False
1205679418#1,35.89,1.0,22.22,10.0,0.054125,0.480043,False
-1205679418#1,35.89,1.0,22.22,10.0,0.054124,0.480015,False
913270580#3,4.14,1.0,22.22,7.0,0.269544,0.477172,False
-198564930,81.67,1.0,16.67,12.0,0.52085,0.475319,False
1339655667#0,44.33,1.0,27.78,11.0,0.190839,0.475109,False
219696192#9,70.37,1.0,27.78,11.0,0.077855,0.474213,False
218684408#5,66.05,1.0,27.78,11.0,0.065079,0.470544,False
218684408#2,27.3,1.0,27.78,11.0,0.134771,0.47021,False
-218684408#5,65.54,1.0,27.78,11.0,0.065261,0.47014,False
-218684408#2,27.3,1.0,27.78,11.0,0.134771,0.470139,False
272228143#2,106.96,2.0,13.89,3.0,0.884296,0.468086,False
272228143#0,85.71,2.0,13.89,3.0,0.997863,0.467177,False
770890592#0,39.17,1.0,22.22,7.0,0.133778,0.466949,False
517641026#0,69.88,1.0,27.78,11.0,0.043155,0.466864,False
-1506939325#9,10.87,1.0,27.78,11.0,0.273988,0.463856,False
1506939325#9,10.87,1.0,27.78,11.0,0.273989,0.463856,False
911522749#0,24.65,1.0,22.22,6.0,0.458255,0.462193,False
219696192#7,54.6,1.0,27.78,11.0,0.083336,0.462167,False
-215843535#2,39.34,1.0,22.22,10.0,0.146878,0.462159,False
215843535#2,39.34,1.0,22.22,10.0,0.146878,0.462159,False
-1506939325#7,45.38,1.0,27.78,11.0,0.116786,0.461174,False
777881144#0,10.73,1.0,27.78,11.0,0.261108,0.461163,False
1205679418#4,31.06,1.0,22.22,10.0,0.081991,0.460477,False
-1205679418#4,30.99,1.0,22.22,10.0,0.082135,0.460398,False
379943755#1,10.6,1.0,27.78,11.0,0.25704,0.460241,False
1506939325#7,44.28,1.0,27.78,11.0,0.115507,0.460001,False
1205679418#0,13.2,1.0,22.22,10.0,0.01323,0.459429,False
-1205679418#0,13.2,1.0,22.22,10.0,0.01323,0.459422,False
-1205679418#10,69.21,1.0,22.22,10.0,0.008512,0.459377,False
1205679418#8,69.18,1.0,22.22,10.0,0.008443,0.459339,False
-1205679418#2,25.67,1.0,22.22,10.0,0.028816,0.458955,False
1205679418#2,25.67,1.0,22.22,10.0,0.028889,0.458953,False
1205679418#3,24.06,1.0,22.22,10.0,0.065932,0.458434,False
-1205679418#3,24.06,1.0,22.22,10.0,0.065932,0.458398,False
218684408#3,31.4,1.0,27.78,11.0,0.094511,0.458017,False
-218684408#4,31.4,1.0,27.78,11.0,0.094511,0.457967,False
183272309#3,21.52,1.0,22.22,10.0,0.123426,0.457546,False
-183272309#3,21.43,1.0,22.22,10.0,0.123257,0.457364,False
-183272309#4,25.13,1.0,22.22,10.0,0.134956,0.456489,False
183272309#4,25.12,1.0,22.22,10.0,0.134956,0.456407,False
-329995230#2,30.86,1.0,22.22,10.0,0.146316,0.45498,False
329995230#2,30.86,1.0,22.22,10.0,0.146316,0.45498,False
223418965#14,42.27,1.0,22.22,10.0,0.098445,0.454914,False
-223418965#14,41.59,1.0,22.22,10.0,0.099034,0.454465,False
-329995230#0,35.14,1.0,22.22,10.0,0.125446,0.454372,False
329995230#0,34.83,1.0,22.22,10.0,0.125153,0.454056,False
420383141#0,41.44,1.0,27.78,11.0,0.097192,0.453972,False
1205679418#6,46.48,1.0,22.22,10.0,0.058299,0.452496,False
-1205679418#7,46.38,1.0,22.22,10.0,0.058528,0.452433,False
-1205679418#5,27.78,1.0,22.22,10.0,0.086793,0.45185,False
1205679418#5,27.68,1.0,22.22,10.0,0.086862,0.451826,False
824132484#0,36.53,1.0,27.78,11.0,0.106451,0.451732,False
911522748#0,45.18,1.0,27.78,11.0,0.061205,0.449891,False
-329995230#1,28.49,1.0,22.22,10.0,0.128606,0.449463,False
329995230#1,28.49,1.0,22.22,10.0,0.128606,0.449463,False
-911522748#1,44.06,1.0,27.78,11.0,0.062245,0.449166,False
-37399598#3,21.52,1.0,27.78,11.0,0.145907,0.447115,False
37399598#3,21.52,1.0,27.78,11.0,0.145907,0.447115,False
911522750,12.2,1.0,22.22,6.0,0.41508,0.443183,False
-37399598#2,50.43,1.0,27.78,11.0,0.000276,0.44208,False
37399598#2,50.43,1.0,27.78,11.0,0.000276,0.44208,False
-1205679418#14,37.65,1.0,22.22,10.0,0.050318,0.441439,False
1205679418#14,37.65,1.0,22.22,10.0,0.050318,0.441439,False
619147728,10.01,1.0,27.78,11.0,0.050489,0.441329,False
-37399598#1,46.96,1.0,27.78,11.0,0.005249,0.440183,False
37399598#0,46.8,1.0,27.78,11.0,0.005352,0.44007,False
-506162633,27.39,1.0,27.78,11.0,0.051119,0.433049,False
506162633,27.39,1.0,27.78,11.0,0.051119,0.433049,False
619147737,12.09,1.0,22.22,7.0,0.039186,0.427662,False
-824132486,0.2,1.0,27.78,11.0,0.110131,0.422193,False
272228143#1,27.88,2.0,13.89,3.0,0.999315,0.418627,False
394102601,25.32,1.0,22.22,6.0,0.223132,0.415726,False
824132486,0.2,1.0,27.78,11.0,0.060811,0.412329,False
183272574#0,15.05,1.0,22.22,5.0,0.316138,0.405791,False
381802847#0,151.13,1.0,13.89,3.0,0.986616,0.396036,False
-381802847#0,151.13,1.0,13.89,3.0,0.986616,0.395509,False
628816140#0,232.91,1.0,13.89,3.0,0.946325,0.388995,False
-628816140#2,234.33,1.0,13.89,3.0,0.946672,0.388831,False
1283637484,156.08,1.0,13.89,4.0,0.911288,0.384803,False
-628816136#3,120.31,1.0,13.89,3.0,0.932112,0.381362,False
628816136#0,117.5,1.0,13.89,3.0,0.931896,0.378759,False
420331834,119.11,1.0,13.89,3.0,0.992344,0.378688,False
381453320#1,106.15,1.0,13.89,3.0,0.976753,0.376092,False
381453329,109.54,1.0,13.89,3.0,0.996861,0.375579,False
-381453320#1,104.25,1.0,13.89,3.0,0.977148,0.375089,False
-381453329,109.5,1.0,13.89,3.0,0.996864,0.375013,False
-788411958,113.56,1.0,13.89,3.0,0.994648,0.374064,False
198691065#2,107.67,1.0,13.89,3.0,0.99942,0.371813,False
-420383145,108.55,1.0,13.89,3.0,0.998779,0.370901,False
420383145,108.55,1.0,13.89,3.0,0.998784,0.370367,False
-348626442,107.25,1.0,13.89,3.0,0.993223,0.369755,False
348626442,107.25,1.0,13.89,3.0,0.993234,0.369226,False
420348560,109.45,1.0,13.89,3.0,0.999319,0.368796,False
-420348560,108.56,1.0,13.89,3.0,0.999279,0.368577,False
-420331825#0,93.97,1.0,13.89,3.0,0.990606,0.366951,False
420331825#0,93.97,1.0,13.89,3.0,0.990606,0.366421,False
-420383146#1,110.56,1.0,13.89,3.0,0.993415,0.364574,False
420383146#0,110.66,1.0,13.89,3.0,0.993421,0.364124,False
420361201,185.78,1.0,13.89,3.0,0.961223,0.363799,False
768399563#1,179.46,1.0,13.89,3.0,0.957579,0.363503,False
301285279#1,90.69,1.0,13.89,3.0,0.998575,0.360984,False
-273638834#4,140.56,1.0,13.89,3.0,0.894687,0.360957,False
-301285279#2,90.75,1.0,13.89,3.0,0.998572,0.360499,False
273638834#2,141.1,1.0,13.89,3.0,0.894422,0.360436,False
-381453331,94.63,1.0,13.89,3.0,0.996036,0.357708,False
-315658897#5,151.42,1.0,13.89,3.0,0.95268,0.35734,False
381453331,94.63,1.0,13.89,3.0,0.996026,0.357173,False
315658897#3,153.89,1.0,13.89,3.0,0.95314,0.356929,False
-243542156#1,92.73,1.0,13.89,3.0,0.994924,0.355005,False
243542156#1,92.73,1.0,13.89,3.0,0.994913,0.354471,False
-381802847#2,89.35,1.0,13.89,3.0,0.898717,0.354174,False
381802847#2,88.8,1.0,13.89,3.0,0.897159,0.353418,False
381807717#2,100.03,1.0,13.89,3.0,0.999769,0.35231,False
-273640070#3,159.52,1.0,13.89,3.0,0.998571,0.35226,False
273640070#0,159.2,1.0,13.89,3.0,0.998564,0.352258,False
381452103#1,149.76,1.0,13.89,3.0,0.998433,0.352232,False
-381452103#2,145.52,1.0,13.89,3.0,0.998258,0.352197,False
233651328#0,138.17,1.0,13.89,3.0,0.992234,0.350992,False
-233651328#2,137.75,1.0,13.89,3.0,0.992144,0.350974,False
198691060,101.67,1.0,13.89,3.0,0.999411,0.350771,False
420383143#0,75.45,1.0,13.89,3.0,0.995151,0.350702,False
-117784419#1,109.59,1.0,13.89,3.0,0.995808,0.350686,False
-420348545,120.49,1.0,13.89,3.0,0.989874,0.35052,False
420348545,120.49,1.0,13.89,3.0,0.989874,0.35052,False
117784423#0,169.29,1.0,13.89,3.0,0.988596,0.350265,False
117784419#1,109.59,1.0,13.89,3.0,0.995808,0.350153,False
-420383143#1,75.37,1.0,13.89,3.0,0.995144,0.3501,False
1456115796,117.02,1.0,13.89,3.0,0.999992,0.350061,False
-921796625,135.73,1.0,13.89,3.0,0.985515,0.349648,False
921796625,135.73,1.0,13.89,3.0,0.985515,0.349648,False
-1004836024,133.73,1.0,13.89,3.0,0.98056,0.348657,False
233651288#1,133.87,1.0,13.89,3.0,0.980553,0.348656,False
785130601#1,63.14,1.0,13.89,3.0,0.997861,0.346917,False
-1002205328,234.64,1.0,13.89,3.0,0.971838,0.346913,False
-233651338#2,241.88,1.0,13.89,3.0,0.970033,0.346552,False
-770860565#1,68.88,1.0,13.89,3.0,0.999845,0.344869,False
-785130601#1,60.28,1.0,13.89,3.0,0.996681,0.344837,False
381452149#1,67.56,1.0,13.89,3.0,0.998722,0.34468,False
198691082#6,73.31,1.0,13.89,3.0,0.999989,0.344265,False
-381452098#0,146.89,1.0,13.89,3.0,0.958476,0.344241,False
381452098#0,145.27,1.0,13.89,3.0,0.957682,0.344082,False
770860565#1,68.35,1.0,13.89,3.0,0.999828,0.343909,False
348648513#0,240.72,1.0,13.89,4.0,0.706614,0.343868,False
-651818430#3,123.2,1.0,13.89,3.0,0.838548,0.343384,False
464461046,109.52,1.0,13.89,3.0,0.997726,0.343357,False
198691065#1,72.54,1.0,13.89,3.0,0.999396,0.343118,False
420383144#0,74.4,1.0,13.89,3.0,0.996257,0.343086,False
651818430#2,124.06,1.0,13.89,3.0,0.838186,0.342879,False
-420383144#0,74.4,1.0,13.89,3.0,0.996257,0.342554,False
233651326#0,158.04,1.0,13.89,3.0,0.948153,0.342176,False
-233651326#2,156.23,1.0,13.89,3.0,0.947213,0.341988,False
301285277#0,86.29,1.0,13.89,3.0,0.96333,0.341769,False
117784411#0,110.79,1.0,13.89,3.0,0.981671,0.341205,False
-301285277#1,84.57,1.0,13.89,3.0,0.963132,0.340843,False
37400087#3,250.79,1.0,13.89,3.0,0.941288,0.340803,False
464233655,55.6,1.0,13.89,3.0,0.998532,0.340766,False
-117784411#0,110.24,1.0,13.89,3.0,0.981693,0.340751,False
420319844,59.06,1.0,13.89,3.0,0.96926,0.340695,False
-464233655,55.79,1.0,13.89,3.0,0.998553,0.340394,False
-420319847,62.48,1.0,13.89,3.0,0.999923,0.340299,False
-788411956,106.61,1.0,13.89,3.0,0.994254,0.340238,False
788411956,106.61,1.0,13.89,3.0,0.994254,0.340238,False
-420319844,58.74,1.0,13.89,3.0,0.969241,0.339903,False
-117784419#0,94.03,1.0,13.89,3.0,0.994835,0.339387,False
315658897#0,87.99,1.0,13.89,3.0,0.994054,0.339199,False
-315658897#1,87.03,1.0,13.89,3.0,0.994077,0.338934,False
117784419#0,94.03,1.0,13.89,3.0,0.994847,0.338857,False
-788296726#1,44.56,1.0,13.89,3.0,0.998387,0.338489,False
-464461060,49.8,1.0,13.89,3.0,0.998222,0.338286,False
381452182#0,103.56,1.0,13.89,3.0,0.995819,0.338009,False
-233651326#3,103.96,1.0,13.89,3.0,0.993575,0.337894,False
233651326#3,103.96,1.0,13.89,3.0,0.993564,0.337892,False
464461060,49.8,1.0,13.89,3.0,0.998222,0.337752,False
-228797638#1,68.66,1.0,13.89,3.0,0.996362,0.337092,False
198691082#4,65.45,1.0,13.89,3.0,0.995615,0.336959,False
228797638#0,68.58,1.0,13.89,3.0,0.996362,0.336492,False
420383150#4,54.47,1.0,13.89,3.0,0.98615,0.336472,False
-420383139#2,73.73,1.0,13.89,3.0,0.998222,0.336313,False
270279686#0,48.08,1.0,13.89,3.0,0.996375,0.336252,False
464461063,93.06,1.0,13.89,3.0,0.92258,0.336044,False
420383139#2,73.73,1.0,13.89,3.0,0.99823,0.33578,False
-381452130,74.88,1.0,13.89,3.0,0.986194,0.335597,False
198691065#0,62.95,1.0,13.89,3.0,0.999911,0.335566,False
-770860552#0,41.03,1.0,13.89,3.0,0.999708,0.335338,False
-270279686#0,47.61,1.0,13.89,3.0,0.99638,0.335331,False
-464461063,92.51,1.0,13.89,3.0,0.923025,0.335152,False
-381452182#0,100.07,1.0,13.89,3.0,0.995383,0.335014,False
198691082#5,61.55,1.0,13.89,3.0,0.999346,0.334089,False
37400957,129.3,1.0,13.89,3.0,0.906202,0.333786,False
-711239223#2,128.94,1.0,13.89,3.0,0.906141,0.333774,False
770860542#0,69.93,1.0,13.89,3.0,0.981115,0.33368,False
381226324,97.29,1.0,13.89,3.0,0.999874,0.333595,False
381452130,73.04,1.0,13.89,3.0,0.985859,0.333471,False
381447818,89.74,1.0,13.89,3.0,0.942679,0.333165,False
198691077#1,99.88,1.0,13.89,3.0,0.98682,0.333143,False
420383144#1,60.62,1.0,13.89,3.0,0.998119,0.333,False
-420383144#1,60.62,1.0,13.89,3.0,0.998107,0.332464,False
420383143#2,51.92,1.0,13.89,3.0,0.994374,0.332093,False
-233651288#0,100.04,1.0,13.89,3.0,0.980894,0.332091,False
233651288#0,100.04,1.0,13.89,3.0,0.980894,0.332091,False
767644535,44.67,1.0,13.89,3.0,0.994771,0.332005,False
315658900#6,234.48,1.0,13.89,3.0,0.896582,0.331862,False
183272579#7,109.98,1.0,13.89,3.0,0.715039,0.331704,False
-420383143#2,51.92,1.0,13.89,3.0,0.994354,0.331558,False
-767644535,44.67,1.0,13.89,3.0,0.994769,0.331472,False
381802847#1,36.63,1.0,13.89,3.0,0.997751,0.331314,False
117784411#1,93.21,1.0,13.89,3.0,0.994964,0.331222,False
-228795467#2,96.59,1.0,13.89,3.0,0.990868,0.331211,False
228795467#1,96.59,1.0,13.89,3.0,0.990868,0.331211,False
-315658900#8,225.7,1.0,13.89,3.0,0.891623,0.33087,False
-381802847#1,36.72,1.0,13.89,3.0,0.997772,0.33086,False
-117784411#1,93.21,1.0,13.89,3.0,0.994964,0.330689,False
384030398#0,99.13,1.0,13.89,3.0,0.977464,0.330646,False
914660214#1,47.09,1.0,13.89,3.0,0.954274,0.330622,False
-381456451,58.34,1.0,13.89,3.0,0.910394,0.33046,False
348657487#0,86.85,1.0,13.89,4.0,0.777656,0.330452,False
381456451,58.17,1.0,13.89,3.0,0.908802,0.330381,False
-914660214#2,47.06,1.0,13.89,3.0,0.954255,0.330083,False
228797635#0,96.05,1.0,13.89,3.0,0.970755,0.330078,False
-770860549,67.67,1.0,13.89,3.0,0.975286,0.329795,False
-420086350,121.81,1.0,13.89,3.0,0.757644,0.329669,False
-770860542#1,64.5,1.0,13.89,3.0,0.981534,0.32965,False
770860549,67.67,1.0,13.89,3.0,0.975255,0.329267,False
-381447818,83.19,1.0,13.89,3.0,0.949402,0.32864,False
-228797635#1,94.83,1.0,13.89,3.0,0.970682,0.328534,False
228795465,73.07,1.0,13.89,3.0,0.995254,0.327817,False
229028340#0,115.73,1.0,13.89,3.0,0.763106,0.327665,False
-117784415,91.12,1.0,13.89,3.0,0.995834,0.327646,False
117784415,91.12,1.0,13.89,3.0,0.995834,0.327646,False
1125773042,39.39,1.0,13.89,3.0,0.989555,0.32739,False
198691082#0,50.44,1.0,13.89,3.0,0.997663,0.327277,False
-420331815,39.74,1.0,13.89,3.0,0.993463,0.32722,False
381809843#1,115.24,1.0,13.89,3.0,0.892102,0.326999,False
420331815,39.74,1.0,13.89,3.0,0.993492,0.326694,False
-384030398#1,93.12,1.0,13.89,3.0,0.979817,0.326109,False
420383140#1,55.64,1.0,13.89,3.0,0.956123,0.325975,False
-381809843#1,113.99,1.0,13.89,3.0,0.892063,0.32595,False
-1455524947#1,90.3,1.0,13.89,3.0,0.989034,0.325602,False
1455524947#1,90.3,1.0,13.89,3.0,0.989034,0.325602,False
913841953#0,111.3,1.0,13.89,3.0,0.901139,0.325523,False
-420383140#2,55.3,1.0,13.89,3.0,0.95571,0.325098,False
-381456464#1,69.13,1.0,13.89,3.0,0.940859,0.325063,False
381456464#0,68.72,1.0,13.89,3.0,0.941197,0.325027,False
244215399,89.08,1.0,13.89,3.0,0.98973,0.324725,False
-244215399,88.61,1.0,13.89,3.0,0.989709,0.324329,False
198691091,59.44,1.0,13.89,3.0,0.999941,0.324047,False
1456115790#0,125.6,1.0,13.89,3.0,0.857474,0.32404,False
-420383139#1,62.48,1.0,13.89,3.0,0.974839,0.323815,False
420383139#1,62.93,1.0,13.89,3.0,0.974871,0.323674,False
-198691091,59.44,1.0,13.89,3.0,0.99994,0.323512,False
228795475,122.32,1.0,13.89,3.0,0.854222,0.32339,False
-420331825#2,48.04,1.0,13.89,3.0,0.976365,0.322934,False
198691082#3,48.4,1.0,13.89,3.0,0.989634,0.322863,False
-384030401#2,90.06,1.0,13.89,3.0,0.974609,0.322517,False
318747848#3,203.72,1.0,13.89,3.0,0.847529,0.322051,False
-381452136,48.4,1.0,13.89,3.0,0.975974,0.321993,False
420331825#2,47.49,1.0,13.89,3.0,0.97636,0.321951,False
228795474#0,73.48,1.0,13.89,3.0,0.997366,0.321937,False
-228795481#0,127.43,1.0,13.89,3.0,0.845934,0.321732,False
-318747848#7,197.55,1.0,13.89,3.0,0.844974,0.32154,False
1283637467,85.42,1.0,13.89,3.0,0.989033,0.321535,False
-420348552#1,85.41,1.0,13.89,3.0,0.989033,0.321527,False
-228795474#0,73.6,1.0,13.89,3.0,0.997366,0.321504,False
-315658897#2,69.87,1.0,13.89,3.0,0.985022,0.32126,False
-420331825#1,39.79,1.0,13.89,3.0,0.995783,0.321142,False
315658897#2,69.87,1.0,13.89,3.0,0.985022,0.320733,False
420331825#1,39.79,1.0,13.89,3.0,0.995807,0.320614,False
-420331814#0,54.65,1.0,13.89,3.0,0.885648,0.32055,False
-420383139#0,67.39,1.0,13.89,3.0,0.913589,0.320182,False
329995227#1,82.27,1.0,13.89,3.0,0.994935,0.320091,False
-329995227#1,82.27,1.0,13.89,3.0,0.994923,0.320088,False
420383139#0,67.39,1.0,13.89,3.0,0.913545,0.319684,False
381452136,46.43,1.0,13.89,3.0,0.974687,0.319568,False
-821108007,79.34,1.0,13.89,3.0,0.999406,0.318543,False
821108007,79.34,1.0,13.89,3.0,0.999405,0.318543,False
73549702#1,174.8,1.0,13.89,3.0,0.827614,0.318068,False
955312947#0,93.78,1.0,13.89,3.0,0.797727,0.317488,False
-381452160#0,46.8,1.0,13.89,3.0,0.978292,0.317482,False
198691077#7,79.55,1.0,13.89,3.0,0.993,0.317437,False
-381452166#1,55.23,1.0,13.89,3.0,0.901963,0.317289,False
-1274416500,51.16,1.0,13.89,3.0,0.996232,0.317256,False
-381807690#1,81.55,1.0,13.89,3.0,0.983625,0.317229,False
381452166#1,55.44,1.0,13.89,3.0,0.901975,0.316983,False
384030401#2,83.47,1.0,13.89,3.0,0.974221,0.316948,False
381807690#0,81.07,1.0,13.89,3.0,0.983602,0.316824,False
381447831#0,37.91,1.0,13.89,3.0,0.972681,0.316817,False
1274416500,51.16,1.0,13.89,3.0,0.99623,0.316723,False
669061318,78.01,1.0,13.89,3.0,0.993975,0.316349,False
-243542157,55.97,1.0,13.89,3.0,0.927402,0.316313,False
228795472#0,77.23,1.0,13.89,3.0,0.997,0.316304,False
-381447831#0,37.85,1.0,13.89,3.0,0.972649,0.316242,False
381452160#0,45.64,1.0,13.89,3.0,0.978268,0.315967,False
-233651289#1,105.03,1.0,13.89,3.0,0.879445,0.315959,False
1456115790#8,81.62,1.0,13.89,3.0,0.9762,0.315802,False
-381226322#4,63.99,1.0,13.89,3.0,0.973581,0.315522,False
420331812#0,33.91,1.0,13.89,3.0,0.995004,0.315479,False
420383150#5,31.25,1.0,13.89,3.0,0.98423,0.315255,False
381226322#4,63.99,1.0,13.89,3.0,0.97358,0.315034,False
-420331812#0,33.91,1.0,13.89,3.0,0.995004,0.314946,False
117914348#0,68.27,1.0,13.89,3.0,0.97955,0.314744,False
243542157,54.42,1.0,13.89,3.0,0.928344,0.314727,False
-771678026,24.99,1.0,13.89,3.0,0.963367,0.314708,False
-955312947#0,90.25,1.0,13.89,3.0,0.795219,0.314438,False
-381452122#3,45.91,1.0,13.89,3.0,0.889915,0.314332,False
-117914348#0,68.27,1.0,13.89,3.0,0.97955,0.314219,False
771678026,24.99,1.0,13.89,3.0,0.963367,0.314193,False
381452122#0,45.3,1.0,13.89,3.0,0.890292,0.313428,False
381456448,53.77,1.0,13.89,3.0,0.873215,0.313213,False
-381226323,33.97,1.0,13.89,3.0,0.980811,0.313019,False
-381456448,53.82,1.0,13.89,3.0,0.873254,0.312795,False
-170403805,73.45,1.0,13.89,3.0,0.994767,0.312707,False
-272228440#2,36.53,1.0,13.89,3.0,0.949893,0.312612,False
381226323,33.97,1.0,13.89,3.0,0.980869,0.312506,False
-384030401#1,73.26,1.0,13.89,3.0,0.994135,0.312422,False
-381226322#1,57.44,1.0,13.89,3.0,0.95876,0.312365,False
-1002205303#1,75.26,1.0,13.89,3.0,0.984838,0.31223,False
1002205303#1,75.26,1.0,13.89,3.0,0.984838,0.31223,False
272228440#0,36.53,1.0,13.89,3.0,0.949906,0.312107,False
420348561#1,31.56,1.0,13.89,3.0,0.995985,0.312062,False
-420348561#1,31.63,1.0,13.89,3.0,0.995997,0.311591,False
-243542155#1,55.16,1.0,13.89,3.0,0.998479,0.311509,False
170403805,71.81,1.0,13.89,3.0,0.994934,0.311374,False
381226322#0,56.88,1.0,13.89,3.0,0.95825,0.311302,False
-233651333#5,98.72,1.0,13.89,3.0,0.881417,0.311095,False
-381452103#0,99.48,1.0,13.89,3.0,0.878086,0.311063,False
243542155#1,55.16,1.0,13.89,3.0,0.998479,0.310974,False
-420331825#3,55.51,1.0,13.89,3.0,0.902219,0.310894,False
381453321#1,20.78,1.0,13.89,3.0,0.99293,0.310819,False
384030401#1,71.07,1.0,13.89,3.0,0.993491,0.310469,False
-381453321#1,20.86,1.0,13.89,3.0,0.992945,0.310355,False
-381452166#3,32.15,1.0,13.89,3.0,0.978784,0.310099,False
381447823#0,110.45,1.0,13.89,3.0,0.827253,0.310038,False
270279686#1,20.2,1.0,13.89,3.0,0.986724,0.310014,False
-777422408,36.46,1.0,13.89,3.0,0.999817,0.309944,False
771923366,25.88,1.0,13.89,3.0,0.971526,0.309916,False
381456437,24.07,1.0,13.89,3.0,0.941074,0.309756,False
420331825#3,54.66,1.0,13.89,3.0,0.902111,0.309677,False
381452166#2,32.19,1.0,13.89,3.0,0.97886,0.309625,False
381452103#0,97.8,1.0,13.89,3.0,0.877668,0.309579,False
-381452166#0,49.22,1.0,13.89,3.0,0.861884,0.309517,False
-270279686#1,20.2,1.0,13.89,3.0,0.986775,0.309496,False
-771923366,25.88,1.0,13.89,3.0,0.971625,0.309415,False
420345569,133.82,1.0,13.89,3.0,0.783935,0.309332,False
-1125773040,24.07,1.0,13.89,3.0,0.941213,0.309281,False
381452166#0,49.38,1.0,13.89,3.0,0.861904,0.309186,False
183272613#0,91.39,1.0,13.89,3.0,0.902091,0.309122,False
519060522#7,76.67,1.0,8.33,3.0,1.0,0.309107,False
381452106#6,96.95,1.0,13.89,3.0,0.845364,0.309089,False
-183272613#2,91.33,1.0,13.89,3.0,0.902116,0.309077,False
381802843#0,55.75,1.0,13.89,3.0,0.924638,0.309038,False
-243542155#0,52.1,1.0,13.89,3.0,0.999873,0.308986,False
-913009310#1,132.64,1.0,13.89,3.0,0.781439,0.308833,False
344645186,79.73,1.0,13.89,3.0,0.94887,0.308761,False
-344645186,79.73,1.0,13.89,3.0,0.948835,0.308754,False
420331811#1,48.09,1.0,13.89,3.0,0.855116,0.30852,False
243542155#0,52.1,1.0,13.89,3.0,0.999874,0.308453,False
228797635#2,60.71,1.0,13.89,3.0,0.998008,0.308417,False
381453321#2,16.58,1.0,13.89,3.0,0.99984,0.308403,False
-228797635#2,61.23,1.0,13.89,3.0,0.997967,0.308314,False
-381802843#0,54.74,1.0,13.89,3.0,0.926831,0.308164,False
-788296723#0,110.49,1.0,13.89,3.0,0.817299,0.30808,False
420331820,102.63,1.0,13.89,3.0,0.850009,0.308072,False
777422408,34.84,1.0,13.89,3.0,0.999592,0.308012,False
228795474#1,55.39,1.0,13.89,3.0,0.997914,0.307982,False
-244221646#1,74.45,1.0,13.89,3.0,0.966042,0.307796,False
464461057#1,38.84,1.0,13.89,3.0,0.94033,0.307748,False
-381453321#2,16.37,1.0,13.89,3.0,0.999884,0.3077,False
-464461057#1,38.26,1.0,13.89,3.0,0.939464,0.307602,False
198691068,55.78,1.0,13.89,3.0,0.999979,0.307524,False
-228795474#2,55.4,1.0,13.89,3.0,0.997914,0.307457,False
-381453320#3,18.64,1.0,13.89,3.0,0.999624,0.307325,False
420383140#7,17.56,1.0,13.89,3.0,0.981735,0.307269,False
117914840,71.22,1.0,13.89,3.0,0.975817,0.307059,False
-198691068,55.78,1.0,13.89,3.0,0.99998,0.30699,False
-381453321#5,87.26,1.0,13.89,3.0,0.72471,0.30683,False
381453320#3,18.64,1.0,13.89,3.0,0.999635,0.306792,False
-1125773044,17.56,1.0,13.89,3.0,0.981843,0.306766,False
-381447823#1,104.0,1.0,13.89,3.0,0.836991,0.30661,False
244221646#0,71.29,1.0,13.89,3.0,0.972965,0.306547,False
-381453320#2,17.76,1.0,13.89,3.0,0.99938,0.306373,False
-117914840,70.09,1.0,13.89,3.0,0.97605,0.306164,False
198691070#3,64.59,1.0,13.89,3.0,0.997424,0.305855,False
-381452106#6,94.13,1.0,13.89,3.0,0.843217,0.305845,False
381453320#2,17.76,1.0,13.89,3.0,0.99938,0.305838,False
239357573#19,118.33,1.0,13.89,3.0,0.77226,0.305606,False
-420319848#1,45.75,1.0,13.89,3.0,0.977777,0.305462,False
-420383151,70.6,1.0,13.89,3.0,0.821115,0.305439,False
381453321#5,85.8,1.0,13.89,3.0,0.721156,0.305366,False
-198691076#0,63.71,1.0,13.89,3.0,0.997193,0.305076,False
198691076#0,63.71,1.0,13.89,3.0,0.997193,0.305076,False
788296723#0,104.48,1.0,13.89,3.0,0.826217,0.305074,False
-233651273,65.24,1.0,13.89,3.0,0.990463,0.305005,False
233651273,65.24,1.0,13.89,3.0,0.990463,0.305005,False
420383151,70.6,1.0,13.89,3.0,0.821114,0.304998,False
-634096163,63.78,1.0,13.89,3.0,0.996205,0.304936,False
381456445,27.56,1.0,13.89,3.0,0.94532,0.304488,False
420319848#1,45.16,1.0,13.89,3.0,0.977538,0.304393,False
344645187,77.24,1.0,13.89,3.0,0.936474,0.304207,False
-344645187,77.24,1.0,13.89,3.0,0.936435,0.304199,False
381453321#4,13.88,1.0,13.89,3.0,0.993269,0.304154,False
-272229589,62.64,1.0,13.89,3.0,0.996682,0.304082,False
-381453321#4,13.85,1.0,13.89,3.0,0.993281,0.3036,False
272229589,62.08,1.0,13.89,3.0,0.996587,0.303596,False
-381456445,27.03,1.0,13.89,3.0,0.945199,0.303513,False
464461053#0,90.26,1.0,13.89,3.0,0.877647,0.303291,False
-117784417#4,60.76,1.0,13.89,3.0,0.999993,0.303177,False
-420331817,91.74,1.0,13.89,3.0,0.869959,0.302987,False
117770531#6,47.49,1.0,13.89,3.0,0.888193,0.302729,False
-170207591#0,61.93,1.0,13.89,3.0,0.992493,0.302652,False
170207591#0,61.93,1.0,13.89,3.0,0.992472,0.302648,False
117914348#4,45.55,1.0,13.89,3.0,0.98921,0.302423,False
-464461053#1,93.14,1.0,13.89,3.0,0.861099,0.302382,False
-117770531#7,47.49,1.0,13.89,3.0,0.888255,0.302266,False
-117914348#4,45.55,1.0,13.89,3.0,0.989177,0.301888,False
420383150#3,10.72,1.0,13.89,3.0,0.989597,0.301848,False
117914849#0,65.25,1.0,13.89,3.0,0.974605,0.301841,False
-381452116,53.1,1.0,13.89,3.0,0.998285,0.301618,False
914660214#0,13.17,1.0,13.89,3.0,0.962031,0.301467,False
-239357573#19,114.6,1.0,13.89,3.0,0.766073,0.30126,False
117784417#4,58.39,1.0,13.89,3.0,0.999908,0.301185,False
381452116,53.1,1.0,13.89,3.0,0.998274,0.301081,False
-914660214#0,13.17,1.0,13.89,3.0,0.962031,0.300952,False
-381452160#1,37.97,1.0,13.89,3.0,0.934639,0.300832,False
381807694#0,43.06,1.0,13.89,3.0,0.997176,0.300611,False
381447829#0,113.63,1.0,13.89,3.0,0.679917,0.300358,False
-381456457#2,50.98,1.0,13.89,3.0,0.996698,0.300203,False
-381807694#1,43.07,1.0,13.89,3.0,0.997176,0.300086,False
-381809849#0,59.59,1.0,13.89,3.0,0.988363,0.299876,False
381809849#0,59.59,1.0,13.89,3.0,0.988363,0.299876,False
381452160#1,37.28,1.0,13.89,3.0,0.934661,0.29974,False
375125209,56.66,1.0,13.89,3.0,0.999103,0.299583,False
420383150#2,7.34,1.0,13.89,3.0,0.98946,0.299446,False
420348561#0,18.84,1.0,13.89,3.0,0.989026,0.299359,False
420383140#4,30.77,1.0,13.89,3.0,0.90695,0.299281,False
198691073#1,57.28,1.0,13.89,3.0,0.993621,0.299003,False
198691066,61.21,1.0,13.89,3.0,0.977224,0.298999,False
-198691066,61.21,1.0,13.89,3.0,0.977191,0.298992,False
420383152,15.97,1.0,13.89,3.0,0.99453,0.298905,False
-420383140#4,30.77,1.0,13.89,3.0,0.90695,0.298795,False
-420348561#0,18.64,1.0,13.89,3.0,0.989044,0.298664,False
-420383152,16.12,1.0,13.89,3.0,0.99461,0.298512,False
420348561#2,14.56,1.0,13.89,3.0,0.994073,0.298126,False
-176728955#1,44.47,1.0,13.89,3.0,0.939135,0.298022,False
176728955#0,44.97,1.0,13.89,3.0,0.938776,0.297875,False
-381447829#0,111.49,1.0,13.89,3.0,0.677296,0.297641,False
381807717#0,35.6,1.0,13.89,3.0,0.998407,0.297595,False
-420348561#2,14.56,1.0,13.89,3.0,0.994073,0.297594,False
381807717#1,34.9,1.0,13.89,3.0,0.999303,0.297554,False
381456443,49.19,1.0,13.89,3.0,0.955748,0.297274,False
-375125209,53.78,1.0,13.89,3.0,0.998849,0.297132,False
-381456443,49.27,1.0,13.89,3.0,0.955696,0.296819,False
198691083,52.66,1.0,13.89,3.0,0.999951,0.296558,False
-198691083,52.66,1.0,13.89,3.0,0.999953,0.296419,False
198564929#5,52.57,1.0,13.89,3.0,0.999897,0.296333,False
117784411#2,49.31,1.0,13.89,3.0,0.99623,0.296253,False
327035700#0,71.35,1.0,13.89,3.0,0.849736,0.296092,False
381456466#2,23.45,1.0,13.89,3.0,0.975057,0.296044,False
-117914847#0,61.01,1.0,13.89,3.0,0.962895,0.295966,False
117914847#0,61.01,1.0,13.89,3.0,0.962895,0.295966,False
381452101#1,61.29,1.0,13.89,3.0,0.961098,0.29584,False
-381452101#1,61.28,1.0,13.89,3.0,0.961093,0.295831,False
464461056,11.91,1.0,13.89,3.0,0.996133,0.295824,False
272232099#0,61.06,1.0,13.89,3.0,0.961561,0.295741,False
-117784411#2,49.31,1.0,13.89,3.0,0.996211,0.295715,False
381456457#2,44.42,1.0,13.89,3.0,0.999091,0.295686,False
-381226322#3,35.49,1.0,13.89,3.0,0.981005,0.295645,False
-327035700#0,71.35,1.0,13.89,3.0,0.849696,0.295629,False
-381456466#2,23.52,1.0,13.89,3.0,0.975194,0.295607,False
-228795467#0,52.6,1.0,13.89,3.0,0.995425,0.295464,False
228795467#0,52.6,1.0,13.89,3.0,0.995424,0.295464,False
381809843#0,52.55,1.0,13.89,3.0,0.99544,0.295425,False
-117914354,91.17,1.0,13.89,3.0,0.834305,0.295381,False
198691072#1,25.19,1.0,13.89,3.0,0.999833,0.295365,False
-464461056,11.91,1.0,13.89,3.0,0.996133,0.295292,False
381226322#3,35.49,1.0,13.89,3.0,0.981005,0.295153,False
117914354,90.48,1.0,13.89,3.0,0.834778,0.294901,False
-198691072#1,25.19,1.0,13.89,3.0,0.999833,0.29483,False
-381809843#0,51.79,1.0,13.89,3.0,0.995422,0.294788,False
-273647554#1,52.49,1.0,13.89,3.0,0.991146,0.294516,False
273647554#0,52.24,1.0,13.89,3.0,0.991163,0.294311,False
381452128,58.41,1.0,13.89,3.0,0.922404,0.293913,False
-272232099#1,58.82,1.0,13.89,3.0,0.961544,0.293871,False
420383150#1,0.2,1.0,13.89,3.0,0.9892,0.293851,False
-381452128,58.66,1.0,13.89,3.0,0.922438,0.293635,False
198691072#0,23.25,1.0,13.89,3.0,0.999842,0.293635,False
381456458,39.75,1.0,13.89,3.0,0.949251,0.293612,False
-420319848#2,27.48,1.0,13.89,3.0,0.991967,0.293556,False
228795472#1,64.27,1.0,13.89,3.0,0.928163,0.293538,False
-117914847#2,62.16,1.0,13.89,3.0,0.945762,0.293498,False
117914847#1,62.16,1.0,13.89,3.0,0.94571,0.293487,False
464445691#1,54.92,1.0,13.89,3.0,0.975599,0.293432,False
-381456458,39.97,1.0,13.89,3.0,0.949605,0.293352,False
-381226325,39.79,1.0,13.89,3.0,0.99999,0.293286,False
-272229588#0,56.95,1.0,13.89,3.0,0.966275,0.293259,False
-464445691#1,54.68,1.0,13.89,3.0,0.975593,0.293231,False
-198691072#0,23.25,1.0,13.89,3.0,0.99985,0.293102,False
420383140#5,8.05,1.0,13.89,3.0,0.958922,0.29298,False
-268782232#0,25.53,1.0,13.89,3.0,0.959098,0.292843,False
381456444,30.76,1.0,13.89,3.0,0.91939,0.292759,False
-381452132,53.82,1.0,13.89,3.0,0.873476,0.292756,False
-268782232#1,27.69,1.0,13.89,3.0,0.959015,0.292692,False
381452132,52.69,1.0,13.89,3.0,0.874923,0.292513,False
268782232#0,25.53,1.0,13.89,3.0,0.959098,0.292329,False
-420383140#5,7.52,1.0,13.89,3.0,0.960173,0.292287,False
1011331960,56.06,1.0,13.89,3.0,0.964904,0.292243,False
268782232#1,27.69,1.0,13.89,3.0,0.959117,0.2922,False
-1455524947#0,51.46,1.0,13.89,3.0,0.983645,0.292158,False
117784416,51.46,1.0,13.89,3.0,0.983645,0.292158,False
-268782232#2,29.36,1.0,13.89,3.0,0.959208,0.292101,False
-381802847#3,26.59,1.0,13.89,3.0,0.870208,0.292093,False
1099004169,63.46,1.0,13.89,3.0,0.846164,0.291884,False
381456459,41.05,1.0,13.89,3.0,0.909121,0.291669,False
420319848#2,25.67,1.0,13.89,3.0,0.992355,0.291608,False
-420319841#1,35.25,1.0,13.89,3.0,0.987612,0.291596,False
268782232#2,29.36,1.0,13.89,3.0,0.959208,0.291587,False
-913009313#1,81.44,1.0,13.89,3.0,0.855303,0.291473,False
-381456444,30.15,1.0,13.89,3.0,0.918894,0.291398,False
-198691076#2,57.84,1.0,13.89,3.0,0.953133,0.291372,False
-1099004169,63.33,1.0,13.89,3.0,0.846113,0.291314,False
37400087#0,55.17,1.0,13.89,3.0,0.963505,0.291221,False
117914348#3,33.95,1.0,13.89,3.0,0.98819,0.291198,False
-420383161,54.88,1.0,13.89,3.0,0.964393,0.291157,False
-228795478#2,49.45,1.0,13.89,3.0,0.986757,0.291105,False
228795478#2,49.45,1.0,13.89,3.0,0.986757,0.291105,False
1016508136#0,46.46,1.0,13.89,3.0,0.999082,0.291079,False
-1016508136#2,46.39,1.0,13.89,3.0,0.999078,0.291019,False
-381456459,40.91,1.0,13.89,3.0,0.908812,0.290992,False
420383161,54.61,1.0,13.89,3.0,0.964591,0.290972,False
420317544#2,156.76,1.0,13.89,3.0,0.691968,0.290939,False
-420317544#3,156.14,1.0,13.89,3.0,0.691919,0.290929,False
198691077#6,46.04,1.0,13.89,3.0,0.999668,0.290846,False
198691076#2,57.16,1.0,13.89,3.0,0.952979,0.290775,False
-381452178#0,48.99,1.0,13.89,3.0,0.986698,0.29071,False
-117914348#3,33.95,1.0,13.89,3.0,0.98819,0.290669,False
272229588#0,54.26,1.0,13.89,3.0,0.964447,0.290651,False
381802847#3,25.43,1.0,13.89,3.0,0.870347,0.29064,False
-176728952#6,135.74,1.0,13.89,3.0,0.690265,0.290598,False
431903251#1,46.76,1.0,13.89,3.0,0.99542,0.290596,False
176728952#4,135.48,1.0,13.89,3.0,0.690242,0.290594,False
-431903251#1,46.76,1.0,13.89,3.0,0.995399,0.290592,False
228795463#0,80.66,1.0,13.89,3.0,0.781013,0.290486,False
-273638834#9,48.26,1.0,13.89,3.0,0.897658,0.290142,False
381452180#1,17.39,1.0,13.89,3.0,0.958957,0.29014,False
420331838#0,56.29,1.0,13.89,3.0,0.908442,0.289916,False
-381452108#1,108.54,1.0,13.89,3.0,0.720382,0.289859,False
273638834#7,48.46,1.0,13.89,3.0,0.897639,0.28983,False
-228795463#1,80.33,1.0,13.89,3.0,0.781113,0.289821,False
381226325,36.3,1.0,13.89,3.0,0.999639,0.289809,False
-420319848#7,31.02,1.0,13.89,3.0,0.999132,0.289799,False
381452108#1,108.91,1.0,13.89,3.0,0.720315,0.289775,False
420331818#0,42.72,1.0,13.89,3.0,0.99986,0.289638,False
170403792,92.77,1.0,13.89,3.0,0.798464,0.289547,False
-420317540,132.6,1.0,13.89,3.0,0.684984,0.289542,False
420317540,132.48,1.0,13.89,3.0,0.684954,0.289536,False
-170403792,92.77,1.0,13.89,3.0,0.798407,0.289535,False
420319848#7,31.08,1.0,13.89,3.0,0.999134,0.289314,False
420319841#0,33.13,1.0,13.89,3.0,0.98762,0.289275,False
-381452180#2,16.98,1.0,13.89,3.0,0.95894,0.289273,False
-381452151,109.8,1.0,13.89,3.0,0.725401,0.289126,False
-420331838#0,55.87,1.0,13.89,3.0,0.908397,0.289074,False
-329995227#2,45.42,1.0,13.89,3.0,0.993314,0.289058,False
329995227#2,45.42,1.0,13.89,3.0,0.993314,0.289058,False
895829950,45.57,1.0,13.89,3.0,0.992106,0.288942,False
-198691084,45.73,1.0,13.89,3.0,0.991163,0.288886,False
198691084,45.73,1.0,13.89,3.0,0.991163,0.288886,False
198564929#3,43.58,1.0,13.89,3.0,0.999852,0.288833,False
-767524334#2,30.83,1.0,13.89,3.0,0.939547,0.288708,False
-420331818#0,42.23,1.0,13.89,3.0,0.99985,0.288693,False
-381809845,102.9,1.0,13.89,3.0,0.751779,0.288651,False
-228795484#0,45.68,1.0,13.89,3.0,0.989064,0.288425,False
228795484#0,45.68,1.0,13.89,3.0,0.989064,0.288425,False
198691077#14,43.51,1.0,13.89,3.0,0.997915,0.288387,False
381452178#0,46.3,1.0,13.89,3.0,0.98628,0.288385,False
273640078#2,205.7,1.0,13.89,3.0,0.679194,0.288384,False
381807717#5,24.43,1.0,13.89,3.0,0.99243,0.288177,False
381452151,108.49,1.0,13.89,3.0,0.725738,0.288101,False
-464459668#2,47.03,1.0,13.89,3.0,0.98047,0.287831,False
117770531#4,41.67,1.0,13.89,3.0,0.883083,0.287741,False
-170207591#1,43.29,1.0,13.89,3.0,0.994884,0.287597,False
170207591#1,43.29,1.0,13.89,3.0,0.994884,0.287597,False
-228795478#1,44.44,1.0,13.89,3.0,0.988847,0.287348,False
228795478#1,44.44,1.0,13.89,3.0,0.988847,0.287348,False
-117770531#4,41.67,1.0,13.89,3.0,0.883013,0.287253,False
-381452160#2,13.47,1.0,13.89,3.0,0.973765,0.287158,False
-273639501#2,25.59,1.0,13.89,3.0,0.998701,0.287047,False
767524334#0,28.43,1.0,13.89,3.0,0.943356,0.287017,False
381447827,75.35,1.0,13.89,3.0,0.857301,0.286797,False
198691077#4,41.05,1.0,13.89,3.0,0.999678,0.286689,False
-420383147,42.89,1.0,13.89,3.0,0.991839,0.286655,False
420383147,42.89,1.0,13.89,3.0,0.991839,0.286655,False
381452160#2,13.47,1.0,13.89,3.0,0.973765,0.286637,False
348657481#4,57.98,1.0,13.89,4.0,0.678191,0.2865,False
420331812#1,0.2,1.0,13.89,3.0,0.987204,0.286371,False
-273640078#4,199.1,1.0,13.89,3.0,0.667613,0.286068,False
-238536650#1,43.43,1.0,13.89,3.0,0.986496,0.286036,False
-420331812#1,0.2,1.0,13.89,3.0,0.987204,0.285842,False
-117914343#2,30.34,1.0,13.89,3.0,0.959752,0.285761,False
-431903251#0,46.16,1.0,13.89,3.0,0.972844,0.285581,False
431903251#0,46.16,1.0,13.89,3.0,0.972844,0.285581,False
273639501#2,24.4,1.0,13.89,3.0,0.998922,0.285572,False
-381447836#2,15.33,1.0,13.89,3.0,0.993286,0.285524,False
381456433,28.8,1.0,13.89,3.0,0.881788,0.285383,False
381456466#0,24.32,1.0,13.89,3.0,0.929372,0.285287,False
117914343#2,30.34,1.0,13.89,3.0,0.959752,0.285247,False
117770531#5,35.39,1.0,13.89,3.0,0.875127,0.285147,False
238536650#1,42.35,1.0,13.89,3.0,0.98636,0.285109,False
381456447,49.53,1.0,13.89,3.0,0.857923,0.285108,False
-381456447,49.89,1.0,13.89,3.0,0.858106,0.284982,False
-381456433,28.8,1.0,13.89,3.0,0.881788,0.28491,False
1160841705,49.58,1.0,13.89,3.0,0.954755,0.284813,False
464459668#2,42.65,1.0,13.89,3.0,0.983344,0.284756,False
237470575#5,80.97,1.0,13.89,3.0,0.791794,0.284745,False
-117770531#5,35.39,1.0,13.89,3.0,0.875127,0.284679,False
591142225#0,64.63,1.0,13.89,3.0,0.861728,0.284438,False
955312947#1,71.83,1.0,13.89,3.0,0.674546,0.284435,False
381447836#2,14.55,1.0,13.89,3.0,0.992826,0.284248,False
-381809850#2,97.01,1.0,13.89,3.0,0.754203,0.284228,False
-381456466#0,23.67,1.0,13.89,3.0,0.929047,0.284174,False
-381809849#4,41.15,1.0,13.89,3.0,0.986579,0.284153,False
-198691075#1,39.55,1.0,13.89,3.0,0.992902,0.284084,False
198691075#0,39.55,1.0,13.89,3.0,0.992901,0.284084,False
381809849#1,41.06,1.0,13.89,3.0,0.986577,0.284078,False
-591142220,63.66,1.0,13.89,3.0,0.860818,0.283921,False
-381802847#6,27.33,1.0,13.89,3.0,0.859928,0.283792,False
-381447836#0,13.59,1.0,13.89,3.0,0.99309,0.283444,False
381453320#0,31.89,1.0,13.89,3.0,0.793238,0.283365,False
-318747850#3,37.48,1.0,13.89,3.0,0.99776,0.283331,False
318747850#3,37.48,1.0,13.89,3.0,0.997758,0.28333,False
-381453320#0,31.01,1.0,13.89,3.0,0.794763,0.283327,False
381456432,64.05,1.0,13.89,3.0,0.88697,0.283314,False
-381456432,64.05,1.0,13.89,3.0,0.886948,0.28331,False
-464459667,43.96,1.0,13.89,3.0,0.969338,0.283046,False
464459667,43.96,1.0,13.89,3.0,0.969338,0.283046,False
381802847#5,26.85,1.0,13.89,3.0,0.860235,0.283011,False
-955312947#1,67.77,1.0,13.89,3.0,0.682752,0.282941,False
381447836#0,13.59,1.0,13.89,3.0,0.993197,0.282935,False
198691090,26.06,1.0,13.89,3.0,0.999936,0.282749,False
-420319848#0,16.98,1.0,13.89,3.0,0.992225,0.282569,False
420319848#0,17.6,1.0,13.89,3.0,0.992191,0.282549,False
-198691090,26.06,1.0,13.89,3.0,0.999936,0.282215,False
-381452106#4,37.0,1.0,13.89,3.0,0.993816,0.282142,False
770860551,56.27,1.0,13.89,3.0,0.70329,0.281843,False
-228795484#1,38.06,1.0,13.89,3.0,0.987865,0.281835,False
228795484#1,38.06,1.0,13.89,3.0,0.987865,0.281835,False
381456466#1,5.39,1.0,13.89,3.0,0.983764,0.281783,False
420331837#1,46.33,1.0,13.89,3.0,0.936327,0.281671,False
-1002205277,37.66,1.0,13.89,3.0,0.987926,0.281514,False
1002205277,37.61,1.0,13.89,3.0,0.987886,0.281464,False
381452097#0,82.5,1.0,13.89,3.0,0.687932,0.281361,False
-770860551,56.1,1.0,13.89,3.0,0.703294,0.281314,False
-420331837#1,46.33,1.0,13.89,3.0,0.936387,0.281182,False
-272228339#3,7.32,1.0,13.89,3.0,0.975794,0.281133,False
-381452097#1,81.84,1.0,13.89,3.0,0.68761,0.28113,False
-464445691#3,43.34,1.0,13.89,3.0,0.96215,0.281092,False
464445691#3,43.34,1.0,13.89,3.0,0.962093,0.281081,False
-170403779,34.8,1.0,13.89,3.0,0.997564,0.281058,False
170403779,34.8,1.0,13.89,3.0,0.997564,0.281058,False
-381456466#1,5.18,1.0,13.89,3.0,0.983614,0.281051,False
272228339#3,7.32,1.0,13.89,3.0,0.97611,0.280674,False
-228795478#0,35.89,1.0,13.89,3.0,0.988839,0.280222,False
228795478#0,35.89,1.0,13.89,3.0,0.988839,0.280222,False
-228795471,10.99,1.0,13.89,3.0,0.931359,0.28022,False
772873184,30.22,1.0,13.89,3.0,0.999997,0.280126,False
420383153,32.32,1.0,13.89,3.0,0.857563,0.280042,False
420331838#1,34.6,1.0,13.89,3.0,0.929628,0.280009,False
-381452101#0,37.42,1.0,13.89,3.0,0.98078,0.279885,False
237470575#1,57.51,1.0,13.89,3.0,0.796642,0.279776,False
228795471,10.99,1.0,13.89,3.0,0.931359,0.279721,False
-770860565#0,15.65,1.0,13.89,3.0,0.89965,0.279709,False
-420383153,32.32,1.0,13.89,3.0,0.857622,0.279594,False
381452101#0,37.07,1.0,13.89,3.0,0.980768,0.279591,False
198691073#3,43.56,1.0,13.89,3.0,0.953675,0.27958,False
273896156#1,19.04,1.0,13.89,3.0,0.922914,0.27958,False
381452106#4,33.47,1.0,13.89,3.0,0.995693,0.279576,False
-772873184,30.16,1.0,13.89,3.0,0.999997,0.279541,False
-420331838#1,34.6,1.0,13.89,3.0,0.929524,0.27949,False
770860565#0,15.65,1.0,13.89,3.0,0.89949,0.279196,False
-273896156#2,19.04,1.0,13.89,3.0,0.923111,0.279125,False
381452180#0,0.77,1.0,13.89,3.0,0.977418,0.27898,False
-273639056#2,64.68,1.0,13.89,3.0,0.698107,0.278798,False
73549702#9,35.38,1.0,13.89,3.0,0.983811,0.278791,False
322977650,13.69,1.0,13.89,3.0,0.980436,0.27879,False
-381802847#4,19.86,1.0,13.89,3.0,0.847619,0.278755,False
238536650#0,33.1,1.0,13.89,3.0,0.993014,0.278732,False
-381452180#0,0.77,1.0,13.89,3.0,0.977562,0.278485,False
381802847#4,19.86,1.0,13.89,3.0,0.847866,0.278349,False
-322977650,13.69,1.0,13.89,3.0,0.980436,0.278265,False
-238536650#0,32.41,1.0,13.89,3.0,0.993011,0.278156,False
-272228339#2,2.6,1.0,13.89,3.0,0.976308,0.278004,False
-381802845#1,45.19,1.0,13.89,3.0,0.825484,0.277483,False
-788296727#1,59.16,1.0,13.89,3.0,0.664644,0.277459,False
767654645#0,59.46,1.0,13.89,3.0,0.664751,0.277371,False
272228339#2,2.6,1.0,13.89,3.0,0.975465,0.277313,False
381802845#0,45.31,1.0,13.89,3.0,0.825501,0.277148,False
-117770551#0,74.45,1.0,13.89,3.0,0.590214,0.276981,False
329995227#0,30.42,1.0,13.89,3.0,0.994167,0.276729,False
381807721#3,25.0,1.0,13.89,3.0,0.999318,0.276691,False
-329995227#0,30.36,1.0,13.89,3.0,0.994178,0.276681,False
-788411954#1,39.52,1.0,13.89,3.0,0.955818,0.276642,False
351672100#3,48.97,1.0,13.89,3.0,0.915971,0.276548,False
117770551#0,74.29,1.0,13.89,3.0,0.590305,0.276541,False
821107999#0,55.0,1.0,13.89,3.0,0.890059,0.276391,False
-821107999#1,55.0,1.0,13.89,3.0,0.889955,0.27637,False
-351672100#4,48.77,1.0,13.89,3.0,0.915536,0.276294,False
788411954#0,38.93,1.0,13.89,3.0,0.955869,0.276161,False
-381807721#3,25.0,1.0,13.89,3.0,0.99932,0.276158,False
273647557,145.93,1.0,13.89,3.0,0.617619,0.276069,False
420331806,78.29,1.0,13.89,3.0,0.700928,0.27601,False
-631259843,36.12,1.0,13.89,3.0,0.966062,0.275858,False
631259843,36.12,1.0,13.89,3.0,0.966062,0.275858,False
-273647638#0,29.2,1.0,13.89,3.0,0.994765,0.275832,False
-381452140#1,68.09,1.0,13.89,3.0,0.830815,0.27545,False
381452140#1,68.09,1.0,13.89,3.0,0.830815,0.27545,False
273647638#0,28.71,1.0,13.89,3.0,0.994796,0.27543,False
-273638834#6,29.7,1.0,13.89,3.0,0.880947,0.275235,False
-420348553,31.2,1.0,13.89,3.0,0.982915,0.275128,False
420348553,31.2,1.0,13.89,3.0,0.982915,0.275128,False
-420331806,77.67,1.0,13.89,3.0,0.700949,0.275085,False
-170403818#2,30.72,1.0,13.89,3.0,0.983387,0.274823,False
273638834#5,29.7,1.0,13.89,3.0,0.880947,0.274764,False
-198691080#2,26.41,1.0,13.89,3.0,0.999992,0.274552,False
198691080#2,26.41,1.0,13.89,3.0,0.999993,0.274552,False
-420331810,69.48,1.0,13.89,3.0,0.672397,0.274407,False
170403818#2,29.64,1.0,13.89,3.0,0.985665,0.274378,False
-318747850#2,26.26,1.0,13.89,3.0,0.999145,0.274258,False
318747850#2,26.26,1.0,13.89,3.0,0.999144,0.274257,False
420331810,67.59,1.0,13.89,3.0,0.677011,0.274009,False
-273647557,141.87,1.0,13.89,3.0,0.606464,0.273838,False
-464461050,20.42,1.0,13.89,3.0,0.99054,0.273753,False
464461050,20.87,1.0,13.89,3.0,0.990607,0.273611,False
-1380857658,7.06,1.0,13.89,3.0,0.972421,0.273491,False
420348540#0,121.5,1.0,13.89,3.0,0.603579,0.273261,False
198691077#3,25.48,1.0,13.89,3.0,0.997334,0.273246,False
273639056#0,61.79,1.0,13.89,3.0,0.684435,0.273226,False
272228339#1,18.63,1.0,13.89,3.0,0.882192,0.273129,False
381456424#0,25.83,1.0,13.89,3.0,0.941781,0.273099,False
-381807721#2,98.17,1.0,13.89,3.0,0.66414,0.272872,False
-344663874,168.46,1.0,13.89,3.0,0.600174,0.27258,False
-381456424#0,25.75,1.0,13.89,3.0,0.94172,0.272516,False
-381447836#3,39.36,1.0,13.89,3.0,0.840017,0.272372,False
117914849#1,60.92,1.0,13.89,3.0,0.844973,0.272307,False
327040896,58.87,1.0,13.89,3.0,0.853396,0.272283,False
-327040896,58.87,1.0,13.89,3.0,0.85328,0.27226,False
327040894#1,50.32,1.0,13.89,3.0,0.888019,0.272083,False
-272228339#1,17.44,1.0,13.89,3.0,0.879249,0.272037,False
1380857658,10.94,1.0,13.89,3.0,0.947005,0.27199,False
-1456115802,50.2,1.0,13.89,3.0,0.887966,0.271972,False
273647554#3,31.44,1.0,13.89,3.0,0.966111,0.271968,False
-273647554#4,31.42,1.0,13.89,3.0,0.966013,0.271931,False
-344663901#3,161.43,1.0,13.89,3.0,0.593146,0.271175,False
277257944#1,37.15,1.0,13.89,3.0,0.860599,0.27114,False
651817398#0,152.26,1.0,13.89,3.0,0.588226,0.271104,False
-420331805,68.9,1.0,13.89,3.0,0.684443,0.270983,False
-277257944#1,37.15,1.0,13.89,3.0,0.860686,0.270942,False
420331805,68.9,1.0,13.89,3.0,0.684502,0.270628,False
420319841#9,60.5,1.0,13.89,3.0,0.837559,0.270474,False
-420319841#10,60.46,1.0,13.89,3.0,0.837532,0.270435,False
-651817398#5,158.19,1.0,13.89,3.0,0.585255,0.270286,False
273639055#3,90.51,1.0,13.89,3.0,0.578417,0.270283,False
381456440#0,20.43,1.0,13.89,3.0,0.875443,0.270123,False
381452179#0,24.17,1.0,13.89,3.0,0.986333,0.269954,False
381447836#3,37.58,1.0,13.89,3.0,0.837602,0.269949,False
198691077#9,31.52,1.0,13.89,3.0,0.955078,0.269828,False
-381456440#1,20.43,1.0,13.89,3.0,0.875747,0.269714,False
228950040#0,47.04,1.0,13.89,3.0,0.88919,0.269583,False
-228950040#2,45.39,1.0,13.89,3.0,0.892483,0.268867,False
420331808,69.81,1.0,13.89,3.0,0.686712,0.268393,False
-770860548#1,48.72,1.0,13.89,3.0,0.670736,0.268353,False
-381452179#0,22.0,1.0,13.89,3.0,0.98632,0.268143,False
-420331808,69.81,1.0,13.89,3.0,0.686712,0.268026,False
272231354,45.28,1.0,13.89,3.0,0.888006,0.26788,False
-198691080#1,18.37,1.0,13.89,3.0,0.99997,0.267848,False
198691080#1,18.37,1.0,13.89,3.0,0.99997,0.267848,False
198691077#11,42.06,1.0,13.89,3.0,0.900838,0.267763,False
-420317538#2,132.87,1.0,13.89,3.0,0.575823,0.26771,False
420317538#2,132.26,1.0,13.89,3.0,0.575707,0.267687,False
315658899#0,176.25,1.0,13.89,3.0,0.43856,0.267552,False
-315658899#1,175.54,1.0,13.89,3.0,0.439333,0.267494,False
770860548#0,48.26,1.0,13.89,3.0,0.670186,0.26749,False
117914348#1,9.17,1.0,13.89,3.0,0.979509,0.267364,False
-420348555#1,75.2,1.0,13.89,3.0,0.745586,0.26733,False
-272228338,28.15,1.0,13.89,3.0,0.832087,0.267271,False
381807721#2,91.95,1.0,13.89,3.0,0.659687,0.267165,False
-273639055#5,86.92,1.0,13.89,3.0,0.578928,0.267132,False
-420361205#3,133.09,1.0,13.89,3.0,0.572877,0.267121,False
464461057#2,117.55,1.0,13.89,3.0,0.360758,0.267029,False
-272231354,43.91,1.0,13.89,3.0,0.888991,0.266935,False
-117914348#1,9.17,1.0,13.89,3.0,0.9795,0.266837,False
381452108#2,81.19,1.0,13.89,3.0,0.733027,0.266809,False
272228338,28.15,1.0,13.89,3.0,0.831826,0.266772,False
-381456441,57.98,1.0,13.89,3.0,0.828576,0.266577,False
198691055#1,6.72,1.0,13.89,3.0,0.999935,0.266575,False
-198691055#1,6.72,1.0,13.89,3.0,0.99995,0.266043,False
198564929#0,42.9,1.0,13.89,3.0,0.888296,0.265955,False
381452174#1,94.39,1.0,13.89,3.0,0.673651,0.265934,False
-464461057#4,116.02,1.0,13.89,3.0,0.36173,0.265885,False
420383159#2,82.4,1.0,13.89,3.0,0.723342,0.26588,False
-420383159#2,82.21,1.0,13.89,3.0,0.723014,0.265657,False
-420319848#4,18.02,1.0,13.89,3.0,0.912423,0.26551,False
381456453#0,43.01,1.0,13.89,3.0,0.885515,0.26549,False
-381456453#0,43.01,1.0,13.89,3.0,0.885446,0.265476,False
-420331811#0,35.69,1.0,13.89,3.0,0.719111,0.265436,False
198691059,9.3,1.0,13.89,3.0,0.992792,0.265311,False
420361205#0,127.91,1.0,13.89,3.0,0.563601,0.265266,False
-381807721#0,109.34,1.0,13.89,3.0,0.482246,0.265192,False
-464459665,26.97,1.0,13.89,3.0,0.950691,0.265159,False
464459665,26.97,1.0,13.89,3.0,0.950691,0.265159,False
420331811#0,35.69,1.0,13.89,3.0,0.719383,0.265105,False
420319848#4,18.02,1.0,13.89,3.0,0.912643,0.265066,False
198691071#0,21.01,1.0,13.89,3.0,0.871676,0.264938,False
420348555#0,73.52,1.0,13.89,3.0,0.742204,0.264821,False
-198691059,9.3,1.0,13.89,3.0,0.992792,0.264779,False
-420331803,68.97,1.0,13.89,3.0,0.689808,0.264702,False
-420317543#1,43.26,1.0,13.89,3.0,0.879649,0.264525,False
420317543#1,43.26,1.0,13.89,3.0,0.879649,0.264525,False
-198691071#0,21.01,1.0,13.89,3.0,0.871859,0.264509,False
-381452108#3,79.17,1.0,13.89,3.0,0.729446,0.26441,False
420331803,68.97,1.0,13.89,3.0,0.689894,0.26435,False
-1455524947#2,16.99,1.0,13.89,3.0,0.987876,0.264279,False
1455524947#2,16.99,1.0,13.89,3.0,0.987876,0.264279,False
-420319848#3,16.76,1.0,13.89,3.0,0.898801,0.263889,False
-464461053#5,57.53,1.0,13.89,3.0,0.620102,0.263845,False
-381452186#2,69.04,1.0,13.89,3.0,0.755985,0.263773,False
381456441,55.66,1.0,13.89,3.0,0.823304,0.26359,False
273028084#10,81.14,1.0,13.89,3.0,0.716464,0.263455,False
-381802888,71.5,1.0,13.89,3.0,0.687534,0.263437,False
420319848#3,16.77,1.0,13.89,3.0,0.898701,0.263397,False
381802888,71.66,1.0,13.89,3.0,0.687544,0.263194,False
117914343#1,2.89,1.0,13.89,3.0,0.967902,0.262589,False
-272228340,45.41,1.0,13.89,3.0,0.703042,0.262569,False
327035701,72.86,1.0,13.89,3.0,0.669778,0.262561,False
327035699#0,39.35,1.0,13.89,3.0,0.885722,0.262482,False
-327035699#1,39.31,1.0,13.89,3.0,0.885835,0.262471,False
-117914343#1,2.09,1.0,13.89,3.0,0.967952,0.262467,False
229028338#0,0.42,1.0,13.89,3.0,0.996079,0.262403,False
464461053#5,56.23,1.0,13.89,3.0,0.61988,0.262395,False
237470575#0,30.38,1.0,13.89,3.0,0.79297,0.262273,False
-229028338#0,0.42,1.0,13.89,3.0,0.997899,0.262233,False
-420187959#7,69.9,1.0,13.89,3.0,0.757092,0.262214,False
420187959#6,69.9,1.0,13.89,3.0,0.757092,0.262214,False
-420319848#5,15.51,1.0,13.89,3.0,0.916613,0.262155,False
272228670#0,164.18,1.0,13.89,3.0,0.537263,0.261993,False
198691055#0,1.21,1.0,13.89,3.0,0.999947,0.261952,False
464461052#0,29.81,1.0,13.89,3.0,0.921717,0.26173,False
-272228670#1,165.7,1.0,13.89,3.0,0.534358,0.261698,False
420319848#5,15.51,1.0,13.89,3.0,0.916612,0.261665,False
-117914345#1,130.17,1.0,13.89,3.0,0.545325,0.26161,False
-464461051,14.0,1.0,13.89,3.0,0.977564,0.261489,False
272228567,22.08,1.0,13.89,3.0,0.74582,0.261427,False
-198691055#0,1.21,1.0,13.89,3.0,0.999849,0.261398,False
117784414,46.99,1.0,13.89,3.0,0.848045,0.261313,False
117914345#1,131.13,1.0,13.89,3.0,0.54343,0.261232,False
329612996,121.68,1.0,13.89,3.0,0.391606,0.261185,False
198691073#2,15.41,1.0,13.89,3.0,0.978825,0.261152,False
-272228567,22.08,1.0,13.89,3.0,0.746011,0.261065,False
-329612996,122.71,1.0,13.89,3.0,0.391656,0.261003,False
318747848#1,27.42,1.0,13.89,3.0,0.927944,0.260984,False
464461051,14.0,1.0,13.89,3.0,0.977564,0.260965,False
-318747848#2,27.38,1.0,13.89,3.0,0.927944,0.260951,False
-272228339#0,25.4,1.0,13.89,3.0,0.772133,0.2609,False
-381802848#1,33.47,1.0,13.89,3.0,0.690109,0.260768,False
183272579#6,31.19,1.0,13.89,3.0,0.714996,0.260589,False
381802848#1,32.74,1.0,13.89,3.0,0.690171,0.260586,False
-381802845#3,40.13,1.0,13.89,3.0,0.815774,0.260575,False
272228339#0,25.4,1.0,13.89,3.0,0.772133,0.260486,False
-381802845#2,33.66,1.0,13.89,3.0,0.815757,0.260124,False
381802845#3,40.13,1.0,13.89,3.0,0.815644,0.260112,False
-273647638#2,11.05,1.0,13.89,3.0,0.990093,0.259772,False
381802845#2,33.66,1.0,13.89,3.0,0.815912,0.259718,False
273647638#1,10.7,1.0,13.89,3.0,0.990181,0.259498,False
-176728955#2,59.56,1.0,13.89,3.0,0.712207,0.259304,False
244217578#1,70.98,1.0,8.33,3.0,0.999676,0.259085,False
1381133418,57.73,1.0,13.89,3.0,0.792118,0.259077,False
176728955#2,59.56,1.0,13.89,3.0,0.712207,0.258923,False
198691076#1,8.09,1.0,13.89,3.0,0.997956,0.258878,False
-198691076#1,8.09,1.0,13.89,3.0,0.997948,0.258877,False
-273028084#11,78.13,1.0,13.89,3.0,0.705869,0.258828,False
348657481#3,29.52,1.0,13.89,4.0,0.656871,0.25852,False
-1381133418,57.01,1.0,13.89,3.0,0.791783,0.25841,False
-464461052#1,26.46,1.0,13.89,3.0,0.917723,0.25814,False
420331804,68.66,1.0,13.89,3.0,0.69017,0.257988,False
381807721#0,104.18,1.0,13.89,3.0,0.468924,0.257911,False
-420331804,68.66,1.0,13.89,3.0,0.690111,0.257606,False
420393496#4,5.51,1.0,13.89,3.0,0.99985,0.257107,False
-420393496#4,5.51,1.0,13.89,3.0,0.999846,0.257106,False
-420331837#0,20.25,1.0,13.89,3.0,0.937932,0.257007,False
1283637455,5.36,1.0,13.89,3.0,0.999788,0.25697,False
381807720#0,193.71,1.0,13.89,3.0,0.393448,0.256928,False
-381452174#1,82.62,1.0,13.89,3.0,0.67746,0.256888,False
420331802#0,67.5,1.0,13.89,3.0,0.675903,0.256769,False
-381452101#2,11.2,1.0,13.89,3.0,0.974245,0.256728,False
-381802882,69.11,1.0,13.89,3.0,0.698891,0.256595,False
-381802874#0,33.39,1.0,13.89,3.0,0.679623,0.256532,False
381452101#2,10.82,1.0,13.89,3.0,0.974754,0.256513,False
-381452179#3,30.77,1.0,13.89,3.0,0.891417,0.25647,False
-420331802#0,67.5,1.0,13.89,3.0,0.675903,0.256408,False
381802848#2,34.81,1.0,13.89,3.0,0.689445,0.25634,False
-273648116#1,23.73,1.0,13.89,3.0,0.827435,0.256235,False
381802882,69.11,1.0,13.89,3.0,0.698807,0.256204,False
381802874#0,32.42,1.0,13.89,3.0,0.679768,0.256176,False
381456424#1,3.67,1.0,13.89,3.0,0.940257,0.255863,False
601902513#0,75.16,1.0,13.89,3.0,0.593764,0.255836,False
-601902513#0,75.53,1.0,13.89,3.0,0.593807,0.255829,False
-870977310#1,43.98,1.0,13.89,3.0,0.832948,0.255785,False
870977310#0,43.98,1.0,13.89,3.0,0.832896,0.255775,False
-772873181#2,46.45,1.0,13.89,3.0,0.822025,0.255659,False
-244217578#1,66.9,1.0,8.33,3.0,0.999318,0.255614,False
381230507#2,64.63,1.0,13.89,3.0,0.745056,0.255415,False
-381456424#1,3.85,1.0,13.89,3.0,0.939733,0.255406,False
381447835#0,195.07,1.0,13.89,3.0,0.318083,0.255222,False
-381230507#4,61.05,1.0,13.89,3.0,0.757086,0.254838,False
381802879#0,69.08,1.0,13.89,3.0,0.682153,0.254679,False
381452179#3,29.46,1.0,13.89,3.0,0.887605,0.254617,False
-381802848#2,33.18,1.0,13.89,3.0,0.689416,0.254508,False
-381802879#0,69.08,1.0,13.89,3.0,0.682212,0.254326,False
-420361194#3,89.47,1.0,13.89,3.0,0.440924,0.254224,False
381452186#1,61.67,1.0,13.89,3.0,0.739513,0.25401,False
-273639501#1,13.04,1.0,13.89,3.0,0.881613,0.254005,False
420361194#0,89.42,1.0,13.89,3.0,0.44088,0.253954,False
772873181#0,47.96,1.0,13.89,3.0,0.806648,0.253842,False
381802874#1,35.06,1.0,13.89,3.0,0.685932,0.253676,False
273648116#0,21.79,1.0,13.89,3.0,0.824367,0.253562,False
273639501#0,13.04,1.0,13.89,3.0,0.881613,0.253533,False
-381802853,15.01,1.0,13.89,3.0,0.823573,0.253162,False
892932178#0,45.2,1.0,13.89,3.0,0.813726,0.252957,False
381802853,15.01,1.0,13.89,3.0,0.824077,0.252821,False
-327035700#1,33.34,1.0,13.89,3.0,0.761152,0.252722,False
198691080#0,0.2,1.0,13.89,3.0,0.999997,0.252711,False
327035700#1,32.09,1.0,13.89,3.0,0.763665,0.252549,False
-176728955#7,42.85,1.0,13.89,3.0,0.82143,0.25254,False
-198691080#0,0.2,1.0,13.89,3.0,0.998824,0.252477,False
-381802874#1,34.15,1.0,13.89,3.0,0.685764,0.252462,False
272228340,39.28,1.0,13.89,3.0,0.677953,0.252015,False
176728955#7,39.6,1.0,13.89,3.0,0.830954,0.251736,False
-701497860#1,20.44,1.0,13.89,3.0,0.910602,0.251699,False
-327035702#0,12.87,1.0,13.89,3.0,0.938001,0.251562,False
-420319846,14.88,1.0,13.89,3.0,0.763091,0.251368,False
770860550,2.84,1.0,13.89,3.0,0.759189,0.251167,False
198564929#2,21.4,1.0,13.89,3.0,0.903774,0.251134,False
-1380857657#1,4.35,1.0,13.89,3.0,0.878044,0.251133,False
420319846,14.01,1.0,13.89,3.0,0.76729,0.251112,False
-420319841#2,27.09,1.0,13.89,3.0,0.824615,0.250826,False
1380857657#1,4.35,1.0,13.89,3.0,0.878409,0.250736,False
701497860#1,19.24,1.0,13.89,3.0,0.909919,0.250562,False
464461053#4,60.31,1.0,13.89,3.0,0.586706,0.250524,False
-464461053#4,59.67,1.0,13.89,3.0,0.587296,0.250393,False
228795463#4,52.53,1.0,13.89,3.0,0.752667,0.250367,False
-420331809,34.45,1.0,13.89,3.0,0.686524,0.250348,False
-420331807#1,35.03,1.0,13.89,3.0,0.684451,0.250139,False
-770860550,2.84,1.0,13.89,3.0,0.756026,0.250129,False
381802843#1,76.49,1.0,13.89,3.0,0.589211,0.250106,False
381802844#8,14.29,1.0,13.89,3.0,0.708399,0.250068,False
-892932178#1,42.32,1.0,13.89,3.0,0.810708,0.249954,False
-228795463#4,52.53,1.0,13.89,3.0,0.752587,0.249948,False
420319841#2,26.58,1.0,13.89,3.0,0.824015,0.249827,False
-420097204#3,46.33,1.0,13.89,3.0,0.793186,0.249791,False
420097204#3,46.33,1.0,13.89,3.0,0.793186,0.249791,False
117770536#1,42.89,1.0,8.33,3.0,0.870818,0.249785,False
-381802844#8,14.29,1.0,13.89,3.0,0.708399,0.249689,False
-381802843#1,76.34,1.0,13.89,3.0,0.589033,0.249616,False
348657481#0,79.17,1.0,13.89,4.0,0.405223,0.249565,False
-268782234#1,54.85,1.0,8.33,3.0,0.958991,0.249561,False
420331802#1,67.5,1.0,13.89,3.0,0.690513,0.249546,False
183272580#0,35.62,1.0,13.89,3.0,0.821636,0.24942,False
-420331802#1,67.5,1.0,13.89,3.0,0.690513,0.249176,False
-381802870#0,39.9,1.0,13.89,3.0,0.816583,0.249112,False
381802870#0,39.9,1.0,13.89,3.0,0.816583,0.249112,False
870977311,92.3,1.0,13.89,3.0,0.584227,0.249027,False
-183272580#1,35.62,1.0,13.89,3.0,0.821705,0.248994,False
381452106#1,0.2,1.0,13.89,3.0,0.981195,0.248951,False
-870977311,92.3,1.0,13.89,3.0,0.584227,0.248714,False
-1125773041,45.54,1.0,13.89,3.0,0.551264,0.248565,False
117770543#1,72.91,1.0,13.89,3.0,0.576428,0.248546,False
320463283,44.98,1.0,13.89,3.0,0.552322,0.248451,False
381456457#0,34.49,1.0,13.89,3.0,0.781066,0.248314,False
73549702#8,0.2,1.0,13.89,3.0,0.977991,0.24831,False
-117770543#1,72.91,1.0,13.89,3.0,0.576328,0.248217,False
381802863,70.72,1.0,13.89,3.0,0.515495,0.248197,False
-381802863,70.27,1.0,13.89,3.0,0.515213,0.24807,False
420331809,32.14,1.0,13.89,3.0,0.686565,0.247924,False
420331807#1,32.64,1.0,13.89,3.0,0.684296,0.247894,False
-381452106#3,0.21,1.0,13.89,3.0,0.975495,0.247819,False
701497861,64.37,1.0,13.89,3.0,0.707542,0.247696,False
-381802883#1,66.5,1.0,13.89,3.0,0.698153,0.247593,False
198691077#15,4.85,1.0,13.89,3.0,0.954285,0.247444,False
-420317543#0,39.26,1.0,13.89,3.0,0.810538,0.24737,False
420317543#0,39.26,1.0,13.89,3.0,0.810537,0.24737,False
381802883#1,66.11,1.0,13.89,3.0,0.698053,0.247248,False
-381452108#4,2.69,1.0,13.89,3.0,0.962103,0.247208,False
381456453#1,18.13,1.0,13.89,3.0,0.897038,0.247061,False
381452106#3,0.21,1.0,13.89,3.0,0.97136,0.246993,False
-381452106#1,0.2,1.0,13.89,3.0,0.971361,0.246984,False
-381456453#1,18.05,1.0,13.89,3.0,0.896933,0.246974,False
381452108#4,2.09,1.0,13.89,3.0,0.962298,0.246747,False
-591142208#2,72.72,1.0,13.89,3.0,0.644905,0.246392,False
268782234#1,48.6,1.0,8.33,3.0,0.966734,0.246339,False
591142208#1,72.71,1.0,13.89,3.0,0.644815,0.24602,False
-420331814#2,10.29,1.0,13.89,3.0,0.713883,0.245992,False
381802858,16.07,1.0,13.89,3.0,0.726391,0.245909,False
-1149179293,104.05,1.0,13.89,3.0,0.532298,0.245713,False
1149179293,104.05,1.0,13.89,3.0,0.532256,0.245705,False
-381802884#1,34.94,1.0,13.89,3.0,0.681508,0.245675,False
420331814#2,10.29,1.0,13.89,3.0,0.71349,0.245532,False
-381802858,16.07,1.0,13.89,3.0,0.726391,0.24552,False
-381802879#1,66.94,1.0,13.89,3.0,0.685508,0.24543,False
272228144#1,59.0,1.0,13.89,3.0,0.538949,0.245272,False
-381802860#1,67.37,1.0,13.89,3.0,0.56151,0.245264,False
-381452101#3,6.4,1.0,13.89,3.0,0.936266,0.245132,False
381452101#3,6.4,1.0,13.89,3.0,0.936266,0.245132,False
381802879#1,66.61,1.0,13.89,3.0,0.685298,0.245113,False
381802860#1,67.37,1.0,13.89,3.0,0.561622,0.244985,False
-272228144#1,59.0,1.0,13.89,3.0,0.538876,0.244969,False
381802884#1,33.63,1.0,13.89,3.0,0.681606,0.244887,False
-381456457#1,40.98,1.0,13.89,3.0,0.735784,0.244873,False
-420092889#1,46.95,1.0,13.89,3.0,0.764911,0.244653,False
420092889#0,46.95,1.0,13.89,3.0,0.764911,0.244653,False
-273638834#1,0.2,1.0,13.89,3.0,0.784518,0.24434,False
-381452156#2,104.49,1.0,13.89,3.0,0.404715,0.244003,False
-381452176#0,41.61,1.0,13.89,3.0,0.562713,0.243911,False
273024752,21.57,1.0,13.89,3.0,0.62466,0.243907,False
381452176#0,41.78,1.0,13.89,3.0,0.563062,0.24385,False
273639040#0,94.04,1.0,13.89,3.0,0.409098,0.243791,False
-273639040#2,93.76,1.0,13.89,3.0,0.409027,0.243766,False
-420331813#0,32.66,1.0,13.89,3.0,0.632563,0.243766,False
420331813#0,32.66,1.0,13.89,3.0,0.632564,0.243426,False
381452156#2,104.12,1.0,13.89,3.0,0.404394,0.243379,False
381802848#0,13.44,1.0,13.89,3.0,0.660909,0.243379,False
-381802870#1,33.77,1.0,13.89,3.0,0.812502,0.243188,False
381802870#1,33.77,1.0,13.89,3.0,0.812502,0.243188,False
-381802848#0,13.44,1.0,13.89,3.0,0.660611,0.242966,False
-381802883#0,70.24,1.0,13.89,3.0,0.637803,0.24273,False
420331802#2,67.52,1.0,13.89,3.0,0.668019,0.242416,False
-381452178#1,23.46,1.0,13.89,3.0,0.85157,0.242409,False
243542153#1,68.43,1.0,13.89,3.0,0.492218,0.242267,False
381802883#0,68.91,1.0,13.89,3.0,0.639331,0.24222,False
381452178#1,23.19,1.0,13.89,3.0,0.851511,0.242173,False
-420331802#3,66.18,1.0,13.89,3.0,0.670766,0.241849,False
420331814#1,2.83,1.0,13.89,3.0,0.712657,0.241596,False
-273640076#1,226.9,1.0,13.89,3.0,0.444735,0.241493,False
-420331814#1,2.36,1.0,13.89,3.0,0.711984,0.241425,False
244221646#3,227.38,1.0,13.89,3.0,0.444207,0.241387,False
-420331825#4,21.61,1.0,13.89,3.0,0.718708,0.240695,False
420331825#4,21.61,1.0,13.89,3.0,0.718892,0.240346,False
176728949#0,173.0,1.0,13.89,3.0,0.367095,0.24029,False
871052109#1,6.24,1.0,2.78,2.0,0.999653,0.240275,False
-176728949#1,173.0,1.0,13.89,3.0,0.367122,0.240098,False
381802844#5,9.23,1.0,13.89,3.0,0.717068,0.239918,False
-243542153#3,66.62,1.0,13.89,3.0,0.486637,0.239909,False
-381452163#2,24.13,1.0,13.89,3.0,0.730418,0.239766,False
-871052109#1,6.24,1.0,2.78,2.0,0.999615,0.239733,False
381453327,96.53,1.0,13.89,3.0,0.389886,0.239704,False
-381802844#5,9.23,1.0,13.89,3.0,0.717068,0.239534,False
-381452186#0,24.29,1.0,13.89,3.0,0.821896,0.239312,False
381452163#2,23.83,1.0,13.89,3.0,0.73104,0.239261,False
-238536650#2,71.46,1.0,13.89,3.0,0.635668,0.239229,False
381802844#7,4.71,1.0,13.89,3.0,0.707458,0.239049,False
381452140#0,21.75,1.0,13.89,3.0,0.841348,0.23894,False
-381452140#0,21.75,1.0,13.89,3.0,0.841219,0.238914,False
-272231357#1,56.94,1.0,13.89,3.0,0.69369,0.238733,False
-381802844#7,4.71,1.0,13.89,3.0,0.707458,0.238669,False
117914353#0,25.58,1.0,13.89,3.0,0.785847,0.238646,False
381452186#0,23.92,1.0,13.89,3.0,0.82191,0.238566,False
273638834#0,0.46,1.0,13.89,3.0,0.756054,0.238556,False
785130602#2,43.94,1.0,13.89,3.0,0.593183,0.238485,False
-785130602#2,44.22,1.0,13.89,3.0,0.593443,0.238442,False
-117914353#0,25.69,1.0,13.89,3.0,0.785841,0.238317,False
-381456429,20.3,1.0,13.89,3.0,0.843773,0.238217,False
381456429,20.3,1.0,13.89,3.0,0.843773,0.238217,False
-381458589#0,27.6,1.0,13.89,3.0,0.812946,0.238135,False
381458589#0,27.6,1.0,13.89,3.0,0.812946,0.238135,False
-381802879#3,59.34,1.0,13.89,3.0,0.680241,0.238044,False
-381447826,46.47,1.0,13.89,3.0,0.547633,0.237918,False
420331807#0,34.32,1.0,13.89,3.0,0.662745,0.237767,False
381802879#2,59.03,1.0,13.89,3.0,0.68011,0.237759,False
381447826,46.18,1.0,13.89,3.0,0.547573,0.23736,False
183272579#2,17.83,1.0,13.89,3.0,0.715019,0.237357,False
-381452163#0,12.77,1.0,13.89,3.0,0.731157,0.237289,False
-651818430#1,33.32,1.0,13.89,3.0,0.628953,0.23727,False
183272579#5,6.85,1.0,13.89,3.0,0.718735,0.237163,False
651818430#0,34.97,1.0,13.89,3.0,0.622974,0.237148,False
348648513#2,257.53,1.0,13.89,4.0,0.172559,0.237057,False
381452163#0,12.77,1.0,13.89,3.0,0.731157,0.236897,False
420317538#1,141.66,1.0,13.89,3.0,0.421405,0.236826,False
-420317538#1,142.28,1.0,13.89,3.0,0.421371,0.23682,False
170403818#3,44.16,1.0,13.89,3.0,0.736594,0.236664,False
-381452179#1,8.28,1.0,13.89,3.0,0.885412,0.236528,False
420092888#1,81.34,1.0,13.89,3.0,0.579363,0.236201,False
-420092888#1,81.34,1.0,13.89,3.0,0.579274,0.236184,False
381452179#1,7.85,1.0,13.89,3.0,0.885343,0.236156,False
-170403818#5,43.35,1.0,13.89,3.0,0.737383,0.236147,False
-381453327,93.28,1.0,13.89,3.0,0.384194,0.236118,False
-420331807#0,32.03,1.0,13.89,3.0,0.662676,0.236056,False
272231357#2,58.5,1.0,13.89,3.0,0.673736,0.236043,False
420317541#2,51.3,1.0,13.89,3.0,0.701468,0.235589,False
-117914345#4,21.73,1.0,13.89,3.0,0.824431,0.23554,False
117914345#4,21.73,1.0,13.89,3.0,0.824431,0.23554,False
238536650#2,66.11,1.0,13.89,3.0,0.638135,0.235264,False
273639456,48.6,1.0,13.89,3.0,0.571528,0.235153,False
381802844#6,2.43,1.0,13.89,3.0,0.708521,0.235046,False
-273639456,48.6,1.0,13.89,3.0,0.571528,0.234846,False
870977309,130.35,1.0,8.33,3.0,0.595295,0.234841,False
464459668#0,88.55,1.0,13.89,3.0,0.541658,0.234669,False
-381802844#6,2.47,1.0,13.89,3.0,0.708202,0.234633,False
170207582#1,89.67,1.0,13.89,3.0,0.536222,0.234515,False
-301285279#0,153.35,1.0,13.89,3.0,0.207225,0.234499,False
1125640020,143.81,1.0,13.89,4.0,0.1595,0.234445,False
183272579#3,10.45,1.0,13.89,3.0,0.714518,0.234438,False
-348659730,143.31,1.0,13.89,4.0,0.159225,0.234391,False
117914353#2,25.6,1.0,13.89,3.0,0.72362,0.234147,False
272231355,48.37,1.0,13.89,3.0,0.705725,0.233999,False
871052109#0,0.2,1.0,2.78,2.0,0.993953,0.233998,False
-381452163#1,9.91,1.0,13.89,3.0,0.741087,0.233984,False
381802844#1,9.81,1.0,13.89,3.0,0.716351,0.233763,False
-117914353#2,25.6,1.0,13.89,3.0,0.72362,0.23376,False
464461055,7.42,1.0,13.89,3.0,0.743743,0.233635,False
-381802844#1,9.81,1.0,13.89,3.0,0.717342,0.233577,False
381452163#1,9.91,1.0,13.89,3.0,0.740718,0.233513,False
-871052109#0,0.2,1.0,2.78,2.0,0.993953,0.233465,False
-272228442,27.06,1.0,13.89,3.0,0.666432,0.233284,False
-381452104#2,205.97,1.0,13.89,3.0,0.402425,0.23303,False
183272579#1,17.1,1.0,13.89,3.0,0.714643,0.232953,False
117914343#0,13.8,1.0,13.89,3.0,0.770557,0.232926,False
237470575#3,10.17,1.0,13.89,3.0,0.784358,0.232919,False
-268782329#1,28.12,1.0,8.33,3.0,0.959563,0.232839,False
-272231357#2,54.23,1.0,13.89,3.0,0.675268,0.232791,False
381452104#2,205.32,1.0,13.89,3.0,0.400956,0.232737,False
382947009,146.45,1.0,13.89,3.0,0.194937,0.232334,False
268782329#1,28.12,1.0,8.33,3.0,0.959563,0.232325,False
381802884#0,17.46,1.0,13.89,3.0,0.657485,0.232216,False
-381452152,79.06,1.0,13.89,3.0,0.568823,0.232193,False
-268782329#0,25.0,1.0,8.33,3.0,0.959591,0.232164,False
-420092888#0,76.38,1.0,13.89,3.0,0.579332,0.232062,False
420092888#0,76.38,1.0,13.89,3.0,0.579236,0.232043,False
381452104#0,83.0,1.0,13.89,3.0,0.518203,0.231894,False
381447817#1,109.56,1.0,13.89,3.0,0.218969,0.231833,False
-381447817#1,109.45,1.0,13.89,3.0,0.218939,0.231795,False
381452152,78.52,1.0,13.89,3.0,0.569018,0.231782,False
268782329#0,25.0,1.0,8.33,3.0,0.959577,0.231649,False
-117914343#0,11.49,1.0,13.89,3.0,0.770582,0.231541,False
464461057#0,52.15,1.0,13.89,3.0,0.53109,0.231293,False
-420319841#3,17.43,1.0,13.89,3.0,0.786168,0.231063,False
-322977445,46.93,1.0,13.89,3.0,0.69595,0.230844,False
-381802884#0,16.08,1.0,13.89,3.0,0.657566,0.230817,False
381802844#3,0.2,1.0,13.89,3.0,0.721763,0.230752,False
-381452104#0,81.18,1.0,13.89,3.0,0.517743,0.230564,False
117914848#0,79.94,1.0,13.89,3.0,0.55652,0.230466,False
420319841#3,17.03,1.0,13.89,3.0,0.786705,0.230428,False
913570919,22.06,1.0,13.89,3.0,0.555418,0.230265,False
-464461055,10.98,1.0,13.89,3.0,0.713307,0.230214,False
-117914848#1,79.56,1.0,13.89,3.0,0.556722,0.23019,False
-381802876#1,72.21,1.0,13.89,3.0,0.422437,0.229965,False
183272579#4,2.58,1.0,13.89,3.0,0.711427,0.229706,False
272228442,24.04,1.0,13.89,3.0,0.658213,0.229504,False
322977445,45.3,1.0,13.89,3.0,0.695167,0.229329,False
183272579#0,17.0,1.0,13.89,3.0,0.715105,0.229285,False
919261680,11.22,1.0,13.89,3.0,0.836398,0.229175,False
117770543#2,62.5,1.0,13.89,3.0,0.577962,0.228976,False
-381802844#2,0.2,1.0,13.89,3.0,0.721762,0.228908,False
-117770543#2,62.5,1.0,13.89,3.0,0.577962,0.228667,False
913405361,63.75,1.0,13.89,3.0,0.375332,0.228538,False
-268782331,25.26,1.0,8.33,3.0,0.955917,0.228484,False
-464459668#1,84.41,1.0,13.89,3.0,0.526351,0.228157,False
268782331,25.26,1.0,8.33,3.0,0.955933,0.227976,False
-785130602#1,45.18,1.0,13.89,3.0,0.496885,0.227961,False
381802883#2,52.14,1.0,13.89,3.0,0.658406,0.227677,False
-381802883#3,51.95,1.0,13.89,3.0,0.658533,0.227544,False
-770860548#2,22.57,1.0,13.89,3.0,0.603603,0.227326,False
381802876#1,70.27,1.0,13.89,3.0,0.417769,0.227119,False
244221645,48.62,1.0,13.89,3.0,0.538894,0.226931,False
-768399563#0,48.88,1.0,13.89,3.0,0.539049,0.226888,False
244217578#2,34.36,1.0,8.33,3.0,0.991273,0.226888,False
785130602#1,43.52,1.0,13.89,3.0,0.496557,0.226778,False
-381447822,31.96,1.0,13.89,3.0,0.737763,0.226731,False
381447822,31.92,1.0,13.89,3.0,0.737661,0.226678,False
770860548#2,22.1,1.0,13.89,3.0,0.604234,0.22667,False
-381452163#4,16.71,1.0,13.89,3.0,0.73329,0.226589,False
420319845,127.9,1.0,13.89,3.0,0.15203,0.226535,False
-420319845,129.32,1.0,13.89,3.0,0.151194,0.226302,False
651696631#0,88.76,1.0,13.89,3.0,0.498471,0.226206,False
381452163#4,16.71,1.0,13.89,3.0,0.73329,0.226195,False
-651696631#2,88.76,1.0,13.89,3.0,0.49838,0.226188,False
228796091#2,102.97,1.0,13.89,3.0,0.216272,0.226181,False
-228796091#4,102.89,1.0,13.89,3.0,0.216128,0.226085,False
-381802860#2,86.53,1.0,13.89,3.0,0.316762,0.22601,False
-381452097#2,25.83,1.0,13.89,3.0,0.599295,0.225971,False
381452097#2,26.02,1.0,13.89,3.0,0.599583,0.225853,False
117770536#0,17.66,1.0,8.33,3.0,0.837252,0.225842,False
381802860#2,86.53,1.0,13.89,3.0,0.316762,0.22584,False
351672095#2,116.63,1.0,13.89,3.0,0.38031,0.225799,False
-244217578#3,32.94,1.0,8.33,3.0,0.991228,0.225696,False
272228144#2,40.63,1.0,13.89,3.0,0.563958,0.225544,False
-268782334#1,28.59,1.0,8.33,3.0,0.957643,0.225415,False
381452104#1,14.18,1.0,13.89,3.0,0.804715,0.225305,False
-381807698#3,145.75,1.0,13.89,3.0,0.203294,0.225261,False
-272228144#2,40.63,1.0,13.89,3.0,0.563958,0.225243,False
-268782334#0,24.59,1.0,8.33,3.0,0.963633,0.225176,False
381807698#0,145.4,1.0,13.89,3.0,0.203194,0.225118,False
-381452104#1,13.79,1.0,13.89,3.0,0.805121,0.225061,False
198691077#0,0.2,1.0,13.89,3.0,0.861717,0.225055,False
381802844#0,5.22,1.0,13.89,3.0,0.707929,0.224956,False
268782334#1,28.59,1.0,8.33,3.0,0.957643,0.224903,False
-351672100#2,108.44,1.0,13.89,3.0,0.4091,0.224732,False
-381807690#2,49.5,1.0,13.89,3.0,0.654428,0.224681,False
268782334#0,24.59,1.0,8.33,3.0,0.963645,0.224663,False
-381452163#5,18.68,1.0,13.89,3.0,0.733612,0.22464,False
-243542153#5,49.11,1.0,13.89,3.0,0.533539,0.224612,False
-381802844#0,5.22,1.0,13.89,3.0,0.707929,0.224577,False
-117770551#2,26.98,1.0,13.89,3.0,0.586064,0.224552,False
-381802844#3,0.2,1.0,13.89,3.0,0.692588,0.224532,False
117770551#2,26.98,1.0,13.89,3.0,0.586064,0.224237,False
955312948,17.8,1.0,13.89,3.0,0.606153,0.223965,False
-955312948,17.8,1.0,13.89,3.0,0.606478,0.223705,False
-420089386#1,46.36,1.0,13.89,3.0,0.586468,0.223573,False
237470575#4,0.84,1.0,13.89,3.0,0.784176,0.223541,False
381802844#2,0.2,1.0,13.89,3.0,0.692587,0.223457,False
384030395,125.41,1.0,13.89,3.0,0.354155,0.223377,False
381452163#5,17.58,1.0,13.89,3.0,0.733309,0.223332,False
420089386#0,46.36,1.0,13.89,3.0,0.586468,0.223258,False
243542153#4,47.89,1.0,13.89,3.0,0.532859,0.22319,False
-381456422#1,53.57,1.0,13.89,3.0,0.546808,0.22308,False
-381452163#3,17.28,1.0,13.89,3.0,0.695512,0.223006,False
381452163#3,17.54,1.0,13.89,3.0,0.695386,0.222819,False
117914353#1,16.55,1.0,13.89,3.0,0.723281,0.222456,False
381807690#2,46.31,1.0,13.89,3.0,0.656513,0.22244,False
381802881#1,61.53,1.0,13.89,3.0,0.367542,0.222437,False
381447833#0,52.44,1.0,13.89,3.0,0.395854,0.222404,False
381456422#0,52.35,1.0,13.89,3.0,0.549551,0.222382,False
420092889#4,24.87,1.0,13.89,3.0,0.71882,0.22236,False
-117914353#1,16.78,1.0,13.89,3.0,0.723515,0.222293,False
-381447833#0,52.07,1.0,13.89,3.0,0.396043,0.222154,False
-420331830,66.87,1.0,13.89,3.0,0.432148,0.221971,False
-420092889#4,24.87,1.0,13.89,3.0,0.71866,0.221943,False
420331830,66.87,1.0,13.89,3.0,0.432277,0.221765,False
-381802881#0,47.71,1.0,13.89,3.0,0.453347,0.221656,False
-381802881#2,60.4,1.0,13.89,3.0,0.367844,0.221549,False
-420383159#1,101.83,1.0,13.89,3.0,0.420261,0.221456,False
420383159#0,101.77,1.0,13.89,3.0,0.420359,0.221426,False
117914344#1,50.96,1.0,13.89,3.0,0.480656,0.221223,False
381452182#1,44.24,1.0,13.89,3.0,0.659018,0.221216,False
-464461057#0,46.03,1.0,13.89,3.0,0.503161,0.220976,False
-117914344#1,50.96,1.0,13.89,3.0,0.480599,0.220954,False
381802881#0,46.82,1.0,13.89,3.0,0.453412,0.22064,False
-381452108#5,38.14,1.0,13.89,3.0,0.681187,0.220566,False
-870977308#1,31.95,1.0,13.89,3.0,0.599213,0.220322,False
-381452182#1,43.13,1.0,13.89,3.0,0.658255,0.220138,False
870977308#0,31.96,1.0,13.89,3.0,0.599567,0.22008,False
228795463#3,5.53,1.0,13.89,3.0,0.774413,0.219951,False
381452169,67.47,1.0,13.89,3.0,0.333134,0.219743,False
-228795463#3,5.53,1.0,13.89,3.0,0.775264,0.219706,False
117770543#0,90.81,1.0,13.89,3.0,0.285972,0.219656,False
-381802860#0,46.31,1.0,13.89,3.0,0.57031,0.219654,False
381452108#5,37.0,1.0,13.89,3.0,0.681229,0.219625,False
-381452169,67.17,1.0,13.89,3.0,0.33306,0.219559,False
1283637470#0,28.24,1.0,13.89,3.0,0.717077,0.219494,False
170403831#0,192.62,1.0,13.89,3.0,0.334381,0.219422,False
-117770543#0,90.8,1.0,13.89,3.0,0.285986,0.219416,False
381802860#0,46.31,1.0,13.89,3.0,0.57031,0.219349,False
-170403831#4,193.09,1.0,13.89,3.0,0.333905,0.219326,False
-381452167,33.4,1.0,13.89,3.0,0.693665,0.219112,False
381452167,33.4,1.0,13.89,3.0,0.693665,0.219112,False
381456422#3,27.63,1.0,13.89,3.0,0.578263,0.218482,False
420319841#6,24.76,1.0,13.89,3.0,0.72644,0.218467,False
-420319841#6,24.76,1.0,13.89,3.0,0.726284,0.218436,False
-420319841#7,23.89,1.0,13.89,3.0,0.726488,0.217751,False
420319841#7,23.89,1.0,13.89,3.0,0.726326,0.217719,False
117914842#0,69.31,1.0,13.89,3.0,0.536979,0.2177,False
-381456422#3,26.82,1.0,13.89,3.0,0.57541,0.217594,False
-176728955#4,95.72,1.0,13.89,3.0,0.406439,0.217456,False
420092889#3,24.02,1.0,13.89,3.0,0.718921,0.217162,False
-420092889#3,24.02,1.0,13.89,3.0,0.718921,0.216776,False
-381452143#1,42.15,1.0,13.89,3.0,0.645011,0.216673,False
381452143#1,41.87,1.0,13.89,3.0,0.644878,0.216413,False
913406478,60.71,1.0,13.89,3.0,0.334528,0.216184,False
176728955#3,94.37,1.0,13.89,3.0,0.405411,0.215892,False
381456465,52.74,1.0,13.89,3.0,0.569516,0.215017,False
-420331801#0,82.24,1.0,8.33,3.0,0.572092,0.214774,False
-420319841#8,20.34,1.0,13.89,3.0,0.726156,0.214727,False
420319841#8,20.34,1.0,13.89,3.0,0.726156,0.214727,False
420331801#0,82.24,1.0,8.33,3.0,0.572092,0.214466,False
420187959#4,31.19,1.0,13.89,3.0,0.679425,0.214422,False
-420187959#4,31.19,1.0,13.89,3.0,0.679099,0.214357,False
-420092889#2,21.28,1.0,13.89,3.0,0.718906,0.21406,False
420092889#2,21.28,1.0,13.89,3.0,0.718906,0.21406,False
-351672095#1,118.05,1.0,13.89,3.0,0.315059,0.213932,False
-420319841#5,20.1,1.0,13.89,3.0,0.721617,0.213619,False
420319841#5,20.1,1.0,13.89,3.0,0.721137,0.213523,False
-420319841#4,15.87,1.0,13.89,3.0,0.721492,0.213505,False
-381456465,52.13,1.0,13.89,3.0,0.565295,0.21335,False
420319841#4,15.87,1.0,13.89,3.0,0.721852,0.21319,False
117914352#0,30.31,1.0,13.89,3.0,0.676814,0.213167,False
420092887#1,117.86,1.0,8.33,3.0,0.574575,0.213132,False
-381452108#0,25.19,1.0,13.89,3.0,0.635247,0.213095,False
381452108#0,26.22,1.0,13.89,3.0,0.631618,0.212944,False
-117914352#0,30.05,1.0,13.89,3.0,0.676681,0.212923,False
-464461045,140.97,1.0,13.89,3.0,0.285071,0.212808,False
420319840#0,29.74,1.0,13.89,3.0,0.676914,0.212712,False
-420319840#0,29.74,1.0,13.89,3.0,0.676913,0.212711,False
381452137,24.51,1.0,13.89,3.0,0.698021,0.212575,False
-348648522,91.63,1.0,13.89,4.0,0.166771,0.212258,False
348648522,91.63,1.0,13.89,4.0,0.166771,0.212258,False
170403791#0,128.89,1.0,13.89,3.0,0.297001,0.211946,False
-170403791#3,129.15,1.0,13.89,3.0,0.296789,0.211903,False
-420187959#5,12.4,1.0,13.89,3.0,0.744762,0.211831,False
327035698#3,71.61,1.0,13.89,3.0,0.387128,0.211748,False
420187959#5,12.4,1.0,13.89,3.0,0.744344,0.211748,False
-327035698#3,71.21,1.0,13.89,3.0,0.387407,0.21165,False
420361206#0,89.74,1.0,13.89,3.0,0.262935,0.211478,False
-1283636934#0,89.91,1.0,13.89,3.0,0.262786,0.211455,False
-1126339777#1,8.44,1.0,13.89,3.0,0.759064,0.211392,False
1126339777#0,8.44,1.0,13.89,3.0,0.759064,0.211392,False
-381452137,22.52,1.0,13.89,3.0,0.699161,0.211144,False
-315658896#7,7.65,1.0,13.89,3.0,0.760104,0.210941,False
315658896#7,7.65,1.0,13.89,3.0,0.760104,0.210941,False
-420335669,60.95,1.0,13.89,3.0,0.535906,0.210518,False
381456446#0,23.16,1.0,13.89,3.0,0.45045,0.210208,False
-381456446#0,23.2,1.0,13.89,3.0,0.4501,0.210168,False
464461045,136.35,1.0,13.89,3.0,0.269691,0.209488,False
-701497860#0,45.63,1.0,13.89,3.0,0.588446,0.20826,False
-381452134,101.56,1.0,13.89,3.0,0.256262,0.20821,False
769110722,240.88,1.0,13.89,3.0,0.277634,0.208072,False
-769110715#2,241.04,1.0,13.89,3.0,0.27755,0.208055,False
228795477#0,101.96,1.0,13.89,3.0,0.133765,0.208046,False
701497860#0,43.85,1.0,13.89,3.0,0.594063,0.2079,False
381452134,101.31,1.0,13.89,3.0,0.256299,0.207882,False
-781985790#1,39.97,1.0,13.89,3.0,0.369372,0.207575,False
-228795477#1,100.76,1.0,13.89,3.0,0.136192,0.207523,False
315658896#3,70.89,1.0,13.89,3.0,0.464964,0.207363,False
-420331835#1,37.18,1.0,13.89,3.0,0.617079,0.206945,False
581906883#0,46.88,1.0,13.89,3.0,0.435619,0.206928,False
420331835#0,37.17,1.0,13.89,3.0,0.616894,0.206899,False
-273028084#5,146.47,1.0,13.89,3.0,0.114068,0.206815,False
273028084#0,146.36,1.0,13.89,3.0,0.11401,0.20675,False
-581906883#0,46.88,1.0,13.89,3.0,0.435619,0.206695,False
381452180#4,78.04,1.0,13.89,3.0,0.334381,0.206682,False
-315658896#5,70.36,1.0,13.89,3.0,0.462272,0.206672,False
781985790#0,39.01,1.0,13.89,3.0,0.367896,0.206598,False
272229587#0,55.81,1.0,13.89,3.0,0.320768,0.206548,False
-272229587#1,55.99,1.0,13.89,3.0,0.32079,0.20654,False
-381452180#4,78.07,1.0,13.89,3.0,0.334435,0.206538,False
420335669,55.09,1.0,13.89,3.0,0.540281,0.20651,False
381456446#1,21.83,1.0,13.89,3.0,0.45924,0.206475,False
-381456446#1,21.83,1.0,13.89,3.0,0.459239,0.206229,False
-327035702#5,63.29,1.0,13.89,3.0,0.444929,0.205763,False
-464461053#2,188.0,1.0,13.89,3.0,0.265478,0.205641,False
381452097#3,35.45,1.0,13.89,3.0,0.425666,0.205564,False
464461053#2,187.55,1.0,13.89,3.0,0.264992,0.205544,False
-712288152#2,197.52,1.0,13.89,4.0,0.014978,0.205541,False
712288152#0,196.92,1.0,13.89,4.0,0.014258,0.205397,False
-381452097#3,35.08,1.0,13.89,3.0,0.424942,0.205366,False
327035702#2,62.69,1.0,13.89,3.0,0.445211,0.205092,False
-420187959#8,15.92,1.0,13.89,3.0,0.696206,0.205053,False
420187959#8,15.92,1.0,13.89,3.0,0.696207,0.205053,False
381456422#6,31.06,1.0,13.89,3.0,0.445396,0.204758,False
-381456422#6,30.28,1.0,13.89,3.0,0.446359,0.204524,False
228795472#2,5.49,1.0,13.89,3.0,0.707855,0.204286,False
464461049#0,49.47,1.0,13.89,3.0,0.494689,0.204257,False
-420089386#2,33.25,1.0,13.89,3.0,0.586253,0.204238,False
420089386#2,33.25,1.0,13.89,3.0,0.586425,0.203958,False
272229588#1,12.02,1.0,13.89,3.0,0.705764,0.203715,False
767111811#0,62.87,1.0,13.89,3.0,0.486855,0.202865,False
-767111811#2,61.82,1.0,13.89,3.0,0.489005,0.202615,False
-117770551#3,5.38,1.0,13.89,3.0,0.586707,0.202517,False
464461049#2,0.4,1.0,13.89,3.0,0.742315,0.202506,False
-381456462#0,23.03,1.0,13.89,3.0,0.446947,0.202298,False
-420089386#3,41.43,1.0,13.89,3.0,0.576115,0.202294,False
420089386#3,41.43,1.0,13.89,3.0,0.576116,0.202294,False
381456462#0,23.25,1.0,13.89,3.0,0.447094,0.202281,False
772873182#0,158.88,1.0,13.89,3.0,0.243623,0.202162,False
198691078#3,134.64,1.0,13.89,3.0,0.2478,0.202105,False
117770551#3,5.38,1.0,13.89,3.0,0.585645,0.20199,False
-464461053#3,42.62,1.0,13.89,3.0,0.462143,0.201938,False
-464461049#3,2.3,1.0,13.89,3.0,0.733263,0.201925,False
170403804#0,131.04,1.0,13.89,3.0,0.245716,0.201689,False
-170403804#3,131.0,1.0,13.89,3.0,0.245668,0.201679,False
268782233#5,44.6,1.0,8.33,3.0,0.822124,0.201591,False
243542153#6,17.17,1.0,13.89,3.0,0.585783,0.20144,False
117914344#2,37.21,1.0,13.89,3.0,0.480567,0.201138,False
464461053#3,42.34,1.0,13.89,3.0,0.460554,0.201096,False
-470453019#5,28.04,1.0,13.89,3.0,0.51788,0.200991,False
375125207#2,43.68,1.0,8.33,3.0,0.822559,0.200912,False
-117914344#2,37.21,1.0,13.89,3.0,0.480646,0.200897,False
-381458589#1,0.2,1.0,13.89,3.0,0.740883,0.200889,False
470453019#5,28.07,1.0,13.89,3.0,0.518214,0.200805,False
-243542153#6,16.42,1.0,13.89,3.0,0.583417,0.200679,False
117770551#4,0.2,1.0,13.89,3.0,0.611157,0.200634,False
-772873182#1,155.12,1.0,13.89,3.0,0.234954,0.200334,False
381452158,67.07,1.0,13.89,3.0,0.2273,0.200254,False
272228144#3,16.78,1.0,13.89,3.0,0.563584,0.200067,False
-272228144#3,16.78,1.0,13.89,3.0,0.564238,0.199895,False
656122999,20.15,1.0,13.89,4.0,0.401918,0.199721,False
-203501044,20.07,1.0,13.89,4.0,0.401398,0.19955,False
-315658900#5,93.9,1.0,13.89,3.0,0.343265,0.199449,False
272232099#2,248.23,1.0,13.89,3.0,0.232465,0.199038,False
381452120#2,63.62,1.0,13.89,3.0,0.463082,0.198178,False
-273896133#2,83.6,1.0,13.89,3.0,0.212235,0.198146,False
1283637470#2,18.62,1.0,13.89,3.0,0.649085,0.197879,False
381456418#1,37.12,1.0,13.89,3.0,0.395673,0.197843,False
-381452120#2,62.88,1.0,13.89,3.0,0.463446,0.197635,False
-381456418#1,36.76,1.0,13.89,3.0,0.395334,0.197247,False
-381452117,10.67,1.0,13.89,3.0,0.678335,0.197104,False
381458589#1,0.2,1.0,13.89,3.0,0.721766,0.197065,False
381452117,10.67,1.0,13.89,3.0,0.677382,0.196913,False
117914842#2,49.95,1.0,13.89,3.0,0.513234,0.196817,False
-272263605#1,134.96,1.0,13.89,3.0,0.221302,0.196806,False
-770860548#3,43.9,1.0,13.89,3.0,0.399809,0.196792,False
464461054#1,120.88,1.0,13.89,3.0,0.00953,0.196057,False
-464461054#1,120.64,1.0,13.89,3.0,0.009378,0.196049,False
-464461049#0,45.02,1.0,13.89,3.0,0.473635,0.19598,False
-117770551#4,0.2,1.0,13.89,3.0,0.583508,0.195419,False
420331800#3,65.96,1.0,8.33,3.0,0.701038,0.195174,False
315658900#4,89.94,1.0,13.89,3.0,0.33836,0.195167,False
420331800#4,73.46,1.0,8.33,3.0,0.667083,0.194987,False
-381456460,36.4,1.0,13.89,3.0,0.37527,0.194949,False
198691093,56.3,1.0,13.89,3.0,0.47686,0.194834,False
785130602#3,39.88,1.0,13.89,3.0,0.426252,0.194756,False
-381456469#2,26.64,1.0,13.89,3.0,0.584496,0.194546,False
470453019#6,41.34,1.0,13.89,3.0,0.39652,0.194356,False
770860548#3,40.71,1.0,13.89,3.0,0.402314,0.19433,False
318747850#0,31.85,1.0,13.89,3.0,0.533379,0.194255,False
-381447832,76.37,1.0,13.89,3.0,0.223151,0.194177,False
-768952297,39.45,1.0,13.89,3.0,0.425999,0.194097,False
-470453019#7,40.43,1.0,13.89,3.0,0.396539,0.19386,False
-272229588#1,16.29,1.0,13.89,3.0,0.638691,0.193859,False
-381452120#6,59.61,1.0,13.89,3.0,0.457862,0.193793,False
-273028084#8,91.04,1.0,13.89,3.0,0.279042,0.193775,False
381447832,75.41,1.0,13.89,3.0,0.223567,0.193605,False
315658884#1,118.5,1.0,13.89,3.0,0.199375,0.193576,False
-272263606,242.35,1.0,13.89,3.0,0.205037,0.193553,False
381452120#6,58.18,1.0,13.89,3.0,0.462074,0.193444,False
-315658884#5,118.41,1.0,13.89,3.0,0.19932,0.193385,False
273028084#6,90.53,1.0,13.89,3.0,0.279411,0.193292,False
375125207#0,36.06,1.0,8.33,3.0,0.816066,0.193263,False
381456469#2,25.69,1.0,13.89,3.0,0.58357,0.193241,False
-381452120#0,33.74,1.0,13.89,3.0,0.56183,0.193028,False
381456460,33.61,1.0,13.89,3.0,0.375511,0.192863,False
272263605#0,129.69,1.0,13.89,3.0,0.201571,0.19286,False
914660215#0,46.03,1.0,13.89,3.0,0.2773,0.192777,False
-318747850#0,30.52,1.0,13.89,3.0,0.528779,0.192566,False
381456418#3,49.42,1.0,13.89,3.0,0.384304,0.19253,False
-381452158,62.42,1.0,13.89,3.0,0.206558,0.192308,False
-914660215#1,45.57,1.0,13.89,3.0,0.276566,0.192274,False
-381456418#4,49.34,1.0,13.89,3.0,0.384107,0.192212,False
1283636934#1,119.64,1.0,13.89,3.0,0.134153,0.192156,False
315658896#6,21.1,1.0,13.89,3.0,0.609209,0.191971,False
-772279128#4,180.54,1.0,13.89,3.0,0.196554,0.191856,False
772279128#1,179.04,1.0,13.89,3.0,0.196363,0.191818,False
-381456422#4,2.94,1.0,13.89,3.0,0.523159,0.191793,False
-381452147,37.62,1.0,13.89,3.0,0.53783,0.191784,False
-766904027#11,118.78,1.0,13.89,3.0,0.135428,0.191766,False
381456422#4,3.14,1.0,13.89,3.0,0.523528,0.191742,False
769423158,119.45,1.0,2.78,2.0,0.410923,0.191593,False
381456462#2,52.4,1.0,13.89,3.0,0.251139,0.191468,False
273896133#0,78.42,1.0,13.89,3.0,0.200419,0.191324,False
-315658896#6,20.43,1.0,13.89,3.0,0.608643,0.191299,False
198691069#6,88.56,1.0,13.89,3.0,0.223543,0.191048,False
-1291318446,39.43,1.0,8.33,3.0,0.790708,0.191,False
228797640#0,151.31,1.0,13.89,3.0,0.159482,0.190956,False
381452147,36.13,1.0,13.89,3.0,0.541117,0.190939,False
420331839,74.61,1.0,13.89,3.0,0.282157,0.190878,False
-420331839,74.53,1.0,13.89,3.0,0.282015,0.190657,False
-381452120#1,33.64,1.0,13.89,3.0,0.550095,0.190598,False
381452176#1,51.81,1.0,13.89,3.0,0.246376,0.190582,False
381452120#1,33.41,1.0,13.89,3.0,0.55043,0.190473,False
-381456462#3,50.76,1.0,13.89,3.0,0.252748,0.190434,False
-228795477#8,30.27,1.0,13.89,3.0,0.563001,0.190371,False
228795477#8,30.27,1.0,13.89,3.0,0.562886,0.190348,False
381452172,89.25,1.0,13.89,3.0,0.183391,0.190258,False
1125773043,0.2,1.0,13.89,3.0,0.489707,0.19019,False
-381452172,89.54,1.0,13.89,3.0,0.181883,0.190075,False
-381452176#1,50.44,1.0,13.89,3.0,0.246194,0.189402,False
-381447833#1,97.44,1.0,13.89,3.0,0.090312,0.188537,False
381456463#1,45.1,1.0,13.89,3.0,0.258472,0.18845,False
-381456463#2,44.14,1.0,13.89,3.0,0.260148,0.188014,False
-228795483,34.25,1.0,13.89,3.0,0.533752,0.187838,False
228795483,34.25,1.0,13.89,3.0,0.533753,0.187838,False
381447833#1,96.21,1.0,13.89,3.0,0.091104,0.187648,False
-381456462#1,16.88,1.0,13.89,3.0,0.374676,0.187603,False
381456462#1,17.03,1.0,13.89,3.0,0.374977,0.187586,False
-470453019#4,16.63,1.0,13.89,3.0,0.523501,0.187369,False
470453019#4,16.34,1.0,13.89,3.0,0.523583,0.186883,False
-420317541#1,26.36,1.0,13.89,3.0,0.561741,0.18686,False
420317541#1,26.24,1.0,13.89,3.0,0.561863,0.186785,False
-591142208#0,10.13,1.0,13.89,3.0,0.628017,0.186591,False
591142208#0,10.13,1.0,13.89,3.0,0.627351,0.186457,False
198691053#0,70.23,1.0,13.89,3.0,0.375431,0.186352,False
-381452143#0,8.24,1.0,13.89,3.0,0.633904,0.186193,False
272229587#8,89.47,1.0,13.89,3.0,0.273793,0.186159,False
381452143#0,8.24,1.0,13.89,3.0,0.633283,0.186069,False
-272229587#8,89.47,1.0,13.89,3.0,0.273899,0.186035,False
233651280#0,116.01,1.0,13.89,3.0,0.182276,0.185676,False
-233651280#0,115.92,1.0,13.89,3.0,0.182294,0.185604,False
273639766,68.13,1.0,13.89,3.0,0.380233,0.185367,False
420092887#0,81.64,1.0,8.33,3.0,0.584349,0.184903,False
-769423158,111.95,1.0,2.78,2.0,0.404354,0.184841,False
420331800#0,46.76,1.0,8.33,3.0,0.725449,0.184056,False
320463245#0,108.91,1.0,13.89,3.0,0.108337,0.183871,False
273639055#0,27.37,1.0,13.89,3.0,0.338796,0.183573,False
381452099,102.71,1.0,13.89,3.0,0.226933,0.183524,False
-381802876#0,29.22,1.0,13.89,3.0,0.425978,0.183437,False
-381456461,56.76,1.0,13.89,3.0,0.183249,0.18339,False
381456461,56.27,1.0,13.89,3.0,0.185212,0.183373,False
-788296725,58.38,1.0,13.89,3.0,0.223144,0.183303,False
-381447824,48.55,1.0,13.89,3.0,0.27858,0.183261,False
381802876#0,29.22,1.0,13.89,3.0,0.426064,0.183226,False
-198691093,50.18,1.0,13.89,3.0,0.443554,0.183073,False
788296725,58.16,1.0,13.89,3.0,0.223061,0.182989,False
420319840#1,2.26,1.0,13.89,3.0,0.64212,0.182853,False
381447824,48.24,1.0,13.89,3.0,0.278519,0.182832,False
-273896156#0,64.78,1.0,13.89,3.0,0.281074,0.182736,False
-420319840#1,2.13,1.0,13.89,3.0,0.642057,0.182732,False
-778973690,85.73,1.0,13.89,3.0,0.29345,0.182677,False
-381456417#1,60.2,1.0,13.89,3.0,0.179655,0.182564,False
273639765#0,165.46,1.0,13.89,3.0,0.132803,0.182484,False
-273639055#1,28.66,1.0,13.89,3.0,0.328288,0.182476,False
-772279128#0,165.44,1.0,13.89,3.0,0.1328,0.182417,False
381456417#1,60.12,1.0,13.89,3.0,0.179681,0.182407,False
420331816#2,24.65,1.0,13.89,3.0,0.312388,0.182074,False
273896132#0,71.57,1.0,13.89,3.0,0.248769,0.181886,False
-273639055#2,19.02,1.0,13.89,3.0,0.399955,0.181876,False
381456468#1,24.69,1.0,13.89,3.0,0.369441,0.181778,False
-381452099,101.73,1.0,13.89,3.0,0.222276,0.181776,False
-381456418#0,0.2,1.0,13.89,3.0,0.448248,0.181637,False
-381452138#1,29.96,1.0,13.89,3.0,0.397269,0.181554,False
-381456463#0,15.58,1.0,13.89,3.0,0.353194,0.181509,False
381452138#1,29.96,1.0,13.89,3.0,0.39727,0.181342,False
-381456424#6,10.12,1.0,13.89,3.0,0.466724,0.181316,False
1017504130,49.27,1.0,13.89,3.0,0.366883,0.181054,False
381456424#6,10.15,1.0,13.89,3.0,0.466166,0.180978,False
381456463#0,14.98,1.0,13.89,3.0,0.353107,0.180849,False
381452162,86.49,1.0,13.89,3.0,0.180835,0.180701,False
772279128#5,79.57,1.0,13.89,3.0,0.307997,0.180453,False
778973690,83.93,1.0,13.89,3.0,0.289664,0.18042,False
420331801#1,95.37,1.0,8.33,3.0,0.282929,0.180328,False
-420331801#2,95.27,1.0,8.33,3.0,0.282956,0.180256,False
-420331816#2,26.67,1.0,13.89,3.0,0.294339,0.180178,False
-381456452#2,47.88,1.0,13.89,3.0,0.367769,0.179896,False
-772279128#8,78.18,1.0,13.89,3.0,0.309467,0.179589,False
381447828,93.3,1.0,13.89,3.0,0.026331,0.179558,False
117914842#3,30.24,1.0,13.89,3.0,0.509001,0.179546,False
-1456115806#2,21.03,1.0,13.89,3.0,0.547222,0.179515,False
1456115806#2,21.03,1.0,13.89,3.0,0.547059,0.179482,False
-381452162,92.22,1.0,13.89,3.0,0.151077,0.179472,False
-420187959#3,39.54,1.0,13.89,3.0,0.468922,0.17928,False
420187959#3,39.54,1.0,13.89,3.0,0.468711,0.179238,False
-381452174#0,67.93,1.0,13.89,3.0,0.349934,0.179141,False
381452174#0,74.2,1.0,13.89,3.0,0.31956,0.178291,False
-198691063#1,72.85,1.0,13.89,3.0,0.129467,0.177972,False
273647556#0,58.59,1.0,13.89,3.0,0.382755,0.177922,False
-381452141,56.69,1.0,13.89,3.0,0.389876,0.177762,False
381452141,56.65,1.0,13.89,3.0,0.389716,0.177697,False
273639055#2,17.03,1.0,13.89,3.0,0.384248,0.177674,False
1380482780,17.96,1.0,13.89,3.0,0.550217,0.177556,False
-1380482780,17.96,1.0,13.89,3.0,0.550027,0.177517,False
198691063#0,72.42,1.0,13.89,3.0,0.129153,0.177447,False
272231356,17.86,1.0,13.89,3.0,0.547265,0.176882,False
-273647556#1,57.39,1.0,13.89,3.0,0.382499,0.17687,False
420317541#0,26.18,1.0,13.89,3.0,0.512322,0.176826,False
-272231356,17.28,1.0,13.89,3.0,0.549094,0.176764,False
-420317541#0,25.76,1.0,13.89,3.0,0.512098,0.176432,False
-781985790#4,73.9,1.0,13.89,3.0,0.129829,0.175652,False
781985790#3,73.9,1.0,13.89,3.0,0.129829,0.175582,False
-198691053#2,63.77,1.0,13.89,3.0,0.34646,0.175417,False
913570918,26.07,1.0,13.89,3.0,0.265852,0.174664,False
-381456468#1,20.44,1.0,13.89,3.0,0.352216,0.174576,False
-913570918,26.07,1.0,13.89,3.0,0.265853,0.174522,False
-117914848#3,18.75,1.0,13.89,3.0,0.530528,0.174276,False
176728954,90.51,1.0,13.89,3.0,0.230571,0.174085,False
117914352#1,95.08,1.0,13.89,3.0,0.210473,0.173873,False
-381226320,11.38,1.0,13.89,3.0,0.481257,0.17369,False
117914848#3,17.98,1.0,13.89,3.0,0.530375,0.173604,False
117914848#4,14.98,1.0,13.89,3.0,0.542826,0.173594,False
-117914848#4,14.67,1.0,13.89,3.0,0.543006,0.173372,False
272228144#0,33.11,1.0,13.89,3.0,0.243559,0.173336,False
184083106,159.04,1.0,13.89,3.0,0.103746,0.173295,False
-272228144#0,33.11,1.0,13.89,3.0,0.243534,0.173201,False
-315658900#2,60.97,1.0,13.89,3.0,0.316129,0.173002,False
320463177#3,81.97,1.0,13.89,3.0,0.099445,0.172889,False
315658900#0,60.48,1.0,13.89,3.0,0.317487,0.172669,False
-381456424#8,36.79,1.0,13.89,3.0,0.275223,0.171948,False
381456424#8,36.82,1.0,13.89,3.0,0.27513,0.171796,False
198691086#0,125.8,1.0,13.89,3.0,0.095835,0.171713,False
381226320,12.43,1.0,13.89,3.0,0.466258,0.171687,False
320463245#4,73.05,1.0,13.89,3.0,0.108382,0.171668,False
381452111,33.3,1.0,13.89,3.0,0.456802,0.171656,False
-381452111,33.3,1.0,13.89,3.0,0.456588,0.171613,False
-198691086#2,126.6,1.0,13.89,3.0,0.094906,0.171527,False
381456418#2,9.86,1.0,13.89,3.0,0.409385,0.171444,False
198691069#7,56.68,1.0,13.89,3.0,0.174664,0.171392,False
-327035698#1,36.39,1.0,13.89,3.0,0.394171,0.171329,False
170403814#0,230.49,1.0,13.89,3.0,0.093374,0.17122,False
176728956#2,148.5,1.0,13.89,3.0,0.093281,0.171202,False
-381456418#2,9.98,1.0,13.89,3.0,0.408305,0.171119,False
327035698#1,36.42,1.0,13.89,3.0,0.393987,0.171103,False
184083104#0,127.21,1.0,13.89,3.0,0.086894,0.169924,False
395564622#0,15.71,1.0,13.89,3.0,0.51621,0.168879,False
170207582#0,19.24,1.0,13.89,3.0,0.501206,0.16882,False
420331831,49.62,1.0,13.89,3.0,0.365551,0.168552,False
-381452138#0,16.75,1.0,13.89,3.0,0.415776,0.168472,False
-381452156#0,26.66,1.0,13.89,3.0,0.431657,0.168467,False
198691069#0,166.22,1.0,13.89,3.0,0.056606,0.168441,False
-420331831,49.63,1.0,13.89,3.0,0.365511,0.168357,False
381809844#1,97.96,1.0,13.89,3.0,0.170627,0.168304,False
381452156#0,26.66,1.0,13.89,3.0,0.43198,0.1683,False
-420187959#0,12.38,1.0,13.89,3.0,0.527062,0.168275,False
-420391187#1,52.55,1.0,13.89,3.0,0.359431,0.168223,False
381452138#0,16.75,1.0,13.89,3.0,0.415255,0.168146,False
-420331827,47.65,1.0,13.89,3.0,0.145674,0.168084,False
-395564622#0,15.0,1.0,13.89,3.0,0.514746,0.167995,False
1279010544#0,12.16,1.0,13.89,3.0,0.526015,0.167882,False
198691057#0,71.94,1.0,13.89,3.0,0.08499,0.167772,False
73550864#0,148.52,1.0,13.89,3.0,0.0758,0.167705,False
-73550864#2,148.55,1.0,13.89,3.0,0.07575,0.167695,False
73550863#0,107.76,1.0,13.89,3.0,0.124593,0.167264,False
198691078#2,21.12,1.0,13.89,3.0,0.484388,0.167023,False
381452120#3,65.26,1.0,13.89,3.0,0.300308,0.16699,False
272229587#2,22.57,1.0,13.89,3.0,0.300292,0.166587,False
-381452120#3,64.54,1.0,13.89,3.0,0.301116,0.166552,False
170403818#0,24.65,1.0,13.89,3.0,0.466694,0.166426,False
-272229587#2,22.57,1.0,13.89,3.0,0.300231,0.166415,False
-381809844#1,96.1,1.0,13.89,3.0,0.165996,0.165828,False
420331827,46.04,1.0,13.89,3.0,0.14058,0.165819,False
420391187#0,50.71,1.0,13.89,3.0,0.354634,0.165731,False
170403810#1,143.2,1.0,13.89,3.0,0.065464,0.165638,False
-170403810#3,143.38,1.0,13.89,3.0,0.065445,0.165634,False
-381456424#5,13.59,1.0,13.89,3.0,0.392384,0.165585,False
-117914848#5,18.18,1.0,13.89,3.0,0.488562,0.165408,False
117914848#5,18.05,1.0,13.89,3.0,0.488578,0.165303,False
-344663909#5,73.38,1.0,13.89,3.0,0.257363,0.165168,False
-273639766,61.2,1.0,13.89,3.0,0.307196,0.164985,False
381456424#4,13.09,1.0,13.89,3.0,0.392522,0.164979,False
-170403818#1,21.57,1.0,13.89,3.0,0.471894,0.164899,False
420187959#1,21.62,1.0,13.89,3.0,0.470043,0.164571,False
420348556#3,56.74,1.0,13.89,3.0,0.106598,0.164384,False
-420187959#2,21.39,1.0,13.89,3.0,0.469865,0.164344,False
767644534#0,13.99,1.0,13.89,3.0,0.275512,0.164174,False
-767644534#0,12.96,1.0,13.89,3.0,0.27938,0.163964,False
-273640078#1,65.2,1.0,13.89,3.0,0.285159,0.163911,False
-420348556#3,56.07,1.0,13.89,3.0,0.10667,0.163865,False
381452175#3,35.52,1.0,13.89,3.0,0.210249,0.163727,False
273640078#0,64.96,1.0,13.89,3.0,0.284916,0.163662,False
-381452175#3,35.53,1.0,13.89,3.0,0.210149,0.163602,False
-769488211,37.55,1.0,13.89,3.0,0.398606,0.163558,False
769488211,37.55,1.0,13.89,3.0,0.398606,0.163558,False
785130602#0,13.66,1.0,13.89,3.0,0.270047,0.163322,False
-785130602#0,13.66,1.0,13.89,3.0,0.269968,0.163162,False
381456417#2,38.38,1.0,13.89,3.0,0.16661,0.162817,False
-381456417#2,38.4,1.0,13.89,3.0,0.166607,0.162735,False
381453324,22.88,1.0,13.89,3.0,0.228339,0.162472,False
381452153,63.6,1.0,13.89,3.0,0.115991,0.162399,False
344663909#3,70.23,1.0,13.89,3.0,0.256494,0.162369,False
-381452153,63.38,1.0,13.89,3.0,0.116182,0.162305,False
-470453019#2,11.32,1.0,13.89,3.0,0.445701,0.162303,False
-381453324,22.38,1.0,13.89,3.0,0.228569,0.162273,False
470453019#0,11.32,1.0,13.89,3.0,0.446688,0.16226,False
-381453800,80.62,1.0,13.89,3.0,0.171285,0.162066,False
381456469#0,6.59,1.0,13.89,3.0,0.517759,0.161589,False
-381456469#0,6.42,1.0,13.89,3.0,0.517636,0.161423,False
381453800,79.66,1.0,13.89,3.0,0.171055,0.161304,False
601902513#1,36.53,1.0,13.89,3.0,0.328618,0.16128,False
320473386,55.96,1.0,13.89,3.0,0.081869,0.160891,False
-381452170#0,30.68,1.0,13.89,3.0,0.410501,0.160212,False
-601902513#1,35.31,1.0,13.89,3.0,0.328639,0.159997,False
381452170#0,30.19,1.0,13.89,3.0,0.410491,0.159802,False
-1456115806#0,12.58,1.0,13.89,3.0,0.480921,0.159213,False
1456115806#0,12.58,1.0,13.89,3.0,0.4805,0.159129,False
420331812#4,38.49,1.0,13.89,3.0,0.138146,0.159064,False
-420331812#4,38.49,1.0,13.89,3.0,0.138146,0.159063,False
776781838,21.29,1.0,13.89,3.0,0.440854,0.158458,False
381452120#5,32.04,1.0,13.89,3.0,0.395472,0.15834,False
-381452120#5,31.43,1.0,13.89,3.0,0.396023,0.157942,False
-420383160#0,13.04,1.0,13.89,3.0,0.446174,0.157917,False
420383160#0,13.04,1.0,13.89,3.0,0.445725,0.157589,False
198691061#1,41.89,1.0,13.89,3.0,0.218631,0.157497,False
-198691087#1,64.38,1.0,13.89,3.0,0.0632,0.157456,False
198691087#0,64.31,1.0,13.89,3.0,0.063249,0.157435,False
-327035698#0,26.13,1.0,13.89,3.0,0.402395,0.157425,False
327035698#0,26.13,1.0,13.89,3.0,0.402483,0.157227,False
-233651284#1,78.77,1.0,13.89,3.0,0.193565,0.1569,False
233651284#1,78.77,1.0,13.89,3.0,0.193566,0.1569,False
464461049#1,25.63,1.0,13.89,3.0,0.385285,0.156723,False
-788411959,58.93,1.0,13.89,3.0,0.120056,0.156187,False
381456420#6,38.89,1.0,13.89,3.0,0.197755,0.156149,False
-381456420#6,38.67,1.0,13.89,3.0,0.19772,0.156064,False
-420317544#1,86.61,1.0,13.89,3.0,0.155637,0.155848,False
-381230507#0,74.78,1.0,13.89,3.0,0.156561,0.155524,False
-176728952#3,50.98,1.0,13.89,3.0,0.302028,0.155434,False
273638833#6,76.24,1.0,13.89,3.0,0.055296,0.155297,False
-772527390#2,76.13,1.0,13.89,3.0,0.05526,0.155236,False
-381447831#1,17.86,1.0,13.89,3.0,0.236211,0.154804,False
198691061#0,67.11,1.0,13.89,3.0,0.046124,0.154729,False
-770860548#4,35.59,1.0,13.89,3.0,0.266809,0.154675,False
-420331836,35.53,1.0,13.89,3.0,0.362455,0.154645,False
420331836,35.53,1.0,13.89,3.0,0.362456,0.154645,False
-243542154#0,71.51,1.0,13.89,3.0,0.010999,0.154512,False
243542154#0,71.51,1.0,13.89,3.0,0.011023,0.154511,False
770860548#4,35.57,1.0,13.89,3.0,0.266544,0.154463,False
-464461048#1,90.72,1.0,13.89,3.0,0.130964,0.154338,False
198691092#5,62.81,1.0,13.89,3.0,0.06233,0.154194,False
381456418#5,22.88,1.0,13.89,3.0,0.344322,0.154179,False
381452125,52.72,1.0,13.89,3.0,0.1341,0.153819,False
-381456418#6,22.29,1.0,13.89,3.0,0.345677,0.153802,False
-277257944#3,188.54,1.0,13.89,3.0,0.006027,0.153751,False
277257944#3,189.84,1.0,13.89,3.0,0.005232,0.153592,False
-270279684#1,43.12,1.0,13.89,3.0,0.092002,0.153292,False
270279684#1,43.12,1.0,13.89,3.0,0.091721,0.153235,False
228797633#0,42.81,1.0,13.89,3.0,0.207662,0.153024,False
464461048#1,89.29,1.0,13.89,3.0,0.12994,0.152942,False
-228797633#1,42.51,1.0,13.89,3.0,0.207543,0.15285,False
272229587#5,26.4,1.0,13.89,3.0,0.273846,0.152745,False
-272229587#5,26.4,1.0,13.89,3.0,0.273846,0.152598,False
318747850#1,96.71,1.0,13.89,3.0,0.096738,0.152485,False
198691071#1,66.4,1.0,13.89,3.0,0.165714,0.152199,False
-381453326#0,43.65,1.0,13.89,3.0,0.129022,0.152169,False
-117914351#2,83.56,1.0,13.89,3.0,0.017408,0.152024,False
381453326#0,43.46,1.0,13.89,3.0,0.128896,0.152024,False
-318747850#1,96.06,1.0,13.89,3.0,0.096836,0.151963,False
-198691070#1,14.83,1.0,13.89,3.0,0.433936,0.151691,False
198691070#1,14.83,1.0,13.89,3.0,0.433529,0.151609,False
-381452170#1,20.84,1.0,13.89,3.0,0.408134,0.151539,False
-198691071#1,65.62,1.0,13.89,3.0,0.165022,0.151535,False
117914351#2,82.44,1.0,13.89,3.0,0.018781,0.151408,False
-117784417#0,33.69,1.0,13.89,3.0,0.353599,0.15134,False
381452170#1,20.94,1.0,13.89,3.0,0.406167,0.151229,False
-315658896#1,46.17,1.0,13.89,3.0,0.199322,0.151213,False
117784417#0,33.49,1.0,13.89,3.0,0.353296,0.151113,False
-776781838,24.05,1.0,13.89,3.0,0.390876,0.150762,False
821457682#0,38.28,1.0,13.89,3.0,0.171721,0.150105,False
198691079#3,71.13,1.0,13.89,3.0,0.189663,0.149753,False
176728952#1,48.65,1.0,13.89,3.0,0.281803,0.149448,False
-381456469#1,16.1,1.0,13.89,3.0,0.415325,0.149027,False
381456469#1,16.03,1.0,13.89,3.0,0.415287,0.148961,False
315658896#1,44.61,1.0,13.89,3.0,0.194246,0.148713,False
-272229587#9,18.53,1.0,13.89,3.0,0.402704,0.148528,False
272229587#9,18.53,1.0,13.89,3.0,0.402704,0.148528,False
176728952#0,46.93,1.0,13.89,3.0,0.284329,0.14852,False
-176728952#0,46.93,1.0,13.89,3.0,0.284328,0.148519,False
243542154#9,82.93,1.0,13.89,3.0,0.133621,0.148378,False
-243542154#9,82.57,1.0,13.89,3.0,0.134351,0.148224,False
320463177#0,40.35,1.0,13.89,3.0,0.076072,0.148022,False
-381456420#7,18.93,1.0,13.89,3.0,0.198887,0.14799,False
272229587#3,12.19,1.0,13.89,3.0,0.274581,0.147713,False
-381809847,63.77,1.0,13.89,3.0,0.209879,0.147663,False
-272229587#3,12.19,1.0,13.89,3.0,0.273709,0.147393,False
381456420#7,18.42,1.0,13.89,3.0,0.197853,0.147234,False
-381456424#3,12.52,1.0,13.89,3.0,0.326725,0.147093,False
-238535895#0,66.7,1.0,13.89,3.0,0.194517,0.147032,False
238535895#0,66.7,1.0,13.89,3.0,0.194518,0.147032,False
-117914848#7,7.44,1.0,13.89,3.0,0.433956,0.146882,False
381456456,50.73,1.0,13.89,3.0,0.071816,0.146765,False
117914848#7,7.44,1.0,13.89,3.0,0.434301,0.146719,False
381456424#3,12.12,1.0,13.89,3.0,0.326596,0.146591,False
320463245#6,27.48,1.0,13.89,3.0,0.120704,0.146435,False
-381456420#4,18.24,1.0,13.89,3.0,0.284784,0.146331,False
381456420#3,18.25,1.0,13.89,3.0,0.284784,0.146187,False
381809847,62.44,1.0,13.89,3.0,0.206518,0.145882,False
-117914848#6,6.55,1.0,13.89,3.0,0.439139,0.145832,False
117914848#6,6.55,1.0,13.89,3.0,0.439139,0.145832,False
1002205302,60.79,1.0,13.89,3.0,0.212453,0.145694,False
-1002205302,60.79,1.0,13.89,3.0,0.212444,0.145693,False
381452175#2,22.41,1.0,13.89,3.0,0.211013,0.145441,False
117784413#0,86.93,1.0,13.89,3.0,0.102026,0.145392,False
-381452175#2,22.41,1.0,13.89,3.0,0.210855,0.145296,False
-198691081,63.44,1.0,13.89,3.0,0.179736,0.145262,False
198691081,62.88,1.0,13.89,3.0,0.180306,0.14521,False
381230507#0,70.26,1.0,13.89,3.0,0.12696,0.144522,False
272229587#7,25.43,1.0,13.89,3.0,0.273976,0.144381,False
381456449,29.46,1.0,13.89,3.0,0.296067,0.144257,False
-272229587#7,25.43,1.0,13.89,3.0,0.27402,0.144244,False
-381456449,28.65,1.0,13.89,3.0,0.296515,0.143522,False
-381447817#0,71.02,1.0,13.89,3.0,0.016287,0.143448,False
-381456456,54.62,1.0,13.89,3.0,0.038868,0.143344,False
381452129,16.26,1.0,13.89,3.0,0.384451,0.142986,False
381447817#0,70.24,1.0,13.89,3.0,0.016258,0.142719,False
-117914345#0,36.44,1.0,13.89,3.0,0.298149,0.142542,False
381456455#1,19.69,1.0,13.89,3.0,0.326653,0.142383,False
-381456455#1,19.62,1.0,13.89,3.0,0.327623,0.142356,False
-381456420#2,19.68,1.0,13.89,3.0,0.279631,0.142068,False
233651280#1,54.69,1.0,13.89,3.0,0.219638,0.142048,False
-233651280#1,54.69,1.0,13.89,3.0,0.219461,0.142013,False
-381456420#5,7.07,1.0,13.89,3.0,0.286037,0.141929,False
381456420#5,7.07,1.0,13.89,3.0,0.286212,0.141812,False
117914345#0,35.8,1.0,13.89,3.0,0.296816,0.141742,False
770860552#1,49.72,1.0,13.89,3.0,0.030951,0.141741,False
381456420#1,19.63,1.0,13.89,3.0,0.279448,0.141511,False
-381452129,14.46,1.0,13.89,3.0,0.384243,0.141444,False
-233651275,71.59,1.0,13.89,3.0,0.145084,0.141221,False
233651275,71.59,1.0,13.89,3.0,0.145086,0.141221,False
-228795480,76.94,1.0,13.89,3.0,0.122104,0.141083,False
381452133,33.87,1.0,13.89,3.0,0.071758,0.141062,False
228795480,76.89,1.0,13.89,3.0,0.122075,0.141035,False
-381452133,33.74,1.0,13.89,3.0,0.071715,0.140995,False
464445692#1,20.1,1.0,13.89,3.0,0.358316,0.140959,False
-117784417#3,5.13,1.0,13.89,3.0,0.420411,0.140903,False
-381453328#1,22.24,1.0,13.89,3.0,0.157752,0.14081,False
381453328#1,21.81,1.0,13.89,3.0,0.15907,0.140767,False
-238535896#2,60.54,1.0,13.89,3.0,0.18774,0.140543,False
238535896#2,60.54,1.0,13.89,3.0,0.18774,0.140543,False
117914842#9,76.51,1.0,13.89,3.0,0.055992,0.140071,False
233651284#0,61.26,1.0,13.89,3.0,0.181766,0.139949,False
-233651284#0,61.26,1.0,13.89,3.0,0.181762,0.139948,False
117784417#3,4.12,1.0,13.89,3.0,0.419033,0.139785,False
320463245#5,20.56,1.0,13.89,3.0,0.115312,0.139486,False
-348626444#3,25.93,1.0,13.89,3.0,0.124192,0.139426,False
348626444#3,25.93,1.0,13.89,3.0,0.124192,0.13936,False
117784417#2,5.94,1.0,13.89,3.0,0.407031,0.138902,False
-381453323,35.48,1.0,13.89,3.0,0.095181,0.138739,False
381453323,35.48,1.0,13.89,3.0,0.09518,0.138689,False
-117784417#2,5.94,1.0,13.89,3.0,0.405944,0.138684,False
198691079#1,41.2,1.0,13.89,3.0,0.258718,0.138622,False
-420187959#12,85.88,1.0,13.89,3.0,0.071882,0.138488,False
420187959#12,85.88,1.0,13.89,3.0,0.071872,0.138486,False
-420348556#2,32.27,1.0,13.89,3.0,0.11977,0.138282,False
420348556#2,32.27,1.0,13.89,3.0,0.119464,0.138158,False
73550863#2,70.62,1.0,13.89,3.0,0.116286,0.138158,False
464445692#0,16.25,1.0,13.89,3.0,0.35868,0.137823,False
420348542#0,53.66,1.0,13.89,3.0,0.202141,0.13769,False
-770860552#2,47.16,1.0,13.89,3.0,0.023244,0.137542,False
381452155,52.69,1.0,13.89,3.0,0.2052,0.137494,False
198691086#3,69.63,1.0,13.89,3.0,0.134309,0.137432,False
-198691086#3,69.63,1.0,13.89,3.0,0.134171,0.137405,False
243542154#6,77.46,1.0,13.89,3.0,0.091427,0.13722,False
-243542154#7,77.46,1.0,13.89,3.0,0.091419,0.13717,False
-327035702#1,21.31,1.0,13.89,3.0,0.317569,0.137134,False
-381452155,52.17,1.0,13.89,3.0,0.205093,0.137039,False
327035702#1,21.31,1.0,13.89,3.0,0.317569,0.136964,False
-381453322,28.45,1.0,13.89,3.0,0.114432,0.136837,False
381453322,28.45,1.0,13.89,3.0,0.114084,0.136708,False
381456468#0,10.61,1.0,13.89,3.0,0.225832,0.135816,False
-381456468#0,10.33,1.0,13.89,3.0,0.224806,0.135509,False
381452175#1,20.17,1.0,13.89,3.0,0.19955,0.135457,False
-228795468#3,35.79,1.0,13.89,3.0,0.265322,0.135435,False
228795468#3,35.79,1.0,13.89,3.0,0.265322,0.135435,False
-381456420#0,21.19,1.0,13.89,3.0,0.270253,0.13536,False
-381452175#1,20.01,1.0,13.89,3.0,0.199865,0.135283,False
-228796091#1,30.22,1.0,13.89,3.0,0.117868,0.135272,False
381456420#0,21.12,1.0,13.89,3.0,0.270614,0.135228,False
-464461049#1,20.22,1.0,13.89,3.0,0.30488,0.13511,False
228796091#1,29.78,1.0,13.89,3.0,0.11793,0.134862,False
-239357573#21,71.83,1.0,13.89,3.0,0.111763,0.134756,False
-420391195,78.93,1.0,13.89,3.0,0.080598,0.13444,False
420391195,78.93,1.0,13.89,3.0,0.080482,0.134417,False
198691061#2,68.35,1.0,13.89,3.0,0.04989,0.134158,False
239357573#20,72.41,1.0,13.89,3.0,0.106207,0.134129,False
-381452159,52.76,1.0,13.89,3.0,0.18718,0.133948,False
-348626444#2,27.45,1.0,13.89,3.0,0.124342,0.133898,False
-381456417#0,10.9,1.0,13.89,3.0,0.179242,0.133898,False
348626444#2,27.45,1.0,13.89,3.0,0.123982,0.133761,False
381456417#0,10.75,1.0,13.89,3.0,0.179517,0.133746,False
381456419#1,47.59,1.0,13.89,3.0,0.18955,0.133659,False
344663909#1,44.47,1.0,13.89,3.0,0.219825,0.133569,False
-344663909#1,43.83,1.0,13.89,3.0,0.220704,0.133211,False
821457682#1,35.22,1.0,13.89,3.0,0.144353,0.133159,False
-1002205278,47.56,1.0,13.89,3.0,0.204219,0.133023,False
1002205278,47.56,1.0,13.89,3.0,0.20421,0.133021,False
-788296723#2,66.43,1.0,13.89,3.0,0.07052,0.132795,False
788296723#1,66.2,1.0,13.89,3.0,0.070582,0.132656,False
-381456419#1,46.4,1.0,13.89,3.0,0.190757,0.132576,False
-381453328#0,22.05,1.0,13.89,3.0,0.085664,0.132376,False
183272625#3,24.52,1.0,13.89,3.0,0.069989,0.132347,False
-183272625#3,24.52,1.0,13.89,3.0,0.069586,0.132229,False
381453328#0,21.92,1.0,13.89,3.0,0.085346,0.132151,False
-229028344#1,37.39,1.0,13.89,3.0,0.051703,0.131756,False
229028344#0,37.37,1.0,13.89,3.0,0.051674,0.131749,False
420331816#0,7.97,1.0,13.89,3.0,0.152096,0.131664,False
381456422#7,5.17,1.0,13.89,3.0,0.161367,0.131368,False
-270279684#0,8.34,1.0,13.89,3.0,0.148935,0.13132,False
788296724#0,58.87,1.0,13.89,3.0,0.020164,0.131319,False
-788296724#1,58.76,1.0,13.89,3.0,0.020166,0.131237,False
270279684#0,8.34,1.0,13.89,3.0,0.147809,0.131175,False
-381456422#7,4.73,1.0,13.89,3.0,0.161548,0.13116,False
-420331816#1,7.56,1.0,13.89,3.0,0.15169,0.131154,False
381453328#3,37.19,1.0,13.89,3.0,0.120803,0.131105,False
-381453328#3,37.19,1.0,13.89,3.0,0.121079,0.131096,False
-913839558#3,64.62,1.0,13.89,3.0,0.123212,0.131038,False
-381453328#2,27.68,1.0,13.89,3.0,0.121031,0.130934,False
381453328#2,27.68,1.0,13.89,3.0,0.120688,0.130929,False
-381456419#0,10.75,1.0,13.89,3.0,0.34682,0.130868,False
176728955#5,24.77,1.0,13.89,3.0,0.28839,0.130865,False
-176728955#6,24.75,1.0,13.89,3.0,0.288213,0.130813,False
-381452106#0,48.23,1.0,13.89,3.0,0.18544,0.130712,False
-767644534#1,34.47,1.0,13.89,3.0,0.054705,0.130653,False
767644534#1,34.47,1.0,13.89,3.0,0.054388,0.130619,False
913839558#2,63.91,1.0,13.89,3.0,0.12327,0.130458,False
-381226321,12.52,1.0,13.89,3.0,0.130106,0.130216,False
381226321,12.52,1.0,13.89,3.0,0.12935,0.130135,False
381456419#0,10.13,1.0,13.89,3.0,0.343782,0.129744,False
-420331812#2,9.81,1.0,13.89,3.0,0.152628,0.129346,False
420331812#2,9.81,1.0,13.89,3.0,0.152621,0.129264,False
381447831#1,13.29,1.0,13.89,3.0,0.124906,0.129007,False
381807720#3,42.86,1.0,13.89,3.0,0.164106,0.12853,False
-381452149#0,2.4,1.0,13.89,3.0,0.207274,0.12839,False
-381453325#1,34.68,1.0,13.89,3.0,0.13279,0.128311,False
381453325#1,34.26,1.0,13.89,3.0,0.133607,0.12816,False
1283637469#5,55.66,1.0,13.89,3.0,0.145343,0.127997,False
348626444#0,18.81,1.0,13.89,3.0,0.175249,0.127887,False
381452149#0,2.4,1.0,13.89,3.0,0.203483,0.127742,False
198691092#3,65.63,1.0,13.89,3.0,0.026696,0.127534,False
-381447834#0,48.58,1.0,13.89,3.0,0.09283,0.127475,False
-1456115794,79.2,1.0,13.89,3.0,0.044597,0.127465,False
198691085#2,65.26,1.0,13.89,3.0,0.028867,0.127458,False
-198691085#2,65.26,1.0,13.89,3.0,0.028716,0.127442,False
170207585#0,64.21,1.0,13.89,3.0,0.106372,0.127328,False
-170207585#0,64.21,1.0,13.89,3.0,0.106363,0.127326,False
-170207585#1,63.98,1.0,13.89,3.0,0.106333,0.127129,False
170207585#1,63.98,1.0,13.89,3.0,0.106179,0.127098,False
910451393#0,36.8,1.0,13.89,3.0,0.026816,0.126977,False
-910451393#1,36.82,1.0,13.89,3.0,0.026621,0.126969,False
198691085#1,58.3,1.0,13.89,3.0,0.117877,0.126907,False
-198691085#1,58.3,1.0,13.89,3.0,0.11804,0.126876,False
-228795468#2,25.5,1.0,13.89,3.0,0.265222,0.12684,False
-420331812#3,1.86,1.0,13.89,3.0,0.154351,0.126798,False
420331812#3,1.86,1.0,13.89,3.0,0.154352,0.126717,False
228795468#2,25.19,1.0,13.89,3.0,0.265369,0.126611,False
-381453326#3,37.73,1.0,13.89,3.0,0.10846,0.126385,False
-183272625#1,21.42,1.0,13.89,3.0,0.054272,0.126262,False
-348626444#0,17.95,1.0,13.89,3.0,0.169962,0.126262,False
198691079#2,42.35,1.0,13.89,3.0,0.191978,0.126233,False
183272625#0,20.75,1.0,13.89,3.0,0.056686,0.126213,False
381453326#3,37.35,1.0,13.89,3.0,0.107953,0.126053,False
-381807690#3,67.59,1.0,13.89,3.0,0.040555,0.125992,False
320463177#5,45.21,1.0,13.89,3.0,0.104406,0.125966,False
381807690#3,67.36,1.0,13.89,3.0,0.040191,0.125749,False
381447834#0,46.41,1.0,13.89,3.0,0.091843,0.125536,False
381456455#0,0.2,1.0,13.89,3.0,0.303536,0.125071,False
-198691062#1,65.4,1.0,13.89,3.0,0.015457,0.125004,False
198691062#1,65.4,1.0,13.89,3.0,0.015457,0.124998,False
-381456455#0,0.2,1.0,13.89,3.0,0.303536,0.124916,False
381452159,46.55,1.0,13.89,3.0,0.162047,0.123746,False
464461054#0,18.72,1.0,13.89,3.0,0.123,0.123731,False
-464461054#0,18.72,1.0,13.89,3.0,0.122473,0.123691,False
381453798,64.5,1.0,13.89,3.0,0.086772,0.12365,False
381453326#1,25.28,1.0,13.89,3.0,0.102864,0.123551,False
-381453326#2,25.28,1.0,13.89,3.0,0.102863,0.123496,False
-776781830,47.45,1.0,13.89,3.0,0.150864,0.123321,False
-395564622#2,39.13,1.0,13.89,3.0,0.128503,0.122658,False
395564622#2,38.92,1.0,13.89,3.0,0.128082,0.122317,False
-381453798,67.82,1.0,13.89,3.0,0.066081,0.122278,False
-228795477#2,26.36,1.0,13.89,3.0,0.072836,0.122145,False
170403818#6,76.39,1.0,13.89,3.0,0.029674,0.122139,False
228795477#2,26.0,1.0,13.89,3.0,0.072962,0.121861,False
198691079#0,46.8,1.0,13.89,3.0,0.148817,0.121309,False
-117784418#4,39.75,1.0,13.89,3.0,0.112578,0.121056,False
117784418#4,39.75,1.0,13.89,3.0,0.112838,0.121049,False
-117784421#4,39.25,1.0,13.89,3.0,0.103918,0.12069,False
117784421#4,39.25,1.0,13.89,3.0,0.103917,0.120635,False
-420348556#1,19.09,1.0,13.89,3.0,0.119724,0.120619,False
420348556#0,19.09,1.0,13.89,3.0,0.119723,0.120555,False
-464461048#0,34.21,1.0,13.89,3.0,0.146938,0.120141,False
320463177#2,4.99,1.0,13.89,3.0,0.100182,0.120024,False
464461048#0,34.03,1.0,13.89,3.0,0.147419,0.120008,False
-228795477#7,45.5,1.0,13.89,3.0,0.123206,0.119839,False
228795477#7,45.27,1.0,13.89,3.0,0.12324,0.119709,False
320463177#1,0.2,1.0,13.89,3.0,0.110174,0.119316,False
782616914#0,22.05,1.0,13.89,3.0,0.047164,0.119313,False
-782616914#1,22.05,1.0,13.89,3.0,0.047164,0.119287,False
228797640#2,52.5,1.0,13.89,3.0,0.114302,0.119156,False
-198691085#3,41.48,1.0,13.89,3.0,0.028997,0.119005,False
198691085#3,41.48,1.0,13.89,3.0,0.028997,0.11899,False
198691092#4,41.14,1.0,13.89,3.0,0.026966,0.118512,False
665006921,21.35,1.0,13.89,3.0,0.041397,0.118182,False
1380857657#0,27.61,1.0,13.89,3.0,0.131623,0.118019,False
117914842#4,59.22,1.0,13.89,3.0,0.076714,0.117238,False
-117914344#0,30.41,1.0,13.89,3.0,0.00452,0.117134,False
243542154#1,27.03,1.0,13.89,3.0,0.087249,0.116818,False
-243542154#1,27.03,1.0,13.89,3.0,0.087249,0.116772,False
-381447820,29.9,1.0,13.89,3.0,0.155272,0.11674,False
381447820,29.9,1.0,13.89,3.0,0.155271,0.116658,False
-117914351#0,22.41,1.0,13.89,3.0,0.15075,0.116351,False
117914351#0,23.13,1.0,13.89,3.0,0.147608,0.11629,False
183272625#4,28.99,1.0,13.89,3.0,0.004595,0.116122,False
-198691088,47.59,1.0,13.89,3.0,0.119542,0.116112,False
198691088,47.59,1.0,13.89,3.0,0.119541,0.116112,False
-228795468#1,34.76,1.0,13.89,3.0,0.171839,0.11588,False
228795468#1,34.76,1.0,13.89,3.0,0.171839,0.11588,False
420331823,65.49,1.0,13.89,3.0,0.009519,0.115855,False
-420331823,66.88,1.0,13.89,3.0,0.003397,0.115806,False
-329995231#0,36.71,1.0,13.89,3.0,0.162593,0.115656,False
329995231#0,36.71,1.0,13.89,3.0,0.162592,0.115656,False
381452110,15.21,1.0,13.89,3.0,0.173852,0.115236,False
-381452110,15.21,1.0,13.89,3.0,0.173852,0.115141,False
1283637469#0,42.87,1.0,13.89,3.0,0.13398,0.115066,False
-1002205279,28.99,1.0,13.89,3.0,0.190776,0.114859,False
1002205279,28.99,1.0,13.89,3.0,0.190775,0.114859,False
-117914345#3,49.98,1.0,13.89,3.0,0.102917,0.114779,False
-329995231#1,36.52,1.0,13.89,3.0,0.158841,0.114747,False
329995231#1,36.52,1.0,13.89,3.0,0.158841,0.114747,False
198691056#3,68.85,1.0,13.89,3.0,0.023184,0.114557,False
821108006#1,29.48,1.0,13.89,3.0,0.1853,0.114172,False
-772527390#5,0.2,1.0,13.89,3.0,0.110144,0.114127,False
-821108006#1,29.48,1.0,13.89,3.0,0.184874,0.114087,False
772527390#5,0.2,1.0,13.89,3.0,0.110145,0.114068,False
273638833#0,10.04,1.0,13.89,3.0,0.169297,0.113906,False
-198691070#0,50.15,1.0,13.89,3.0,0.094971,0.113331,False
-381452112,15.11,1.0,13.89,3.0,0.240372,0.113212,False
381452112,15.11,1.0,13.89,3.0,0.240372,0.113212,False
198691070#0,49.63,1.0,13.89,3.0,0.094693,0.112842,False
381452175#0,7.93,1.0,13.89,3.0,0.159546,0.112569,False
-381452175#0,7.93,1.0,13.89,3.0,0.159547,0.112483,False
-272263605#2,50.52,1.0,13.89,3.0,0.053767,0.112267,False
272263605#2,50.52,1.0,13.89,3.0,0.053575,0.112258,False
-315658896#2,17.84,1.0,13.89,3.0,0.165587,0.11217,False
-233652295#2,27.33,1.0,13.89,3.0,0.184122,0.112145,False
233652295#2,27.33,1.0,13.89,3.0,0.184122,0.112145,False
315658896#2,17.84,1.0,13.89,3.0,0.165587,0.11208,False
-233651327#5,69.76,1.0,13.89,3.0,0.00229,0.111137,False
228795477#3,25.98,1.0,13.89,3.0,0.052962,0.111076,False
-228795477#3,25.98,1.0,13.89,3.0,0.052921,0.11104,False
228795477#6,29.78,1.0,13.89,3.0,0.104377,0.110946,False
-228795477#6,29.78,1.0,13.89,3.0,0.104377,0.110891,False
-1380857657#0,32.49,1.0,13.89,3.0,0.075501,0.110725,False
184083104#6,47.37,1.0,13.89,3.0,0.092464,0.110513,False
1126339784,38.13,1.0,13.89,3.0,0.130102,0.110341,False
228797640#3,48.35,1.0,13.89,3.0,0.087474,0.110332,False
-1126339784,38.11,1.0,13.89,3.0,0.130079,0.11032,False
-117784418#2,30.3,1.0,13.89,3.0,0.162425,0.11028,False
117784418#2,30.3,1.0,13.89,3.0,0.162424,0.11028,False
233651327#4,68.86,1.0,13.89,3.0,0.001734,0.110276,False
772527390#3,0.2,1.0,13.89,3.0,0.110145,0.109876,False
243542154#2,24.84,1.0,13.89,3.0,0.087248,0.109807,False
-243542154#2,24.69,1.0,13.89,3.0,0.087611,0.109712,False
464461048#2,15.38,1.0,13.89,3.0,0.217989,0.10896,False
-228950039,39.85,1.0,13.89,3.0,0.115699,0.108894,False
228950039,39.85,1.0,13.89,3.0,0.115698,0.108893,False
-117784418#3,30.67,1.0,13.89,3.0,0.130261,0.108773,False
117784418#3,30.67,1.0,13.89,3.0,0.13027,0.108706,False
-273638833#5,13.29,1.0,13.89,3.0,0.125825,0.108444,False
-464461048#2,14.72,1.0,13.89,3.0,0.217038,0.10822,False
656122990,21.86,1.0,13.89,3.0,0.186499,0.108062,False
-117784421#3,30.91,1.0,13.89,3.0,0.115471,0.107839,False
420348542#1,34.72,1.0,13.89,3.0,0.131697,0.107818,False
-117784418#0,35.0,1.0,13.89,3.0,0.1305,0.107812,False
117784421#3,30.91,1.0,13.89,3.0,0.115471,0.107777,False
117784418#0,35.0,1.0,13.89,3.0,0.130226,0.107757,False
268782333#0,34.07,1.0,8.33,3.0,0.284303,0.107448,False
-268782333#0,34.07,1.0,8.33,3.0,0.284303,0.107296,False
-117784418#1,33.2,1.0,13.89,3.0,0.134581,0.107128,False
117784418#1,33.2,1.0,13.89,3.0,0.134581,0.107128,False
117914345#3,46.61,1.0,13.89,3.0,0.078454,0.107078,False
-228795468#0,37.41,1.0,13.89,3.0,0.115621,0.106845,False
228795468#0,37.41,1.0,13.89,3.0,0.115621,0.106845,False
228796091#0,12.97,1.0,13.89,3.0,0.073992,0.106294,False
-228796091#0,12.97,1.0,13.89,3.0,0.073164,0.106168,False
-198691062#0,58.63,1.0,13.89,3.0,0.007222,0.104938,False
198691062#0,58.63,1.0,13.89,3.0,0.007222,0.104935,False
-117784421#0,37.98,1.0,13.89,3.0,0.103596,0.104915,False
117784421#0,37.98,1.0,13.89,3.0,0.10335,0.104865,False
-117914844,33.45,1.0,13.89,3.0,0.118284,0.104077,False
117914844,33.45,1.0,13.89,3.0,0.118284,0.104077,False
268782233#4,80.23,1.0,8.33,3.0,0.173355,0.103008,False
268782234#0,33.9,1.0,8.33,3.0,0.274117,0.102062,False
-268782234#0,33.9,1.0,8.33,3.0,0.274151,0.101922,False
117784421#2,31.14,1.0,13.89,3.0,0.115478,0.101591,False
-117784421#2,31.14,1.0,13.89,3.0,0.115162,0.101528,False
381447834#1,15.33,1.0,13.89,3.0,0.138345,0.101117,False
-228795481#1,39.13,1.0,13.89,3.0,0.079752,0.101104,False
228795481#1,39.13,1.0,13.89,3.0,0.079752,0.101104,False
-268782233#4,77.35,1.0,8.33,3.0,0.173822,0.100789,False
420187959#9,25.54,1.0,13.89,3.0,0.132199,0.100269,False
268782233#0,29.52,1.0,8.33,3.0,0.27465,0.10009,False
-772527390#3,0.2,1.0,13.89,3.0,0.060827,0.100053,False
117914842#7,36.9,1.0,13.89,3.0,0.081792,0.099985,False
-268782233#0,29.52,1.0,8.33,3.0,0.274612,0.099937,False
-420187959#11,25.28,1.0,13.89,3.0,0.131525,0.099917,False
243542154#4,6.62,1.0,13.89,3.0,0.151873,0.09984,False
-243542154#5,6.62,1.0,13.89,3.0,0.151884,0.099762,False
198691056#1,39.75,1.0,13.89,3.0,0.070108,0.099692,False
-381447834#1,13.67,1.0,13.89,3.0,0.138667,0.099587,False
395564622#1,24.51,1.0,13.89,3.0,0.116428,0.099424,False
-395564622#1,24.51,1.0,13.89,3.0,0.116026,0.099405,False
198691078#0,46.41,1.0,13.89,3.0,0.039225,0.099065,False
-117784421#1,27.3,1.0,13.89,3.0,0.116523,0.0986,False
117784421#1,27.3,1.0,13.89,3.0,0.116523,0.0986,False
-198691085#0,38.31,1.0,13.89,3.0,0.067288,0.097928,False
198691085#0,38.31,1.0,13.89,3.0,0.067288,0.097928,False
268782333#1,31.77,1.0,8.33,3.0,0.284149,0.097912,False
-268782333#1,31.77,1.0,8.33,3.0,0.283851,0.0977,False
375125205#5,63.92,1.0,8.33,3.0,0.034087,0.097158,False
381456424#2,11.5,1.0,13.89,3.0,0.097322,0.095838,False
913826317,23.91,1.0,13.89,3.0,0.074352,0.09579,False
-913826317,23.91,1.0,13.89,3.0,0.074316,0.095744,False
198691061#6,39.41,1.0,13.89,3.0,0.050033,0.095394,False
273639055#6,25.04,1.0,13.89,3.0,0.025504,0.094484,False
-273639055#6,25.04,1.0,13.89,3.0,0.025113,0.09442,False
1283637457,19.89,1.0,13.89,3.0,0.124266,0.093974,False
170403787#1,28.7,1.0,13.89,3.0,0.082902,0.093042,False
-170403787#1,28.29,1.0,13.89,3.0,0.083565,0.092834,False
-170207585#2,31.46,1.0,13.89,3.0,0.0697,0.092702,False
170207585#2,31.46,1.0,13.89,3.0,0.069701,0.092702,False
228795477#5,10.87,1.0,13.89,3.0,0.063714,0.092232,False
-228795477#5,10.88,1.0,13.89,3.0,0.063713,0.092208,False
-631259844,31.46,1.0,13.89,3.0,0.063894,0.091541,False
631259844,31.61,1.0,13.89,3.0,0.062991,0.091485,False
198691092#2,38.06,1.0,13.89,3.0,0.011604,0.090463,False
-176728955#8,27.66,1.0,13.89,3.0,0.072937,0.090183,False
176728955#8,27.66,1.0,13.89,3.0,0.072936,0.090183,False
243542154#3,3.53,1.0,13.89,3.0,0.093429,0.088383,False
656122993,21.3,1.0,13.89,3.0,0.090321,0.08836,False
73550863#1,20.74,1.0,13.89,3.0,0.091767,0.088182,False
-243542154#3,3.53,1.0,13.89,3.0,0.090011,0.087751,False
-581906883#1,5.49,1.0,13.89,3.0,0.039454,0.086918,False
-273028084#9,29.16,1.0,13.89,3.0,0.050181,0.086882,False
273028084#9,29.16,1.0,13.89,3.0,0.050181,0.086882,False
198691061#4,24.97,1.0,13.89,3.0,0.050467,0.086542,False
581906883#1,5.49,1.0,13.89,3.0,0.037315,0.086469,False
-244221646#2,18.86,1.0,13.89,3.0,0.089227,0.086108,False
244221646#2,18.86,1.0,13.89,3.0,0.089189,0.0861,False
-381456424#2,16.27,1.0,13.89,3.0,0.02262,0.084685,False
315658900#3,14.68,1.0,13.89,3.0,0.099145,0.084608,False
170403787#0,16.59,1.0,13.89,3.0,0.087921,0.083955,False
-170403787#0,16.59,1.0,13.89,3.0,0.087878,0.083946,False
-315658900#3,13.39,1.0,13.89,3.0,0.098642,0.083432,False
198691056#0,14.58,1.0,13.89,3.0,0.093589,0.083413,False
-656122998#1,51.38,1.0,8.33,3.0,0.20247,0.083311,False
656122998#1,51.38,1.0,8.33,3.0,0.20247,0.083311,False
156570776,17.49,1.0,13.89,3.0,0.07908,0.082937,False
-156570776,17.49,1.0,13.89,3.0,0.07908,0.082936,False
375125205#4,64.61,1.0,8.33,3.0,0.034205,0.082922,False
198691092#0,33.75,1.0,13.89,3.0,0.009817,0.082634,False
117914345#2,31.24,1.0,13.89,3.0,0.004428,0.079464,False
-117914345#2,30.92,1.0,13.89,3.0,0.004093,0.079131,False
1384048167,10.06,1.0,13.89,3.0,0.053923,0.078198,False
-1384048167,10.06,1.0,13.89,3.0,0.052939,0.077973,False
-243542154#8,16.98,1.0,13.89,3.0,0.052439,0.077183,False
243542154#8,16.98,1.0,13.89,3.0,0.052439,0.077183,False
1283637468#0,14.24,1.0,13.89,3.0,0.063445,0.077101,False
268782233#2,9.05,1.0,8.33,3.0,0.274726,0.076918,False
-268782233#2,9.05,1.0,8.33,3.0,0.274727,0.076771,False
-268782233#3,8.58,1.0,8.33,3.0,0.275127,0.072728,False
268782233#3,8.58,1.0,8.33,3.0,0.274151,0.072679,False
375125205#3,64.15,1.0,8.33,3.0,0.03409,0.069913,False
198691061#3,0.2,1.0,13.89,3.0,0.046608,0.069527,False
198691078#1,16.69,1.0,13.89,3.0,0.013299,0.069114,False
656122998#0,1.07,1.0,8.33,3.0,0.34075,0.069042,False
-656122998#0,1.07,1.0,8.33,3.0,0.339125,0.068717,False
73549702#0,12.7,1.0,13.89,3.0,0.026588,0.068446,False
198691092#1,11.78,1.0,13.89,3.0,0.0107,0.064502,False
375125205#0,30.86,1.0,8.33,3.0,0.12226,0.050169,False
-244217578#0,45.01,1.0,8.33,3.0,0.059577,0.049424,False
244217578#0,48.34,1.0,8.33,3.0,0.044165,0.049116,False
375125205#2,27.26,1.0,8.33,3.0,0.033938,0.029504,False
-1004718837,19.49,1.0,2.78,2.0,0.035687,0.023379,False
1004718837,19.49,1.0,2.78,2.0,0.035181,0.023278,False
