method,seed,round,round_theta_index,theta_per_round,parameter_id,t_lead,delta_T_thr,G_ext,Q_ratio,tau,D_E_sec,D_G_sec,score,best_so_far,penalty,final_status,failure_reason,termination_reason,emergency_arrived,emergency_teleport,background_teleported,sumo_summary_teleports,sumo_summary_collisions,signal_event_count,stage2_hold_count,stage3_preemption_count,surrogate_mean,surrogate_ci_low,surrogate_ci_high,raw_ei_acquisition,acquisition,bo_selection_strategy,bo_candidate_source,bo_plateau_mode,bo_batch_slot,hold_feasibility,essi_acquisition,essi_1,essi_2,essi_3,essi_4,essi_5,essi_6,essi_max,essi_mean,essi_log_max,dominant_essi_subspace,spatial_activation_score,raw_score,essi_log_max_ewma,essi_spc_status,essi_stop_recommended
BO,20260607,1,1,6,bo_r01_001_tl50_dt212_ge40_qr62_tau90,50,212,40,0.62,0.9,475.92,424.50,471.25,471.25,0.00,PASS,,recovery_detected,True,False,0,0,0,323,1,42,,,,,,,,,,,,,,,,,,,,,,,471.25,,,
BO,20260607,1,2,6,bo_r01_002_tl80_dt143_ge18_qr17_tau79,80,143,18,0.17,0.79,443.92,431.35,442.78,442.78,0.00,PASS,,recovery_detected,True,False,0,0,0,419,1,64,,,,,,,,,,,,,,,,,,,,,,,442.78,,,
BO,20260607,1,3,6,bo_r01_003_tl56_dt74_ge28_qr32_tau74,56,74,28,0.32,0.74,500.92,309.91,1000483.56,442.78,1000000.00,FAIL,sumo_summary_teleport_collision,recovery_timeout,True,False,2,2,2,516,1,55,,,,,,,,,,,,,,,,,,,,,,,483.56,,,
BO,20260607,1,4,6,bo_r01_004_tl78_dt142_ge10_qr0_tau80,78,142,10,0.0,0.8,328.92,446.38,339.60,339.60,0.00,PASS,,recovery_detected,True,False,0,0,0,731,1,67,,,,,,,,,,,,,,,,,,,,,,,339.60,,,
BO,20260607,1,5,6,bo_r01_005_tl105_dt126_ge33_qr23_tau89,105,126,33,0.23,0.89,486.92,428.06,481.57,339.60,0.00,PASS,,recovery_detected,True,False,0,0,0,435,1,46,,,,,,,,,,,,,,,,,,,,,,,481.57,,,
BO,20260607,1,6,6,bo_r01_006_tl105_dt71_ge21_qr60_tau80,105,71,21,0.6,0.8,0.00,481.19,1000043.74,339.60,1000000.00,FAIL,emergency_stuck,emergency_stuck,False,False,1,1,1,534,1,39,,,,,,,,,,,,,,,,,,,,,,,43.74,,,
BO,20260607,2,1,6,bo_r02_001_tl78_dt139_ge10_qr3_tau80,78,139,10,0.03,0.8,328.92,446.38,339.60,339.60,0.00,PASS,,recovery_detected,True,False,0,0,0,731,1,67,-8196.73,-70336.22,53942.77,0.68,54.65,incumbent_exploitation,local,False,stable,0.8547338604476848,31.51,10.60,6.75,8.50,6.13,31.51,11.00,31.51,12.42,3.45040921,5,0.572356,339.60,,,
BO,20260607,2,2,6,bo_r02_002_tl80_dt138_ge10_qr3_tau81,80,138,10,0.03,0.81,328.92,446.38,339.60,339.60,0.00,PASS,,recovery_detected,True,False,0,0,0,731,1,67,-10906.56,-86562.27,64749.15,0.49,50.44,incumbent_exploitation,local,False,stable,0.8323296134907578,29.85,10.05,6.41,8.03,5.84,29.85,10.54,29.85,11.79,3.39610361,5,0.587441,339.60,,,
BO,20260607,2,3,6,bo_r02_003_tl77_dt153_ge10_qr3_tau81,77,153,10,0.03,0.81,328.92,446.38,339.60,339.60,0.00,PASS,,recovery_detected,True,False,0,0,0,740,1,67,44772.84,-216640.14,306185.82,1.82,41.97,incumbent_exploitation,local,False,local_constrained,0.7950881218838034,24.42,8.12,5.19,6.55,4.74,24.42,8.59,24.42,9.60,3.19523293,5,0.577396,339.60,,,
BO,20260607,2,4,6,bo_r02_004_tl73_dt144_ge10_qr5_tau82,73,144,10,0.05,0.82,328.92,446.38,339.60,339.60,0.00,PASS,,recovery_detected,True,False,0,0,0,731,1,67,8549.20,-39509.27,56607.68,3.50,36.96,incumbent_exploitation,local,False,local_constrained,0.7656331981434784,21.90,7.11,4.57,5.80,4.24,21.90,7.83,21.90,8.58,3.08645451,5,0.588219,339.60,,,
BO,20260607,2,5,6,bo_r02_005_tl0_dt219_ge0_qr8_tau77,0,219,0,0.08,0.77,0.00,491.42,1000044.67,339.60,1000000.00,FAIL,emergency_stuck,emergency_stuck,False,False,1,1,1,1658,1,83,55179.13,-439594.08,549952.34,70.51,34.58,ei,global,False,global_ei,0.49600027600570157,12.16,2.06,1.46,2.86,1.64,12.16,3.63,12.16,3.97,2.49807946,5,0.347651,44.67,,,
BO,20260607,2,6,6,bo_r02_006_tl3_dt11_ge49_qr80_tau82,3,11,49,0.8,0.82,0.00,494.04,1000044.91,339.60,1000000.00,FAIL,emergency_stuck,emergency_stuck,False,False,0,0,0,4420,1,9,478137.53,-427139.34,1383414.41,7.92,2.96,ei,global,False,space_filling,0.3748214227772898,2.38,0.57,0.41,0.54,0.46,2.38,1.02,2.38,0.90,0.86643918,5,0.800750,44.91,,,
BO,20260607,3,1,6,bo_r03_001_tl73_dt145_ge10_qr5_tau82,73,145,10,0.05,0.82,328.92,446.38,339.60,339.60,0.00,PASS,,recovery_detected,True,False,0,0,0,731,1,67,-57.14,-15618.03,15503.76,0.77,74.60,incumbent_exploitation,stable_success,False,stable,0.9660130968135453,44.18,14.34,9.22,11.71,8.56,44.18,15.79,44.18,17.30,3.78820069,5,0.587929,339.60,,,
BO,20260607,3,2,6,bo_r03_002_tl73_dt142_ge10_qr4_tau81,73,142,10,0.04,0.81,328.92,446.38,339.60,339.60,0.00,PASS,,recovery_detected,True,False,0,0,0,731,1,67,1848.51,-13491.71,17188.74,1.81,66.22,incumbent_exploitation,stable_success,False,stable,0.9284585458991865,38.39,12.56,8.05,10.23,7.41,38.39,13.55,38.39,15.03,3.64774492,5,0.575399,339.60,,,
BO,20260607,3,3,6,bo_r03_003_tl78_dt151_ge10_qr3_tau81,78,151,10,0.03,0.81,328.92,446.38,339.60,339.60,0.00,PASS,,recovery_detected,True,False,0,0,0,738,1,67,-2105.65,-19313.11,15101.80,0.00,49.71,incumbent_exploitation,trust_region,False,local_constrained,0.9402943102524883,29.04,9.70,6.19,7.80,5.65,29.04,10.22,29.04,11.43,3.36866306,5,0.579874,339.60,,,
BO,20260607,3,4,6,bo_r03_004_tl77_dt142_ge10_qr9_tau82,77,142,10,0.09,0.82,328.92,446.38,339.60,339.60,0.00,PASS,,recovery_detected,True,False,0,0,0,731,1,67,-1502.23,-26500.86,23496.40,1.47,48.26,incumbent_exploitation,trust_region,False,local_constrained,0.8815867964314751,29.45,9.65,6.21,7.81,5.76,29.45,10.63,29.45,11.59,3.38272716,5,0.605988,339.60,,,
BO,20260607,3,5,6,bo_r03_005_tl52_dt131_ge12_qr2_tau78,52,131,12,0.02,0.78,451.92,328.04,1000440.66,339.60,1000000.00,FAIL,sumo_summary_teleport_collision,recovery_timeout,True,False,2,2,2,665,1,76,45708.60,-92267.75,183684.95,46.73,31.89,ei,global,False,global_ei,0.6884530868140118,16.32,4.97,3.20,4.30,2.98,16.32,5.53,16.32,6.22,2.79268162,5,0.507447,440.66,,,
BO,20260607,3,6,6,bo_r03_006_tl12_dt2_ge47_qr98_tau74,12,2,47,0.98,0.74,0.00,485.10,1000044.10,339.60,1000000.00,FAIL,emergency_stuck,emergency_stuck,False,False,0,0,0,4933,0,8,943908.59,721070.63,1166746.55,55.81,11.19,ei,global,False,space_filling,0.2013716361533884,8.64,2.17,1.52,2.01,1.67,8.64,3.63,8.64,3.27,2.15682691,5,0.769138,44.10,,,
BO,20260607,4,1,6,bo_r04_001_tl75_dt146_ge9_qr5_tau82,75,146,9,0.05,0.82,308.92,452.22,1000321.95,339.60,1000000.00,FAIL,sumo_summary_teleport_collision,recovery_detected,True,False,1,1,1,429,1,68,-4831.17,-22267.73,12605.38,0.00,48.00,stable_success_lattice,stable_success,False,stable,0.6906217758881477,28.43,9.29,5.97,7.56,5.52,28.43,10.14,28.43,11.15,3.34761519,5,0.588183,321.95,,,
BO,20260607,4,2,6,bo_r04_002_tl74_dt142_ge10_qr4_tau81,74,142,10,0.04,0.81,328.92,446.38,339.60,339.60,0.00,PASS,,recovery_detected,True,False,0,0,0,731,1,67,-2168.45,-16826.90,12489.99,0.03,47.93,incumbent_exploitation,stable_success,False,stable,0.6387477019145424,27.88,9.15,5.87,7.44,5.39,27.88,9.84,27.88,10.93,3.32778462,5,0.577296,339.60,,,
BO,20260607,4,3,6,bo_r04_003_tl75_dt169_ge5_qr16_tau82,75,169,5,0.16,0.82,356.92,442.18,1000364.67,339.60,1000000.00,FAIL,sumo_summary_teleport_collision,recovery_detected,True,False,1,1,1,730,1,90,12929.77,-154724.56,180584.10,90.86,80.53,ei,local,False,local_constrained,0.8926429674570513,48.25,15.43,9.97,12.69,9.34,48.25,17.41,48.25,18.85,3.87641750,5,0.594909,364.67,,,
BO,20260607,4,4,6,bo_r04_004_tl72_dt170_ge9_qr16_tau86,72,170,9,0.16,0.86,308.92,452.22,1000321.95,339.60,1000000.00,FAIL,sumo_summary_teleport_collision,recovery_detected,True,False,1,1,1,431,1,68,14337.28,-186123.87,214798.43,91.97,80.35,ei,local,False,local_constrained,0.8791091320674982,52.23,16.22,10.62,13.45,10.22,52.23,19.66,52.23,20.40,3.95559963,5,0.645927,321.95,,,
BO,20260607,4,5,6,bo_r04_005_tl77_dt177_ge8_qr37_tau87,77,177,8,0.37,0.87,311.92,454.45,324.88,324.88,0.00,PASS,,recovery_detected,True,False,0,0,0,608,1,71,21081.80,-263193.27,305356.87,83.31,72.12,ei,global,False,global_ei,0.8700445661636219,51.57,15.82,10.45,13.08,10.27,51.57,20.17,51.57,20.23,3.94303675,5,0.711532,324.88,,,
BO,20260607,4,6,6,bo_r04_006_tl102_dt12_ge47_qr93_tau76,102,12,47,0.93,0.76,0.00,482.98,1000043.91,324.88,1000000.00,FAIL,emergency_stuck,emergency_stuck,False,False,0,0,0,4821,0,9,849865.65,79376.09,1620355.21,56.28,18.52,ei,global,False,space_filling,0.3293100415311079,17.55,5.91,3.88,4.51,3.75,17.55,7.26,17.55,7.14,2.86517647,5,0.946995,43.91,,,
BO,20260607,5,1,6,bo_r05_001_tl77_dt178_ge8_qr37_tau87,77,178,8,0.37,0.87,311.92,454.45,324.88,324.88,0.00,PASS,,recovery_detected,True,False,0,0,0,608,1,71,584.14,-16293.33,17461.61,2.96,51.28,incumbent_exploitation,stable_success,False,stable,0.6625995122305172,36.66,11.24,7.43,9.30,7.30,36.66,14.33,36.66,14.37,3.60160128,5,0.711242,324.88,,,
BO,20260607,5,2,6,bo_r05_002_tl79_dt181_ge8_qr38_tau87,79,181,8,0.38,0.87,311.92,454.45,324.88,324.88,0.00,PASS,,recovery_detected,True,False,0,0,0,608,1,71,-83260.81,-248914.02,82392.40,17.65,49.05,stable_success_lattice,stable_success,False,stable,0.7042461101406928,35.32,10.89,7.19,8.97,7.05,35.32,13.82,35.32,13.88,3.56458302,5,0.716566,324.88,,,
BO,20260607,5,3,6,bo_r05_003_tl66_dt134_ge21_qr5_tau78,66,134,21,0.05,0.78,0.00,485.89,1000044.17,324.88,1000000.00,FAIL,emergency_stuck,emergency_stuck,False,False,0,0,0,284,1,42,372042.46,-525389.63,1269474.55,143.01,95.07,ei,local,False,local_constrained,0.669815857002326,54.56,17.81,11.42,14.55,10.50,54.56,19.18,54.56,21.34,3.99928875,5,0.569589,44.17,,,
BO,20260607,5,4,6,bo_r05_004_tl67_dt137_ge14_qr21_tau82,67,137,14,0.21,0.82,300.92,451.38,314.60,314.60,0.00,PASS,,recovery_detected,True,False,0,0,0,563,1,56,-286878.05,-1063382.00,489625.90,159.45,95.04,ei,local,False,local_constrained,0.5999202898770335,60.29,18.75,12.25,15.58,11.74,60.29,22.46,60.29,23.51,4.09913113,5,0.630266,314.60,,,
BO,20260607,5,5,6,bo_r05_005_tl67_dt139_ge19_qr19_tau89,67,139,19,0.19,0.89,559.92,297.37,536.05,314.60,0.00,PASS,,recovery_timeout,True,False,0,0,0,633,1,73,244761.19,-551185.51,1040707.90,158.10,111.33,ei,global,False,global_ei,0.7076476739994947,80.35,24.39,16.17,20.27,15.98,80.35,31.60,80.35,31.46,4.38633622,5,0.718136,536.05,,,
BO,20260607,5,6,6,bo_r05_006_tl111_dt116_ge48_qr87_tau75,111,116,48,0.87,0.75,720.92,296.73,1000682.36,314.60,1000000.00,FAIL,sumo_summary_teleport_collision,recovery_timeout,True,False,1,1,1,521,1,49,813842.11,105626.51,1522057.70,28.35,5.92,ei,global,False,space_filling,0.20914991510711572,5.41,1.87,1.22,1.41,1.16,5.41,2.20,5.41,2.21,1.68761773,5,0.911742,682.36,,,
BO,20260607,6,1,6,bo_r06_001_tl67_dt136_ge14_qr21_tau82,67,136,14,0.21,0.82,300.92,451.38,314.60,314.60,0.00,PASS,,recovery_detected,True,False,0,0,0,563,1,56,222.65,-16549.60,16994.89,6.05,47.04,incumbent_exploitation,stable_success,False,stable,0.6086743802828929,29.85,9.29,6.07,7.72,5.81,29.85,11.12,29.85,11.64,3.39630365,5,0.630556,314.60,,,
BO,20260607,6,2,6,bo_r06_002_tl66_dt135_ge15_qr22_tau83,66,135,15,0.22,0.83,368.92,439.94,375.38,314.60,0.00,PASS,,recovery_detected,True,False,0,0,0,467,1,60,30459.75,-225565.20,286484.69,3.42,45.25,stable_success_lattice,stable_success,False,stable,0.6504294662854349,29.39,9.06,5.94,7.55,5.74,29.39,11.08,29.39,11.46,3.38079628,5,0.645599,375.38,,,
BO,20260607,6,3,6,bo_r06_003_tl67_dt131_ge9_qr23_tau79,67,131,9,0.23,0.79,308.92,452.22,1000321.95,314.60,1000000.00,FAIL,sumo_summary_teleport_collision,recovery_detected,True,False,1,1,1,429,1,68,843354.50,417393.40,1269315.61,142.52,83.47,ei,local,False,local_constrained,0.5899428948126304,49.40,15.49,10.05,12.92,9.48,49.40,17.83,49.40,19.19,3.89996064,5,0.587557,321.95,,,
BO,20260607,6,4,6,bo_r06_004_tl61_dt133_ge9_qr31_tau81,61,133,9,0.31,0.81,336.92,440.72,1000346.36,314.60,1000000.00,FAIL,sumo_summary_teleport_collision,recovery_detected,True,False,2,2,2,632,1,75,527090.24,-182826.09,1237006.57,118.56,82.05,ei,local,False,local_constrained,0.6967185430605919,50.95,15.24,10.03,13.00,9.77,50.95,19.02,50.95,19.67,3.93079738,5,0.616793,346.36,,,
BO,20260607,6,5,6,bo_r06_005_tl63_dt138_ge2_qr49_tau81,63,138,2,0.49,0.81,0.00,478.96,1000043.54,314.60,1000000.00,FAIL,emergency_stuck,emergency_stuck,False,False,1,1,1,600,1,90,301363.28,-642109.15,1244835.70,133.46,77.95,ei,global,False,global_ei,0.587776291006128,50.17,14.67,9.74,12.63,9.65,50.17,19.11,50.17,19.33,3.91544918,5,0.639587,43.54,,,
BO,20260607,6,6,6,bo_r06_006_tl5_dt213_ge48_qr99_tau73,5,213,48,0.99,0.73,403.92,430.42,406.33,314.60,0.00,PASS,,recovery_detected,True,False,0,0,0,652,0,33,910235.87,290475.59,1529996.16,87.74,29.21,ei,global,False,space_filling,0.33472050851167445,20.24,4.69,3.33,4.64,3.75,20.24,8.34,20.24,7.50,3.00780143,5,0.689279,406.33,,,
BO,20260607,7,1,6,bo_r07_001_tl66_dt134_ge13_qr20_tau81,66,134,13,0.2,0.81,296.92,456.05,1000311.39,314.60,1000000.00,FAIL,sumo_summary_teleport_collision,recovery_detected,True,False,1,1,1,481,1,56,93896.84,-100405.90,288199.59,149.00,48.75,ei,stable_success,False,stable,0.329406711078556,30.07,9.37,6.10,7.80,5.82,30.07,11.07,30.07,11.70,3.40342178,5,0.612589,311.39,,,
BO,20260607,7,2,6,bo_r07_002_tl69_dt134_ge13_qr20_tau81,69,134,13,0.2,0.81,340.92,443.52,350.25,314.60,0.00,PASS,,recovery_detected,True,False,0,0,0,458,1,61,-107226.23,-294199.33,79746.86,143.82,47.55,ei,stable_success,False,stable,0.33282785793958675,29.60,9.33,6.07,7.71,5.76,29.60,10.90,29.60,11.56,3.38763008,5,0.618281,350.25,,,
BO,20260607,7,3,6,bo_r07_003_tl59_dt125_ge11_qr13_tau81,59,125,11,0.13,0.81,447.92,427.94,1000446.10,314.60,1000000.00,FAIL,sumo_summary_teleport_collision,recovery_detected,True,False,1,1,1,694,1,81,698481.49,198761.47,1198201.51,235.15,102.92,ei,trust_region,False,local_constrained,0.44094925226056186,60.00,18.28,11.92,15.54,11.38,60.00,21.68,60.00,23.13,4.09428870,5,0.578620,446.10,,,
BO,20260607,7,4,6,bo_r07_004_tl67_dt121_ge11_qr10_tau82,67,121,11,0.1,0.82,585.92,302.60,1000560.16,314.60,1000000.00,FAIL,sumo_summary_teleport_collision,recovery_timeout,True,False,5,5,5,897,1,98,-154492.59,-478999.99,170014.82,212.50,100.46,ei,local,False,local_constrained,0.4761059078161506,60.58,19.10,12.39,15.84,11.70,60.58,22.01,60.58,23.60,4.10393766,5,0.598759,560.16,,,
BO,20260607,7,5,6,bo_r07_005_tl68_dt112_ge12_qr13_tau70,68,112,12,0.13,0.7,512.92,311.24,1000494.59,314.60,1000000.00,FAIL,sumo_summary_teleport_collision,recovery_timeout,True,False,1,1,1,632,1,86,-336400.61,-706503.83,33702.60,149.68,79.75,ei,global,False,global_ei,0.537705140220096,38.77,13.24,8.29,10.77,7.21,38.77,12.27,38.77,15.09,3.65764153,5,0.481718,494.59,,,
BO,20260607,7,6,6,bo_r07_006_tl6_dt152_ge49_qr94_tau74,6,152,49,0.94,0.74,474.92,307.35,1000459.69,314.60,1000000.00,FAIL,sumo_summary_teleport_collision,recovery_timeout,True,False,1,1,1,710,0,37,326082.30,-122690.96,774855.57,80.68,24.84,ei,global,False,space_filling,0.3094075040316226,17.75,4.22,2.98,4.09,3.33,17.75,7.35,17.75,6.62,2.87643502,5,0.711127,459.69,,,
BO,20260607,8,1,6,bo_r08_001_tl69_dt140_ge15_qr22_tau83,69,140,15,0.22,0.83,368.92,439.94,375.38,314.60,0.00,PASS,,recovery_detected,True,False,0,0,0,467,1,60,-765702.46,-1034578.36,-496826.57,0.21,18.04,stable_success_lattice,stable_success,False,stable,0.2592407668414087,11.79,3.68,2.41,3.04,2.31,11.79,4.44,11.79,4.61,2.46746837,5,0.649840,375.38,,,
BO,20260607,8,2,6,bo_r08_002_tl69_dt140_ge15_qr20_tau83,69,140,15,0.2,0.83,368.92,439.94,375.38,314.60,0.00,PASS,,recovery_detected,True,False,0,0,0,467,1,60,-782175.49,-1058188.32,-506162.66,1.13,17.44,stable_success_lattice,stable_success,False,stable,0.25070741144700287,11.32,3.54,2.31,2.92,2.22,11.32,4.25,11.32,4.43,2.42658386,5,0.645040,375.38,,,
BO,20260607,8,3,6,bo_r08_003_tl100_dt208_ge14_qr40_tau85,100,208,14,0.4,0.85,371.92,432.18,1000377.40,314.60,1000000.00,FAIL,sumo_summary_teleport_collision,recovery_detected,True,False,3,3,3,623,1,63,448805.46,-528403.15,1426014.07,86.92,61.19,ei,local,False,local_constrained,0.7071049422951523,46.15,15.39,10.01,12.05,9.49,46.15,17.95,46.15,18.51,3.83186463,5,0.750875,377.40,,,
BO,20260607,8,4,6,bo_r08_004_tl93_dt169_ge14_qr33_tau86,93,169,14,0.33,0.86,272.92,447.98,288.83,288.83,0.00,PASS,,recovery_detected,True,False,0,0,0,354,1,56,311864.66,-649991.23,1273720.54,83.53,59.70,ei,local,False,local_constrained,0.7179810990417218,44.57,14.64,9.54,11.57,9.11,44.57,17.35,44.57,17.80,3.79696753,5,0.743111,288.83,,,
BO,20260607,8,5,6,bo_r08_005_tl87_dt219_ge28_qr60_tau90,87,219,28,0.6,0.9,476.92,428.81,472.55,288.83,0.00,PASS,,recovery_detected,True,False,0,0,0,360,1,54,469231.28,-509486.50,1447949.07,87.72,75.10,ei,global,False,global_ei,0.8579850796937638,65.60,20.35,13.57,16.39,13.57,65.60,27.16,65.60,26.11,4.18351143,5,0.871518,472.55,,,
BO,20260607,8,6,6,bo_r08_006_tl1_dt114_ge1_qr99_tau88,1,114,1,0.99,0.88,547.92,297.52,1000525.16,288.83,1000000.00,FAIL,sumo_summary_teleport_collision,recovery_timeout,True,False,1,1,1,2285,0,137,477416.96,-501447.12,1456281.04,87.80,20.40,ei,global,False,space_filling,0.23350727385661774,14.82,2.96,2.21,3.22,2.69,14.82,6.35,14.82,5.38,2.69568605,5,0.722667,525.16,,,
BO,20260607,9,1,6,bo_r09_001_tl93_dt168_ge14_qr33_tau86,93,168,14,0.33,0.86,272.92,447.98,288.83,288.83,0.00,PASS,,recovery_detected,True,False,0,0,0,354,1,56,-1242.85,-73218.77,70733.06,1.24,47.96,incumbent_exploitation,stable_success,False,stable,0.6193649507844079,35.81,11.76,7.67,9.30,7.32,35.81,13.95,35.81,14.30,3.57834797,5,0.743401,288.83,,,
BO,20260607,9,2,6,bo_r09_002_tl92_dt167_ge15_qr32_tau87,92,167,15,0.32,0.87,382.92,431.33,387.32,288.83,0.00,PASS,,recovery_detected,True,False,0,0,0,556,1,60,36573.15,-365867.15,439013.46,23.82,45.33,stable_success_lattice,stable_success,False,stable,0.650334458244132,34.31,11.20,7.32,8.88,7.02,34.31,13.44,34.31,13.69,3.53539124,5,0.753644,387.32,,,
BO,20260607,9,3,6,bo_r09_003_tl107_dt120_ge8_qr20_tau90,107,120,8,0.2,0.9,457.92,431.07,455.48,288.83,0.00,PASS,,recovery_detected,True,False,0,0,0,874,1,91,451199.71,-525333.78,1427733.20,99.63,83.69,ei,local,False,local_constrained,0.8433000386858207,65.30,22.25,14.42,17.16,13.59,65.30,25.52,65.30,26.37,4.17899970,5,0.777192,455.48,,,
BO,20260607,9,4,6,bo_r09_004_tl107_dt120_ge18_qr33_tau88,107,120,18,0.33,0.88,518.92,302.18,1000499.22,288.83,1000000.00,FAIL,sumo_summary_teleport_collision,recovery_timeout,True,False,1,1,1,606,1,72,447072.33,-529356.31,1423500.96,96.77,81.08,ei,local,False,local_constrained,0.8405429151813938,66.61,22.65,14.73,17.40,13.98,66.61,26.45,66.61,26.97,4.19885201,5,0.818892,499.22,,,
BO,20260607,9,5,6,bo_r09_005_tl51_dt201_ge28_qr52_tau90,51,201,28,0.52,0.9,413.92,428.14,415.21,288.83,0.00,PASS,,recovery_detected,True,False,0,0,0,349,1,47,449823.64,-526623.35,1426270.64,92.31,91.97,ei,global,False,global_ei,1.0,72.85,20.18,13.78,17.57,14.43,72.85,30.15,72.85,28.16,4.28842192,5,0.789238,415.21,,,
BO,20260607,9,6,6,bo_r09_006_tl34_dt24_ge43_qr1_tau85,34,24,43,0.01,0.85,0.00,500.78,1000045.53,288.83,1000000.00,FAIL,emergency_stuck,emergency_stuck,False,False,0,0,0,2586,1,14,458689.52,-517891.35,1435270.40,85.42,18.79,ei,global,False,space_filling,0.2211882520004828,12.84,3.70,2.47,3.19,2.49,12.84,5.02,12.84,4.95,2.55276796,5,0.679695,45.53,,,
BO,20260607,10,1,6,bo_r10_001_tl95_dt166_ge13_qr32_tau85,95,166,13,0.32,0.85,252.92,453.28,1000271.13,288.83,1000000.00,FAIL,sumo_summary_teleport_collision,recovery_detected,True,False,1,1,1,425,1,54,74225.01,-316911.28,465361.30,129.25,82.21,ei,stable_success,False,stable,0.6390761568403881,60.39,20.07,13.04,15.79,12.35,60.39,23.31,60.39,24.16,4.10086296,5,0.731126,271.13,,,
BO,20260607,10,2,6,bo_r10_002_tl95_dt166_ge13_qr32_tau87,95,166,13,0.32,0.87,252.92,453.28,1000271.13,288.83,1000000.00,FAIL,sumo_summary_teleport_collision,recovery_detected,True,False,1,1,1,425,1,54,66789.47,-355126.01,488704.95,128.02,81.77,ei,stable_success,False,stable,0.6415237767937677,61.85,20.36,13.28,16.06,12.68,61.85,24.17,61.85,24.73,4.12475863,5,0.753126,271.13,,,
BO,20260607,10,3,6,bo_r10_003_tl95_dt157_ge12_qr39_tau87,95,157,12,0.39,0.87,398.92,442.89,402.92,288.83,0.00,PASS,,recovery_detected,True,False,0,0,0,554,1,70,262802.67,-558307.07,1083912.42,160.83,113.43,ei,local,False,local_constrained,0.7081334334725582,87.61,28.59,18.71,22.62,17.99,87.61,34.55,87.61,35.01,4.47293399,5,0.769288,402.92,,,
BO,20260607,10,4,6,bo_r10_004_tl95_dt156_ge12_qr25_tau87,95,156,12,0.25,0.87,398.92,442.89,402.92,288.83,0.00,PASS,,recovery_detected,True,False,0,0,0,554,1,70,251132.99,-643392.33,1145658.31,157.56,112.70,ei,trust_region,False,local_constrained,0.7186293140793071,83.33,27.67,17.98,21.76,17.05,83.33,32.25,83.33,33.34,4.42283763,5,0.735978,402.92,,,
BO,20260607,10,5,6,bo_r10_005_tl97_dt126_ge12_qr4_tau89,97,126,12,0.04,0.89,371.92,442.31,378.32,288.83,0.00,PASS,,recovery_detected,True,False,0,0,0,497,1,65,347505.05,-617723.53,1312733.62,143.36,100.42,ei,global,False,global_ei,0.7039087590476542,72.67,24.73,15.96,19.22,14.91,72.67,27.71,72.67,29.20,4.28586013,5,0.720078,378.32,,,
BO,20260607,10,6,6,bo_r10_006_tl0_dt178_ge50_qr92_tau90,0,178,50,0.92,0.9,491.92,310.75,1000475.45,288.83,1000000.00,FAIL,sumo_summary_teleport_collision,recovery_timeout,True,False,1,1,1,686,0,37,465451.98,-506724.64,1437628.60,31.11,7.38,ei,global,False,space_filling,0.23765869123239292,6.41,1.46,1.06,1.43,1.24,6.41,2.83,6.41,2.40,1.85758857,5,0.866648,475.45,,,
BO,20260607,11,1,6,bo_r11_001_tl92_dt172_ge15_qr34_tau86,92,172,15,0.34,0.86,382.92,431.33,387.32,288.83,0.00,PASS,,recovery_detected,True,False,0,0,0,556,1,60,-347699.41,-624642.74,-70756.08,0.00,17.62,stable_success_lattice,stable_success,False,stable,0.25288540922812797,13.21,4.32,2.82,3.42,2.70,13.21,5.15,13.21,5.27,2.58063717,5,0.745993,387.32,,,
BO,20260607,11,2,6,bo_r11_002_tl91_dt168_ge15_qr34_tau86,91,168,15,0.34,0.86,382.92,431.33,387.32,288.83,0.00,PASS,,recovery_detected,True,False,0,0,0,556,1,60,-459251.33,-731826.14,-186676.52,0.00,17.50,stable_success_lattice,stable_success,False,stable,0.25115165973253495,13.10,4.27,2.79,3.39,2.67,13.10,5.12,13.10,5.23,2.57276978,5,0.745256,387.32,,,
BO,20260607,11,3,6,bo_r11_003_tl64_dt174_ge9_qr34_tau87,64,174,9,0.34,0.87,375.92,438.95,1000381.65,288.83,1000000.00,FAIL,sumo_summary_teleport_collision,recovery_detected,True,False,1,1,1,693,1,77,411986.99,-505996.55,1329970.53,130.43,63.47,ei,local,False,local_constrained,0.4893447500479729,43.64,12.79,8.52,10.91,8.52,43.64,17.03,43.64,16.90,3.77603604,5,0.683787,381.65,,,
BO,20260607,11,4,6,bo_r11_004_tl62_dt163_ge10_qr43_tau90,62,163,10,0.43,0.9,328.92,446.38,339.60,288.83,0.00,PASS,,recovery_detected,True,False,0,0,0,744,1,67,441106.27,-522297.62,1404510.15,134.69,62.12,ei,local,False,local_constrained,0.4633381678782917,46.25,13.21,8.91,11.35,9.12,46.25,18.65,46.25,17.91,3.83395898,5,0.741035,339.60,,,
BO,20260607,11,5,6,bo_r11_005_tl90_dt198_ge47_qr7_tau79,90,198,47,0.07,0.79,259.92,453.83,277.55,277.55,0.00,PASS,,recovery_detected,True,False,0,0,0,190,1,30,450299.29,-524774.36,1425372.94,97.13,80.36,ei,global,False,global_ei,0.8317932160638517,56.30,19.98,12.75,15.21,11.61,56.30,20.95,56.30,22.80,4.03065318,5,0.696854,277.55,,,
BO,20260607,11,6,6,bo_r11_006_tl5_dt217_ge49_qr96_tau71,5,217,49,0.96,0.71,474.92,307.35,1000459.69,277.55,1000000.00,FAIL,sumo_summary_teleport_collision,recovery_timeout,True,False,1,1,1,710,0,37,92333.43,-502767.60,687434.45,0.22,0.10,ei,global,False,space_filling,0.4793275941710522,0.07,0.02,0.01,0.02,0.01,0.07,0.03,0.07,0.03,-2.68372361,5,0.662168,459.69,,,
BO,20260607,12,1,6,bo_r12_001_tl90_dt199_ge47_qr7_tau79,90,199,47,0.07,0.79,259.92,453.83,277.55,277.55,0.00,PASS,,recovery_detected,True,False,0,0,0,190,1,30,1504.30,-70394.22,73402.82,1.21,76.36,incumbent_exploitation,stable_success,False,stable,0.9869208792309708,53.47,18.97,12.11,14.45,11.03,53.47,19.90,53.47,21.66,3.97916651,5,0.696563,277.55,,,
BO,20260607,12,2,6,bo_r12_002_tl90_dt196_ge47_qr8_tau80,90,196,47,0.08,0.8,259.92,453.83,277.55,277.55,0.00,PASS,,recovery_detected,True,False,0,0,0,190,1,30,15668.15,-239467.49,270803.80,6.86,68.55,incumbent_exploitation,stable_success,False,stable,0.958894597502106,48.98,17.25,11.04,13.17,10.12,48.98,18.40,48.98,19.83,3.89137527,5,0.710834,277.55,,,
BO,20260607,12,3,6,bo_r12_003_tl98_dt198_ge50_qr3_tau81,98,198,50,0.03,0.81,0.00,466.18,1000042.38,277.55,1000000.00,FAIL,emergency_stuck,emergency_stuck,False,False,0,0,0,170,1,25,276905.96,-626618.12,1180430.05,70.95,62.80,ei,local,False,local_constrained,0.8892408851172183,46.32,16.71,10.66,12.54,9.70,46.32,17.47,46.32,18.90,3.83561935,5,0.734182,42.38,,,
BO,20260607,12,4,6,bo_r12_004_tl97_dt197_ge50_qr11_tau81,97,197,50,0.11,0.81,0.00,466.18,1000042.38,277.55,1000000.00,FAIL,emergency_stuck,emergency_stuck,False,False,0,0,0,170,1,25,261457.14,-627678.12,1150592.39,69.52,61.88,ei,local,False,local_constrained,0.8940813410591922,46.73,16.63,10.65,12.55,9.78,46.73,17.83,46.73,19.03,3.84430243,5,0.751775,42.38,,,
BO,20260607,12,5,6,bo_r12_005_tl43_dt183_ge8_qr97_tau77,43,183,8,0.97,0.77,556.92,304.05,1000533.93,277.55,1000000.00,FAIL,sumo_summary_teleport_collision,recovery_timeout,True,False,1,1,1,850,0,104,439767.11,-533003.13,1412537.35,229.87,93.82,ei,global,False,global_ei,0.4104245849662286,64.09,16.55,11.40,15.30,12.12,64.09,25.69,64.09,24.19,4.16024785,5,0.679282,533.93,,,
BO,20260607,12,6,6,bo_r12_006_tl108_dt6_ge0_qr22_tau79,108,6,0,0.22,0.79,313.92,447.29,326.04,277.55,0.00,PASS,,recovery_detected,True,False,0,0,0,4785,1,19,439733.69,-533036.55,1412503.93,96.61,32.24,ei,global,False,space_filling,0.3356858500249808,21.73,7.88,4.99,5.95,4.48,21.73,7.91,21.73,8.82,3.07853721,5,0.669970,326.04,,,
BO,20260607,13,1,6,bo_r13_001_tl89_dt194_ge46_qr7_tau79,89,194,46,0.07,0.79,279.92,459.23,296.22,277.55,0.00,PASS,,recovery_detected,True,False,0,0,0,286,1,29,-48513.07,-386469.11,289442.96,21.47,27.90,stable_success_lattice,stable_success,False,stable,0.400773718530117,19.44,6.88,4.39,5.25,4.00,19.44,7.23,19.44,7.86,2.96721967,5,0.692867,296.22,,,
BO,20260607,13,2,6,bo_r13_002_tl89_dt200_ge46_qr7_tau79,89,200,46,0.07,0.79,279.92,459.23,296.22,277.55,0.00,PASS,,recovery_detected,True,False,0,0,0,286,1,29,-67124.59,-381965.93,247716.75,21.19,27.90,stable_success_lattice,stable_success,False,stable,0.400773718530117,19.39,6.86,4.38,5.24,3.99,19.39,7.20,19.39,7.84,2.96470366,5,0.691126,296.22,,,
BO,20260607,13,3,6,bo_r13_003_tl76_dt191_ge50_qr18_tau86,76,191,50,0.18,0.86,0.00,467.06,1000042.46,277.55,1000000.00,FAIL,emergency_stuck,emergency_stuck,False,False,0,0,0,176,1,25,410141.41,-558148.80,1378431.61,70.24,35.81,ei,local,False,local_constrained,0.5118023107364761,28.24,9.16,6.01,7.26,5.81,28.24,11.22,28.24,11.28,3.34062450,5,0.785472,42.46,,,
BO,20260607,13,4,6,bo_r13_004_tl94_dt219_ge50_qr21_tau84,94,219,50,0.21,0.84,0.00,467.06,1000042.46,277.55,1000000.00,FAIL,emergency_stuck,emergency_stuck,False,False,0,0,0,176,1,25,509994.61,-444939.65,1464928.87,74.24,35.14,ei,local,False,local_constrained,0.4749661375798201,28.09,9.63,6.24,7.38,5.88,28.09,11.04,28.09,11.38,3.33556555,5,0.796699,42.46,,,
BO,20260607,13,5,6,bo_r13_005_tl77_dt154_ge23_qr39_tau72,77,154,23,0.39,0.72,505.92,312.16,1000488.31,277.55,1000000.00,FAIL,sumo_summary_teleport_collision,recovery_timeout,True,False,2,2,2,541,1,61,453560.89,-519809.06,1426930.85,66.21,57.44,ei,global,False,global_ei,0.8735640995267521,35.09,11.76,7.53,9.39,6.91,35.09,12.59,35.09,13.88,3.55796268,5,0.606756,488.31,,,
BO,20260607,13,6,6,bo_r13_006_tl76_dt7_ge1_qr0_tau82,76,7,1,0.0,0.82,0.00,478.11,1000043.46,277.55,1000000.00,FAIL,emergency_stuck,emergency_stuck,False,False,1,1,1,4896,1,21,443994.00,-529927.93,1417915.93,25.72,11.50,ei,global,False,space_filling,0.4502195210332593,6.86,2.28,1.46,1.83,1.34,6.86,2.44,6.86,2.70,1.92555844,5,0.592415,43.46,,,
BO,20260607,14,1,6,bo_r14_001_tl89_dt195_ge46_qr7_tau79,89,195,46,0.07,0.79,279.92,459.23,296.22,277.55,0.00,PASS,,recovery_detected,True,False,0,0,0,286,1,29,-6114.40,-36577.58,24348.78,0.00,27.83,stable_success_lattice,stable_success,False,stable,0.3996763664601263,19.38,6.85,4.38,5.23,3.99,19.38,7.20,19.38,7.84,2.96405893,5,0.692577,296.22,,,
BO,20260607,14,2,6,bo_r14_002_tl89_dt200_ge46_qr7_tau80,89,200,46,0.07,0.8,279.92,459.23,296.22,277.55,0.00,PASS,,recovery_detected,True,False,0,0,0,286,1,29,-1858.50,-130481.41,126764.40,0.00,27.68,stable_success_lattice,stable_success,False,stable,0.39745782270608765,19.53,6.87,4.39,5.25,4.03,19.53,7.31,19.53,7.90,2.97218623,5,0.702126,296.22,,,
BO,20260607,14,3,6,bo_r14_003_tl86_dt189_ge50_qr0_tau84,86,189,50,0.0,0.84,0.00,467.06,1000042.46,277.55,1000000.00,FAIL,emergency_stuck,emergency_stuck,False,False,0,0,0,176,1,25,452467.07,-457596.62,1362530.77,71.04,29.02,ei,local,False,local_constrained,0.41034896146453415,21.57,7.44,4.79,5.72,4.46,21.57,8.27,21.57,8.71,3.07120446,5,0.739826,42.46,,,
BO,20260607,14,4,6,bo_r14_004_tl85_dt211_ge50_qr5_tau84,85,211,50,0.05,0.84,0.00,467.06,1000042.46,277.55,1000000.00,FAIL,emergency_stuck,emergency_stuck,False,False,0,0,0,176,1,25,426032.74,-461195.65,1313261.14,67.93,27.37,ei,local,False,local_constrained,0.40479469909364185,20.45,6.98,4.51,5.40,4.22,20.45,7.87,20.45,8.24,3.01779996,5,0.743545,42.46,,,
BO,20260607,14,5,6,bo_r14_005_tl24_dt176_ge9_qr46_tau72,24,176,9,0.46,0.72,0.00,470.47,1000042.77,277.55,1000000.00,FAIL,emergency_stuck,emergency_stuck,False,False,1,1,1,647,1,69,462245.42,-514828.56,1439319.40,187.30,58.73,ei,global,False,global_ei,0.3165056197579581,27.93,6.77,4.57,6.86,4.70,27.93,9.64,27.93,10.08,3.32965786,5,0.471114,42.77,,,
BO,20260607,14,6,6,bo_r14_006_tl110_dt0_ge14_qr48_tau84,110,0,14,0.48,0.84,371.92,432.18,1000377.40,277.55,1000000.00,FAIL,sumo_summary_teleport_collision,recovery_detected,True,False,3,3,3,623,1,63,462185.06,-514888.04,1439258.16,17.29,4.07,ei,global,False,space_filling,0.23602479033786553,3.42,1.18,0.76,0.90,0.72,3.42,1.36,3.42,1.39,1.23000255,5,0.838405,377.40,,,
BO,20260607,15,1,6,bo_r15_001_tl89_dt196_ge46_qr7_tau79,89,196,46,0.07,0.79,279.92,459.23,296.22,277.55,0.00,PASS,,recovery_detected,True,False,0,0,0,286,1,29,-3184.70,-26734.36,20364.96,0.00,27.78,stable_success_lattice,stable_success,False,stable,0.3990160221936775,19.34,6.84,4.37,5.22,3.98,19.34,7.19,19.34,7.82,2.96198630,5,0.692287,296.22,,,
BO,20260607,15,2,6,bo_r15_002_tl89_dt194_ge46_qr7_tau81,89,194,46,0.07,0.81,279.92,459.23,296.22,277.55,0.00,PASS,,recovery_detected,True,False,0,0,0,286,1,29,20077.10,-143748.80,183902.99,0.00,27.61,stable_success_lattice,stable_success,False,stable,0.3963442791741564,19.83,6.94,4.45,5.31,4.09,19.83,7.48,19.83,8.02,2.98736437,5,0.714867,296.22,,,
BO,20260607,15,3,6,bo_r15_003_tl96_dt147_ge49_qr19_tau81,96,147,49,0.19,0.81,657.92,292.41,1000624.69,277.55,1000000.00,FAIL,sumo_summary_teleport_collision,recovery_timeout,True,False,1,1,1,298,1,45,488298.24,-489756.64,1466353.11,99.05,34.61,ei,local,False,local_constrained,0.35078853097201934,27.11,9.53,6.13,7.22,5.69,27.11,10.51,27.11,11.03,3.30002054,5,0.780337,624.69,,,
BO,20260607,15,4,6,bo_r15_004_tl91_dt150_ge50_qr8_tau81,91,150,50,0.08,0.81,0.00,466.18,1000042.38,277.55,1000000.00,FAIL,emergency_stuck,emergency_stuck,False,False,0,0,0,170,1,25,505587.58,-468827.82,1480002.98,94.24,32.86,ei,local,False,local_constrained,0.350294734580656,24.65,8.68,5.57,6.59,5.14,24.65,9.42,24.65,10.01,3.20490076,5,0.746829,42.38,,,
BO,20260607,15,5,6,bo_r15_005_tl106_dt90_ge46_qr5_tau84,106,90,46,0.05,0.84,495.92,306.43,1000478.69,277.55,1000000.00,FAIL,sumo_summary_teleport_collision,recovery_timeout,True,False,2,2,2,405,1,40,475607.08,-503244.52,1454458.68,140.21,64.17,ei,global,False,global_ei,0.45925874305926695,51.87,18.74,12.01,13.94,11.04,51.87,20.13,51.87,21.29,3.94867398,5,0.805500,478.69,,,
BO,20260607,15,6,6,bo_r15_006_tl97_dt55_ge1_qr97_tau70,97,55,1,0.97,0.7,0.00,486.65,1000044.24,277.55,1000000.00,FAIL,emergency_stuck,emergency_stuck,False,False,0,0,0,1649,0,80,476517.27,-502336.27,1455370.82,22.02,4.59,ei,global,False,space_filling,0.2094167485847183,3.32,1.10,0.71,0.87,0.68,3.32,1.27,3.32,1.32,1.19883916,5,0.719130,44.24,,,
BO,20260607,16,1,6,bo_r16_001_tl89_dt198_ge46_qr7_tau79,89,198,46,0.07,0.79,279.92,459.23,296.22,277.55,0.00,PASS,,recovery_detected,True,False,0,0,0,286,1,29,-1761.98,-23081.87,19557.91,0.00,27.78,stable_success_lattice,stable_success,False,stable,0.3990160221936775,19.32,6.83,4.36,5.22,3.98,19.32,7.18,19.32,7.81,2.96114763,5,0.691706,296.22,,,
BO,20260607,16,2,6,bo_r16_002_tl89_dt194_ge46_qr7_tau80,89,194,46,0.07,0.8,279.92,459.23,296.22,277.55,0.00,PASS,,recovery_detected,True,False,0,0,0,286,1,29,-7431.53,-39482.57,24619.51,0.00,27.68,stable_success_lattice,stable_success,False,stable,0.39745782270608765,19.58,6.89,4.41,5.27,4.04,19.58,7.34,19.58,7.92,2.97466287,5,0.703867,296.22,,,
BO,20260607,16,3,6,bo_r16_003_tl112_dt185_ge50_qr0_tau79,112,185,50,0.0,0.79,0.00,466.18,1000042.38,277.55,1000000.00,FAIL,emergency_stuck,emergency_stuck,False,False,0,0,0,170,1,25,607553.90,-352665.21,1567773.01,100.61,46.70,ei,local,False,local_constrained,0.46631030391552675,34.50,13.10,8.27,9.56,7.33,34.50,12.79,34.50,14.26,3.54088951,5,0.735317,42.38,,,
BO,20260607,16,4,6,bo_r16_004_tl110_dt184_ge49_qr7_tau79,110,184,49,0.07,0.79,657.92,292.41,1000624.69,277.55,1000000.00,FAIL,sumo_summary_teleport_collision,recovery_timeout,True,False,1,1,1,298,1,45,663130.77,-283187.80,1609449.34,92.63,40.85,ei,local,False,local_constrained,0.4429348946095424,30.58,11.44,7.25,8.41,6.49,30.58,11.45,30.58,12.60,3.42042553,5,0.745363,624.69,,,
BO,20260607,16,5,6,bo_r16_005_tl61_dt121_ge48_qr10_tau72,61,121,48,0.1,0.72,360.92,439.52,368.06,277.55,0.00,PASS,,recovery_detected,True,False,0,0,0,247,1,31,492801.53,-486911.04,1472514.09,108.54,42.35,ei,global,False,global_ei,0.39297544930614603,25.49,8.58,5.48,6.85,5.01,25.49,9.07,25.49,10.08,3.23835564,5,0.597625,368.06,,,
BO,20260607,16,6,6,bo_r16_006_tl109_dt161_ge1_qr99_tau70,109,161,1,0.99,0.7,469.92,426.95,466.01,277.55,0.00,PASS,,recovery_detected,True,False,0,0,0,966,0,134,489256.58,-490471.51,1468984.67,51.07,11.27,ei,global,False,space_filling,0.22173774307848743,8.11,2.77,1.78,2.15,1.66,8.11,3.08,8.11,3.26,2.09281415,5,0.715939,466.01,,,
BO,20260607,17,1,6,bo_r17_001_tl89_dt197_ge46_qr7_tau79,89,197,46,0.07,0.79,279.92,459.23,296.22,277.55,0.00,PASS,,recovery_detected,True,False,0,0,0,286,1,29,-335.81,-14848.63,14177.02,0.00,27.77,stable_success_lattice,stable_success,False,stable,0.3987955831330038,19.32,6.83,4.36,5.22,3.98,19.32,7.18,19.32,7.81,2.96101444,5,0.691996,296.22,,,
BO,20260607,17,2,6,bo_r17_002_tl89_dt195_ge46_qr7_tau81,89,195,46,0.07,0.81,279.92,459.23,296.22,277.55,0.00,PASS,,recovery_detected,True,False,0,0,0,286,1,29,-1270.80,-28058.48,25516.87,0.00,27.53,stable_success_lattice,stable_success,False,stable,0.39523046363063585,19.77,6.91,4.43,5.29,4.08,19.77,7.46,19.77,7.99,2.98414419,5,0.714577,296.22,,,
BO,20260607,17,3,6,bo_r17_003_tl100_dt163_ge47_qr0_tau75,100,163,47,0.0,0.75,259.92,453.83,277.55,277.55,0.00,PASS,,recovery_detected,True,False,0,0,0,190,1,30,630440.04,-319426.41,1580306.48,110.59,43.10,ei,local,False,local_constrained,0.39204844058640703,28.84,10.91,6.85,8.06,6.01,28.84,10.32,28.84,11.83,3.36176532,5,0.665183,277.55,,,
BO,20260607,17,4,6,bo_r17_004_tl99_dt164_ge47_qr11_tau80,99,164,47,0.11,0.8,259.92,453.83,277.55,277.55,0.00,PASS,,recovery_detected,True,False,0,0,0,190,1,30,751951.00,-132159.28,1636061.28,104.42,38.55,ei,local,False,local_constrained,0.37078786654273727,28.82,10.37,6.62,7.78,6.04,28.82,10.93,28.82,11.76,3.36114032,5,0.744396,277.55,,,
BO,20260607,17,5,6,bo_r17_005_tl96_dt165_ge46_qr7_tau75,96,165,46,0.07,0.75,279.92,459.23,296.22,277.55,0.00,PASS,,recovery_detected,True,False,0,0,0,286,1,29,597318.23,-319906.39,1514542.86,89.56,38.38,ei,global,False,global_ei,0.43107779721576955,25.89,9.58,6.05,7.15,5.37,25.89,9.37,25.89,10.57,3.25378358,5,0.670563,296.22,,,
BO,20260607,17,6,6,bo_r17_006_tl100_dt177_ge0_qr100_tau86,100,177,0,1.0,0.86,234.92,454.29,1000254.86,277.55,1000000.00,FAIL,sumo_summary_teleport_collision,recovery_detected,True,False,2,2,2,702,0,95,445227.94,-531384.04,1421839.91,0.40,0.20,ei,global,False,space_filling,0.48543954841472664,0.17,0.05,0.04,0.04,0.04,0.17,0.07,0.17,0.07,-1.76798299,5,0.869371,254.86,,,
BO,20260607,18,1,6,bo_r18_001_tl89_dt195_ge46_qr7_tau80,89,195,46,0.07,0.8,279.92,459.23,296.22,277.55,0.00,PASS,,recovery_detected,True,False,0,0,0,286,1,29,-1999.60,-20597.60,16598.40,0.00,27.60,stable_success_lattice,stable_success,False,stable,0.39634819241115027,19.52,6.86,4.39,5.25,4.02,19.52,7.31,19.52,7.89,2.97145480,5,0.703577,296.22,,,
BO,20260607,18,2,6,bo_r18_002_tl89_dt200_ge46_qr8_tau79,89,200,46,0.08,0.79,279.92,459.23,296.22,277.55,0.00,PASS,,recovery_detected,True,False,0,0,0,286,1,29,-8957.43,-120748.04,102833.19,0.00,27.36,stable_success_lattice,stable_success,False,stable,0.392978255728753,19.08,6.74,4.30,5.15,3.93,19.08,7.10,19.08,7.72,2.94852754,5,0.693526,296.22,,,
BO,20260607,18,3,6,bo_r18_003_tl90_dt178_ge50_qr23_tau76,90,178,50,0.23,0.76,0.00,466.18,1000042.38,277.55,1000000.00,FAIL,emergency_stuck,emergency_stuck,False,False,0,0,0,170,1,25,579007.04,-373613.38,1531627.45,80.96,41.79,ei,local,False,local_constrained,0.5187757619494409,30.15,10.65,6.82,8.11,6.25,30.15,11.35,30.15,12.22,3.40608355,5,0.717807,42.38,,,
BO,20260607,18,4,6,bo_r18_004_tl88_dt170_ge50_qr1_tau70,88,170,50,0.01,0.7,0.00,467.22,1000042.47,277.55,1000000.00,FAIL,emergency_stuck,emergency_stuck,False,False,0,0,0,172,1,25,441827.71,-487847.83,1371503.24,77.97,39.65,ei,local,False,local_constrained,0.5121464445983801,23.86,9.04,5.64,6.74,4.86,23.86,8.16,23.86,9.72,3.17223284,5,0.597534,42.47,,,
BO,20260607,18,5,6,bo_r18_005_tl104_dt66_ge17_qr10_tau86,104,66,17,0.1,0.86,404.92,435.21,1000407.67,277.55,1000000.00,FAIL,sumo_summary_teleport_collision,recovery_detected,True,False,1,1,1,753,1,62,457674.98,-519242.91,1434592.86,69.93,38.81,ei,global,False,global_ei,0.5574892738950321,29.18,10.25,6.58,7.79,6.08,29.18,11.16,29.18,11.84,3.37336290,5,0.748420,407.67,,,
BO,20260607,18,6,6,bo_r18_006_tl86_dt210_ge7_qr100_tau81,86,210,7,1.0,0.81,337.92,436.20,346.85,277.55,0.00,PASS,,recovery_detected,True,False,0,0,0,640,0,78,474688.38,-501950.35,1451327.11,11.27,3.85,ei,global,False,space_filling,0.3425176895926795,3.09,0.93,0.62,0.77,0.63,3.09,1.26,3.09,1.22,1.12864357,5,0.800982,346.85,,,
BO,20260607,19,1,6,bo_r19_001_tl89_dt196_ge46_qr7_tau80,89,196,46,0.07,0.8,279.92,459.23,296.22,277.55,0.00,PASS,,recovery_detected,True,False,0,0,0,286,1,29,89.07,-12302.35,12480.50,0.00,27.55,stable_success_lattice,stable_success,False,stable,0.39568041541357124,19.48,6.85,4.38,5.24,4.02,19.48,7.29,19.48,7.88,2.96935604,5,0.703287,296.22,,,
BO,20260607,19,2,6,bo_r19_002_tl89_dt200_ge46_qr8_tau80,89,200,46,0.08,0.8,279.92,459.23,296.22,277.55,0.00,PASS,,recovery_detected,True,False,0,0,0,286,1,29,187.39,-17135.88,17510.66,0.00,27.05,stable_success_lattice,stable_success,False,stable,0.38849344864029656,19.16,6.73,4.31,5.15,3.95,19.16,7.18,19.16,7.75,2.95278607,5,0.704526,296.22,,,
BO,20260607,19,3,6,bo_r19_003_tl97_dt198_ge50_qr0_tau70,97,198,50,0.0,0.7,0.00,467.22,1000042.47,277.55,1000000.00,FAIL,emergency_stuck,emergency_stuck,False,False,0,0,0,172,1,25,936939.89,523145.23,1350734.55,92.01,36.01,ei,local,False,local_constrained,0.3940855450178088,21.90,8.53,5.29,6.26,4.51,21.90,7.45,21.90,8.99,3.08663279,5,0.604085,42.47,,,
BO,20260607,19,4,6,bo_r19_004_tl94_dt173_ge50_qr11_tau82,94,173,50,0.11,0.82,0.00,466.18,1000042.38,277.55,1000000.00,FAIL,emergency_stuck,emergency_stuck,False,False,0,0,0,170,1,25,643273.96,-99558.66,1386106.59,90.73,34.76,ei,local,False,local_constrained,0.3847253521113705,26.67,9.37,6.02,7.11,5.58,26.67,10.27,26.67,10.84,3.28355589,5,0.764047,42.38,,,
BO,20260607,19,5,6,bo_r19_005_tl74_dt207_ge50_qr16_tau72,74,207,50,0.16,0.72,0.00,467.22,1000042.47,277.55,1000000.00,FAIL,emergency_stuck,emergency_stuck,False,False,0,0,0,172,1,25,807544.75,2207.59,1612881.90,62.15,31.48,ei,global,False,global_ei,0.5099869970815255,19.60,6.82,4.34,5.32,3.92,19.60,7.00,19.60,7.83,2.97529546,5,0.618235,42.47,,,
BO,20260607,19,6,6,bo_r19_006_tl76_dt116_ge3_qr97_tau90,76,116,3,0.97,0.9,439.92,326.47,429.61,277.55,0.00,PASS,,recovery_timeout,True,False,0,0,0,868,0,112,465632.86,-511638.62,1442904.35,21.89,6.01,ei,global,False,space_filling,0.27512826018040637,5.35,1.53,1.04,1.29,1.09,5.35,2.27,5.35,2.09,1.67680190,5,0.888086,429.61,,,
BO,20260607,20,1,6,bo_r20_001_tl89_dt197_ge46_qr7_tau80,89,197,46,0.07,0.8,279.92,459.23,296.22,277.55,0.00,PASS,,recovery_detected,True,False,0,0,0,286,1,29,3.13,-12773.37,12779.62,0.00,27.54,stable_success_lattice,stable_success,False,stable,0.39545748768715283,19.46,6.84,4.38,5.23,4.01,19.46,7.29,19.46,7.87,2.96837979,5,0.702996,296.22,,,
BO,20260607,20,2,6,bo_r20_002_tl89_dt194_ge46_qr8_tau79,89,194,46,0.08,0.79,279.92,459.23,296.22,277.55,0.00,PASS,,recovery_detected,True,False,0,0,0,286,1,29,-3715.31,-78859.66,71429.05,0.00,27.36,stable_success_lattice,stable_success,False,stable,0.392978255728753,19.13,6.76,4.32,5.16,3.94,19.13,7.12,19.13,7.74,2.95103486,5,0.695267,296.22,,,
BO,20260607,20,3,6,bo_r20_003_tl67_dt182_ge50_qr12_tau76,67,182,50,0.12,0.76,0.00,466.18,1000042.38,277.55,1000000.00,FAIL,emergency_stuck,emergency_stuck,False,False,0,0,0,170,1,25,666116.64,-249511.67,1581744.95,97.23,44.42,ei,local,False,local_constrained,0.45965456797792625,28.90,9.65,6.21,7.67,5.77,28.90,10.65,28.90,11.48,3.36383344,5,0.646608,42.38,,,
BO,20260607,20,4,6,bo_r20_004_tl83_dt178_ge50_qr11_tau78,83,178,50,0.11,0.78,0.00,466.18,1000042.38,277.55,1000000.00,FAIL,emergency_stuck,emergency_stuck,False,False,0,0,0,170,1,25,897485.70,103197.27,1691774.12,110.94,41.79,ei,local,False,local_constrained,0.37866850461505297,29.31,10.21,6.54,7.85,6.02,29.31,10.98,29.31,11.82,3.37799062,5,0.697726,42.38,,,
BO,20260607,20,5,6,bo_r20_005_tl72_dt202_ge34_qr11_tau78,72,202,34,0.11,0.78,419.92,428.10,420.66,277.55,0.00,PASS,,recovery_detected,True,False,0,0,0,306,1,43,465142.08,-512289.63,1442573.79,39.25,37.05,ei,global,False,global_ei,0.9501950326876947,23.05,7.67,4.93,6.14,4.55,23.05,8.35,23.05,9.11,3.13753481,5,0.617891,420.66,,,
BO,20260607,20,6,6,bo_r20_006_tl58_dt128_ge1_qr99_tau83,58,128,1,0.99,0.83,376.92,439.47,382.61,277.55,0.00,PASS,,recovery_detected,True,False,0,0,0,1093,0,112,419966.66,-552294.91,1392228.23,5.85,1.58,ei,global,False,space_filling,0.27179709038475625,1.23,0.33,0.23,0.29,0.24,1.23,0.51,1.23,0.47,0.20474761,5,0.771752,382.61,,,
BO,20260607,21,1,6,bo_r21_001_tl88_dt196_ge46_qr8_tau80,88,196,46,0.08,0.8,279.92,459.23,296.22,277.55,0.00,PASS,,recovery_detected,True,False,0,0,0,286,1,29,42800.11,-82726.01,168326.23,0.00,28.06,stable_success_lattice,stable_success,False,stable,0.40291821765083125,19.85,6.95,4.45,5.33,4.09,19.85,7.45,19.85,8.02,2.98819729,5,0.703789,296.22,,,
BO,20260607,21,2,6,bo_r21_002_tl90_dt194_ge46_qr7_tau79,90,194,46,0.07,0.79,279.92,459.23,296.22,277.55,0.00,PASS,,recovery_detected,True,False,0,0,0,286,1,29,-28762.96,-151478.37,93952.45,0.00,26.97,stable_success_lattice,stable_success,False,stable,0.38732902400236635,18.84,6.68,4.26,5.09,3.88,18.84,7.00,18.84,7.63,2.93583184,5,0.694764,296.22,,,
BO,20260607,21,3,6,bo_r21_003_tl75_dt178_ge50_qr0_tau75,75,178,50,0.0,0.75,0.00,466.18,1000042.38,277.55,1000000.00,FAIL,emergency_stuck,emergency_stuck,False,False,0,0,0,170,1,25,789081.48,-92979.32,1671142.28,116.27,40.90,ei,local,False,local_constrained,0.3540777520663218,25.65,9.02,5.73,6.99,5.16,25.65,9.17,25.65,10.29,3.24468114,5,0.623147,42.38,,,
BO,20260607,21,4,6,bo_r21_004_tl95_dt224_ge50_qr9_tau76,95,224,50,0.09,0.76,0.00,466.18,1000042.38,277.55,1000000.00,FAIL,emergency_stuck,emergency_stuck,False,False,0,0,0,170,1,25,740257.88,-125234.88,1605750.64,93.39,39.77,ei,local,False,local_constrained,0.4282269921400459,27.21,9.94,6.30,7.47,5.63,27.21,9.94,27.21,11.08,3.30350163,5,0.680346,42.38,,,
BO,20260607,21,5,6,bo_r21_005_tl84_dt222_ge14_qr71_tau81,84,222,14,0.71,0.81,272.92,447.98,288.83,277.55,0.00,PASS,,recovery_detected,True,False,0,0,0,355,1,56,454385.73,-522122.38,1430893.84,52.71,42.83,ei,global,False,global_ei,0.8161501453758294,32.13,9.99,6.60,8.15,6.48,32.13,12.72,32.13,12.68,3.46968261,5,0.746855,288.83,,,
BO,20260607,21,6,6,bo_r21_006_tl95_dt26_ge6_qr5_tau80,95,26,6,0.05,0.8,0.00,501.89,1000045.63,277.55,1000000.00,FAIL,emergency_stuck,emergency_stuck,False,False,0,0,0,2781,1,34,476215.62,-499236.36,1451667.59,78.45,21.84,ei,global,False,space_filling,0.28023355337350525,13.83,4.93,3.13,3.79,2.80,13.83,4.94,13.83,5.57,2.62707811,5,0.629201,45.63,,,
BO,20260607,22,1,6,bo_r22_001_tl89_dt194_ge48_qr7_tau79,89,194,48,0.07,0.79,320.92,446.11,1000332.30,277.55,1000000.00,FAIL,sumo_summary_teleport_collision,recovery_detected,True,False,1,1,1,246,1,31,171012.01,-47335.83,389359.84,120.54,41.05,ei,stable_success,False,stable,0.3423345915221969,28.86,10.21,6.52,7.79,5.95,28.86,10.76,28.86,11.68,3.36242727,5,0.699367,332.30,,,
BO,20260607,22,2,6,bo_r22_002_tl89_dt194_ge48_qr7_tau81,89,194,48,0.07,0.81,320.92,446.11,1000332.30,277.55,1000000.00,FAIL,sumo_summary_teleport_collision,recovery_detected,True,False,1,1,1,246,1,31,170916.57,-47283.84,389116.98,119.10,39.92,ei,stable_success,False,stable,0.33681460320057616,28.94,10.13,6.50,7.74,5.99,28.94,10.95,28.94,11.71,3.36514347,5,0.721367,332.30,,,
BO,20260607,22,3,6,bo_r22_003_tl88_dt163_ge47_qr6_tau74,88,163,47,0.06,0.74,276.92,458.96,293.47,277.55,0.00,PASS,,recovery_detected,True,False,0,0,0,319,1,28,625991.33,-37156.61,1289139.28,228.23,77.01,ei,local,False,local_constrained,0.33952360243293156,50.04,18.26,11.53,13.79,10.25,50.04,17.93,50.04,20.30,3.91290506,5,0.645815,293.47,,,
BO,20260607,22,4,6,bo_r22_004_tl86_dt170_ge47_qr0_tau76,86,170,47,0.0,0.76,259.92,453.83,277.55,277.55,0.00,PASS,,recovery_detected,True,False,0,0,0,190,1,30,667992.60,-31965.57,1367950.78,224.60,72.42,ei,local,False,local_constrained,0.32445018203358744,47.19,17.06,10.79,12.95,9.64,47.19,16.98,47.19,19.10,3.85421983,5,0.647589,277.55,,,
BO,20260607,22,5,6,bo_r22_005_tl20_dt182_ge26_qr22_tau83,20,182,26,0.22,0.83,504.92,308.78,1000487.09,277.55,1000000.00,FAIL,sumo_summary_teleport_collision,recovery_timeout,True,False,2,2,2,770,1,56,460701.59,-516152.07,1437555.24,96.09,41.76,ei,global,False,global_ei,0.4378161911305745,24.42,6.05,4.16,5.86,4.40,24.42,9.30,24.42,9.03,3.19540090,5,0.580434,487.09,,,
BO,20260607,22,6,6,bo_r22_006_tl106_dt86_ge5_qr98_tau79,106,86,5,0.98,0.79,645.92,289.81,1000613.55,277.55,1000000.00,FAIL,sumo_summary_teleport_collision,recovery_timeout,True,False,1,1,1,1272,0,130,507936.18,-464385.05,1480257.42,16.93,3.85,ei,global,False,space_filling,0.22803259228439263,3.25,1.06,0.70,0.83,0.68,3.25,1.32,3.25,1.31,1.17846139,5,0.841611,613.55,,,
BO,20260607,23,1,6,bo_r23_001_tl92_dt200_ge46_qr9_tau80,92,200,46,0.09,0.8,279.92,459.23,296.22,277.55,0.00,PASS,,recovery_detected,True,False,0,0,0,286,1,29,-50389.85,-293950.14,193170.45,0.00,17.61,stable_success_lattice,stable_success,False,stable,0.25288540922812786,12.61,4.46,2.85,3.40,2.61,12.61,4.74,12.61,5.11,2.53486645,5,0.712618,296.22,,,
BO,20260607,23,2,6,bo_r23_002_tl92_dt200_ge46_qr7_tau80,92,200,46,0.07,0.8,279.92,459.23,296.22,277.55,0.00,PASS,,recovery_detected,True,False,0,0,0,286,1,29,-51791.07,-265083.04,161500.90,0.00,16.99,stable_success_lattice,stable_success,False,stable,0.2439758674072445,12.09,4.29,2.74,3.26,2.50,12.09,4.53,12.09,4.90,2.49224080,5,0.707818,296.22,,,
BO,20260607,23,3,6,bo_r23_003_tl85_dt211_ge49_qr15_tau78,85,211,49,0.15,0.78,657.92,292.41,1000624.69,277.55,1000000.00,FAIL,sumo_summary_teleport_collision,recovery_timeout,True,False,1,1,1,298,1,45,859259.36,115145.60,1603373.12,145.49,58.40,ei,local,False,local_constrained,0.40355097255723205,41.00,14.26,9.14,10.98,8.41,41.00,15.37,41.00,16.53,3.71355036,5,0.698295,624.69,,,
BO,20260607,23,4,6,bo_r23_004_tl89_dt207_ge50_qr13_tau75,89,207,50,0.13,0.75,0.00,466.18,1000042.38,277.55,1000000.00,FAIL,emergency_stuck,emergency_stuck,False,False,0,0,0,170,1,25,1033835.34,369932.15,1697738.53,148.92,53.20,ei,local,False,local_constrained,0.3592956983115009,35.98,12.93,8.21,9.81,7.40,35.98,13.16,35.98,14.58,3.58302338,5,0.672495,42.38,,,
BO,20260607,23,5,6,bo_r23_005_tl108_dt219_ge32_qr13_tau88,108,219,32,0.13,0.88,473.92,427.69,1000469.72,277.55,1000000.00,FAIL,sumo_summary_teleport_collision,recovery_detected,True,False,1,1,1,461,1,49,471636.19,-506505.00,1449777.38,69.28,69.02,ei,global,False,global_ei,1.0,54.70,19.15,12.34,14.52,11.50,54.70,21.31,54.70,22.25,4.00186565,5,0.789562,469.72,,,
BO,20260607,23,6,6,bo_r23_006_tl17_dt211_ge0_qr85_tau80,17,211,0,0.85,0.8,473.92,423.93,1000469.38,277.55,1000000.00,FAIL,sumo_summary_teleport_collision,recovery_detected,True,False,1,1,1,1911,1,136,472127.43,-506023.84,1450278.70,101.46,26.00,ei,global,False,space_filling,0.2580358326100974,15.71,3.36,2.41,3.57,2.77,15.71,6.24,15.71,5.68,2.75419963,5,0.600027,469.38,,,
BO,20260607,24,1,6,bo_r24_001_tl92_dt200_ge46_qr9_tau81,92,200,46,0.09,0.81,279.92,459.23,296.22,277.55,0.00,PASS,,recovery_detected,True,False,0,0,0,286,1,29,-38.93,-17504.44,17426.59,0.00,17.46,stable_success_lattice,stable_success,False,stable,0.2507074114470028,12.70,4.47,2.86,3.40,2.63,12.70,4.80,12.70,5.14,2.54153468,5,0.723618,296.22,,,
BO,20260607,24,2,6,bo_r24_002_tl92_dt200_ge46_qr9_tau79,92,200,46,0.09,0.79,279.92,459.23,296.22,277.55,0.00,PASS,,recovery_detected,True,False,0,0,0,286,1,29,571.00,-16896.73,18038.73,0.00,17.46,stable_success_lattice,stable_success,False,stable,0.2507074114470028,12.31,4.38,2.79,3.33,2.55,12.31,4.59,12.31,4.99,2.51066014,5,0.701618,296.22,,,
BO,20260607,24,3,6,bo_r24_003_tl105_dt222_ge44_qr9_tau84,105,222,44,0.09,0.84,0.00,487.23,1000044.29,277.55,1000000.00,FAIL,emergency_stuck,emergency_stuck,False,False,0,0,0,195,1,26,599572.93,-349351.31,1548497.16,114.61,61.27,ei,local,False,local_constrained,0.5367770935931891,47.27,16.91,10.83,12.70,9.95,47.27,18.14,47.27,19.30,3.85590535,5,0.768399,44.29,,,
BO,20260607,24,4,6,bo_r24_004_tl105_dt224_ge43_qr0_tau77,105,224,43,0.0,0.77,0.00,458.95,1000041.72,277.55,1000000.00,FAIL,emergency_stuck,emergency_stuck,False,False,0,0,0,191,1,32,543004.90,-425619.89,1511629.69,109.89,60.93,ei,local,False,local_constrained,0.5577180727239365,40.82,15.44,9.70,11.40,8.50,40.82,14.62,40.82,16.75,3.70908021,5,0.665969,41.72,,,
BO,20260607,24,5,6,bo_r24_005_tl108_dt222_ge40_qr12_tau77,108,222,40,0.12,0.77,475.92,424.50,471.25,277.55,0.00,PASS,,recovery_detected,True,False,0,0,0,325,1,42,590718.94,-376580.26,1558018.13,99.13,59.27,ei,global,False,global_ei,0.6011276148861678,41.20,15.41,9.72,11.40,8.62,41.20,15.02,41.20,16.89,3.71832392,5,0.691291,471.25,,,
BO,20260607,24,6,6,bo_r24_006_tl71_dt95_ge3_qr99_tau84,71,95,3,0.99,0.84,486.92,310.45,1000470.88,277.55,1000000.00,FAIL,sumo_summary_teleport_collision,recovery_timeout,True,False,5,5,5,1199,0,118,295648.38,-617993.51,1209290.27,23.33,7.04,ei,global,False,space_filling,0.3026263121237727,5.81,1.66,1.13,1.41,1.17,5.81,2.42,5.81,2.27,1.76007040,5,0.823493,470.88,,,
BO,20260607,25,1,6,bo_r25_001_tl92_dt200_ge46_qr8_tau80,92,200,46,0.08,0.8,279.92,459.23,296.22,277.55,0.00,PASS,,recovery_detected,True,False,0,0,0,286,1,29,-12092.76,-43418.45,19232.94,0.00,17.15,stable_success_lattice,stable_success,False,stable,0.2462541448488362,12.24,4.34,2.77,3.30,2.53,12.24,4.59,12.24,4.96,2.50492056,5,0.710218,296.22,,,
BO,20260607,25,2,6,bo_r25_002_tl92_dt197_ge46_qr9_tau81,92,197,46,0.09,0.81,279.92,459.23,296.22,277.55,0.00,PASS,,recovery_detected,True,False,0,0,0,286,1,29,-27282.46,-114964.12,60399.19,0.00,16.61,stable_success_lattice,stable_success,False,stable,0.2384002748882006,12.09,4.25,2.72,3.24,2.51,12.09,4.57,12.09,4.90,2.49240151,5,0.724488,296.22,,,
BO,20260607,25,3,6,bo_r25_003_tl83_dt147_ge37_qr7_tau73,83,147,37,0.07,0.73,445.92,429.13,1000444.39,277.55,1000000.00,FAIL,sumo_summary_teleport_collision,recovery_detected,True,False,1,1,1,326,1,44,420577.80,-557041.95,1398197.55,76.45,54.15,ei,local,False,local_constrained,0.7133386072780782,32.71,11.80,7.43,9.04,6.57,32.71,11.40,32.71,13.16,3.48775281,5,0.599871,444.39,,,
BO,20260607,25,4,6,bo_r25_004_tl86_dt146_ge39_qr2_tau75,86,146,39,0.02,0.75,625.92,290.38,595.42,277.55,0.00,PASS,,recovery_timeout,True,False,0,0,0,460,1,51,369442.81,-603784.03,1342669.65,74.64,52.55,ei,local,False,local_constrained,0.7087097157731348,32.92,11.93,7.52,9.08,6.67,32.92,11.64,32.92,13.30,3.49414020,5,0.622354,595.42,,,
BO,20260607,25,5,6,bo_r25_005_tl77_dt154_ge37_qr7_tau73,77,154,37,0.07,0.73,524.92,292.41,1000503.78,277.55,1000000.00,FAIL,sumo_summary_teleport_collision,recovery_timeout,True,False,2,2,2,456,1,46,418131.68,-559433.73,1395697.10,70.21,59.13,ei,global,False,global_ei,0.8483628946401177,34.93,12.35,7.80,9.60,6.93,34.93,12.13,34.93,13.96,3.55331821,5,0.586456,503.78,,,
BO,20260607,25,6,6,bo_r25_006_tl110_dt143_ge3_qr99_tau75,110,143,3,0.99,0.75,322.92,447.53,1000334.25,277.55,1000000.00,FAIL,sumo_summary_teleport_collision,recovery_detected,True,False,1,1,1,793,0,92,215906.27,-653931.72,1085744.25,9.99,3.07,ei,global,False,space_filling,0.3088715674511408,2.42,0.81,0.53,0.63,0.50,2.42,0.95,2.42,0.97,0.88370270,5,0.784560,334.25,,,
BO,20260607,26,1,6,bo_r26_001_tl92_dt200_ge48_qr9_tau80,92,200,48,0.09,0.8,320.92,446.11,1000332.30,277.55,1000000.00,FAIL,sumo_summary_teleport_collision,recovery_detected,True,False,1,1,1,246,1,31,230544.88,-442.71,461532.47,97.88,20.76,ei,stable_success,False,stable,0.21311214133822004,15.00,5.31,3.40,4.04,3.11,15.00,5.65,15.00,6.08,2.70806735,5,0.719118,332.30,,,
BO,20260607,26,2,6,bo_r26_002_tl92_dt200_ge48_qr7_tau80,92,200,48,0.07,0.8,320.92,446.11,1000332.30,277.55,1000000.00,FAIL,sumo_summary_teleport_collision,recovery_detected,True,False,1,1,1,246,1,31,332581.88,116114.21,549049.56,99.90,19.95,ei,stable_success,False,stable,0.20074452123531975,14.32,5.08,3.25,3.86,2.97,14.32,5.38,14.32,5.81,2.66199630,5,0.714318,332.30,,,
BO,20260607,26,3,6,bo_r26_003_tl96_dt211_ge49_qr4_tau75,96,211,49,0.04,0.75,657.92,292.41,1000624.69,277.55,1000000.00,FAIL,sumo_summary_teleport_collision,recovery_timeout,True,False,1,1,1,298,1,45,745188.92,171444.63,1318933.21,196.47,59.86,ei,local,False,local_constrained,0.3064820880017345,39.73,14.77,9.31,11.02,8.22,39.73,14.26,39.73,16.22,3.68203633,5,0.659765,624.69,,,
BO,20260607,26,4,6,bo_r26_004_tl98_dt200_ge50_qr14_tau75,98,200,50,0.14,0.75,0.00,466.18,1000042.38,277.55,1000000.00,FAIL,emergency_stuck,emergency_stuck,False,False,0,0,0,170,1,25,905117.23,480109.58,1330124.87,198.99,54.90,ei,local,False,local_constrained,0.277392940711886,38.31,14.10,8.93,10.52,7.98,38.31,14.07,38.31,15.65,3.64563483,5,0.694002,42.38,,,
BO,20260607,26,5,6,bo_r26_005_tl107_dt202_ge25_qr79_tau82,107,202,25,0.79,0.82,406.92,435.74,409.54,277.55,0.00,PASS,,recovery_detected,True,False,0,0,0,291,1,49,472463.11,-506642.05,1451568.27,93.28,55.43,ei,global,False,global_ei,0.5955995026967593,47.91,15.89,10.42,12.33,10.07,47.91,19.44,47.91,19.34,3.86925806,5,0.862247,409.54,,,
BO,20260607,26,6,6,bo_r26_006_tl35_dt117_ge1_qr11_tau90,35,117,1,0.11,0.9,329.92,437.32,1000339.68,277.55,1000000.00,FAIL,sumo_summary_teleport_collision,recovery_detected,True,False,1,1,1,1284,1,100,485471.94,-493645.40,1464589.27,119.76,24.78,ei,global,False,space_filling,0.20836486435517512,14.90,3.81,2.60,3.60,2.73,14.90,5.70,14.90,5.56,2.70135585,5,0.597105,339.68,,,
BO,20260607,27,1,6,bo_r27_001_tl92_dt194_ge46_qr9_tau81,92,194,46,0.09,0.81,279.92,459.23,296.22,277.55,0.00,PASS,,recovery_detected,True,False,0,0,0,286,1,29,47459.25,-27683.28,122601.79,0.00,15.77,stable_success_lattice,stable_success,False,stable,0.22643153626014167,11.50,4.04,2.59,3.08,2.38,11.50,4.35,11.50,4.66,2.44209392,5,0.725359,296.22,,,
BO,20260607,27,2,6,bo_r27_002_tl89_dt200_ge46_qr9_tau81,89,200,46,0.09,0.81,279.92,459.23,296.22,277.55,0.00,PASS,,recovery_detected,True,False,0,0,0,286,1,29,4454.95,-45924.85,54834.74,0.00,15.77,stable_success_lattice,stable_success,False,stable,0.22643153626014167,11.38,3.97,2.55,3.04,2.35,11.38,4.30,11.38,4.60,2.43179367,5,0.717926,296.22,,,
BO,20260607,27,3,6,bo_r27_003_tl69_dt213_ge41_qr3_tau79,69,213,41,0.03,0.79,496.92,304.14,1000479.39,277.55,1000000.00,FAIL,sumo_summary_teleport_collision,recovery_timeout,True,False,2,2,2,405,1,45,466550.91,-503773.31,1436875.12,70.93,49.84,ei,local,False,local_constrained,0.7073575079314075,31.28,10.40,6.69,8.32,6.19,31.28,11.38,31.28,12.38,3.44313434,5,0.623557,479.39,,,
BO,20260607,27,4,6,bo_r27_004_tl98_dt210_ge48_qr0_tau80,98,210,48,0.0,0.8,320.92,446.11,1000332.30,277.55,1000000.00,FAIL,sumo_summary_teleport_collision,recovery_detected,True,False,1,1,1,246,1,31,713564.80,179020.82,1248108.77,177.73,48.40,ei,trust_region,False,local_constrained,0.2737249998089295,34.35,12.51,7.95,9.38,7.16,34.35,12.73,34.35,14.01,3.53648561,5,0.706000,332.30,,,
BO,20260607,27,5,6,bo_r27_005_tl71_dt206_ge25_qr70_tau72,71,206,25,0.7,0.72,406.92,435.74,409.54,277.55,0.00,PASS,,recovery_detected,True,False,0,0,0,289,1,49,439262.09,-537746.34,1416270.53,70.89,50.64,ei,global,False,global_ei,0.7185291724461936,33.68,10.54,6.90,8.68,6.64,33.68,12.76,33.68,13.20,3.51686680,5,0.661183,409.54,,,
BO,20260607,27,6,6,bo_r27_006_tl96_dt49_ge1_qr10_tau89,96,49,1,0.1,0.89,0.00,506.11,1000046.01,277.55,1000000.00,FAIL,emergency_stuck,emergency_stuck,False,False,1,1,1,1500,1,59,568917.86,-398061.60,1535897.32,77.74,20.13,ei,global,False,space_filling,0.26024470448446085,14.55,4.89,3.16,3.83,2.97,14.55,5.57,14.55,5.83,2.67757564,5,0.719174,46.01,,,
BO,20260607,28,1,6,bo_r28_001_tl88_dt198_ge46_qr9_tau80,88,198,46,0.09,0.8,279.92,459.23,296.22,277.55,0.00,PASS,,recovery_detected,True,False,0,0,0,286,1,29,11210.25,-32290.04,54710.54,0.00,15.92,stable_success_lattice,stable_success,False,stable,0.2285353447907413,11.29,3.95,2.53,3.03,2.32,11.29,4.24,11.29,4.56,2.42373672,5,0.705609,296.22,,,
BO,20260607,28,2,6,bo_r28_002_tl92_dt194_ge46_qr8_tau81,92,194,46,0.08,0.81,279.92,459.23,296.22,277.55,0.00,PASS,,recovery_detected,True,False,0,0,0,286,1,29,7503.68,-42507.11,57514.46,0.00,15.77,stable_success_lattice,stable_success,False,stable,0.22643153626014167,11.46,4.04,2.59,3.07,2.38,11.46,4.33,11.46,4.64,2.43877973,5,0.722959,296.22,,,
BO,20260607,28,3,6,bo_r28_003_tl98_dt208_ge48_qr10_tau80,98,208,48,0.1,0.8,320.92,446.11,1000332.30,277.55,1000000.00,FAIL,sumo_summary_teleport_collision,recovery_detected,True,False,1,1,1,246,1,31,992038.03,491309.92,1492766.14,171.49,45.67,ei,trust_region,False,local_constrained,0.26754604879645866,33.52,12.04,7.68,9.06,7.00,33.52,12.64,33.52,13.66,3.51214397,5,0.730580,332.30,,,
BO,20260607,28,4,6,bo_r28_004_tl98_dt196_ge49_qr16_tau81,98,196,49,0.16,0.81,657.92,292.41,1000624.69,277.55,1000000.00,FAIL,sumo_summary_teleport_collision,recovery_timeout,True,False,1,1,1,298,1,45,887258.89,460300.61,1314217.17,188.20,45.14,ei,trust_region,False,local_constrained,0.24083470931475584,34.57,12.25,7.86,9.25,7.25,34.57,13.27,34.57,14.08,3.54298262,5,0.762713,624.69,,,
BO,20260607,28,5,6,bo_r28_005_tl112_dt172_ge18_qr6_tau74,112,172,18,0.06,0.74,529.92,297.35,1000508.78,277.55,1000000.00,FAIL,sumo_summary_teleport_collision,recovery_timeout,True,False,1,1,1,718,1,70,480513.45,-499219.29,1460246.19,84.45,57.98,ei,global,False,global_ei,0.6914663261748032,34.71,13.57,8.41,9.96,7.13,34.71,11.70,34.71,14.25,3.54715297,5,0.594489,508.78,,,
BO,20260607,28,6,6,bo_r28_006_tl17_dt171_ge15_qr98_tau85,17,171,15,0.98,0.85,432.92,430.71,1000432.72,277.55,1000000.00,FAIL,sumo_summary_teleport_collision,recovery_detected,True,False,1,1,1,970,0,67,501566.40,-478255.51,1481388.32,125.83,29.19,ei,global,False,space_filling,0.2329859761580434,21.89,4.97,3.58,4.94,4.11,21.89,9.28,21.89,8.13,3.08593771,5,0.746584,432.72,,,
BO,20260607,29,1,6,bo_r29_001_tl89_dt200_ge46_qr8_tau81,89,200,46,0.08,0.81,279.92,459.23,296.22,277.55,0.00,PASS,,recovery_detected,True,False,0,0,0,286,1,29,-1408.31,-15777.40,12960.78,0.00,15.77,stable_success_lattice,stable_success,False,stable,0.22643153626014167,11.34,3.96,2.54,3.03,2.34,11.34,4.28,11.34,4.58,2.42844510,5,0.715526,296.22,,,
BO,20260607,29,2,6,bo_r29_002_tl92_dt194_ge46_qr8_tau80,92,194,46,0.08,0.8,279.92,459.23,296.22,277.55,0.00,PASS,,recovery_detected,True,False,0,0,0,286,1,29,1177.12,-15784.93,18139.17,0.00,15.77,stable_success_lattice,stable_success,False,stable,0.22643153626014167,11.28,4.00,2.56,3.04,2.34,11.28,4.23,11.28,4.57,2.42344754,5,0.711959,296.22,,,
BO,20260607,29,3,6,bo_r29_003_tl94_dt184_ge49_qr0_tau79,94,184,49,0.0,0.79,657.92,292.41,1000624.69,277.55,1000000.00,FAIL,sumo_summary_teleport_collision,recovery_timeout,True,False,1,1,1,298,1,45,866762.12,271497.70,1462026.54,156.90,46.47,ei,trust_region,False,local_constrained,0.2977777398879076,32.62,11.84,7.52,8.90,6.77,32.62,12.06,32.62,13.29,3.48493561,5,0.698205,624.69,,,
BO,20260607,29,4,6,bo_r29_004_tl94_dt178_ge49_qr4_tau76,94,178,49,0.04,0.76,657.92,292.41,1000624.69,277.55,1000000.00,FAIL,sumo_summary_teleport_collision,recovery_timeout,True,False,1,1,1,298,1,45,949726.65,381295.61,1518157.70,139.86,46.39,ei,trust_region,False,local_constrained,0.33356750060050494,31.56,11.60,7.33,8.69,6.54,31.56,11.49,31.56,12.87,3.45198540,5,0.676546,624.69,,,
BO,20260607,29,5,6,bo_r29_005_tl31_dt217_ge27_qr45_tau89,31,217,27,0.45,0.89,566.92,296.39,1000542.33,277.55,1000000.00,FAIL,sumo_summary_teleport_collision,recovery_timeout,True,False,6,6,6,570,1,57,476139.40,-502239.28,1454518.09,113.21,50.57,ei,global,False,global_ei,0.4489135749229607,36.37,9.26,6.43,8.59,6.93,36.37,14.88,36.37,13.74,3.59372609,5,0.715598,542.33,,,
BO,20260607,29,6,6,bo_r29_006_tl99_dt85_ge1_qr10_tau75,99,85,1,0.1,0.75,372.92,433.72,1000378.45,277.55,1000000.00,FAIL,sumo_summary_teleport_collision,recovery_detected,True,False,1,1,1,1040,1,108,548797.20,-422312.62,1519907.01,56.26,17.15,ei,global,False,space_filling,0.3071309729660744,9.68,3.59,2.24,2.73,1.93,9.68,3.24,9.68,3.90,2.27040479,5,0.560420,378.45,,,
BO,20260607,30,1,6,bo_r30_001_tl92_dt194_ge46_qr9_tau79,92,194,46,0.09,0.79,279.92,459.23,296.22,277.55,0.00,PASS,,recovery_detected,True,False,0,0,0,286,1,29,1928.18,-16390.79,20247.15,0.00,15.77,stable_success_lattice,stable_success,False,stable,0.22643153626014167,11.15,3.97,2.53,3.01,2.31,11.15,4.16,11.15,4.52,2.41129464,5,0.703359,296.22,,,
BO,20260607,30,2,6,bo_r30_002_tl89_dt200_ge46_qr9_tau79,89,200,46,0.09,0.79,279.92,459.23,296.22,277.55,0.00,PASS,,recovery_detected,True,False,0,0,0,286,1,29,135.29,-17366.47,17637.06,0.00,15.77,stable_success_lattice,stable_success,False,stable,0.22643153626014167,11.03,3.89,2.49,2.97,2.27,11.03,4.11,11.03,4.46,2.40067049,5,0.695926,296.22,,,
BO,20260607,30,3,6,bo_r30_003_tl98_dt190_ge48_qr7_tau79,98,190,48,0.07,0.79,320.92,446.11,1000332.30,277.55,1000000.00,FAIL,sumo_summary_teleport_collision,recovery_detected,True,False,1,1,1,246,1,31,697608.41,245441.87,1149774.94,155.95,42.75,ei,trust_region,False,local_constrained,0.2754664530779843,30.83,11.19,7.12,8.39,6.44,30.83,11.51,30.83,12.58,3.42841212,5,0.717604,332.30,,,
BO,20260607,30,4,6,bo_r30_004_tl94_dt201_ge49_qr7_tau76,94,201,49,0.07,0.76,657.92,292.41,1000624.69,277.55,1000000.00,FAIL,sumo_summary_teleport_collision,recovery_timeout,True,False,1,1,1,298,1,45,1596092.65,1415713.90,1776471.40,180.69,38.77,ei,local,False,local_constrained,0.2157991903837902,26.40,9.65,6.11,7.25,5.46,26.40,9.63,26.40,10.75,3.27342539,5,0.677072,624.69,,,
BO,20260607,30,5,6,bo_r30_005_tl39_dt132_ge19_qr31_tau89,39,132,19,0.31,0.89,435.92,429.30,1000435.32,277.55,1000000.00,FAIL,sumo_summary_teleport_collision,recovery_detected,True,False,1,1,1,548,1,61,517942.86,-461697.32,1497583.04,115.56,52.00,ei,global,False,global_ei,0.45237638480976744,36.38,9.72,6.64,8.77,6.97,36.38,14.59,36.38,13.85,3.59391232,5,0.695842,435.32,,,
BO,20260607,30,6,6,bo_r30_006_tl110_dt220_ge12_qr99_tau70,110,220,12,0.99,0.7,321.92,451.93,333.74,277.55,0.00,PASS,,recovery_detected,True,False,0,0,0,446,0,62,490951.22,-488605.65,1470508.08,74.83,29.60,ei,global,False,space_filling,0.39743647468740234,21.90,7.52,4.85,5.80,4.52,21.90,8.40,21.90,8.83,3.08657929,5,0.736466,333.74,,,
BO,20260607,31,1,6,bo_r31_001_tl92_dt194_ge46_qr8_tau79,92,194,46,0.08,0.79,279.92,459.23,296.22,277.55,0.00,PASS,,recovery_detected,True,False,0,0,0,286,1,29,4593.65,-21819.01,31006.31,0.00,15.77,stable_success_lattice,stable_success,False,stable,0.22643153626014167,11.11,3.96,2.52,3.01,2.30,11.11,4.14,11.11,4.51,2.40787661,5,0.700959,296.22,,,
BO,20260607,31,2,6,bo_r31_002_tl88_dt198_ge46_qr9_tau81,88,198,46,0.09,0.81,279.92,459.23,296.22,277.55,0.00,PASS,,recovery_detected,True,False,0,0,0,286,1,29,-870.47,-30946.15,29205.20,0.00,15.74,stable_success_lattice,stable_success,False,stable,0.22593693013043803,11.33,3.94,2.53,3.03,2.34,11.33,4.29,11.33,4.58,2.42777084,5,0.716609,296.22,,,
BO,20260607,31,3,6,bo_r31_003_tl75_dt224_ge47_qr1_tau80,75,224,47,0.01,0.8,259.92,453.83,277.55,277.55,0.00,PASS,,recovery_detected,True,False,0,0,0,190,1,30,619165.75,-309652.41,1547983.91,83.55,37.07,ei,local,False,local_constrained,0.44633317868500444,24.52,8.32,5.34,6.54,4.94,24.52,9.05,24.52,9.79,3.19935464,5,0.657449,277.55,,,
BO,20260607,31,4,6,bo_r31_004_tl84_dt168_ge45_qr0_tau77,84,168,45,0.0,0.77,0.00,486.66,1000044.24,277.55,1000000.00,FAIL,emergency_stuck,emergency_stuck,False,False,0,0,0,201,1,26,-163816.62,-723260.19,395626.95,52.42,35.37,surrogate_mean_rank,trust_region,False,local_constrained,0.4288537416900917,23.09,8.24,5.23,6.30,4.70,23.09,8.35,23.09,9.32,3.13938941,5,0.648875,44.24,,,
BO,20260607,31,5,6,bo_r31_005_tl92_dt224_ge0_qr7_tau70,92,224,0,0.07,0.7,350.92,438.61,1000358.89,277.55,1000000.00,FAIL,sumo_summary_teleport_collision,recovery_detected,True,False,3,3,3,1066,1,114,507418.48,-472518.29,1487355.26,87.10,45.06,ei,global,False,global_ei,0.5224327412348476,20.08,7.64,4.65,5.91,3.76,20.08,5.74,20.08,7.96,2.99994258,5,0.441354,358.89,,,
BO,20260607,31,6,6,bo_r31_006_tl41_dt112_ge25_qr100_tau85,41,112,25,1.0,0.85,467.92,315.25,1000454.04,277.55,1000000.00,FAIL,sumo_summary_teleport_collision,recovery_timeout,True,False,1,1,1,520,0,56,506348.34,-473596.47,1486293.15,99.39,21.83,ei,global,False,space_filling,0.2201928930349347,18.53,4.86,3.38,4.35,3.67,18.53,7.91,18.53,7.12,2.91919251,5,0.846540,454.04,,,
BO,20260607,32,1,6,bo_r32_001_tl91_dt194_ge46_qr9_tau80,91,194,46,0.09,0.8,279.92,459.23,296.22,277.55,0.00,PASS,,recovery_detected,True,False,0,0,0,286,1,29,-31005.38,-70829.11,8818.34,0.00,15.73,stable_success_lattice,stable_success,False,stable,0.22590009128771787,11.27,3.97,2.54,3.03,2.33,11.27,4.23,11.27,4.56,2.42180354,5,0.712462,296.22,,,
BO,20260607,32,2,6,bo_r32_002_tl89_dt198_ge46_qr9_tau80,89,198,46,0.09,0.8,279.92,459.23,296.22,277.55,0.00,PASS,,recovery_detected,True,False,0,0,0,286,1,29,-25754.86,-58445.71,6935.99,0.00,15.73,stable_success_lattice,stable_success,False,stable,0.22590009128771793,11.19,3.92,2.51,3.00,2.31,11.19,4.20,11.19,4.52,2.41482398,5,0.707506,296.22,,,
BO,20260607,32,3,6,bo_r32_003_tl72_dt224_ge48_qr0_tau78,72,224,48,0.0,0.78,320.92,446.11,1000332.30,277.55,1000000.00,FAIL,sumo_summary_teleport_collision,recovery_detected,True,False,1,1,1,246,1,31,85880.65,-429967.56,601728.86,51.91,36.38,surrogate_mean_rank,local,False,local_constrained,0.4961084023469199,23.09,7.87,5.03,6.20,4.61,23.09,8.37,23.09,9.20,3.13933006,5,0.630607,332.30,,,
BO,20260607,32,4,6,bo_r32_004_tl74_dt224_ge50_qr5_tau79,74,224,50,0.05,0.79,0.00,466.18,1000042.38,277.55,1000000.00,FAIL,emergency_stuck,emergency_stuck,False,False,0,0,0,170,1,25,314855.16,-455487.83,1085198.15,86.96,36.34,ei,local,False,local_constrained,0.42028678400900155,24.27,8.22,5.29,6.46,4.89,24.27,9.00,24.27,9.69,3.18906603,5,0.663902,42.38,,,
BO,20260607,32,5,6,bo_r32_005_tl110_dt207_ge19_qr65_tau83,110,207,19,0.65,0.83,595.92,294.04,1000568.48,277.55,1000000.00,FAIL,sumo_summary_teleport_collision,recovery_timeout,True,False,2,2,2,755,1,76,457016.55,-519503.12,1433536.22,62.63,50.83,ei,global,False,global_ei,0.8140406628084917,42.03,14.16,9.23,10.93,8.81,42.03,16.77,42.03,16.99,3.73839579,5,0.824388,568.48,,,
BO,20260607,32,6,6,bo_r32_006_tl73_dt91_ge2_qr1_tau88,73,91,2,0.01,0.88,0.00,501.24,1000045.57,277.55,1000000.00,FAIL,emergency_stuck,emergency_stuck,False,False,1,1,1,527,1,73,543017.39,-436413.82,1522448.61,18.58,8.00,ei,global,False,space_filling,0.4333625535985826,5.10,1.61,1.05,1.32,1.00,5.10,1.90,5.10,2.00,1.62992846,5,0.633998,45.57,,,
BO,20260607,33,1,6,bo_r33_001_tl88_dt198_ge46_qr9_tau79,88,198,46,0.09,0.79,279.92,459.23,296.22,277.55,0.00,PASS,,recovery_detected,True,False,0,0,0,286,1,29,7801.91,-22641.69,38245.52,0.00,15.73,stable_success_lattice,stable_success,False,stable,0.22593693013043803,10.99,3.86,2.47,2.96,2.26,10.99,4.10,10.99,4.44,2.39658957,5,0.694609,296.22,,,
BO,20260607,33,2,6,bo_r33_002_tl91_dt194_ge46_qr9_tau81,91,194,46,0.09,0.81,279.92,459.23,296.22,277.55,0.00,PASS,,recovery_detected,True,False,0,0,0,286,1,29,-4879.59,-31467.88,21708.70,0.00,15.59,stable_success_lattice,stable_success,False,stable,0.22382643601318242,11.34,3.98,2.55,3.04,2.35,11.34,4.29,11.34,4.59,2.42790308,5,0.723462,296.22,,,
BO,20260607,33,3,6,bo_r33_003_tl74_dt189_ge44_qr8_tau83,74,189,44,0.08,0.83,0.00,487.23,1000044.29,277.55,1000000.00,FAIL,emergency_stuck,emergency_stuck,False,False,0,0,0,195,1,26,683408.57,-213047.05,1579864.19,79.89,37.69,ei,local,False,local_constrained,0.47416341502235504,26.74,8.82,5.72,6.99,5.42,26.74,10.22,26.74,10.65,3.28601433,5,0.705758,44.29,,,
BO,20260607,33,4,6,bo_r33_004_tl79_dt168_ge44_qr11_tau80,79,168,44,0.11,0.8,0.00,487.23,1000044.29,277.55,1000000.00,FAIL,emergency_stuck,emergency_stuck,False,False,0,0,0,195,1,26,659219.44,-230560.65,1548999.54,84.65,35.28,ei,local,False,local_constrained,0.4190332028276299,24.67,8.37,5.40,6.54,5.02,24.67,9.30,24.67,9.89,3.20568942,5,0.695538,44.29,,,
BO,20260607,33,5,6,bo_r33_005_tl96_dt214_ge50_qr92_tau83,96,214,50,0.92,0.83,499.92,309.47,1000482.61,277.55,1000000.00,FAIL,sumo_summary_teleport_collision,recovery_timeout,True,False,1,1,1,356,0,39,510769.47,-469023.70,1490562.64,159.46,43.60,ei,global,False,global_ei,0.2735916577629998,41.94,13.47,8.95,10.55,8.88,41.94,17.63,41.94,16.90,3.73628217,5,0.961345,482.61,,,
BO,20260607,33,6,6,bo_r33_006_tl48_dt206_ge1_qr71_tau71,48,206,1,0.71,0.71,340.92,444.19,350.31,277.55,0.00,PASS,,recovery_detected,True,False,0,0,0,1060,1,102,515732.91,-464035.73,1495501.54,81.05,22.43,ei,global,False,space_filling,0.27900774717849836,12.01,3.26,2.17,3.01,2.16,12.01,4.30,12.01,4.48,2.48540109,5,0.530945,350.31,,,
BO,20260607,34,1,6,bo_r34_001_tl88_dt197_ge46_qr9_tau80,88,197,46,0.09,0.8,279.92,459.23,296.22,277.55,0.00,PASS,,recovery_detected,True,False,0,0,0,286,1,29,344.55,-18397.87,19086.96,0.00,15.66,stable_success_lattice,stable_success,False,stable,0.2248954268950972,11.11,3.89,2.49,2.98,2.29,11.11,4.17,11.11,4.49,2.40809253,5,0.705899,296.22,,,
BO,20260607,34,2,6,bo_r34_002_tl92_dt194_ge46_qr7_tau81,92,194,46,0.07,0.81,279.92,459.23,296.22,277.55,0.00,PASS,,recovery_detected,True,False,0,0,0,286,1,29,21498.72,-24944.28,67941.73,0.00,15.59,stable_success_lattice,stable_success,False,stable,0.22378896910186946,11.29,3.98,2.55,3.03,2.34,11.29,4.26,11.29,4.57,2.42371539,5,0.720559,296.22,,,
BO,20260607,34,3,6,bo_r34_003_tl82_dt192_ge45_qr0_tau81,82,192,45,0.0,0.81,0.00,486.66,1000044.24,277.55,1000000.00,FAIL,emergency_stuck,emergency_stuck,False,False,0,0,0,201,1,26,581259.93,-156739.08,1319258.94,115.34,44.25,ei,trust_region,False,local_constrained,0.3858207208822183,30.35,10.50,6.73,8.13,6.19,30.35,11.30,30.35,12.20,3.41292947,5,0.682116,44.24,,,
BO,20260607,34,4,6,bo_r34_004_tl79_dt203_ge45_qr0_tau79,79,203,45,0.0,0.79,0.00,486.66,1000044.24,277.55,1000000.00,FAIL,emergency_stuck,emergency_stuck,False,False,0,0,0,201,1,26,411951.24,-382098.15,1206000.63,103.43,41.89,ei,local,False,local_constrained,0.4074899049551266,27.45,9.51,6.08,7.39,5.55,27.45,10.03,27.45,11.00,3.31228098,5,0.651232,44.24,,,
BO,20260607,34,5,6,bo_r34_005_tl77_dt185_ge44_qr18_tau85,77,185,44,0.18,0.85,0.00,487.23,1000044.29,277.55,1000000.00,FAIL,emergency_stuck,emergency_stuck,False,False,0,0,0,195,1,26,748216.64,-104579.72,1601013.01,102.19,37.26,ei,global,False,global_ei,0.36620219869756454,28.39,9.25,6.05,7.33,5.81,28.39,11.15,28.39,11.33,3.34597686,5,0.758611,44.29,,,
BO,20260607,34,6,6,bo_r34_006_tl88_dt153_ge0_qr100_tau81,88,153,0,1.0,0.81,322.92,451.52,334.61,277.55,0.00,PASS,,recovery_detected,True,False,0,0,0,1065,0,105,552663.53,-413656.97,1518984.02,46.38,10.85,ei,global,False,space_filling,0.23488786797938083,8.70,2.64,1.76,2.17,1.76,8.70,3.54,8.70,3.43,2.16318218,5,0.798567,334.61,,,
BO,20260607,35,1,6,bo_r35_001_tl89_dt198_ge46_qr9_tau81,89,198,46,0.09,0.81,279.92,459.23,296.22,277.55,0.00,PASS,,recovery_detected,True,False,0,0,0,286,1,29,-3450.24,-23957.72,17057.24,0.00,15.59,stable_success_lattice,stable_success,False,stable,0.22382643601318228,11.26,3.93,2.52,3.01,2.32,11.26,4.26,11.26,4.55,2.42103000,5,0.718506,296.22,,,
BO,20260607,35,2,6,bo_r35_002_tl92_dt194_ge46_qr9_tau80,92,194,46,0.09,0.8,279.92,459.23,296.22,277.55,0.00,PASS,,recovery_detected,True,False,0,0,0,286,1,29,1438.03,-14897.48,17773.54,0.00,15.59,stable_success_lattice,stable_success,False,stable,0.22378896910186946,11.19,3.96,2.53,3.01,2.32,11.19,4.21,11.19,4.54,2.41507373,5,0.714359,296.22,,,
BO,20260607,35,3,6,bo_r35_003_tl82_dt182_ge45_qr8_tau76,82,182,45,0.08,0.76,0.00,486.66,1000044.24,277.55,1000000.00,FAIL,emergency_stuck,emergency_stuck,False,False,0,0,0,201,1,26,682718.46,80409.73,1285027.19,133.71,42.93,ei,trust_region,False,local_constrained,0.3230441859168349,28.04,9.88,6.29,7.61,5.69,28.04,10.18,28.04,11.28,3.33369984,5,0.649218,44.24,,,
BO,20260607,35,4,6,bo_r35_004_tl82_dt194_ge45_qr12_tau79,82,194,45,0.12,0.79,0.00,486.66,1000044.24,277.55,1000000.00,FAIL,emergency_stuck,emergency_stuck,False,False,0,0,0,201,1,26,496374.57,-46881.69,1039630.84,115.23,39.73,ei,trust_region,False,local_constrained,0.34664661098024085,27.50,9.45,6.07,7.34,5.61,27.50,10.29,27.50,11.04,3.31400788,5,0.688336,44.24,,,
BO,20260607,35,5,6,bo_r35_005_tl48_dt218_ge17_qr51_tau77,48,218,17,0.51,0.77,450.92,319.44,438.97,277.55,0.00,PASS,,recovery_timeout,True,False,0,0,0,684,1,66,503897.02,-475550.29,1483344.33,81.10,34.61,ei,global,False,global_ei,0.4298434365287338,20.83,5.82,3.89,5.20,3.90,20.83,7.81,20.83,7.91,3.03625000,5,0.597463,438.97,,,
BO,20260607,35,6,6,bo_r35_006_tl108_dt117_ge3_qr3_tau87,108,117,3,0.03,0.87,374.92,441.99,1000381.02,277.55,1000000.00,FAIL,sumo_summary_teleport_collision,recovery_detected,True,False,3,3,3,885,1,101,492211.98,-482373.82,1466797.78,13.98,6.31,ei,global,False,space_filling,0.4542317347071267,4.38,1.55,0.99,1.18,0.90,4.38,1.62,4.38,1.77,1.47696291,5,0.689910,381.02,,,
BO,20260607,36,1,6,bo_r36_001_tl90_dt197_ge47_qr8_tau80,90,197,47,0.08,0.8,259.92,453.83,277.55,277.55,0.00,PASS,,recovery_detected,True,False,0,0,0,190,1,30,-5426.95,-28492.47,17638.57,723.76,723.76,pass_focus_success_lattice,pass_focus_stable,True,pass_focus,0.175369,,,,,,,,,,,,,277.55,,,
BO,20260607,36,2,6,bo_r36_002_tl90_dt200_ge47_qr7_tau79,90,200,47,0.07,0.79,259.92,453.83,277.55,277.55,0.00,PASS,,recovery_detected,True,False,0,0,0,190,1,30,16780.98,-10952.81,44514.76,723.74,723.74,pass_focus_success_lattice,pass_focus_stable,True,pass_focus,0.173584,,,,,,,,,,,,,277.55,,,
BO,20260607,36,3,6,bo_r36_003_tl90_dt195_ge47_qr8_tau80,90,195,47,0.08,0.8,259.92,453.83,277.55,277.55,0.00,PASS,,recovery_detected,True,False,0,0,0,190,1,30,31869.13,4961.15,58777.11,723.68,723.68,pass_focus_success_lattice,pass_focus_stable,True,pass_focus,0.168017,,,,,,,,,,,,,277.55,,,
BO,20260607,36,4,6,bo_r36_004_tl90_dt197_ge47_qr7_tau79,90,197,47,0.07,0.79,259.92,453.83,277.55,277.55,0.00,PASS,,recovery_detected,True,False,0,0,0,190,1,30,12871.84,-10539.35,36283.03,723.66,723.66,pass_focus_success_lattice,pass_focus_stable,True,pass_focus,0.166016,,,,,,,,,,,,,277.55,,,
BO,20260607,36,5,6,bo_r36_005_tl90_dt198_ge47_qr8_tau80,90,198,47,0.08,0.8,259.92,453.83,277.55,277.55,0.00,PASS,,recovery_detected,True,False,0,0,0,190,1,30,-3386.48,-37579.72,30806.76,723.33,723.33,pass_focus_success_lattice,pass_focus_stable,True,pass_focus,0.177083,,,,,,,,,,,,,277.55,,,
BO,20260607,36,6,6,bo_r36_006_tl90_dt194_ge47_qr8_tau80,90,194,47,0.08,0.8,259.92,453.83,277.55,277.55,0.00,PASS,,recovery_detected,True,False,0,0,0,190,1,30,68553.57,22672.56,114434.57,723.23,723.23,pass_focus_success_lattice,pass_focus_stable,True,pass_focus,0.167041,,,,,,,,,,,,,277.55,,,
BO,20260607,37,1,6,bo_r37_001_tl90_dt193_ge47_qr8_tau80,90,193,47,0.08,0.8,259.92,453.83,277.55,277.55,0.00,PASS,,recovery_detected,True,False,0,0,0,190,1,30,7376.58,-9359.63,24112.79,723.68,723.68,pass_focus_success_lattice,pass_focus_stable,True,pass_focus,0.168017,,,,,,,,,,,,,277.55,,,
BO,20260607,37,2,6,bo_r37_002_tl90_dt196_ge47_qr7_tau79,90,196,47,0.07,0.79,259.92,453.83,277.55,277.55,0.00,PASS,,recovery_detected,True,False,0,0,0,190,1,30,5040.47,-11083.75,21164.69,723.61,723.61,pass_focus_success_lattice,pass_focus_stable,True,pass_focus,0.160821,,,,,,,,,,,,,277.55,,,
BO,20260607,37,3,6,bo_r37_003_tl91_dt194_ge47_qr8_tau80,91,194,47,0.08,0.8,259.92,453.83,277.55,277.55,0.00,PASS,,recovery_detected,True,False,0,0,0,190,1,30,42985.03,3403.76,82566.29,723.34,723.34,pass_focus_success_lattice,pass_focus_stable,True,pass_focus,0.177948,,,,,,,,,,,,,277.55,,,
BO,20260607,37,4,6,bo_r37_004_tl90_dt192_ge47_qr8_tau80,90,192,47,0.08,0.8,259.92,453.83,277.55,277.55,0.00,PASS,,recovery_detected,True,False,0,0,0,190,1,30,11870.26,-8835.78,32576.29,723.27,723.27,pass_focus_success_lattice,pass_focus_stable,True,pass_focus,0.170863,,,,,,,,,,,,,277.55,,,
BO,20260607,37,5,6,bo_r37_005_tl90_dt195_ge47_qr7_tau79,90,195,47,0.07,0.79,259.92,453.83,277.55,277.55,0.00,PASS,,recovery_detected,True,False,0,0,0,190,1,30,8654.99,-10687.83,27997.81,723.13,723.13,pass_focus_success_lattice,pass_focus_stable,True,pass_focus,0.157479,,,,,,,,,,,,,277.55,,,
BO,20260607,37,6,6,bo_r37_006_tl90_dt196_ge47_qr9_tau80,90,196,47,0.09,0.8,259.92,453.83,277.55,277.55,0.00,PASS,,recovery_detected,True,False,0,0,0,190,1,30,32089.30,-12136.00,76314.60,723.28,723.28,pass_focus_success_lattice,pass_focus_stable,True,pass_focus,0.182837,,,,,,,,,,,,,277.55,,,
BO,20260607,38,1,6,bo_r38_001_tl90_dt191_ge47_qr8_tau80,90,191,47,0.08,0.8,259.92,453.83,277.55,277.55,0.00,PASS,,recovery_detected,True,False,0,0,0,190,1,30,4094.45,-11758.71,19947.62,723.76,723.76,pass_focus_success_lattice,pass_focus_stable,True,pass_focus,0.175369,,,,,,,,,,,,,277.55,,,
BO,20260607,38,2,6,bo_r38_002_tl90_dt194_ge47_qr7_tau79,90,194,47,0.07,0.79,259.92,453.83,277.55,277.55,0.00,PASS,,recovery_detected,True,False,0,0,0,190,1,30,4590.29,-10546.61,19727.19,723.57,723.57,pass_focus_success_lattice,pass_focus_stable,True,pass_focus,0.156321,,,,,,,,,,,,,277.55,,,
BO,20260607,38,3,6,bo_r38_003_tl90_dt190_ge47_qr8_tau80,90,190,47,0.08,0.8,259.92,453.83,277.55,277.55,0.00,PASS,,recovery_detected,True,False,0,0,0,190,1,30,7190.45,-12091.29,26472.19,723.37,723.37,pass_focus_success_lattice,pass_focus_stable,True,pass_focus,0.181259,,,,,,,,,,,,,277.55,,,
BO,20260607,38,4,6,bo_r38_004_tl91_dt192_ge47_qr8_tau80,91,192,47,0.08,0.8,259.92,453.83,277.55,277.55,0.00,PASS,,recovery_detected,True,False,0,0,0,190,1,30,5301.67,-13428.38,24031.71,723.37,723.37,pass_focus_success_lattice,pass_focus_stable,True,pass_focus,0.181259,,,,,,,,,,,,,277.55,,,
BO,20260607,38,5,6,bo_r38_005_tl90_dt194_ge47_qr9_tau80,90,194,47,0.09,0.8,259.92,453.83,277.55,277.55,0.00,PASS,,recovery_detected,True,False,0,0,0,190,1,30,683.84,-18130.60,19498.27,723.36,723.36,pass_focus_success_lattice,pass_focus_stable,True,pass_focus,0.180487,,,,,,,,,,,,,277.55,,,
BO,20260607,38,6,6,bo_r38_006_tl90_dt193_ge47_qr7_tau79,90,193,47,0.07,0.79,259.92,453.83,277.55,277.55,0.00,PASS,,recovery_detected,True,False,0,0,0,190,1,30,7532.39,-10190.68,25255.47,723.13,723.13,pass_focus_success_lattice,pass_focus_stable,True,pass_focus,0.157479,,,,,,,,,,,,,277.55,,,
BO,20260607,39,1,6,bo_r39_001_tl90_dt189_ge47_qr8_tau80,90,189,47,0.08,0.8,259.92,453.83,277.55,277.55,0.00,PASS,,recovery_detected,True,False,0,0,0,190,1,30,3919.52,-11335.59,19174.63,723.89,723.89,pass_focus_success_lattice,pass_focus_stable,True,pass_focus,0.188255,,,,,,,,,,,,,277.55,,,
BO,20260607,39,2,6,bo_r39_002_tl90_dt192_ge47_qr7_tau79,90,192,47,0.07,0.79,259.92,453.83,277.55,277.55,0.00,PASS,,recovery_detected,True,False,0,0,0,190,1,30,4478.07,-10163.05,19119.19,723.61,723.61,pass_focus_success_lattice,pass_focus_stable,True,pass_focus,0.160821,,,,,,,,,,,,,277.55,,,
BO,20260607,39,3,6,bo_r39_003_tl90_dt188_ge47_qr8_tau80,90,188,47,0.08,0.8,259.92,453.83,277.55,277.55,0.00,PASS,,recovery_detected,True,False,0,0,0,190,1,30,6216.54,-12030.61,24463.68,723.52,723.52,pass_focus_success_lattice,pass_focus_stable,True,pass_focus,0.196118,,,,,,,,,,,,,277.55,,,
BO,20260607,39,4,6,bo_r39_004_tl90_dt192_ge47_qr9_tau80,90,192,47,0.09,0.8,259.92,453.83,277.55,277.55,0.00,PASS,,recovery_detected,True,False,0,0,0,190,1,30,-937.35,-18521.51,16646.80,723.39,723.39,pass_focus_success_lattice,pass_focus_stable,True,pass_focus,0.183697,,,,,,,,,,,,,277.55,,,
BO,20260607,39,5,6,bo_r39_005_tl90_dt191_ge47_qr7_tau79,90,191,47,0.07,0.79,259.92,453.83,277.55,277.55,0.00,PASS,,recovery_detected,True,False,0,0,0,190,1,30,6792.37,-10197.46,23782.20,723.22,723.22,pass_focus_success_lattice,pass_focus_stable,True,pass_focus,0.166016,,,,,,,,,,,,,277.55,,,
BO,20260607,39,6,6,bo_r39_006_tl90_dt190_ge47_qr9_tau80,90,190,47,0.09,0.8,259.92,453.83,277.55,277.55,0.00,PASS,,recovery_detected,True,False,0,0,0,190,1,30,-262.33,-23691.78,23167.13,723.38,723.38,pass_focus_success_lattice,pass_focus_stable,True,pass_focus,0.192664,,,,,,,,,,,,,277.55,,,
BO,20260607,40,1,6,bo_r40_001_tl90_dt187_ge47_qr8_tau80,90,187,47,0.08,0.8,259.92,453.83,277.55,277.55,0.00,PASS,,recovery_detected,True,False,0,0,0,190,1,30,3687.50,-11082.28,18457.29,724.05,724.05,pass_focus_success_lattice,pass_focus_stable,True,pass_focus,0.204651,,,,,,,,,,,,,277.55,,,
BO,20260607,40,2,6,bo_r40_002_tl90_dt189_ge47_qr9_tau80,90,189,47,0.09,0.8,259.92,453.83,277.55,277.55,0.00,PASS,,recovery_detected,True,False,0,0,0,190,1,30,240.38,-15257.02,15737.79,723.99,723.99,pass_focus_success_lattice,pass_focus_stable,True,pass_focus,0.198857,,,,,,,,,,,,,277.55,,,
BO,20260607,40,3,6,bo_r40_003_tl90_dt190_ge47_qr7_tau79,90,190,47,0.07,0.79,259.92,453.83,277.55,277.55,0.00,PASS,,recovery_detected,True,False,0,0,0,190,1,30,3913.35,-10449.60,18276.29,723.73,723.73,pass_focus_success_lattice,pass_focus_stable,True,pass_focus,0.172667,,,,,,,,,,,,,277.55,,,
BO,20260607,40,4,6,bo_r40_004_tl90_dt186_ge47_qr8_tau80,90,186,47,0.08,0.8,259.92,453.83,277.55,277.55,0.00,PASS,,recovery_detected,True,False,0,0,0,190,1,30,5286.02,-12098.12,22670.16,723.69,723.69,pass_focus_success_lattice,pass_focus_stable,True,pass_focus,0.213703,,,,,,,,,,,,,277.55,,,
BO,20260607,40,5,6,bo_r40_005_tl90_dt188_ge47_qr9_tau80,90,188,47,0.09,0.8,259.92,453.83,277.55,277.55,0.00,PASS,,recovery_detected,True,False,0,0,0,190,1,30,904.25,-16799.88,18608.39,723.62,723.62,pass_focus_success_lattice,pass_focus_stable,True,pass_focus,0.205935,,,,,,,,,,,,,277.55,,,
BO,20260607,40,6,6,bo_r40_006_tl90_dt189_ge47_qr7_tau79,90,189,47,0.07,0.79,259.92,453.83,277.55,277.55,0.00,PASS,,recovery_detected,True,False,0,0,0,190,1,30,5530.00,-11010.13,22070.13,723.36,723.36,pass_focus_success_lattice,pass_focus_stable,True,pass_focus,0.180415,,,,,,,,,,,,,277.55,,,
BO,20260607,41,1,6,bo_r41_001_tl104_dt186_ge38_qr12_tau77,104,186,38,0.12,0.77,410.92,436.49,413.24,277.55,0.00,PASS,,recovery_detected,True,False,0,0,0,231,1,41,177818.73,-576849.52,932486.97,518.33,518.33,pass_focus_success_lattice,pass_focus_local,True,pass_focus,0.652042,,,,,,,,,,,,,413.24,,,
BO,20260607,41,2,6,bo_r41_002_tl90_dt185_ge47_qr8_tau80,90,185,47,0.08,0.8,259.92,453.83,277.55,277.55,0.00,PASS,,recovery_detected,True,False,0,0,0,190,1,30,2808.76,-11693.21,17310.74,724.24,724.24,pass_focus_success_lattice,pass_focus_stable,True,pass_focus,0.223161,,,,,,,,,,,,,277.55,,,
BO,20260607,41,3,6,bo_r41_003_tl90_dt187_ge47_qr9_tau80,90,187,47,0.09,0.8,259.92,453.83,277.55,277.55,0.00,PASS,,recovery_detected,True,False,0,0,0,190,1,30,565.50,-13699.81,14830.81,724.14,724.14,pass_focus_success_lattice,pass_focus_stable,True,pass_focus,0.213734,,,,,,,,,,,,,277.55,,,
BO,20260607,41,4,6,bo_r41_004_tl90_dt188_ge47_qr7_tau79,90,188,47,0.07,0.79,259.92,453.83,277.55,277.55,0.00,PASS,,recovery_detected,True,False,0,0,0,190,1,30,3036.43,-11156.51,17229.36,723.89,723.89,pass_focus_success_lattice,pass_focus_stable,True,pass_focus,0.188973,,,,,,,,,,,,,277.55,,,
BO,20260607,41,5,6,bo_r41_005_tl90_dt184_ge47_qr8_tau80,90,184,47,0.08,0.8,259.92,453.83,277.55,277.55,0.00,PASS,,recovery_detected,True,False,0,0,0,190,1,30,3694.96,-13171.15,20561.06,723.89,723.89,pass_focus_success_lattice,pass_focus_stable,True,pass_focus,0.232938,,,,,,,,,,,,,277.55,,,
BO,20260607,41,6,6,bo_r41_006_tl90_dt186_ge47_qr9_tau80,90,186,47,0.09,0.8,259.92,453.83,277.55,277.55,0.00,PASS,,recovery_detected,True,False,0,0,0,190,1,30,1039.22,-15193.27,17271.71,723.78,723.78,pass_focus_success_lattice,pass_focus_stable,True,pass_focus,0.222115,,,,,,,,,,,,,277.55,,,
BO,20260607,42,1,6,bo_r42_001_tl90_dt183_ge47_qr8_tau80,90,183,47,0.08,0.8,259.92,453.83,277.55,277.55,0.00,PASS,,recovery_detected,True,False,0,0,0,190,1,30,1963.33,-12357.00,16283.65,724.43,724.43,pass_focus_success_lattice,pass_focus_stable,True,pass_focus,0.242968,,,,,,,,,,,,,277.55,,,
BO,20260607,42,2,6,bo_r42_002_tl90_dt185_ge47_qr9_tau80,90,185,47,0.09,0.8,259.92,453.83,277.55,277.55,0.00,PASS,,recovery_detected,True,False,0,0,0,190,1,30,542.80,-13391.40,14476.99,724.31,724.31,pass_focus_success_lattice,pass_focus_stable,True,pass_focus,0.230967,,,,,,,,,,,,,277.55,,,
BO,20260607,42,3,6,bo_r42_003_tl90_dt182_ge47_qr8_tau80,90,182,47,0.08,0.8,259.92,453.83,277.55,277.55,0.00,PASS,,recovery_detected,True,False,0,0,0,190,1,30,2331.04,-14185.51,18847.58,724.09,724.09,pass_focus_success_lattice,pass_focus_stable,True,pass_focus,0.253202,,,,,,,,,,,,,277.55,,,
BO,20260607,42,4,6,bo_r42_004_tl90_dt184_ge47_qr9_tau80,90,184,47,0.09,0.8,259.92,453.83,277.55,277.55,0.00,PASS,,recovery_detected,True,False,0,0,0,190,1,30,763.59,-15051.50,16578.67,723.96,723.96,pass_focus_success_lattice,pass_focus_stable,True,pass_focus,0.240201,,,,,,,,,,,,,277.55,,,
BO,20260607,42,5,6,bo_r42_005_tl90_dt186_ge47_qr7_tau79,90,186,47,0.07,0.79,259.92,453.83,277.55,277.55,0.00,PASS,,recovery_detected,True,False,0,0,0,190,1,30,2950.19,-12821.59,18721.96,723.63,723.63,pass_focus_success_lattice,pass_focus_stable,True,pass_focus,0.207731,,,,,,,,,,,,,277.55,,,
BO,20260607,42,6,6,bo_r42_006_tl90_dt184_ge47_qr7_tau80,90,184,47,0.07,0.8,259.92,453.83,277.55,277.55,0.00,PASS,,recovery_detected,True,False,0,0,0,190,1,30,30416.24,-3621.63,64454.11,723.75,723.75,pass_focus_success_lattice,pass_focus_stable,True,pass_focus,0.230428,,,,,,,,,,,,,277.55,,,
BO,20260607,43,1,6,bo_r43_001_tl90_dt181_ge47_qr8_tau80,90,181,47,0.08,0.8,259.92,453.83,277.55,277.55,0.00,PASS,,recovery_detected,True,False,0,0,0,190,1,30,-956.67,-14981.12,13067.79,724.64,724.64,pass_focus_success_lattice,pass_focus_stable,True,pass_focus,0.263602,,,,,,,,,,,,,277.55,,,
BO,20260607,43,2,6,bo_r43_002_tl90_dt183_ge47_qr9_tau80,90,183,47,0.09,0.8,259.92,453.83,277.55,277.55,0.00,PASS,,recovery_detected,True,False,0,0,0,190,1,30,984.22,-12853.14,14821.58,724.50,724.50,pass_focus_success_lattice,pass_focus_stable,True,pass_focus,0.249745,,,,,,,,,,,,,277.55,,,
BO,20260607,43,3,6,bo_r43_003_tl90_dt183_ge47_qr7_tau80,90,183,47,0.07,0.8,259.92,453.83,277.55,277.55,0.00,PASS,,recovery_detected,True,False,0,0,0,190,1,30,3969.25,-12522.84,20461.34,724.41,724.41,pass_focus_success_lattice,pass_focus_stable,True,pass_focus,0.240637,,,,,,,,,,,,,277.55,,,
BO,20260607,43,4,6,bo_r43_004_tl90_dt180_ge47_qr8_tau80,90,180,47,0.08,0.8,259.92,453.83,277.55,277.55,0.00,PASS,,recovery_detected,True,False,0,0,0,190,1,30,-1506.59,-17611.03,14597.84,724.30,724.30,pass_focus_success_lattice,pass_focus_stable,True,pass_focus,0.274137,,,,,,,,,,,,,277.55,,,
BO,20260607,43,5,6,bo_r43_005_tl90_dt182_ge47_qr9_tau80,90,182,47,0.09,0.8,259.92,453.83,277.55,277.55,0.00,PASS,,recovery_detected,True,False,0,0,0,190,1,30,969.61,-14731.94,16671.16,724.15,724.15,pass_focus_success_lattice,pass_focus_stable,True,pass_focus,0.259545,,,,,,,,,,,,,277.55,,,
BO,20260607,43,6,6,bo_r43_006_tl90_dt182_ge47_qr7_tau80,90,182,47,0.07,0.8,259.92,453.83,277.55,277.55,0.00,PASS,,recovery_detected,True,False,0,0,0,190,1,30,2937.77,-14890.42,20765.95,724.07,724.07,pass_focus_success_lattice,pass_focus_stable,True,pass_focus,0.251029,,,,,,,,,,,,,277.55,,,
BO,20260607,44,1,6,bo_r44_001_tl90_dt179_ge47_qr8_tau80,90,179,47,0.08,0.8,259.92,453.83,277.55,277.55,0.00,PASS,,recovery_detected,True,False,0,0,0,190,1,30,-1436.04,-15310.03,12437.95,724.85,724.85,pass_focus_success_lattice,pass_focus_stable,True,pass_focus,0.284784,,,,,,,,,,,,,277.55,,,
BO,20260607,44,2,6,bo_r44_002_tl90_dt181_ge47_qr9_tau80,90,181,47,0.09,0.8,259.92,453.83,277.55,277.55,0.00,PASS,,recovery_detected,True,False,0,0,0,190,1,30,762.06,-12936.91,14461.03,724.70,724.70,pass_focus_success_lattice,pass_focus_stable,True,pass_focus,0.269556,,,,,,,,,,,,,277.55,,,
BO,20260607,44,3,6,bo_r44_003_tl90_dt181_ge47_qr7_tau80,90,181,47,0.07,0.8,259.92,453.83,277.55,277.55,0.00,PASS,,recovery_detected,True,False,0,0,0,190,1,30,-55.55,-13968.84,13857.73,724.62,724.62,pass_focus_success_lattice,pass_focus_stable,True,pass_focus,0.261568,,,,,,,,,,,,,277.55,,,
BO,20260607,44,4,6,bo_r44_004_tl90_dt178_ge47_qr8_tau80,90,178,47,0.08,0.8,259.92,453.83,277.55,277.55,0.00,PASS,,recovery_detected,True,False,0,0,0,190,1,30,-2144.18,-18006.98,13718.62,724.51,724.51,pass_focus_success_lattice,pass_focus_stable,True,pass_focus,0.295526,,,,,,,,,,,,,277.55,,,
BO,20260607,44,5,6,bo_r44_005_tl90_dt180_ge47_qr9_tau80,90,180,47,0.09,0.8,259.92,453.83,277.55,277.55,0.00,PASS,,recovery_detected,True,False,0,0,0,190,1,30,587.06,-14885.13,16059.26,724.35,724.35,pass_focus_success_lattice,pass_focus_stable,True,pass_focus,0.279742,,,,,,,,,,,,,277.55,,,
BO,20260607,44,6,6,bo_r44_006_tl90_dt180_ge47_qr7_tau80,90,180,47,0.07,0.8,259.92,453.83,277.55,277.55,0.00,PASS,,recovery_detected,True,False,0,0,0,190,1,30,-1155.48,-16933.61,14622.65,724.28,724.28,pass_focus_success_lattice,pass_focus_stable,True,pass_focus,0.272228,,,,,,,,,,,,,277.55,,,
BO,20260607,45,1,6,bo_r45_001_tl90_dt177_ge47_qr8_tau80,90,177,47,0.08,0.8,259.92,453.83,277.55,277.55,0.00,PASS,,recovery_detected,True,False,0,0,0,190,1,30,-1353.32,-14961.94,12255.30,725.01,725.01,pass_focus_success_lattice,pass_focus_stable,True,pass_focus,0.300760,,,,,,,,,,,,,277.55,,,
BO,20260607,45,2,6,bo_r45_002_tl90_dt179_ge47_qr9_tau80,90,179,47,0.09,0.8,259.92,453.83,277.55,277.55,0.00,PASS,,recovery_detected,True,False,0,0,0,190,1,30,446.27,-13093.24,13985.79,724.90,724.90,pass_focus_success_lattice,pass_focus_stable,True,pass_focus,0.290076,,,,,,,,,,,,,277.55,,,
BO,20260607,45,3,6,bo_r45_003_tl90_dt179_ge47_qr7_tau80,90,179,47,0.07,0.8,259.92,453.83,277.55,277.55,0.00,PASS,,recovery_detected,True,False,0,0,0,190,1,30,-1045.50,-14780.72,12689.73,724.83,724.83,pass_focus_success_lattice,pass_focus_stable,True,pass_focus,0.282986,,,,,,,,,,,,,277.55,,,
BO,20260607,45,4,6,bo_r45_004_tl90_dt176_ge47_qr8_tau80,90,176,47,0.08,0.8,259.92,453.83,277.55,277.55,0.00,PASS,,recovery_detected,True,False,0,0,0,190,1,30,-2022.31,-17465.54,13420.92,724.57,724.57,pass_focus_success_lattice,pass_focus_stable,True,pass_focus,0.301742,,,,,,,,,,,,,277.55,,,
BO,20260607,45,5,6,bo_r45_005_tl90_dt178_ge47_qr9_tau80,90,178,47,0.09,0.8,259.92,453.83,277.55,277.55,0.00,PASS,,recovery_detected,True,False,0,0,0,190,1,30,166.05,-15049.19,15381.29,724.56,724.56,pass_focus_success_lattice,pass_focus_stable,True,pass_focus,0.300535,,,,,,,,,,,,,277.55,,,
BO,20260607,45,6,6,bo_r45_006_tl90_dt178_ge47_qr7_tau80,90,178,47,0.07,0.8,259.92,453.83,277.55,277.55,0.00,PASS,,recovery_detected,True,False,0,0,0,190,1,30,-1913.96,-17552.59,13724.68,724.44,724.44,pass_focus_success_lattice,pass_focus_stable,True,pass_focus,0.288532,,,,,,,,,,,,,277.55,,,
BO,20260607,46,1,6,bo_r46_001_tl90_dt175_ge47_qr8_tau80,90,175,47,0.08,0.8,259.92,453.83,277.55,277.55,0.00,PASS,,recovery_detected,True,False,0,0,0,190,1,30,-1130.17,-14497.52,12237.19,725.04,725.04,pass_focus_success_lattice,pass_focus_stable,True,pass_focus,0.303369,,,,,,,,,,,,,277.55,,,
BO,20260607,46,2,6,bo_r46_002_tl90_dt177_ge47_qr9_tau80,90,177,47,0.09,0.8,259.92,453.83,277.55,277.55,0.00,PASS,,recovery_detected,True,False,0,0,0,190,1,30,133.20,-13259.10,13525.49,724.99,724.99,pass_focus_success_lattice,pass_focus_stable,True,pass_focus,0.299089,,,,,,,,,,,,,277.55,,,
BO,20260607,46,3,6,bo_r46_003_tl90_dt177_ge47_qr7_tau80,90,177,47,0.07,0.8,259.92,453.83,277.55,277.55,0.00,PASS,,recovery_detected,True,False,0,0,0,190,1,30,-1092.32,-14696.07,12511.43,724.89,724.89,pass_focus_success_lattice,pass_focus_stable,True,pass_focus,0.288881,,,,,,,,,,,,,277.55,,,
BO,20260607,46,4,6,bo_r46_004_tl90_dt174_ge47_qr8_tau80,90,174,47,0.08,0.8,259.92,453.83,277.55,277.55,0.00,PASS,,recovery_detected,True,False,0,0,0,190,1,30,-1716.16,-16791.34,13359.02,724.58,724.58,pass_focus_success_lattice,pass_focus_stable,True,pass_focus,0.302400,,,,,,,,,,,,,277.55,,,
BO,20260607,46,5,6,bo_r46_005_tl90_dt176_ge47_qr9_tau80,90,176,47,0.09,0.8,259.92,453.83,277.55,277.55,0.00,PASS,,recovery_detected,True,False,0,0,0,190,1,30,-214.29,-15204.16,14775.58,724.52,724.52,pass_focus_success_lattice,pass_focus_stable,True,pass_focus,0.296758,,,,,,,,,,,,,277.55,,,
BO,20260607,46,6,6,bo_r46_006_tl90_dt176_ge47_qr7_tau80,90,176,47,0.07,0.8,259.92,453.83,277.55,277.55,0.00,PASS,,recovery_detected,True,False,0,0,0,190,1,30,-1689.32,-17024.35,13645.70,724.46,724.46,pass_focus_success_lattice,pass_focus_stable,True,pass_focus,0.289924,,,,,,,,,,,,,277.55,,,
BO,20260607,47,1,6,bo_r47_001_tl90_dt173_ge47_qr8_tau80,90,173,47,0.08,0.8,259.92,453.83,277.55,277.55,0.00,PASS,,recovery_detected,True,False,0,0,0,190,1,30,-936.52,-14131.50,12258.46,725.02,725.02,pass_focus_success_lattice,pass_focus_stable,True,pass_focus,0.302074,,,,,,,,,,,,,277.55,,,
BO,20260607,47,2,6,bo_r47_002_tl90_dt175_ge47_qr9_tau80,90,175,47,0.09,0.8,259.92,453.83,277.55,277.55,0.00,PASS,,recovery_detected,True,False,0,0,0,190,1,30,-124.21,-13386.89,13138.48,724.95,724.95,pass_focus_success_lattice,pass_focus_stable,True,pass_focus,0.295077,,,,,,,,,,,,,277.55,,,
BO,20260607,47,3,6,bo_r47_003_tl90_dt175_ge47_qr7_tau80,90,175,47,0.07,0.8,259.92,453.83,277.55,277.55,0.00,PASS,,recovery_detected,True,False,0,0,0,190,1,30,-831.02,-14225.58,12563.54,724.92,724.92,pass_focus_success_lattice,pass_focus_stable,True,pass_focus,0.291651,,,,,,,,,,,,,277.55,,,
BO,20260607,47,4,6,bo_r47_004_tl90_dt172_ge47_qr8_tau80,90,172,47,0.08,0.8,259.92,453.83,277.55,277.55,0.00,PASS,,recovery_detected,True,False,0,0,0,190,1,30,-1450.16,-16267.92,13367.60,724.58,724.58,pass_focus_success_lattice,pass_focus_stable,True,pass_focus,0.302400,,,,,,,,,,,,,277.55,,,
BO,20260607,47,5,6,bo_r47_005_tl90_dt174_ge47_qr9_tau80,90,174,47,0.09,0.8,259.92,453.83,277.55,277.55,0.00,PASS,,recovery_detected,True,False,0,0,0,190,1,30,-507.03,-15305.42,14291.36,724.50,724.50,pass_focus_success_lattice,pass_focus_stable,True,pass_focus,0.294061,,,,,,,,,,,,,277.55,,,
BO,20260607,47,6,6,bo_r47_006_tl90_dt174_ge47_qr7_tau80,90,174,47,0.07,0.8,259.92,453.83,277.55,277.55,0.00,PASS,,recovery_detected,True,False,0,0,0,190,1,30,-1225.85,-16194.29,13742.59,724.50,724.50,pass_focus_success_lattice,pass_focus_stable,True,pass_focus,0.294043,,,,,,,,,,,,,277.55,,,
BO,20260607,48,1,6,bo_r48_001_tl99_dt147_ge40_qr10_tau86,99,147,40,0.1,0.86,475.92,424.50,471.25,277.55,0.00,PASS,,recovery_detected,True,False,0,0,0,325,1,42,482082.55,-376211.81,1340376.91,711.66,711.66,pass_focus_success_lattice,pass_focus_local,True,pass_focus,0.625781,,,,,,,,,,,,,471.25,,,
BO,20260607,48,2,6,bo_r48_002_tl90_dt171_ge47_qr8_tau80,90,171,47,0.08,0.8,259.92,453.83,277.55,277.55,0.00,PASS,,recovery_detected,True,False,0,0,0,190,1,30,-793.41,-13856.17,12269.35,725.04,725.04,pass_focus_success_lattice,pass_focus_stable,True,pass_focus,0.303374,,,,,,,,,,,,,277.55,,,
BO,20260607,48,3,6,bo_r48_003_tl90_dt173_ge47_qr7_tau80,90,173,47,0.07,0.8,259.92,453.83,277.55,277.55,0.00,PASS,,recovery_detected,True,False,0,0,0,190,1,30,-532.97,-13727.96,12662.02,724.97,724.97,pass_focus_success_lattice,pass_focus_stable,True,pass_focus,0.297075,,,,,,,,,,,,,277.55,,,
BO,20260607,48,4,6,bo_r48_004_tl90_dt173_ge47_qr9_tau80,90,173,47,0.09,0.8,259.92,453.83,277.55,277.55,0.00,PASS,,recovery_detected,True,False,0,0,0,190,1,30,-304.61,-13448.63,12839.41,724.94,724.94,pass_focus_success_lattice,pass_focus_stable,True,pass_focus,0.293721,,,,,,,,,,,,,277.55,,,
BO,20260607,48,5,6,bo_r48_005_tl90_dt170_ge47_qr8_tau80,90,170,47,0.08,0.8,259.92,453.83,277.55,277.55,0.00,PASS,,recovery_detected,True,False,0,0,0,190,1,30,-1250.85,-15870.77,13369.06,724.61,724.61,pass_focus_success_lattice,pass_focus_stable,True,pass_focus,0.304988,,,,,,,,,,,,,277.55,,,
BO,20260607,48,6,6,bo_r48_006_tl90_dt172_ge47_qr7_tau80,90,172,47,0.07,0.8,259.92,453.83,277.55,277.55,0.00,PASS,,recovery_detected,True,False,0,0,0,190,1,30,-800.82,-15472.55,13870.91,724.56,724.56,pass_focus_success_lattice,pass_focus_stable,True,pass_focus,0.300719,,,,,,,,,,,,,277.55,,,
BO,20260607,49,1,6,bo_r49_001_tl100_dt175_ge39_qr12_tau81,100,175,39,0.12,0.81,507.92,297.55,1000488.80,277.55,1000000.00,FAIL,sumo_summary_teleport_collision,recovery_timeout,True,False,1,1,1,444,1,46,52520.69,-472968.72,578010.11,585.37,585.37,pass_focus_success_lattice,pass_focus_local,True,pass_focus,0.614948,,,,,,,,,,,,,488.80,,,
BO,20260607,49,2,6,bo_r49_002_tl90_dt169_ge47_qr8_tau80,90,169,47,0.08,0.8,259.92,453.83,277.55,277.55,0.00,PASS,,recovery_detected,True,False,0,0,0,190,1,30,-747.13,-13855.61,12361.34,725.08,725.08,pass_focus_success_lattice,pass_focus_stable,True,pass_focus,0.307226,,,,,,,,,,,,,277.55,,,
BO,20260607,49,3,6,bo_r49_003_tl90_dt171_ge47_qr7_tau80,90,171,47,0.07,0.8,259.92,453.83,277.55,277.55,0.00,PASS,,recovery_detected,True,False,0,0,0,190,1,30,-274.28,-13348.07,12799.51,725.05,725.05,pass_focus_success_lattice,pass_focus_stable,True,pass_focus,0.304943,,,,,,,,,,,,,277.55,,,
BO,20260607,49,4,6,bo_r49_004_tl90_dt172_ge47_qr9_tau80,90,172,47,0.09,0.8,259.92,453.83,277.55,277.55,0.00,PASS,,recovery_detected,True,False,0,0,0,190,1,30,-278.83,-13221.24,12663.58,724.94,724.94,pass_focus_success_lattice,pass_focus_stable,True,pass_focus,0.294061,,,,,,,,,,,,,277.55,,,
BO,20260607,49,5,6,bo_r49_005_tl90_dt168_ge47_qr8_tau80,90,168,47,0.08,0.8,259.92,453.83,277.55,277.55,0.00,PASS,,recovery_detected,True,False,0,0,0,190,1,30,-1184.85,-15891.94,13522.24,724.66,724.66,pass_focus_success_lattice,pass_focus_stable,True,pass_focus,0.310068,,,,,,,,,,,,,277.55,,,
BO,20260607,49,6,6,bo_r49_006_tl90_dt170_ge47_qr7_tau80,90,170,47,0.07,0.8,259.92,453.83,277.55,277.55,0.00,PASS,,recovery_detected,True,False,0,0,0,190,1,30,-473.01,-14996.07,14050.04,724.65,724.65,pass_focus_success_lattice,pass_focus_stable,True,pass_focus,0.309710,,,,,,,,,,,,,277.55,,,
BO,20260607,50,1,6,bo_r50_001_tl90_dt169_ge47_qr7_tau80,90,169,47,0.07,0.8,259.92,453.83,277.55,277.55,0.00,PASS,,recovery_detected,True,False,0,0,0,190,1,30,4.94,-13181.78,13191.66,725.15,725.15,pass_focus_success_lattice,pass_focus_stable,True,pass_focus,0.314985,,,,,,,,,,,,,277.55,,,
BO,20260607,50,2,6,bo_r50_002_tl90_dt167_ge47_qr8_tau80,90,167,47,0.08,0.8,259.92,453.83,277.55,277.55,0.00,PASS,,recovery_detected,True,False,0,0,0,190,1,30,-642.94,-14039.85,12753.96,725.14,725.14,pass_focus_success_lattice,pass_focus_stable,True,pass_focus,0.313490,,,,,,,,,,,,,277.55,,,
BO,20260607,50,3,6,bo_r50_003_tl90_dt168_ge47_qr7_tau80,90,168,47,0.07,0.8,259.92,453.83,277.55,277.55,0.00,PASS,,recovery_detected,True,False,0,0,0,190,1,30,-149.56,-14919.21,14620.10,724.76,724.76,pass_focus_success_lattice,pass_focus_stable,True,pass_focus,0.320731,,,,,,,,,,,,,277.55,,,
BO,20260607,50,4,6,bo_r50_004_tl90_dt166_ge47_qr8_tau80,90,166,47,0.08,0.8,259.92,453.83,277.55,277.55,0.00,PASS,,recovery_detected,True,False,0,0,0,190,1,30,-1056.16,-16274.98,14162.66,724.73,724.73,pass_focus_success_lattice,pass_focus_stable,True,pass_focus,0.317466,,,,,,,,,,,,,277.55,,,
BO,20260607,50,5,6,bo_r50_005_tl90_dt170_ge47_qr9_tau80,90,170,47,0.09,0.8,259.92,453.83,277.55,277.55,0.00,PASS,,recovery_detected,True,False,0,0,0,190,1,30,-504.61,-14806.67,13797.45,724.52,724.52,pass_focus_success_lattice,pass_focus_stable,True,pass_focus,0.296758,,,,,,,,,,,,,277.55,,,
BO,20260607,50,6,6,bo_r50_006_tl90_dt168_ge47_qr8_tau79,90,168,47,0.08,0.79,259.92,453.83,277.55,277.55,0.00,PASS,,recovery_detected,True,False,0,0,0,190,1,30,-525.92,-54685.64,53633.79,724.63,724.63,pass_focus_success_lattice,pass_focus_stable,True,pass_focus,0.317795,,,,,,,,,,,,,277.55,,,
