method,seed,round,round_theta_index,theta_per_round,parameter_id,t_lead,delta_T_thr,G_ext,Q_ratio,tau,D_E_sec,D_G_sec,score,best_so_far,penalty,final_status,failure_reason,termination_reason,emergency_arrived,emergency_teleport,background_teleported,signal_event_count,stage2_hold_count,stage3_preemption_count,surrogate_mean,surrogate_ci_low,surrogate_ci_high,raw_ei_acquisition,acquisition,bo_selection_strategy,bo_candidate_source,bo_plateau_mode,essi_acquisition,essi_1,essi_2,essi_3,essi_4,essi_5,essi_6,essi_max,essi_mean,essi_log_max,dominant_essi_subspace,spatial_activation_score
Random Search,20260607,1,1,6,rs_r01_001_tl48_dt220_ge9_qr22_tau77,48,220,9,0.22,0.77,290.92,453.97,305.74,305.74,0.00,PASS,,recovery_detected,True,False,0,418,1,66,,,,,,,,,,,,,,,,,,,,
Random Search,20260607,1,2,6,rs_r01_002_tl30_dt8_ge26_qr51_tau79,30,8,26,0.51,0.79,315.92,445.16,327.67,305.74,0.00,PASS,,recovery_detected,True,False,0,4829,1,16,,,,,,,,,,,,,,,,,,,,
Random Search,20260607,1,3,6,rs_r01_003_tl91_dt34_ge11_qr77_tau83,91,34,11,0.77,0.83,0.00,497.27,1000045.21,305.74,1000000.00,FAIL,emergency_stuck,emergency_stuck,False,False,0,2807,1,33,,,,,,,,,,,,,,,,,,,,
Random Search,20260607,1,4,6,rs_r01_004_tl35_dt116_ge30_qr80_tau87,35,116,30,0.8,0.87,400.92,436.37,404.14,305.74,0.00,PASS,,recovery_detected,True,False,0,350,1,45,,,,,,,,,,,,,,,,,,,,
Random Search,20260607,1,5,6,rs_r01_005_tl12_dt198_ge7_qr84_tau73,12,198,7,0.84,0.73,412.92,426.08,414.12,305.74,0.00,PASS,,recovery_detected,True,False,0,1401,1,88,,,,,,,,,,,,,,,,,,,,
Random Search,20260607,1,6,6,rs_r01_006_tl73_dt146_ge44_qr8_tau88,73,146,44,0.08,0.88,0.00,487.23,1000044.29,305.74,1000000.00,FAIL,emergency_stuck,emergency_stuck,False,False,0,195,1,26,,,,,,,,,,,,,,,,,,,,
Random Search,20260607,2,1,6,rs_r02_001_tl2_dt118_ge23_qr30_tau73,2,118,23,0.3,0.73,466.92,428.87,463.46,305.74,0.00,PASS,,recovery_detected,True,False,0,1286,1,57,,,,,,,,,,,,,,,,,,,,
Random Search,20260607,2,2,6,rs_r02_002_tl74_dt148_ge45_qr38_tau73,74,148,45,0.38,0.73,0.00,486.66,1000044.24,305.74,1000000.00,FAIL,emergency_stuck,emergency_stuck,False,False,0,201,1,26,,,,,,,,,,,,,,,,,,,,
Random Search,20260607,2,3,6,rs_r02_003_tl38_dt33_ge24_qr83_tau90,38,33,24,0.83,0.9,0.00,494.49,1000044.95,305.74,1000000.00,FAIL,emergency_stuck,emergency_stuck,False,False,0,2917,1,25,,,,,,,,,,,,,,,,,,,,
Random Search,20260607,2,4,6,rs_r02_004_tl69_dt6_ge17_qr95_tau85,69,6,17,0.95,0.85,315.92,443.96,327.56,305.74,0.00,PASS,,recovery_detected,True,False,0,4894,0,15,,,,,,,,,,,,,,,,,,,,
Random Search,20260607,2,5,6,rs_r02_005_tl80_dt178_ge2_qr49_tau75,80,178,2,0.49,0.75,441.92,426.72,440.54,305.74,0.00,PASS,,recovery_detected,True,False,0,1121,1,117,,,,,,,,,,,,,,,,,,,,
Random Search,20260607,2,6,6,rs_r02_006_tl82_dt158_ge16_qr6_tau78,82,158,16,0.06,0.78,395.92,437.68,399.72,305.74,0.00,PASS,,recovery_detected,True,False,0,579,1,65,,,,,,,,,,,,,,,,,,,,
Random Search,20260607,3,1,6,rs_r03_001_tl41_dt37_ge24_qr52_tau88,41,37,24,0.52,0.88,0.00,495.45,1000045.04,305.74,1000000.00,FAIL,emergency_stuck,emergency_stuck,False,False,0,2109,1,26,,,,,,,,,,,,,,,,,,,,
Random Search,20260607,3,2,6,rs_r03_002_tl6_dt59_ge9_qr74_tau71,6,59,9,0.74,0.71,0.00,494.81,1000044.98,305.74,1000000.00,FAIL,emergency_stuck,emergency_stuck,False,False,0,1674,1,47,,,,,,,,,,,,,,,,,,,,
Random Search,20260607,3,3,6,rs_r03_003_tl44_dt129_ge49_qr48_tau77,44,129,49,0.48,0.77,542.92,297.02,520.57,305.74,0.00,PASS,,recovery_timeout,True,False,0,315,1,40,,,,,,,,,,,,,,,,,,,,
Random Search,20260607,3,4,6,rs_r03_004_tl83_dt83_ge12_qr55_tau89,83,83,12,0.55,0.89,323.92,451.12,335.48,305.74,0.00,PASS,,recovery_detected,True,False,0,617,1,64,,,,,,,,,,,,,,,,,,,,
Random Search,20260607,3,5,6,rs_r03_005_tl24_dt204_ge7_qr96_tau84,24,204,7,0.96,0.84,282.92,451.05,298.20,298.20,0.00,PASS,,recovery_detected,True,False,0,680,0,72,,,,,,,,,,,,,,,,,,,,
Random Search,20260607,3,6,6,rs_r03_006_tl100_dt73_ge16_qr56_tau88,100,73,16,0.56,0.88,0.00,488.64,1000044.42,298.20,1000000.00,FAIL,emergency_stuck,emergency_stuck,False,False,0,614,1,42,,,,,,,,,,,,,,,,,,,,
Random Search,20260607,4,1,6,rs_r04_001_tl79_dt73_ge27_qr72_tau76,79,73,27,0.72,0.76,0.00,467.62,1000042.51,298.20,1000000.00,FAIL,emergency_stuck,emergency_stuck,False,False,0,639,1,40,,,,,,,,,,,,,,,,,,,,
Random Search,20260607,4,2,6,rs_r04_002_tl49_dt80_ge2_qr65_tau75,49,80,2,0.65,0.75,272.92,459.57,289.89,289.89,0.00,PASS,,recovery_detected,True,False,0,849,1,86,,,,,,,,,,,,,,,,,,,,
Random Search,20260607,4,3,6,rs_r04_003_tl102_dt25_ge35_qr32_tau88,102,25,35,0.32,0.88,0.00,501.86,1000045.62,289.89,1000000.00,FAIL,emergency_stuck,emergency_stuck,False,False,0,2511,1,15,,,,,,,,,,,,,,,,,,,,
Random Search,20260607,4,4,6,rs_r04_004_tl60_dt138_ge9_qr43_tau72,60,138,9,0.43,0.72,336.92,440.72,346.36,289.89,0.00,PASS,,recovery_detected,True,False,0,632,1,75,,,,,,,,,,,,,,,,,,,,
Random Search,20260607,4,5,6,rs_r04_005_tl109_dt176_ge0_qr10_tau89,109,176,0,0.1,0.89,348.92,435.24,356.77,289.89,0.00,PASS,,recovery_detected,True,False,0,905,1,116,,,,,,,,,,,,,,,,,,,,
Random Search,20260607,4,6,6,rs_r04_006_tl106_dt160_ge15_qr11_tau84,106,160,15,0.11,0.84,293.92,435.42,306.78,289.89,0.00,PASS,,recovery_detected,True,False,0,450,1,52,,,,,,,,,,,,,,,,,,,,
Random Search,20260607,5,1,6,rs_r05_001_tl39_dt184_ge5_qr22_tau85,39,184,5,0.22,0.85,377.92,431.42,382.78,289.89,0.00,PASS,,recovery_detected,True,False,0,973,1,95,,,,,,,,,,,,,,,,,,,,
Random Search,20260607,5,2,6,rs_r05_002_tl87_dt127_ge33_qr6_tau90,87,127,33,0.06,0.9,539.92,305.26,518.59,289.89,0.00,PASS,,recovery_timeout,True,False,0,625,1,49,,,,,,,,,,,,,,,,,,,,
Random Search,20260607,5,3,6,rs_r05_003_tl66_dt53_ge25_qr53_tau77,66,53,25,0.53,0.77,0.00,495.92,1000045.08,289.89,1000000.00,FAIL,emergency_stuck,emergency_stuck,False,False,0,1197,1,30,,,,,,,,,,,,,,,,,,,,
Random Search,20260607,5,4,6,rs_r05_004_tl40_dt23_ge49_qr52_tau88,40,23,49,0.52,0.88,0.00,500.78,1000045.53,289.89,1000000.00,FAIL,emergency_stuck,emergency_stuck,False,False,0,2619,1,14,,,,,,,,,,,,,,,,,,,,
Random Search,20260607,5,5,6,rs_r05_005_tl78_dt45_ge22_qr67_tau81,78,45,22,0.67,0.81,0.00,493.01,1000044.82,289.89,1000000.00,FAIL,emergency_stuck,emergency_stuck,False,False,0,1289,1,31,,,,,,,,,,,,,,,,,,,,
Random Search,20260607,5,6,6,rs_r05_006_tl96_dt171_ge0_qr4_tau85,96,171,0,0.04,0.85,318.92,452.44,331.06,289.89,0.00,PASS,,recovery_detected,True,False,0,873,1,111,,,,,,,,,,,,,,,,,,,,
Random Search,20260607,6,1,6,rs_r06_001_tl96_dt116_ge41_qr5_tau80,96,116,41,0.05,0.8,0.00,489.23,1000044.48,289.89,1000000.00,FAIL,emergency_stuck,emergency_stuck,False,False,0,230,1,27,,,,,,,,,,,,,,,,,,,,
Random Search,20260607,6,2,6,rs_r06_002_tl82_dt34_ge42_qr63_tau77,82,34,42,0.63,0.77,0.00,499.91,1000045.45,289.89,1000000.00,FAIL,emergency_stuck,emergency_stuck,False,False,0,2348,1,16,,,,,,,,,,,,,,,,,,,,
Random Search,20260607,6,3,6,rs_r06_003_tl17_dt11_ge46_qr1_tau87,17,11,46,0.01,0.87,0.00,494.04,1000044.91,289.89,1000000.00,FAIL,emergency_stuck,emergency_stuck,False,False,0,4421,1,9,,,,,,,,,,,,,,,,,,,,
Random Search,20260607,6,4,6,rs_r06_004_tl56_dt82_ge28_qr8_tau76,56,82,28,0.08,0.76,500.92,309.91,483.56,289.89,0.00,PASS,,recovery_timeout,True,False,0,524,1,55,,,,,,,,,,,,,,,,,,,,
Random Search,20260607,6,5,6,rs_r06_005_tl2_dt59_ge20_qr70_tau89,2,59,20,0.7,0.89,0.00,500.52,1000045.50,289.89,1000000.00,FAIL,emergency_stuck,emergency_stuck,False,False,0,1174,1,31,,,,,,,,,,,,,,,,,,,,
Random Search,20260607,6,6,6,rs_r06_006_tl14_dt2_ge15_qr10_tau83,14,2,15,0.1,0.83,363.92,441.51,370.97,289.89,0.00,PASS,,recovery_detected,True,False,0,5159,1,15,,,,,,,,,,,,,,,,,,,,
Random Search,20260607,7,1,6,rs_r07_001_tl17_dt197_ge6_qr50_tau76,17,197,6,0.5,0.76,0.00,487.81,1000044.35,289.89,1000000.00,FAIL,emergency_stuck,emergency_stuck,False,False,0,921,1,64,,,,,,,,,,,,,,,,,,,,
Random Search,20260607,7,2,6,rs_r07_002_tl72_dt170_ge29_qr81_tau73,72,170,29,0.81,0.73,486.92,313.22,471.13,289.89,0.00,PASS,,recovery_timeout,True,False,0,461,1,51,,,,,,,,,,,,,,,,,,,,
Random Search,20260607,7,3,6,rs_r07_003_tl53_dt176_ge2_qr69_tau85,53,176,2,0.69,0.85,325.92,433.11,335.66,289.89,0.00,PASS,,recovery_detected,True,False,0,812,1,97,,,,,,,,,,,,,,,,,,,,
Random Search,20260607,7,4,6,rs_r07_004_tl54_dt30_ge31_qr64_tau75,54,30,31,0.64,0.75,0.00,499.81,1000045.44,289.89,1000000.00,FAIL,emergency_stuck,emergency_stuck,False,False,0,2708,1,20,,,,,,,,,,,,,,,,,,,,
Random Search,20260607,7,5,6,rs_r07_005_tl18_dt186_ge15_qr19_tau90,18,186,15,0.19,0.9,471.92,299.55,456.25,289.89,0.00,PASS,,recovery_timeout,True,False,0,707,1,74,,,,,,,,,,,,,,,,,,,,
Random Search,20260607,7,6,6,rs_r07_006_tl26_dt51_ge28_qr94_tau90,26,51,28,0.94,0.9,0.00,472.05,1000042.91,289.89,1000000.00,FAIL,emergency_stuck,emergency_stuck,False,False,0,1223,0,33,,,,,,,,,,,,,,,,,,,,
Random Search,20260607,8,1,6,rs_r08_001_tl62_dt173_ge48_qr37_tau83,62,173,48,0.37,0.83,338.92,442.93,348.37,289.89,0.00,PASS,,recovery_detected,True,False,0,263,1,33,,,,,,,,,,,,,,,,,,,,
Random Search,20260607,8,2,6,rs_r08_002_tl74_dt50_ge33_qr41_tau84,74,50,33,0.41,0.84,0.00,487.84,1000044.35,289.89,1000000.00,FAIL,emergency_stuck,emergency_stuck,False,False,0,991,1,28,,,,,,,,,,,,,,,,,,,,
Random Search,20260607,8,3,6,rs_r08_003_tl40_dt196_ge41_qr62_tau90,40,196,41,0.62,0.9,411.92,334.60,404.89,289.89,0.00,PASS,,recovery_timeout,True,False,0,287,1,40,,,,,,,,,,,,,,,,,,,,
Random Search,20260607,8,4,6,rs_r08_004_tl17_dt175_ge1_qr59_tau73,17,175,1,0.59,0.73,440.92,424.45,439.42,289.89,0.00,PASS,,recovery_detected,True,False,0,1626,1,125,,,,,,,,,,,,,,,,,,,,
Random Search,20260607,8,5,6,rs_r08_005_tl112_dt120_ge23_qr75_tau84,112,120,23,0.75,0.84,505.92,312.16,488.31,289.89,0.00,PASS,,recovery_timeout,True,False,0,542,1,61,,,,,,,,,,,,,,,,,,,,
Random Search,20260607,8,6,6,rs_r08_006_tl44_dt60_ge29_qr71_tau80,44,60,29,0.71,0.8,0.00,501.08,1000045.55,289.89,1000000.00,FAIL,emergency_stuck,emergency_stuck,False,False,0,741,1,27,,,,,,,,,,,,,,,,,,,,
Random Search,20260607,9,1,6,rs_r09_001_tl20_dt170_ge27_qr89_tau89,20,170,27,0.89,0.89,495.92,306.59,478.71,289.89,0.00,PASS,,recovery_timeout,True,False,0,664,1,54,,,,,,,,,,,,,,,,,,,,
Random Search,20260607,9,2,6,rs_r09_002_tl101_dt218_ge21_qr81_tau83,101,218,21,0.81,0.83,672.92,286.11,637.76,289.89,0.00,PASS,,recovery_timeout,True,False,0,676,1,76,,,,,,,,,,,,,,,,,,,,
Random Search,20260607,9,3,6,rs_r09_003_tl44_dt220_ge32_qr47_tau80,44,220,32,0.47,0.8,544.92,304.58,523.07,289.89,0.00,PASS,,recovery_timeout,True,False,0,389,1,51,,,,,,,,,,,,,,,,,,,,
Random Search,20260607,9,4,6,rs_r09_004_tl110_dt11_ge15_qr62_tau71,110,11,15,0.62,0.71,380.92,436.17,385.94,289.89,0.00,PASS,,recovery_detected,True,False,0,5292,1,23,,,,,,,,,,,,,,,,,,,,
Random Search,20260607,9,5,6,rs_r09_005_tl81_dt98_ge32_qr8_tau78,81,98,32,0.08,0.78,588.92,297.02,562.38,289.89,0.00,PASS,,recovery_timeout,True,False,0,550,1,56,,,,,,,,,,,,,,,,,,,,
Random Search,20260607,9,6,6,rs_r09_006_tl78_dt31_ge27_qr96_tau71,78,31,27,0.96,0.71,0.00,494.94,1000044.99,289.89,1000000.00,FAIL,emergency_stuck,emergency_stuck,False,False,0,2787,0,22,,,,,,,,,,,,,,,,,,,,
Random Search,20260607,10,1,6,rs_r10_001_tl27_dt56_ge2_qr52_tau87,27,56,2,0.52,0.87,0.00,487.39,1000044.31,289.89,1000000.00,FAIL,emergency_stuck,emergency_stuck,False,False,0,1373,1,72,,,,,,,,,,,,,,,,,,,,
Random Search,20260607,10,2,6,rs_r10_002_tl32_dt39_ge7_qr70_tau74,32,39,7,0.7,0.74,0.00,500.78,1000045.53,289.89,1000000.00,FAIL,emergency_stuck,emergency_stuck,False,False,0,2255,1,39,,,,,,,,,,,,,,,,,,,,
Random Search,20260607,10,3,6,rs_r10_003_tl38_dt207_ge10_qr72_tau70,38,207,10,0.72,0.7,334.92,449.20,345.31,289.89,0.00,PASS,,recovery_detected,True,False,0,581,1,72,,,,,,,,,,,,,,,,,,,,
Random Search,20260607,10,4,6,rs_r10_004_tl50_dt113_ge21_qr41_tau71,50,113,21,0.41,0.71,660.92,292.25,627.40,289.89,0.00,PASS,,recovery_timeout,True,False,0,774,1,78,,,,,,,,,,,,,,,,,,,,
Random Search,20260607,10,5,6,rs_r10_005_tl95_dt93_ge32_qr51_tau74,95,93,32,0.51,0.74,588.92,297.02,562.38,289.89,0.00,PASS,,recovery_timeout,True,False,0,548,1,56,,,,,,,,,,,,,,,,,,,,
Random Search,20260607,10,6,6,rs_r10_006_tl105_dt59_ge46_qr65_tau72,105,59,46,0.65,0.72,670.92,294.64,636.71,289.89,0.00,PASS,,recovery_timeout,True,False,0,896,1,50,,,,,,,,,,,,,,,,,,,,
Random Search,20260607,11,1,6,rs_r11_001_tl35_dt153_ge5_qr49_tau89,35,153,5,0.49,0.89,406.92,435.47,409.52,289.89,0.00,PASS,,recovery_detected,True,False,0,972,1,97,,,,,,,,,,,,,,,,,,,,
Random Search,20260607,11,2,6,rs_r11_002_tl110_dt123_ge0_qr79_tau70,110,123,0,0.79,0.7,327.92,449.01,338.93,289.89,0.00,PASS,,recovery_detected,True,False,0,953,1,113,,,,,,,,,,,,,,,,,,,,
Random Search,20260607,11,3,6,rs_r11_003_tl85_dt174_ge28_qr92_tau72,85,174,28,0.92,0.72,441.92,429.03,440.75,289.89,0.00,PASS,,recovery_detected,True,False,0,382,0,52,,,,,,,,,,,,,,,,,,,,
Random Search,20260607,11,4,6,rs_r11_004_tl75_dt191_ge47_qr65_tau73,75,191,47,0.65,0.73,276.92,458.96,293.47,289.89,0.00,PASS,,recovery_detected,True,False,0,319,1,28,,,,,,,,,,,,,,,,,,,,
Random Search,20260607,11,5,6,rs_r11_005_tl2_dt162_ge10_qr47_tau87,2,162,10,0.47,0.87,437.92,429.04,437.11,289.89,0.00,PASS,,recovery_detected,True,False,0,1602,1,82,,,,,,,,,,,,,,,,,,,,
Random Search,20260607,11,6,6,rs_r11_006_tl32_dt105_ge7_qr52_tau74,32,105,7,0.52,0.74,273.92,451.73,290.08,289.89,0.00,PASS,,recovery_detected,True,False,0,840,1,67,,,,,,,,,,,,,,,,,,,,
Random Search,20260607,12,1,6,rs_r12_001_tl42_dt91_ge3_qr49_tau76,42,91,3,0.49,0.76,301.92,451.45,315.51,289.89,0.00,PASS,,recovery_detected,True,False,0,849,1,84,,,,,,,,,,,,,,,,,,,,
Random Search,20260607,12,2,6,rs_r12_002_tl100_dt162_ge46_qr96_tau79,100,162,46,0.96,0.79,0.00,470.28,1000042.75,289.89,1000000.00,FAIL,emergency_stuck,emergency_stuck,False,False,0,154,0,28,,,,,,,,,,,,,,,,,,,,
Random Search,20260607,12,3,6,rs_r12_003_tl17_dt102_ge29_qr2_tau80,17,102,29,0.02,0.8,445.92,428.40,444.33,289.89,0.00,PASS,,recovery_detected,True,False,0,620,1,51,,,,,,,,,,,,,,,,,,,,
Random Search,20260607,12,4,6,rs_r12_004_tl32_dt26_ge25_qr79_tau80,32,26,25,0.79,0.8,0.00,499.75,1000045.43,289.89,1000000.00,FAIL,emergency_stuck,emergency_stuck,False,False,0,2761,1,21,,,,,,,,,,,,,,,,,,,,
Random Search,20260607,12,5,6,rs_r12_005_tl2_dt3_ge37_qr91_tau89,2,3,37,0.91,0.89,412.92,345.74,406.81,289.89,0.00,PASS,,recovery_timeout,True,False,0,5644,0,16,,,,,,,,,,,,,,,,,,,,
Random Search,20260607,12,6,6,rs_r12_006_tl81_dt21_ge15_qr81_tau83,81,21,15,0.81,0.83,0.00,500.26,1000045.48,289.89,1000000.00,FAIL,emergency_stuck,emergency_stuck,False,False,0,2894,1,25,,,,,,,,,,,,,,,,,,,,
Random Search,20260607,13,1,6,rs_r13_001_tl90_dt135_ge4_qr70_tau79,90,135,4,0.7,0.79,336.92,442.06,346.48,289.89,0.00,PASS,,recovery_detected,True,False,0,757,1,93,,,,,,,,,,,,,,,,,,,,
Random Search,20260607,13,2,6,rs_r13_002_tl37_dt164_ge40_qr48_tau90,37,164,40,0.48,0.9,328.92,438.94,338.92,289.89,0.00,PASS,,recovery_detected,True,False,0,221,1,33,,,,,,,,,,,,,,,,,,,,
Random Search,20260607,13,3,6,rs_r13_003_tl94_dt122_ge31_qr97_tau80,94,122,31,0.97,0.8,456.92,326.18,445.03,289.89,0.00,PASS,,recovery_timeout,True,False,0,324,0,50,,,,,,,,,,,,,,,,,,,,
Random Search,20260607,13,4,6,rs_r13_004_tl33_dt187_ge35_qr36_tau73,33,187,35,0.36,0.73,517.92,306.00,498.65,289.89,0.00,PASS,,recovery_timeout,True,False,0,428,1,51,,,,,,,,,,,,,,,,,,,,
Random Search,20260607,13,5,6,rs_r13_005_tl17_dt122_ge31_qr100_tau84,17,122,31,1.0,0.84,475.92,313.39,461.14,289.89,0.00,PASS,,recovery_timeout,True,False,0,586,0,52,,,,,,,,,,,,,,,,,,,,
Random Search,20260607,13,6,6,rs_r13_006_tl78_dt51_ge41_qr69_tau83,78,51,41,0.69,0.83,0.00,498.26,1000045.30,289.89,1000000.00,FAIL,emergency_stuck,emergency_stuck,False,False,0,1144,1,20,,,,,,,,,,,,,,,,,,,,
Random Search,20260607,14,1,6,rs_r14_001_tl32_dt9_ge43_qr38_tau84,32,9,43,0.38,0.84,313.92,443.15,325.67,289.89,0.00,PASS,,recovery_detected,True,False,0,4609,1,17,,,,,,,,,,,,,,,,,,,,
Random Search,20260607,14,2,6,rs_r14_002_tl109_dt155_ge2_qr93_tau72,109,155,2,0.93,0.72,321.92,446.97,333.29,289.89,0.00,PASS,,recovery_detected,True,False,0,864,0,94,,,,,,,,,,,,,,,,,,,,
Random Search,20260607,14,3,6,rs_r14_003_tl10_dt215_ge18_qr12_tau75,10,215,18,0.12,0.75,412.92,433.68,414.81,289.89,0.00,PASS,,recovery_detected,True,False,0,987,1,61,,,,,,,,,,,,,,,,,,,,
Random Search,20260607,14,4,6,rs_r14_004_tl62_dt206_ge23_qr72_tau72,62,206,23,0.72,0.72,547.92,304.97,525.83,289.89,0.00,PASS,,recovery_timeout,True,False,0,581,1,66,,,,,,,,,,,,,,,,,,,,
Random Search,20260607,14,5,6,rs_r14_005_tl27_dt202_ge9_qr96_tau77,27,202,9,0.96,0.77,426.92,432.37,427.42,289.89,0.00,PASS,,recovery_detected,True,False,0,874,0,82,,,,,,,,,,,,,,,,,,,,
Random Search,20260607,14,6,6,rs_r14_006_tl2_dt54_ge9_qr9_tau86,2,54,9,0.09,0.86,0.00,493.38,1000044.85,289.89,1000000.00,FAIL,emergency_stuck,emergency_stuck,False,False,0,1876,1,45,,,,,,,,,,,,,,,,,,,,
Random Search,20260607,15,1,6,rs_r15_001_tl96_dt176_ge11_qr20_tau72,96,176,11,0.2,0.72,371.92,442.12,378.30,289.89,0.00,PASS,,recovery_detected,True,False,0,601,1,73,,,,,,,,,,,,,,,,,,,,
Random Search,20260607,15,2,6,rs_r15_002_tl105_dt44_ge34_qr97_tau72,105,44,34,0.97,0.72,0.00,488.89,1000044.44,289.89,1000000.00,FAIL,emergency_stuck,emergency_stuck,False,False,0,1728,0,26,,,,,,,,,,,,,,,,,,,,
Random Search,20260607,15,3,6,rs_r15_003_tl110_dt106_ge45_qr45_tau75,110,106,45,0.45,0.75,589.92,298.83,563.46,289.89,0.00,PASS,,recovery_timeout,True,False,0,430,1,46,,,,,,,,,,,,,,,,,,,,
Random Search,20260607,15,4,6,rs_r15_004_tl60_dt214_ge18_qr48_tau87,60,214,18,0.48,0.87,0.00,491.76,1000044.71,289.89,1000000.00,FAIL,emergency_stuck,emergency_stuck,False,False,0,263,1,43,,,,,,,,,,,,,,,,,,,,
Random Search,20260607,15,5,6,rs_r15_005_tl53_dt219_ge13_qr38_tau86,53,219,13,0.38,0.86,434.92,430.33,434.50,289.89,0.00,PASS,,recovery_detected,True,False,0,654,1,70,,,,,,,,,,,,,,,,,,,,
Random Search,20260607,15,6,6,rs_r15_006_tl39_dt152_ge48_qr91_tau85,39,152,48,0.91,0.85,0.00,496.32,1000045.12,289.89,1000000.00,FAIL,emergency_stuck,emergency_stuck,False,False,0,199,0,22,,,,,,,,,,,,,,,,,,,,
Random Search,20260607,16,1,6,rs_r16_001_tl104_dt200_ge33_qr49_tau72,104,200,33,0.49,0.72,486.92,428.06,481.57,289.89,0.00,PASS,,recovery_detected,True,False,0,451,1,46,,,,,,,,,,,,,,,,,,,,
Random Search,20260607,16,2,6,rs_r16_002_tl35_dt190_ge2_qr74_tau87,35,190,2,0.74,0.87,241.92,460.66,261.81,261.81,0.00,PASS,,recovery_detected,True,False,0,953,1,80,,,,,,,,,,,,,,,,,,,,
Random Search,20260607,16,3,6,rs_r16_003_tl37_dt105_ge47_qr11_tau70,37,105,47,0.11,0.7,0.00,496.03,1000045.09,261.81,1000000.00,FAIL,emergency_stuck,emergency_stuck,False,False,0,198,1,23,,,,,,,,,,,,,,,,,,,,
Random Search,20260607,16,4,6,rs_r16_004_tl46_dt57_ge41_qr64_tau73,46,57,41,0.64,0.73,0.00,499.96,1000045.45,261.81,1000000.00,FAIL,emergency_stuck,emergency_stuck,False,False,0,651,1,22,,,,,,,,,,,,,,,,,,,,
Random Search,20260607,16,5,6,rs_r16_005_tl52_dt157_ge4_qr3_tau81,52,157,4,0.03,0.81,352.92,435.82,360.46,261.81,0.00,PASS,,recovery_detected,True,False,0,825,1,93,,,,,,,,,,,,,,,,,,,,
Random Search,20260607,16,6,6,rs_r16_006_tl57_dt50_ge1_qr9_tau83,57,50,1,0.09,0.83,0.00,501.96,1000045.63,261.81,1000000.00,FAIL,emergency_stuck,emergency_stuck,False,False,0,1566,1,63,,,,,,,,,,,,,,,,,,,,
Random Search,20260607,17,1,6,rs_r17_001_tl65_dt219_ge3_qr90_tau76,65,219,3,0.9,0.76,382.92,433.14,387.49,261.81,0.00,PASS,,recovery_detected,True,False,0,1006,1,100,,,,,,,,,,,,,,,,,,,,
Random Search,20260607,17,2,6,rs_r17_002_tl17_dt48_ge49_qr42_tau82,17,48,49,0.42,0.82,0.00,503.89,1000045.81,261.81,1000000.00,FAIL,emergency_stuck,emergency_stuck,False,False,0,1036,1,19,,,,,,,,,,,,,,,,,,,,
Random Search,20260607,17,3,6,rs_r17_003_tl96_dt120_ge44_qr1_tau70,96,120,44,0.01,0.7,0.00,487.23,1000044.29,261.81,1000000.00,FAIL,emergency_stuck,emergency_stuck,False,False,0,195,1,26,,,,,,,,,,,,,,,,,,,,
Random Search,20260607,17,4,6,rs_r17_004_tl36_dt40_ge9_qr69_tau89,36,40,9,0.69,0.89,0.00,500.49,1000045.50,261.81,1000000.00,FAIL,emergency_stuck,emergency_stuck,False,False,0,2136,1,37,,,,,,,,,,,,,,,,,,,,
Random Search,20260607,17,5,6,rs_r17_005_tl31_dt79_ge6_qr54_tau70,31,79,6,0.54,0.7,447.92,315.24,435.86,261.81,0.00,PASS,,recovery_timeout,True,False,0,1382,1,98,,,,,,,,,,,,,,,,,,,,
Random Search,20260607,17,6,6,rs_r17_006_tl102_dt61_ge43_qr79_tau86,102,61,43,0.79,0.86,0.00,501.52,1000045.59,261.81,1000000.00,FAIL,emergency_stuck,emergency_stuck,False,False,0,443,1,21,,,,,,,,,,,,,,,,,,,,
Random Search,20260607,18,1,6,rs_r18_001_tl69_dt186_ge22_qr9_tau86,69,186,22,0.09,0.86,0.00,485.10,1000044.10,261.81,1000000.00,FAIL,emergency_stuck,emergency_stuck,False,False,0,339,1,38,,,,,,,,,,,,,,,,,,,,
Random Search,20260607,18,2,6,rs_r18_002_tl85_dt106_ge9_qr33_tau88,85,106,9,0.33,0.88,332.92,445.63,343.17,261.81,0.00,PASS,,recovery_detected,True,False,0,756,1,73,,,,,,,,,,,,,,,,,,,,
Random Search,20260607,18,3,6,rs_r18_003_tl61_dt172_ge23_qr49_tau81,61,172,23,0.49,0.81,541.92,306.93,520.56,261.81,0.00,PASS,,recovery_timeout,True,False,0,649,1,66,,,,,,,,,,,,,,,,,,,,
Random Search,20260607,18,4,6,rs_r18_004_tl66_dt7_ge29_qr82_tau80,66,7,29,0.82,0.8,316.92,444.52,328.52,261.81,0.00,PASS,,recovery_detected,True,False,0,4852,1,16,,,,,,,,,,,,,,,,,,,,
Random Search,20260607,18,5,6,rs_r18_005_tl56_dt99_ge47_qr11_tau70,56,99,47,0.11,0.7,506.92,301.51,488.25,261.81,0.00,PASS,,recovery_timeout,True,False,0,331,1,41,,,,,,,,,,,,,,,,,,,,
Random Search,20260607,18,6,6,rs_r18_006_tl1_dt130_ge26_qr57_tau86,1,130,26,0.57,0.86,0.00,495.51,1000045.05,261.81,1000000.00,FAIL,emergency_stuck,emergency_stuck,False,False,0,882,1,32,,,,,,,,,,,,,,,,,,,,
Random Search,20260607,19,1,6,rs_r19_001_tl42_dt107_ge42_qr87_tau75,42,107,42,0.87,0.75,428.92,433.30,429.32,261.81,0.00,PASS,,recovery_detected,True,False,0,312,1,43,,,,,,,,,,,,,,,,,,,,
Random Search,20260607,19,2,6,rs_r19_002_tl86_dt198_ge13_qr68_tau89,86,198,13,0.68,0.89,264.92,462.21,282.86,261.81,0.00,PASS,,recovery_detected,True,False,0,477,1,55,,,,,,,,,,,,,,,,,,,,
Random Search,20260607,19,3,6,rs_r19_003_tl30_dt123_ge23_qr79_tau74,30,123,23,0.79,0.74,643.92,294.05,612.11,261.81,0.00,PASS,,recovery_timeout,True,False,0,651,1,71,,,,,,,,,,,,,,,,,,,,
Random Search,20260607,19,4,6,rs_r19_004_tl50_dt125_ge9_qr43_tau76,50,125,9,0.43,0.76,290.92,453.97,305.74,261.81,0.00,PASS,,recovery_detected,True,False,0,414,1,66,,,,,,,,,,,,,,,,,,,,
Random Search,20260607,19,5,6,rs_r19_005_tl76_dt52_ge45_qr2_tau72,76,52,45,0.02,0.72,417.92,431.24,419.13,261.81,0.00,PASS,,recovery_detected,True,False,0,1088,1,35,,,,,,,,,,,,,,,,,,,,
Random Search,20260607,19,6,6,rs_r19_006_tl89_dt143_ge3_qr77_tau88,89,143,3,0.77,0.88,421.92,434.52,423.07,261.81,0.00,PASS,,recovery_detected,True,False,0,1021,1,109,,,,,,,,,,,,,,,,,,,,
Random Search,20260607,20,1,6,rs_r20_001_tl81_dt71_ge2_qr61_tau86,81,71,2,0.61,0.86,367.92,432.16,373.76,261.81,0.00,PASS,,recovery_detected,True,False,0,1251,1,101,,,,,,,,,,,,,,,,,,,,
Random Search,20260607,20,2,6,rs_r20_002_tl36_dt116_ge3_qr17_tau89,36,116,3,0.17,0.89,368.92,435.81,375.00,261.81,0.00,PASS,,recovery_detected,True,False,0,1184,1,100,,,,,,,,,,,,,,,,,,,,
Random Search,20260607,20,3,6,rs_r20_003_tl52_dt31_ge48_qr21_tau70,52,31,48,0.21,0.7,0.00,498.98,1000045.36,261.81,1000000.00,FAIL,emergency_stuck,emergency_stuck,False,False,0,2669,1,14,,,,,,,,,,,,,,,,,,,,
Random Search,20260607,20,4,6,rs_r20_004_tl28_dt146_ge26_qr31_tau78,28,146,26,0.31,0.78,0.00,489.75,1000044.52,261.81,1000000.00,FAIL,emergency_stuck,emergency_stuck,False,False,0,377,1,35,,,,,,,,,,,,,,,,,,,,
Random Search,20260607,20,5,6,rs_r20_005_tl85_dt99_ge25_qr36_tau76,85,99,25,0.36,0.76,629.92,298.19,599.76,261.81,0.00,PASS,,recovery_timeout,True,False,0,577,1,70,,,,,,,,,,,,,,,,,,,,
Random Search,20260607,20,6,6,rs_r20_006_tl93_dt33_ge22_qr10_tau88,93,33,22,0.1,0.88,0.00,499.01,1000045.36,261.81,1000000.00,FAIL,emergency_stuck,emergency_stuck,False,False,0,2471,1,24,,,,,,,,,,,,,,,,,,,,
Random Search,20260607,21,1,6,rs_r21_001_tl85_dt87_ge29_qr70_tau70,85,87,29,0.7,0.7,499.92,312.89,482.92,261.81,0.00,PASS,,recovery_timeout,True,False,0,539,1,53,,,,,,,,,,,,,,,,,,,,
Random Search,20260607,21,2,6,rs_r21_002_tl93_dt124_ge24_qr23_tau84,93,124,24,0.23,0.84,0.00,482.31,1000043.85,261.81,1000000.00,FAIL,emergency_stuck,emergency_stuck,False,False,0,262,1,38,,,,,,,,,,,,,,,,,,,,
Random Search,20260607,21,3,6,rs_r21_003_tl70_dt79_ge27_qr99_tau80,70,79,27,0.99,0.8,442.92,429.68,441.72,261.81,0.00,PASS,,recovery_detected,True,False,0,407,0,51,,,,,,,,,,,,,,,,,,,,
Random Search,20260607,21,4,6,rs_r21_004_tl108_dt199_ge49_qr85_tau86,108,199,49,0.85,0.86,658.92,294.87,625.82,261.81,0.00,PASS,,recovery_timeout,True,False,0,340,1,46,,,,,,,,,,,,,,,,,,,,
Random Search,20260607,21,5,6,rs_r21_005_tl101_dt44_ge36_qr52_tau75,101,44,36,0.52,0.75,0.00,501.22,1000045.57,261.81,1000000.00,FAIL,emergency_stuck,emergency_stuck,False,False,0,1737,1,22,,,,,,,,,,,,,,,,,,,,
Random Search,20260607,21,6,6,rs_r21_006_tl43_dt21_ge18_qr18_tau86,43,21,18,0.18,0.86,0.00,497.60,1000045.24,261.81,1000000.00,FAIL,emergency_stuck,emergency_stuck,False,False,0,2984,1,23,,,,,,,,,,,,,,,,,,,,
Random Search,20260607,22,1,6,rs_r22_001_tl35_dt119_ge44_qr88_tau73,35,119,44,0.88,0.73,546.92,300.52,524.52,261.81,0.00,PASS,,recovery_timeout,True,False,0,567,1,46,,,,,,,,,,,,,,,,,,,,
Random Search,20260607,22,2,6,rs_r22_002_tl86_dt134_ge16_qr25_tau82,86,134,16,0.25,0.82,395.92,437.68,399.72,261.81,0.00,PASS,,recovery_detected,True,False,0,574,1,65,,,,,,,,,,,,,,,,,,,,
Random Search,20260607,22,3,6,rs_r22_003_tl59_dt206_ge5_qr72_tau86,59,206,5,0.72,0.86,405.92,427.30,407.86,261.81,0.00,PASS,,recovery_detected,True,False,0,832,1,94,,,,,,,,,,,,,,,,,,,,
Random Search,20260607,22,4,6,rs_r22_004_tl95_dt9_ge28_qr93_tau73,95,9,28,0.93,0.73,315.92,442.61,327.44,261.81,0.00,PASS,,recovery_detected,True,False,0,4812,0,16,,,,,,,,,,,,,,,,,,,,
Random Search,20260607,22,5,6,rs_r22_005_tl11_dt64_ge47_qr11_tau89,11,64,47,0.11,0.89,533.92,307.10,513.30,261.81,0.00,PASS,,recovery_timeout,True,False,0,897,1,42,,,,,,,,,,,,,,,,,,,,
Random Search,20260607,22,6,6,rs_r22_006_tl75_dt44_ge37_qr15_tau86,75,44,37,0.15,0.86,0.00,495.61,1000045.06,261.81,1000000.00,FAIL,emergency_stuck,emergency_stuck,False,False,0,1557,1,23,,,,,,,,,,,,,,,,,,,,
Random Search,20260607,23,1,6,rs_r23_001_tl10_dt220_ge17_qr7_tau70,10,220,17,0.07,0.7,502.92,302.56,484.71,261.81,0.00,PASS,,recovery_timeout,True,False,0,980,1,72,,,,,,,,,,,,,,,,,,,,
Random Search,20260607,23,2,6,rs_r23_002_tl20_dt139_ge3_qr10_tau85,20,139,3,0.1,0.85,437.92,430.29,437.23,261.81,0.00,PASS,,recovery_detected,True,False,0,1370,1,112,,,,,,,,,,,,,,,,,,,,
Random Search,20260607,23,3,6,rs_r23_003_tl81_dt30_ge47_qr86_tau73,81,30,47,0.86,0.73,0.00,503.65,1000045.79,261.81,1000000.00,FAIL,emergency_stuck,emergency_stuck,False,False,0,2627,1,14,,,,,,,,,,,,,,,,,,,,
Random Search,20260607,23,4,6,rs_r23_004_tl53_dt186_ge19_qr18_tau82,53,186,19,0.18,0.82,509.92,302.15,491.03,261.81,0.00,PASS,,recovery_timeout,True,False,0,561,1,70,,,,,,,,,,,,,,,,,,,,
Random Search,20260607,23,5,6,rs_r23_005_tl29_dt207_ge30_qr54_tau82,29,207,30,0.54,0.82,474.92,304.44,459.42,261.81,0.00,PASS,,recovery_timeout,True,False,0,587,1,51,,,,,,,,,,,,,,,,,,,,
Random Search,20260607,23,6,6,rs_r23_006_tl75_dt199_ge19_qr35_tau78,75,199,19,0.35,0.78,595.92,293.98,568.47,261.81,0.00,PASS,,recovery_timeout,True,False,0,750,1,76,,,,,,,,,,,,,,,,,,,,
Random Search,20260607,24,1,6,rs_r24_001_tl9_dt211_ge19_qr3_tau80,9,211,19,0.03,0.8,0.00,502.63,1000045.69,261.81,1000000.00,FAIL,emergency_stuck,emergency_stuck,False,False,0,493,1,35,,,,,,,,,,,,,,,,,,,,
Random Search,20260607,24,2,6,rs_r24_002_tl81_dt53_ge0_qr95_tau79,81,53,0,0.95,0.79,0.00,498.00,1000045.27,261.81,1000000.00,FAIL,emergency_stuck,emergency_stuck,False,False,0,1286,0,68,,,,,,,,,,,,,,,,,,,,
Random Search,20260607,24,3,6,rs_r24_003_tl14_dt91_ge12_qr27_tau75,14,91,12,0.27,0.75,517.92,305.13,498.57,261.81,0.00,PASS,,recovery_timeout,True,False,0,1057,1,86,,,,,,,,,,,,,,,,,,,,
Random Search,20260607,24,4,6,rs_r24_004_tl32_dt223_ge3_qr90_tau70,32,223,3,0.9,0.7,414.92,432.02,416.47,261.81,0.00,PASS,,recovery_detected,True,False,0,1275,1,111,,,,,,,,,,,,,,,,,,,,
Random Search,20260607,24,5,6,rs_r24_005_tl28_dt224_ge11_qr77_tau88,28,224,11,0.77,0.88,392.92,435.59,396.80,261.81,0.00,PASS,,recovery_detected,True,False,0,703,1,76,,,,,,,,,,,,,,,,,,,,
Random Search,20260607,24,6,6,rs_r24_006_tl33_dt208_ge24_qr14_tau87,33,208,24,0.14,0.87,628.92,298.44,598.88,261.81,0.00,PASS,,recovery_timeout,True,False,0,578,1,69,,,,,,,,,,,,,,,,,,,,
Random Search,20260607,25,1,6,rs_r25_001_tl71_dt70_ge45_qr12_tau74,71,70,45,0.12,0.74,426.92,435.20,427.67,261.81,0.00,PASS,,recovery_detected,True,False,0,777,1,37,,,,,,,,,,,,,,,,,,,,
Random Search,20260607,25,2,6,rs_r25_002_tl104_dt125_ge2_qr57_tau87,104,125,2,0.57,0.87,387.92,439.89,392.64,261.81,0.00,PASS,,recovery_detected,True,False,0,1139,1,110,,,,,,,,,,,,,,,,,,,,
Random Search,20260607,25,3,6,rs_r25_003_tl108_dt131_ge17_qr80_tau73,108,131,17,0.8,0.73,492.92,308.46,476.15,261.81,0.00,PASS,,recovery_timeout,True,False,0,619,1,70,,,,,,,,,,,,,,,,,,,,
Random Search,20260607,25,4,6,rs_r25_004_tl109_dt88_ge30_qr88_tau76,109,88,30,0.88,0.76,373.92,439.70,379.90,261.81,0.00,PASS,,recovery_detected,True,False,0,383,1,43,,,,,,,,,,,,,,,,,,,,
Random Search,20260607,25,5,6,rs_r25_005_tl81_dt217_ge33_qr7_tau71,81,217,33,0.07,0.71,539.92,305.26,518.59,261.81,0.00,PASS,,recovery_timeout,True,False,0,641,1,49,,,,,,,,,,,,,,,,,,,,
Random Search,20260607,25,6,6,rs_r25_006_tl34_dt105_ge15_qr84_tau87,34,105,15,0.84,0.87,444.92,430.53,443.61,261.81,0.00,PASS,,recovery_detected,True,False,0,723,1,70,,,,,,,,,,,,,,,,,,,,
Random Search,20260607,26,1,6,rs_r26_001_tl24_dt212_ge49_qr91_tau70,24,212,49,0.91,0.7,697.92,293.87,661.19,261.81,0.00,PASS,,recovery_timeout,True,False,0,615,0,47,,,,,,,,,,,,,,,,,,,,
Random Search,20260607,26,2,6,rs_r26_002_tl59_dt172_ge2_qr94_tau85,59,172,2,0.94,0.85,368.92,441.86,375.55,261.81,0.00,PASS,,recovery_detected,True,False,0,1092,0,103,,,,,,,,,,,,,,,,,,,,
Random Search,20260607,26,3,6,rs_r26_003_tl59_dt70_ge31_qr58_tau89,59,70,31,0.58,0.89,0.00,460.28,1000041.84,261.81,1000000.00,FAIL,emergency_stuck,emergency_stuck,False,False,0,446,1,38,,,,,,,,,,,,,,,,,,,,
Random Search,20260607,26,4,6,rs_r26_004_tl11_dt208_ge9_qr99_tau74,11,208,9,0.99,0.74,442.92,433.62,442.07,261.81,0.00,PASS,,recovery_detected,True,False,0,1162,0,81,,,,,,,,,,,,,,,,,,,,
Random Search,20260607,26,5,6,rs_r26_005_tl3_dt172_ge44_qr42_tau75,3,172,44,0.42,0.75,0.00,493.14,1000044.83,261.81,1000000.00,FAIL,emergency_stuck,emergency_stuck,False,False,0,545,1,23,,,,,,,,,,,,,,,,,,,,
Random Search,20260607,26,6,6,rs_r26_006_tl104_dt40_ge9_qr57_tau81,104,40,9,0.57,0.81,0.00,500.49,1000045.50,261.81,1000000.00,FAIL,emergency_stuck,emergency_stuck,False,False,0,2136,1,37,,,,,,,,,,,,,,,,,,,,
Random Search,20260607,27,1,6,rs_r27_001_tl93_dt47_ge41_qr15_tau81,93,47,41,0.15,0.81,0.00,501.47,1000045.59,261.81,1000000.00,FAIL,emergency_stuck,emergency_stuck,False,False,0,1615,1,19,,,,,,,,,,,,,,,,,,,,
Random Search,20260607,27,2,6,rs_r27_002_tl83_dt106_ge34_qr55_tau70,83,106,34,0.55,0.7,541.92,299.37,519.87,261.81,0.00,PASS,,recovery_timeout,True,False,0,370,1,51,,,,,,,,,,,,,,,,,,,,
Random Search,20260607,27,3,6,rs_r27_003_tl7_dt128_ge1_qr61_tau71,7,128,1,0.61,0.71,454.92,429.38,452.60,261.81,0.00,PASS,,recovery_detected,True,False,0,1465,1,124,,,,,,,,,,,,,,,,,,,,
Random Search,20260607,27,4,6,rs_r27_004_tl104_dt74_ge15_qr3_tau90,104,74,15,0.03,0.9,0.00,493.42,1000044.86,261.81,1000000.00,FAIL,emergency_stuck,emergency_stuck,False,False,0,573,1,42,,,,,,,,,,,,,,,,,,,,
Random Search,20260607,27,5,6,rs_r27_005_tl17_dt17_ge41_qr95_tau86,17,17,41,0.95,0.86,224.92,469.84,247.18,247.18,0.00,PASS,,recovery_detected,True,False,0,3234,0,17,,,,,,,,,,,,,,,,,,,,
Random Search,20260607,27,6,6,rs_r27_006_tl35_dt25_ge35_qr41_tau81,35,25,35,0.41,0.81,0.00,500.21,1000045.47,247.18,1000000.00,FAIL,emergency_stuck,emergency_stuck,False,False,0,2823,1,16,,,,,,,,,,,,,,,,,,,,
Random Search,20260607,28,1,6,rs_r28_001_tl63_dt195_ge14_qr81_tau88,63,195,14,0.81,0.88,336.92,446.87,346.92,247.18,0.00,PASS,,recovery_detected,True,False,0,526,1,60,,,,,,,,,,,,,,,,,,,,
Random Search,20260607,28,2,6,rs_r28_002_tl95_dt34_ge3_qr39_tau85,95,34,3,0.39,0.85,0.00,497.47,1000045.22,247.18,1000000.00,FAIL,emergency_stuck,emergency_stuck,False,False,0,2561,1,46,,,,,,,,,,,,,,,,,,,,
Random Search,20260607,28,3,6,rs_r28_003_tl87_dt43_ge37_qr35_tau80,87,43,37,0.35,0.8,0.00,495.94,1000045.09,247.18,1000000.00,FAIL,emergency_stuck,emergency_stuck,False,False,0,1603,1,23,,,,,,,,,,,,,,,,,,,,
Random Search,20260607,28,4,6,rs_r28_004_tl93_dt151_ge48_qr19_tau73,93,151,48,0.19,0.73,360.92,439.52,368.06,247.18,0.00,PASS,,recovery_detected,True,False,0,250,1,31,,,,,,,,,,,,,,,,,,,,
Random Search,20260607,28,5,6,rs_r28_005_tl61_dt125_ge40_qr50_tau85,61,125,40,0.5,0.85,475.92,424.50,471.25,247.18,0.00,PASS,,recovery_detected,True,False,0,324,1,42,,,,,,,,,,,,,,,,,,,,
Random Search,20260607,28,6,6,rs_r28_006_tl33_dt201_ge46_qr85_tau84,33,201,46,0.85,0.84,655.92,297.89,623.37,247.18,0.00,PASS,,recovery_timeout,True,False,0,509,1,48,,,,,,,,,,,,,,,,,,,,
Random Search,20260607,29,1,6,rs_r29_001_tl67_dt198_ge39_qr4_tau90,67,198,39,0.04,0.9,507.92,297.55,488.80,247.18,0.00,PASS,,recovery_timeout,True,False,0,444,1,46,,,,,,,,,,,,,,,,,,,,
Random Search,20260607,29,2,6,rs_r29_002_tl70_dt110_ge27_qr94_tau76,70,110,27,0.94,0.76,441.92,428.66,440.71,247.18,0.00,PASS,,recovery_detected,True,False,0,385,0,50,,,,,,,,,,,,,,,,,,,,
Random Search,20260607,29,3,6,rs_r29_003_tl95_dt192_ge48_qr10_tau76,95,192,48,0.1,0.76,320.92,446.11,332.30,247.18,0.00,PASS,,recovery_detected,True,False,0,246,1,31,,,,,,,,,,,,,,,,,,,,
Random Search,20260607,29,4,6,rs_r29_004_tl91_dt95_ge7_qr23_tau82,91,95,7,0.23,0.82,356.92,437.25,364.22,247.18,0.00,PASS,,recovery_detected,True,False,0,774,1,78,,,,,,,,,,,,,,,,,,,,
Random Search,20260607,29,5,6,rs_r29_005_tl14_dt19_ge28_qr46_tau83,14,19,28,0.46,0.83,0.00,496.85,1000045.17,247.18,1000000.00,FAIL,emergency_stuck,emergency_stuck,False,False,0,3614,1,19,,,,,,,,,,,,,,,,,,,,
Random Search,20260607,29,6,6,rs_r29_006_tl59_dt106_ge44_qr67_tau74,59,106,44,0.67,0.74,374.92,440.87,380.92,247.18,0.00,PASS,,recovery_detected,True,False,0,407,1,36,,,,,,,,,,,,,,,,,,,,
Random Search,20260607,30,1,6,rs_r30_001_tl62_dt19_ge10_qr63_tau73,62,19,10,0.63,0.73,0.00,498.01,1000045.27,247.18,1000000.00,FAIL,emergency_stuck,emergency_stuck,False,False,0,3455,1,27,,,,,,,,,,,,,,,,,,,,
Random Search,20260607,30,2,6,rs_r30_002_tl98_dt60_ge35_qr76_tau73,98,60,35,0.76,0.73,0.00,504.00,1000045.82,247.18,1000000.00,FAIL,emergency_stuck,emergency_stuck,False,False,0,531,1,25,,,,,,,,,,,,,,,,,,,,
Random Search,20260607,30,3,6,rs_r30_003_tl3_dt209_ge37_qr47_tau83,3,209,37,0.47,0.83,464.92,424.70,461.26,247.18,0.00,PASS,,recovery_detected,True,False,0,861,1,42,,,,,,,,,,,,,,,,,,,,
Random Search,20260607,30,4,6,rs_r30_004_tl46_dt40_ge15_qr62_tau85,46,40,15,0.62,0.85,0.00,495.45,1000045.04,247.18,1000000.00,FAIL,emergency_stuck,emergency_stuck,False,False,0,1574,1,37,,,,,,,,,,,,,,,,,,,,
Random Search,20260607,30,5,6,rs_r30_005_tl8_dt87_ge8_qr48_tau75,8,87,8,0.48,0.75,401.92,429.16,404.40,247.18,0.00,PASS,,recovery_detected,True,False,0,1223,1,81,,,,,,,,,,,,,,,,,,,,
Random Search,20260607,30,6,6,rs_r30_006_tl29_dt171_ge34_qr89_tau83,29,171,34,0.89,0.83,498.92,306.33,481.41,247.18,0.00,PASS,,recovery_timeout,True,False,0,427,1,52,,,,,,,,,,,,,,,,,,,,
Random Search,20260607,31,1,6,rs_r31_001_tl105_dt156_ge25_qr71_tau72,105,156,25,0.71,0.72,406.92,435.74,409.54,247.18,0.00,PASS,,recovery_detected,True,False,0,289,1,49,,,,,,,,,,,,,,,,,,,,
Random Search,20260607,31,2,6,rs_r31_002_tl13_dt73_ge39_qr64_tau76,13,73,39,0.64,0.76,396.92,434.05,400.30,247.18,0.00,PASS,,recovery_detected,True,False,0,656,1,38,,,,,,,,,,,,,,,,,,,,
Random Search,20260607,31,3,6,rs_r31_003_tl66_dt166_ge28_qr94_tau71,66,166,28,0.94,0.71,441.92,429.03,440.75,247.18,0.00,PASS,,recovery_detected,True,False,0,382,0,52,,,,,,,,,,,,,,,,,,,,
Random Search,20260607,31,4,6,rs_r31_004_tl46_dt87_ge37_qr74_tau72,46,87,37,0.74,0.72,669.92,295.28,635.86,247.18,0.00,PASS,,recovery_timeout,True,False,0,453,1,54,,,,,,,,,,,,,,,,,,,,
Random Search,20260607,31,5,6,rs_r31_005_tl106_dt221_ge28_qr13_tau77,106,221,28,0.13,0.77,417.92,433.42,419.33,247.18,0.00,PASS,,recovery_detected,True,False,0,402,1,48,,,,,,,,,,,,,,,,,,,,
Random Search,20260607,31,6,6,rs_r31_006_tl34_dt51_ge32_qr79_tau87,34,51,32,0.79,0.87,398.92,430.71,401.81,247.18,0.00,PASS,,recovery_detected,True,False,0,1286,1,40,,,,,,,,,,,,,,,,,,,,
Random Search,20260607,32,1,6,rs_r32_001_tl53_dt205_ge43_qr29_tau80,53,205,43,0.29,0.8,0.00,458.95,1000041.72,247.18,1000000.00,FAIL,emergency_stuck,emergency_stuck,False,False,0,189,1,32,,,,,,,,,,,,,,,,,,,,
Random Search,20260607,32,2,6,rs_r32_002_tl20_dt171_ge40_qr11_tau73,20,171,40,0.11,0.73,432.92,428.55,432.52,247.18,0.00,PASS,,recovery_detected,True,False,0,419,1,40,,,,,,,,,,,,,,,,,,,,
Random Search,20260607,32,3,6,rs_r32_003_tl89_dt137_ge28_qr99_tau71,89,137,28,0.99,0.71,441.92,429.03,440.75,247.18,0.00,PASS,,recovery_detected,True,False,0,381,0,52,,,,,,,,,,,,,,,,,,,,
Random Search,20260607,32,4,6,rs_r32_004_tl80_dt121_ge34_qr28_tau86,80,121,34,0.28,0.86,407.92,427.09,409.66,247.18,0.00,PASS,,recovery_detected,True,False,0,304,1,41,,,,,,,,,,,,,,,,,,,,
Random Search,20260607,32,5,6,rs_r32_005_tl68_dt50_ge26_qr96_tau73,68,50,26,0.96,0.73,0.00,490.70,1000044.61,247.18,1000000.00,FAIL,emergency_stuck,emergency_stuck,False,False,0,1008,0,31,,,,,,,,,,,,,,,,,,,,
Random Search,20260607,32,6,6,rs_r32_006_tl35_dt20_ge48_qr87_tau85,35,20,48,0.87,0.85,0.00,495.54,1000045.05,247.18,1000000.00,FAIL,emergency_stuck,emergency_stuck,False,False,0,3245,1,15,,,,,,,,,,,,,,,,,,,,
Random Search,20260607,33,1,6,rs_r33_001_tl91_dt45_ge20_qr71_tau72,91,45,20,0.71,0.72,0.00,495.55,1000045.05,247.18,1000000.00,FAIL,emergency_stuck,emergency_stuck,False,False,0,1314,1,32,,,,,,,,,,,,,,,,,,,,
Random Search,20260607,33,2,6,rs_r33_002_tl35_dt154_ge29_qr32_tau90,35,154,29,0.32,0.9,344.92,440.31,353.59,247.18,0.00,PASS,,recovery_detected,True,False,0,372,1,43,,,,,,,,,,,,,,,,,,,,
Random Search,20260607,33,3,6,rs_r33_003_tl43_dt61_ge36_qr47_tau87,43,61,36,0.47,0.87,0.00,503.06,1000045.73,247.18,1000000.00,FAIL,emergency_stuck,emergency_stuck,False,False,0,615,1,24,,,,,,,,,,,,,,,,,,,,
Random Search,20260607,33,4,6,rs_r33_004_tl36_dt62_ge8_qr41_tau81,36,62,8,0.41,0.81,0.00,504.35,1000045.85,247.18,1000000.00,FAIL,emergency_stuck,emergency_stuck,False,False,0,912,1,47,,,,,,,,,,,,,,,,,,,,
Random Search,20260607,33,5,6,rs_r33_005_tl45_dt196_ge14_qr27_tau78,45,196,14,0.27,0.78,487.92,312.85,472.00,247.18,0.00,PASS,,recovery_timeout,True,False,0,781,1,74,,,,,,,,,,,,,,,,,,,,
Random Search,20260607,33,6,6,rs_r33_006_tl97_dt54_ge15_qr88_tau77,97,54,15,0.88,0.77,0.00,505.14,1000045.92,247.18,1000000.00,FAIL,emergency_stuck,emergency_stuck,False,False,0,952,1,36,,,,,,,,,,,,,,,,,,,,
Random Search,20260607,34,1,6,rs_r34_001_tl89_dt111_ge36_qr5_tau74,89,111,36,0.05,0.74,584.92,295.39,558.60,247.18,0.00,PASS,,recovery_timeout,True,False,0,459,1,51,,,,,,,,,,,,,,,,,,,,
Random Search,20260607,34,2,6,rs_r34_002_tl56_dt42_ge45_qr98_tau90,56,42,45,0.98,0.9,0.00,495.52,1000045.05,247.18,1000000.00,FAIL,emergency_stuck,emergency_stuck,False,False,0,1447,0,19,,,,,,,,,,,,,,,,,,,,
Random Search,20260607,34,3,6,rs_r34_003_tl111_dt52_ge38_qr69_tau76,111,52,38,0.69,0.76,0.00,497.40,1000045.22,247.18,1000000.00,FAIL,emergency_stuck,emergency_stuck,False,False,0,1077,1,23,,,,,,,,,,,,,,,,,,,,
Random Search,20260607,34,4,6,rs_r34_004_tl48_dt75_ge49_qr1_tau90,48,75,49,0.01,0.9,634.92,300.41,604.51,247.18,0.00,PASS,,recovery_timeout,True,False,0,610,1,47,,,,,,,,,,,,,,,,,,,,
Random Search,20260607,34,5,6,rs_r34_005_tl105_dt150_ge21_qr58_tau70,105,150,21,0.58,0.7,672.92,286.11,637.76,247.18,0.00,PASS,,recovery_timeout,True,False,0,678,1,76,,,,,,,,,,,,,,,,,,,,
Random Search,20260607,34,6,6,rs_r34_006_tl86_dt86_ge28_qr48_tau86,86,86,28,0.48,0.86,500.92,309.91,483.56,247.18,0.00,PASS,,recovery_timeout,True,False,0,525,1,55,,,,,,,,,,,,,,,,,,,,
Random Search,20260607,35,1,6,rs_r35_001_tl58_dt23_ge14_qr65_tau82,58,23,14,0.65,0.82,0.00,499.75,1000045.43,247.18,1000000.00,FAIL,emergency_stuck,emergency_stuck,False,False,0,2897,1,26,,,,,,,,,,,,,,,,,,,,
Random Search,20260607,35,2,6,rs_r35_002_tl23_dt104_ge36_qr10_tau89,23,104,36,0.1,0.89,0.00,491.61,1000044.69,247.18,1000000.00,FAIL,emergency_stuck,emergency_stuck,False,False,0,501,1,27,,,,,,,,,,,,,,,,,,,,
Random Search,20260607,35,3,6,rs_r35_003_tl62_dt176_ge34_qr47_tau74,62,176,34,0.47,0.74,419.92,428.10,420.66,247.18,0.00,PASS,,recovery_detected,True,False,0,307,1,43,,,,,,,,,,,,,,,,,,,,
Random Search,20260607,35,4,6,rs_r35_004_tl55_dt62_ge50_qr35_tau77,55,62,50,0.35,0.77,0.00,502.10,1000045.65,247.18,1000000.00,FAIL,emergency_stuck,emergency_stuck,False,False,0,496,1,20,,,,,,,,,,,,,,,,,,,,
Random Search,20260607,35,5,6,rs_r35_005_tl90_dt45_ge16_qr76_tau89,90,45,16,0.76,0.89,0.00,497.34,1000045.21,247.18,1000000.00,FAIL,emergency_stuck,emergency_stuck,False,False,0,1451,1,36,,,,,,,,,,,,,,,,,,,,
Random Search,20260607,35,6,6,rs_r35_006_tl96_dt82_ge23_qr41_tau71,96,82,23,0.41,0.71,558.92,308.53,536.16,247.18,0.00,PASS,,recovery_timeout,True,False,0,689,1,65,,,,,,,,,,,,,,,,,,,,
Random Search,20260607,36,1,6,rs_r36_001_tl10_dt188_ge49_qr36_tau90,10,188,49,0.36,0.9,0.00,495.96,1000045.09,247.18,1000000.00,FAIL,emergency_stuck,emergency_stuck,False,False,0,213,1,22,,,,,,,,,,,,,,,,,,,,
Random Search,20260607,36,2,6,rs_r36_002_tl107_dt164_ge28_qr23_tau75,107,164,28,0.23,0.75,417.92,433.42,419.33,247.18,0.00,PASS,,recovery_detected,True,False,0,400,1,48,,,,,,,,,,,,,,,,,,,,
Random Search,20260607,36,3,6,rs_r36_003_tl54_dt201_ge37_qr30_tau72,54,201,37,0.3,0.72,433.92,428.98,433.47,247.18,0.00,PASS,,recovery_detected,True,False,0,286,1,44,,,,,,,,,,,,,,,,,,,,
Random Search,20260607,36,4,6,rs_r36_004_tl0_dt189_ge1_qr46_tau86,0,189,1,0.46,0.86,406.92,436.53,409.61,247.18,0.00,PASS,,recovery_detected,True,False,0,2027,1,115,,,,,,,,,,,,,,,,,,,,
Random Search,20260607,36,5,6,rs_r36_005_tl84_dt123_ge50_qr2_tau86,84,123,50,0.02,0.86,0.00,467.06,1000042.46,247.18,1000000.00,FAIL,emergency_stuck,emergency_stuck,False,False,0,176,1,25,,,,,,,,,,,,,,,,,,,,
Random Search,20260607,36,6,6,rs_r36_006_tl27_dt166_ge4_qr57_tau75,27,166,4,0.57,0.75,271.92,454.43,288.51,247.18,0.00,PASS,,recovery_detected,True,False,0,791,1,77,,,,,,,,,,,,,,,,,,,,
Random Search,20260607,37,1,6,rs_r37_001_tl89_dt71_ge7_qr71_tau79,89,71,7,0.71,0.79,368.92,431.53,374.61,247.18,0.00,PASS,,recovery_detected,True,False,0,1273,1,77,,,,,,,,,,,,,,,,,,,,
Random Search,20260607,37,2,6,rs_r37_002_tl104_dt176_ge39_qr100_tau71,104,176,39,1.0,0.71,502.92,316.15,485.94,247.18,0.00,PASS,,recovery_timeout,True,False,0,380,0,46,,,,,,,,,,,,,,,,,,,,
Random Search,20260607,37,3,6,rs_r37_003_tl0_dt71_ge43_qr52_tau73,0,71,43,0.52,0.73,0.00,499.64,1000045.42,247.18,1000000.00,FAIL,emergency_stuck,emergency_stuck,False,False,0,913,1,20,,,,,,,,,,,,,,,,,,,,
Random Search,20260607,37,4,6,rs_r37_004_tl52_dt127_ge11_qr97_tau87,52,127,11,0.97,0.87,500.92,309.77,483.54,247.18,0.00,PASS,,recovery_timeout,True,False,0,692,0,86,,,,,,,,,,,,,,,,,,,,
Random Search,20260607,37,5,6,rs_r37_005_tl58_dt125_ge47_qr45_tau72,58,125,47,0.45,0.72,276.92,458.96,293.47,247.18,0.00,PASS,,recovery_detected,True,False,0,316,1,28,,,,,,,,,,,,,,,,,,,,
Random Search,20260607,37,6,6,rs_r37_006_tl24_dt48_ge10_qr95_tau70,24,48,10,0.95,0.7,0.00,486.71,1000044.25,247.18,1000000.00,FAIL,emergency_stuck,emergency_stuck,False,False,0,1604,0,47,,,,,,,,,,,,,,,,,,,,
Random Search,20260607,38,1,6,rs_r38_001_tl20_dt134_ge46_qr78_tau80,20,134,46,0.78,0.8,497.92,304.31,480.32,247.18,0.00,PASS,,recovery_timeout,True,False,0,368,1,40,,,,,,,,,,,,,,,,,,,,
Random Search,20260607,38,2,6,rs_r38_002_tl22_dt105_ge42_qr19_tau71,22,105,42,0.19,0.71,602.92,303.41,575.69,247.18,0.00,PASS,,recovery_timeout,True,False,0,620,1,46,,,,,,,,,,,,,,,,,,,,
Random Search,20260607,38,3,6,rs_r38_003_tl3_dt199_ge30_qr47_tau90,3,199,30,0.47,0.9,574.92,301.86,550.10,247.18,0.00,PASS,,recovery_timeout,True,False,0,1236,1,57,,,,,,,,,,,,,,,,,,,,
Random Search,20260607,38,4,6,rs_r38_004_tl78_dt171_ge45_qr64_tau73,78,171,45,0.64,0.73,0.00,486.66,1000044.24,247.18,1000000.00,FAIL,emergency_stuck,emergency_stuck,False,False,0,201,1,26,,,,,,,,,,,,,,,,,,,,
Random Search,20260607,38,5,6,rs_r38_005_tl52_dt83_ge34_qr62_tau85,52,83,34,0.62,0.85,515.92,306.47,496.88,247.18,0.00,PASS,,recovery_timeout,True,False,0,456,1,48,,,,,,,,,,,,,,,,,,,,
Random Search,20260607,38,6,6,rs_r38_006_tl74_dt113_ge26_qr44_tau80,74,113,26,0.44,0.8,483.92,310.18,468.13,247.18,0.00,PASS,,recovery_timeout,True,False,0,488,1,55,,,,,,,,,,,,,,,,,,,,
Random Search,20260607,39,1,6,rs_r39_001_tl64_dt207_ge15_qr82_tau75,64,207,15,0.82,0.75,283.92,455.78,299.54,247.18,0.00,PASS,,recovery_detected,True,False,0,358,1,52,,,,,,,,,,,,,,,,,,,,
Random Search,20260607,39,2,6,rs_r39_002_tl96_dt54_ge35_qr38_tau87,96,54,35,0.38,0.87,0.00,500.30,1000045.48,247.18,1000000.00,FAIL,emergency_stuck,emergency_stuck,False,False,0,1025,1,25,,,,,,,,,,,,,,,,,,,,
Random Search,20260607,39,3,6,rs_r39_003_tl68_dt58_ge13_qr72_tau83,68,58,13,0.72,0.83,0.00,505.08,1000045.92,247.18,1000000.00,FAIL,emergency_stuck,emergency_stuck,False,False,0,734,1,39,,,,,,,,,,,,,,,,,,,,
Random Search,20260607,39,4,6,rs_r39_004_tl108_dt5_ge49_qr40_tau85,108,5,49,0.4,0.85,0.00,489.60,1000044.51,247.18,1000000.00,FAIL,emergency_stuck,emergency_stuck,False,False,0,4632,1,8,,,,,,,,,,,,,,,,,,,,
Random Search,20260607,39,5,6,rs_r39_005_tl48_dt211_ge24_qr31_tau74,48,211,24,0.31,0.74,0.00,488.08,1000044.37,247.18,1000000.00,FAIL,emergency_stuck,emergency_stuck,False,False,0,315,1,37,,,,,,,,,,,,,,,,,,,,
Random Search,20260607,39,6,6,rs_r39_006_tl15_dt182_ge39_qr10_tau76,15,182,39,0.1,0.76,0.00,464.26,1000042.21,247.18,1000000.00,FAIL,emergency_stuck,emergency_stuck,False,False,0,377,1,32,,,,,,,,,,,,,,,,,,,,
Random Search,20260607,40,1,6,rs_r40_001_tl24_dt43_ge32_qr48_tau90,24,43,32,0.48,0.9,0.00,492.28,1000044.75,247.18,1000000.00,FAIL,emergency_stuck,emergency_stuck,False,False,0,1518,1,27,,,,,,,,,,,,,,,,,,,,
Random Search,20260607,40,2,6,rs_r40_002_tl35_dt37_ge1_qr52_tau74,35,37,1,0.52,0.74,0.00,504.08,1000045.83,247.18,1000000.00,FAIL,emergency_stuck,emergency_stuck,False,False,0,2226,1,47,,,,,,,,,,,,,,,,,,,,
Random Search,20260607,40,3,6,rs_r40_003_tl104_dt45_ge13_qr60_tau70,104,45,13,0.6,0.7,0.00,499.39,1000045.40,247.18,1000000.00,FAIL,emergency_stuck,emergency_stuck,False,False,0,1404,1,38,,,,,,,,,,,,,,,,,,,,
Random Search,20260607,40,4,6,rs_r40_004_tl47_dt70_ge34_qr94_tau87,47,70,34,0.94,0.87,469.92,425.92,465.92,247.18,0.00,PASS,,recovery_detected,True,False,0,683,0,45,,,,,,,,,,,,,,,,,,,,
Random Search,20260607,40,5,6,rs_r40_005_tl28_dt196_ge30_qr20_tau72,28,196,30,0.2,0.72,381.92,437.89,387.01,247.18,0.00,PASS,,recovery_detected,True,False,0,561,1,44,,,,,,,,,,,,,,,,,,,,
Random Search,20260607,40,6,6,rs_r40_006_tl71_dt196_ge40_qr46_tau76,71,196,40,0.46,0.76,475.92,424.50,471.25,247.18,0.00,PASS,,recovery_detected,True,False,0,325,1,42,,,,,,,,,,,,,,,,,,,,
Random Search,20260607,41,1,6,rs_r41_001_tl31_dt54_ge10_qr46_tau77,31,54,10,0.46,0.77,0.00,498.32,1000045.30,247.18,1000000.00,FAIL,emergency_stuck,emergency_stuck,False,False,0,1268,1,43,,,,,,,,,,,,,,,,,,,,
Random Search,20260607,41,2,6,rs_r41_002_tl109_dt206_ge0_qr99_tau70,109,206,0,0.99,0.7,327.92,439.41,338.06,247.18,0.00,PASS,,recovery_detected,True,False,0,899,0,114,,,,,,,,,,,,,,,,,,,,
Random Search,20260607,41,3,6,rs_r41_003_tl5_dt118_ge48_qr45_tau86,5,118,48,0.45,0.86,347.92,435.96,355.92,247.18,0.00,PASS,,recovery_detected,True,False,0,582,1,33,,,,,,,,,,,,,,,,,,,,
Random Search,20260607,41,4,6,rs_r41_004_tl97_dt43_ge18_qr5_tau72,97,43,18,0.05,0.72,0.00,495.91,1000045.08,247.18,1000000.00,FAIL,emergency_stuck,emergency_stuck,False,False,0,1636,1,36,,,,,,,,,,,,,,,,,,,,
Random Search,20260607,41,5,6,rs_r41_005_tl74_dt141_ge7_qr58_tau83,74,141,7,0.58,0.83,459.92,312.87,446.55,247.18,0.00,PASS,,recovery_timeout,True,False,0,877,1,94,,,,,,,,,,,,,,,,,,,,
Random Search,20260607,41,6,6,rs_r41_006_tl28_dt49_ge38_qr44_tau72,28,49,38,0.44,0.72,0.00,490.15,1000044.56,247.18,1000000.00,FAIL,emergency_stuck,emergency_stuck,False,False,0,1275,1,26,,,,,,,,,,,,,,,,,,,,
Random Search,20260607,42,1,6,rs_r42_001_tl65_dt6_ge15_qr97_tau81,65,6,15,0.97,0.81,315.92,443.96,327.56,247.18,0.00,PASS,,recovery_detected,True,False,0,4894,0,15,,,,,,,,,,,,,,,,,,,,
Random Search,20260607,42,2,6,rs_r42_002_tl60_dt16_ge50_qr65_tau80,60,16,50,0.65,0.8,0.00,498.65,1000045.33,247.18,1000000.00,FAIL,emergency_stuck,emergency_stuck,False,False,0,3531,1,12,,,,,,,,,,,,,,,,,,,,
Random Search,20260607,42,3,6,rs_r42_003_tl17_dt48_ge39_qr33_tau83,17,48,39,0.33,0.83,0.00,496.23,1000045.11,247.18,1000000.00,FAIL,emergency_stuck,emergency_stuck,False,False,0,1500,1,21,,,,,,,,,,,,,,,,,,,,
Random Search,20260607,42,4,6,rs_r42_004_tl47_dt102_ge47_qr55_tau89,47,102,47,0.55,0.89,0.00,497.55,1000045.23,247.18,1000000.00,FAIL,emergency_stuck,emergency_stuck,False,False,0,204,1,23,,,,,,,,,,,,,,,,,,,,
Random Search,20260607,42,5,6,rs_r42_005_tl57_dt159_ge1_qr82_tau87,57,159,1,0.82,0.87,418.92,428.31,419.77,247.18,0.00,PASS,,recovery_detected,True,False,0,1192,1,117,,,,,,,,,,,,,,,,,,,,
Random Search,20260607,42,6,6,rs_r42_006_tl17_dt187_ge31_qr83_tau82,17,187,31,0.83,0.82,469.92,311.64,455.53,247.18,0.00,PASS,,recovery_timeout,True,False,0,656,1,50,,,,,,,,,,,,,,,,,,,,
Random Search,20260607,43,1,6,rs_r43_001_tl111_dt8_ge8_qr38_tau87,111,8,8,0.38,0.87,315.92,445.65,327.71,247.18,0.00,PASS,,recovery_detected,True,False,0,4783,1,20,,,,,,,,,,,,,,,,,,,,
Random Search,20260607,43,2,6,rs_r43_002_tl83_dt104_ge19_qr73_tau88,83,104,19,0.73,0.88,425.92,339.33,418.05,247.18,0.00,PASS,,recovery_timeout,True,False,0,629,1,60,,,,,,,,,,,,,,,,,,,,
Random Search,20260607,43,3,6,rs_r43_003_tl20_dt184_ge31_qr86_tau73,20,184,31,0.86,0.73,0.00,490.55,1000044.60,247.18,1000000.00,FAIL,emergency_stuck,emergency_stuck,False,False,0,471,1,31,,,,,,,,,,,,,,,,,,,,
Random Search,20260607,43,4,6,rs_r43_004_tl29_dt138_ge26_qr51_tau77,29,138,26,0.51,0.77,0.00,489.75,1000044.52,247.18,1000000.00,FAIL,emergency_stuck,emergency_stuck,False,False,0,377,1,35,,,,,,,,,,,,,,,,,,,,
Random Search,20260607,43,5,6,rs_r43_005_tl26_dt131_ge27_qr37_tau75,26,131,27,0.37,0.75,502.92,304.25,484.86,247.18,0.00,PASS,,recovery_timeout,True,False,0,605,1,56,,,,,,,,,,,,,,,,,,,,
Random Search,20260607,43,6,6,rs_r43_006_tl100_dt200_ge16_qr99_tau87,100,200,16,0.99,0.87,620.92,297.91,591.56,247.18,0.00,PASS,,recovery_timeout,True,False,0,716,0,85,,,,,,,,,,,,,,,,,,,,
Random Search,20260607,44,1,6,rs_r44_001_tl56_dt6_ge41_qr60_tau88,56,6,41,0.6,0.88,0.00,488.87,1000044.44,247.18,1000000.00,FAIL,emergency_stuck,emergency_stuck,False,False,0,4644,1,8,,,,,,,,,,,,,,,,,,,,
Random Search,20260607,44,2,6,rs_r44_002_tl101_dt102_ge19_qr27_tau71,101,102,19,0.27,0.71,440.92,431.35,440.05,247.18,0.00,PASS,,recovery_detected,True,False,0,550,1,64,,,,,,,,,,,,,,,,,,,,
Random Search,20260607,44,3,6,rs_r44_003_tl96_dt94_ge14_qr74_tau70,96,94,14,0.74,0.7,472.92,314.27,458.50,247.18,0.00,PASS,,recovery_timeout,True,False,0,676,1,74,,,,,,,,,,,,,,,,,,,,
Random Search,20260607,44,4,6,rs_r44_004_tl99_dt55_ge24_qr44_tau90,99,55,24,0.44,0.9,0.00,499.42,1000045.40,247.18,1000000.00,FAIL,emergency_stuck,emergency_stuck,False,False,0,955,1,30,,,,,,,,,,,,,,,,,,,,
Random Search,20260607,44,5,6,rs_r44_005_tl63_dt136_ge37_qr58_tau72,63,136,37,0.58,0.72,540.92,296.04,518.66,247.18,0.00,PASS,,recovery_timeout,True,False,0,402,1,48,,,,,,,,,,,,,,,,,,,,
Random Search,20260607,44,6,6,rs_r44_006_tl19_dt208_ge35_qr2_tau87,19,208,35,0.02,0.87,0.00,486.74,1000044.25,247.18,1000000.00,FAIL,emergency_stuck,emergency_stuck,False,False,0,417,1,28,,,,,,,,,,,,,,,,,,,,
Random Search,20260607,45,1,6,rs_r45_001_tl82_dt136_ge11_qr9_tau83,82,136,11,0.09,0.83,458.92,430.72,456.36,247.18,0.00,PASS,,recovery_detected,True,False,0,781,1,80,,,,,,,,,,,,,,,,,,,,
Random Search,20260607,45,2,6,rs_r45_002_tl96_dt85_ge44_qr74_tau85,96,85,44,0.74,0.85,374.92,440.87,380.92,247.18,0.00,PASS,,recovery_detected,True,False,0,392,1,36,,,,,,,,,,,,,,,,,,,,
Random Search,20260607,45,3,6,rs_r45_003_tl108_dt32_ge19_qr72_tau78,108,32,19,0.72,0.78,0.00,500.24,1000045.48,247.18,1000000.00,FAIL,emergency_stuck,emergency_stuck,False,False,0,2629,1,25,,,,,,,,,,,,,,,,,,,,
Random Search,20260607,45,4,6,rs_r45_004_tl26_dt50_ge17_qr84_tau78,26,50,17,0.84,0.78,0.00,489.81,1000044.53,247.18,1000000.00,FAIL,emergency_stuck,emergency_stuck,False,False,0,1198,1,40,,,,,,,,,,,,,,,,,,,,
Random Search,20260607,45,5,6,rs_r45_005_tl72_dt163_ge1_qr82_tau74,72,163,1,0.82,0.74,308.92,452.24,321.95,247.18,0.00,PASS,,recovery_detected,True,False,0,915,1,95,,,,,,,,,,,,,,,,,,,,
Random Search,20260607,45,6,6,rs_r45_006_tl45_dt112_ge26_qr40_tau77,45,112,26,0.4,0.77,0.00,489.38,1000044.49,247.18,1000000.00,FAIL,emergency_stuck,emergency_stuck,False,False,0,324,1,35,,,,,,,,,,,,,,,,,,,,
Random Search,20260607,46,1,6,rs_r46_001_tl109_dt119_ge50_qr46_tau86,109,119,50,0.46,0.86,0.00,467.06,1000042.46,247.18,1000000.00,FAIL,emergency_stuck,emergency_stuck,False,False,0,176,1,25,,,,,,,,,,,,,,,,,,,,
Random Search,20260607,46,2,6,rs_r46_002_tl86_dt181_ge30_qr35_tau76,86,181,30,0.35,0.76,474.92,429.46,470.79,247.18,0.00,PASS,,recovery_detected,True,False,0,313,1,48,,,,,,,,,,,,,,,,,,,,
Random Search,20260607,46,3,6,rs_r46_003_tl52_dt122_ge1_qr44_tau82,52,122,1,0.44,0.82,386.92,437.20,391.49,247.18,0.00,PASS,,recovery_detected,True,False,0,1145,1,116,,,,,,,,,,,,,,,,,,,,
Random Search,20260607,46,4,6,rs_r46_004_tl36_dt108_ge2_qr77_tau78,36,108,2,0.77,0.78,344.92,426.31,352.32,247.18,0.00,PASS,,recovery_detected,True,False,0,1075,1,97,,,,,,,,,,,,,,,,,,,,
Random Search,20260607,46,5,6,rs_r46_005_tl23_dt37_ge38_qr22_tau87,23,37,38,0.22,0.87,0.00,493.76,1000044.89,247.18,1000000.00,FAIL,emergency_stuck,emergency_stuck,False,False,0,2451,1,21,,,,,,,,,,,,,,,,,,,,
Random Search,20260607,46,6,6,rs_r46_006_tl55_dt86_ge30_qr5_tau75,55,86,30,0.05,0.75,513.92,303.82,494.82,247.18,0.00,PASS,,recovery_timeout,True,False,0,554,1,53,,,,,,,,,,,,,,,,,,,,
Random Search,20260607,47,1,6,rs_r47_001_tl72_dt200_ge26_qr98_tau70,72,200,26,0.98,0.7,0.00,486.26,1000044.21,247.18,1000000.00,FAIL,emergency_stuck,emergency_stuck,False,False,0,233,0,35,,,,,,,,,,,,,,,,,,,,
Random Search,20260607,47,2,6,rs_r47_002_tl101_dt63_ge12_qr5_tau78,101,63,12,0.05,0.78,0.00,497.64,1000045.24,247.18,1000000.00,FAIL,emergency_stuck,emergency_stuck,False,False,0,487,1,43,,,,,,,,,,,,,,,,,,,,
Random Search,20260607,47,3,6,rs_r47_003_tl11_dt141_ge34_qr9_tau70,11,141,34,0.09,0.7,414.92,431.39,416.42,247.18,0.00,PASS,,recovery_detected,True,False,0,508,1,44,,,,,,,,,,,,,,,,,,,,
Random Search,20260607,47,4,6,rs_r47_004_tl44_dt12_ge4_qr43_tau76,44,12,4,0.43,0.76,0.00,498.72,1000045.34,247.18,1000000.00,FAIL,emergency_stuck,emergency_stuck,False,False,0,3734,1,22,,,,,,,,,,,,,,,,,,,,
Random Search,20260607,47,5,6,rs_r47_005_tl73_dt62_ge18_qr43_tau88,73,62,18,0.43,0.88,0.00,471.25,1000042.84,247.18,1000000.00,FAIL,emergency_stuck,emergency_stuck,False,False,0,504,1,51,,,,,,,,,,,,,,,,,,,,
Random Search,20260607,47,6,6,rs_r47_006_tl85_dt9_ge13_qr68_tau82,85,9,13,0.68,0.82,316.92,445.71,328.63,247.18,0.00,PASS,,recovery_detected,True,False,0,4855,1,20,,,,,,,,,,,,,,,,,,,,
Random Search,20260607,48,1,6,rs_r48_001_tl112_dt94_ge43_qr24_tau72,112,94,43,0.24,0.72,0.00,483.97,1000044.00,247.18,1000000.00,FAIL,emergency_stuck,emergency_stuck,False,False,0,270,1,27,,,,,,,,,,,,,,,,,,,,
Random Search,20260607,48,2,6,rs_r48_002_tl39_dt62_ge5_qr60_tau77,39,62,5,0.6,0.77,0.00,467.45,1000042.50,247.18,1000000.00,FAIL,emergency_stuck,emergency_stuck,False,False,0,1313,1,77,,,,,,,,,,,,,,,,,,,,
Random Search,20260607,48,3,6,rs_r48_003_tl91_dt177_ge38_qr33_tau71,91,177,38,0.33,0.71,414.92,436.67,416.90,247.18,0.00,PASS,,recovery_detected,True,False,0,231,1,41,,,,,,,,,,,,,,,,,,,,
Random Search,20260607,48,4,6,rs_r48_004_tl12_dt55_ge4_qr53_tau88,12,55,4,0.53,0.88,0.00,504.90,1000045.90,247.18,1000000.00,FAIL,emergency_stuck,emergency_stuck,False,False,0,1247,1,51,,,,,,,,,,,,,,,,,,,,
Random Search,20260607,48,5,6,rs_r48_005_tl60_dt11_ge10_qr44_tau84,60,11,10,0.44,0.84,313.92,446.66,325.99,247.18,0.00,PASS,,recovery_detected,True,False,0,4789,1,22,,,,,,,,,,,,,,,,,,,,
Random Search,20260607,48,6,6,rs_r48_006_tl44_dt100_ge44_qr1_tau85,44,100,44,0.01,0.85,578.92,295.22,553.13,247.18,0.00,PASS,,recovery_timeout,True,False,0,457,1,48,,,,,,,,,,,,,,,,,,,,
Random Search,20260607,49,1,6,rs_r49_001_tl69_dt214_ge1_qr20_tau83,69,214,1,0.2,0.83,321.92,449.97,333.56,247.18,0.00,PASS,,recovery_detected,True,False,0,1011,1,101,,,,,,,,,,,,,,,,,,,,
Random Search,20260607,49,2,6,rs_r49_002_tl53_dt94_ge30_qr46_tau70,53,94,30,0.46,0.7,323.92,448.52,335.25,247.18,0.00,PASS,,recovery_detected,True,False,0,360,1,41,,,,,,,,,,,,,,,,,,,,
Random Search,20260607,49,3,6,rs_r49_003_tl70_dt21_ge22_qr54_tau75,70,21,22,0.54,0.75,0.00,497.62,1000045.24,247.18,1000000.00,FAIL,emergency_stuck,emergency_stuck,False,False,0,3087,1,21,,,,,,,,,,,,,,,,,,,,
Random Search,20260607,49,4,6,rs_r49_004_tl8_dt200_ge17_qr20_tau75,8,200,17,0.2,0.75,549.92,298.35,527.05,247.18,0.00,PASS,,recovery_timeout,True,False,0,1002,1,73,,,,,,,,,,,,,,,,,,,,
Random Search,20260607,49,5,6,rs_r49_005_tl17_dt137_ge34_qr22_tau84,17,137,34,0.22,0.84,401.92,427.92,404.28,247.18,0.00,PASS,,recovery_detected,True,False,0,474,1,40,,,,,,,,,,,,,,,,,,,,
Random Search,20260607,49,6,6,rs_r49_006_tl76_dt54_ge10_qr23_tau70,76,54,10,0.23,0.7,0.00,498.32,1000045.30,247.18,1000000.00,FAIL,emergency_stuck,emergency_stuck,False,False,0,1268,1,43,,,,,,,,,,,,,,,,,,,,
Random Search,20260607,50,1,6,rs_r50_001_tl90_dt112_ge41_qr43_tau77,90,112,41,0.43,0.77,0.00,489.23,1000044.48,247.18,1000000.00,FAIL,emergency_stuck,emergency_stuck,False,False,0,230,1,27,,,,,,,,,,,,,,,,,,,,
Random Search,20260607,50,2,6,rs_r50_002_tl38_dt207_ge19_qr7_tau74,38,207,19,0.07,0.74,477.92,311.72,462.81,247.18,0.00,PASS,,recovery_timeout,True,False,0,631,1,64,,,,,,,,,,,,,,,,,,,,
Random Search,20260607,50,3,6,rs_r50_003_tl43_dt141_ge31_qr32_tau76,43,141,31,0.32,0.76,448.92,428.67,447.08,247.18,0.00,PASS,,recovery_detected,True,False,0,377,1,47,,,,,,,,,,,,,,,,,,,,
Random Search,20260607,50,4,6,rs_r50_004_tl100_dt11_ge27_qr29_tau86,100,11,27,0.29,0.86,0.00,494.04,1000044.91,247.18,1000000.00,FAIL,emergency_stuck,emergency_stuck,False,False,0,4420,1,10,,,,,,,,,,,,,,,,,,,,
Random Search,20260607,50,5,6,rs_r50_005_tl104_dt93_ge41_qr43_tau75,104,93,41,0.43,0.75,0.00,489.35,1000044.49,247.18,1000000.00,FAIL,emergency_stuck,emergency_stuck,False,False,0,245,1,26,,,,,,,,,,,,,,,,,,,,
Random Search,20260607,50,6,6,rs_r50_006_tl82_dt109_ge10_qr76_tau77,82,109,10,0.76,0.77,290.92,456.77,306.00,247.18,0.00,PASS,,recovery_detected,True,False,0,521,1,64,,,,,,,,,,,,,,,,,,,,
CMA-ES,20260607,1,1,6,cma_r01_001_tl31_dt23_ge1_qr76_tau84,31,23,1,0.76,0.84,255.92,459.51,274.43,274.43,0.00,PASS,,recovery_detected,True,False,0,3169,1,51,,,,,,,,,,,,,,,,,,,,
CMA-ES,20260607,1,2,6,cma_r01_002_tl57_dt148_ge20_qr0_tau90,57,148,20,0.0,0.9,589.92,297.29,563.32,274.43,0.00,PASS,,recovery_timeout,True,False,0,666,1,75,,,,,,,,,,,,,,,,,,,,
CMA-ES,20260607,1,3,6,cma_r01_003_tl34_dt186_ge8_qr64_tau71,34,186,8,0.64,0.71,364.92,437.07,371.48,274.43,0.00,PASS,,recovery_detected,True,False,0,967,1,77,,,,,,,,,,,,,,,,,,,,
CMA-ES,20260607,1,4,6,cma_r01_004_tl43_dt162_ge39_qr53_tau72,43,162,39,0.53,0.72,554.92,301.54,531.89,274.43,0.00,PASS,,recovery_timeout,True,False,0,409,1,46,,,,,,,,,,,,,,,,,,,,
CMA-ES,20260607,1,5,6,cma_r01_005_tl25_dt198_ge25_qr60_tau87,25,198,25,0.6,0.87,619.92,302.46,591.06,274.43,0.00,PASS,,recovery_timeout,True,False,0,673,1,66,,,,,,,,,,,,,,,,,,,,
CMA-ES,20260607,1,6,6,cma_r01_006_tl88_dt180_ge43_qr0_tau75,88,180,43,0.0,0.75,0.00,458.95,1000041.72,274.43,1000000.00,FAIL,emergency_stuck,emergency_stuck,False,False,0,191,1,32,,,,,,,,,,,,,,,,,,,,
CMA-ES,20260607,2,1,6,cma_r02_001_tl29_dt75_ge13_qr61_tau76,29,75,13,0.61,0.76,0.00,491.52,1000044.68,274.43,1000000.00,FAIL,emergency_stuck,emergency_stuck,False,False,0,610,1,49,,,,,,,,,,,,,,,,,,,,
CMA-ES,20260607,2,2,6,cma_r02_002_tl42_dt85_ge5_qr58_tau76,42,85,5,0.58,0.76,595.92,296.30,568.68,274.43,0.00,PASS,,recovery_timeout,True,False,0,1285,1,121,,,,,,,,,,,,,,,,,,,,
CMA-ES,20260607,2,3,6,cma_r02_003_tl88_dt99_ge24_qr77_tau87,88,99,24,0.77,0.87,496.92,306.20,479.58,274.43,0.00,PASS,,recovery_timeout,True,False,0,606,1,58,,,,,,,,,,,,,,,,,,,,
CMA-ES,20260607,2,4,6,cma_r02_004_tl44_dt104_ge10_qr67_tau70,44,104,10,0.67,0.7,344.92,440.22,353.58,274.43,0.00,PASS,,recovery_detected,True,False,0,727,1,70,,,,,,,,,,,,,,,,,,,,
CMA-ES,20260607,2,5,6,cma_r02_005_tl34_dt20_ge0_qr28_tau84,34,20,0,0.28,0.84,273.92,456.45,290.51,274.43,0.00,PASS,,recovery_detected,True,False,0,3362,1,50,,,,,,,,,,,,,,,,,,,,
CMA-ES,20260607,2,6,6,cma_r02_006_tl85_dt0_ge11_qr33_tau85,85,0,11,0.33,0.85,458.92,430.72,456.36,274.43,0.00,PASS,,recovery_detected,True,False,0,785,1,80,,,,,,,,,,,,,,,,,,,,
CMA-ES,20260607,3,1,6,cma_r03_001_tl43_dt115_ge15_qr45_tau70,43,115,15,0.45,0.7,563.92,299.54,539.89,274.43,0.00,PASS,,recovery_timeout,True,False,0,751,1,82,,,,,,,,,,,,,,,,,,,,
CMA-ES,20260607,3,2,6,cma_r03_002_tl42_dt5_ge1_qr98_tau82,42,5,1,0.98,0.82,0.00,487.16,1000044.29,274.43,1000000.00,FAIL,emergency_stuck,emergency_stuck,False,False,0,4879,0,18,,,,,,,,,,,,,,,,,,,,
CMA-ES,20260607,3,3,6,cma_r03_003_tl28_dt12_ge20_qr27_tau83,28,12,20,0.27,0.83,0.00,498.30,1000045.30,274.43,1000000.00,FAIL,emergency_stuck,emergency_stuck,False,False,0,3786,1,14,,,,,,,,,,,,,,,,,,,,
CMA-ES,20260607,3,4,6,cma_r03_004_tl75_dt94_ge5_qr61_tau77,75,94,5,0.61,0.77,438.92,323.06,428.39,274.43,0.00,PASS,,recovery_timeout,True,False,0,1206,1,94,,,,,,,,,,,,,,,,,,,,
CMA-ES,20260607,3,5,6,cma_r03_005_tl9_dt22_ge9_qr70_tau85,9,22,9,0.7,0.85,0.00,496.03,1000045.09,274.43,1000000.00,FAIL,emergency_stuck,emergency_stuck,False,False,0,3243,1,31,,,,,,,,,,,,,,,,,,,,
CMA-ES,20260607,3,6,6,cma_r03_006_tl16_dt30_ge6_qr2_tau78,16,30,6,0.02,0.78,0.00,497.37,1000045.22,274.43,1000000.00,FAIL,emergency_stuck,emergency_stuck,False,False,0,2873,1,36,,,,,,,,,,,,,,,,,,,,
CMA-ES,20260607,4,1,6,cma_r04_001_tl2_dt27_ge8_qr36_tau74,2,27,8,0.36,0.74,238.92,457.90,258.83,258.83,0.00,PASS,,recovery_detected,True,False,0,2973,1,41,,,,,,,,,,,,,,,,,,,,
CMA-ES,20260607,4,2,6,cma_r04_002_tl92_dt160_ge1_qr48_tau72,92,160,1,0.48,0.72,308.92,453.31,322.05,258.83,0.00,PASS,,recovery_detected,True,False,0,891,1,102,,,,,,,,,,,,,,,,,,,,
CMA-ES,20260607,4,3,6,cma_r04_003_tl18_dt138_ge1_qr68_tau81,18,138,1,0.68,0.81,384.92,438.69,389.81,258.83,0.00,PASS,,recovery_detected,True,False,0,1312,1,114,,,,,,,,,,,,,,,,,,,,
CMA-ES,20260607,4,4,6,cma_r04_004_tl84_dt88_ge1_qr70_tau78,84,88,1,0.7,0.78,391.92,428.34,395.23,258.83,0.00,PASS,,recovery_detected,True,False,0,1257,1,114,,,,,,,,,,,,,,,,,,,,
CMA-ES,20260607,4,5,6,cma_r04_005_tl75_dt30_ge15_qr64_tau75,75,30,15,0.64,0.75,0.00,501.76,1000045.61,258.83,1000000.00,FAIL,emergency_stuck,emergency_stuck,False,False,0,2750,1,26,,,,,,,,,,,,,,,,,,,,
CMA-ES,20260607,4,6,6,cma_r04_006_tl72_dt56_ge1_qr54_tau74,72,56,1,0.54,0.74,0.00,501.24,1000045.57,258.83,1000000.00,FAIL,emergency_stuck,emergency_stuck,False,False,0,1163,1,64,,,,,,,,,,,,,,,,,,,,
CMA-ES,20260607,5,1,6,cma_r05_001_tl96_dt65_ge9_qr58_tau71,96,65,9,0.58,0.71,0.00,460.61,1000041.87,258.83,1000000.00,FAIL,emergency_stuck,emergency_stuck,False,False,0,987,1,72,,,,,,,,,,,,,,,,,,,,
CMA-ES,20260607,5,2,6,cma_r05_002_tl7_dt67_ge14_qr69_tau74,7,67,14,0.69,0.74,0.00,474.95,1000043.18,258.83,1000000.00,FAIL,emergency_stuck,emergency_stuck,False,False,0,1262,1,51,,,,,,,,,,,,,,,,,,,,
CMA-ES,20260607,5,3,6,cma_r05_003_tl31_dt104_ge24_qr42_tau75,31,104,24,0.42,0.75,462.92,320.37,449.96,258.83,0.00,PASS,,recovery_timeout,True,False,0,568,1,54,,,,,,,,,,,,,,,,,,,,
CMA-ES,20260607,5,4,6,cma_r05_004_tl38_dt171_ge0_qr46_tau76,38,171,0,0.46,0.76,439.92,436.54,439.61,258.83,0.00,PASS,,recovery_detected,True,False,0,1383,1,128,,,,,,,,,,,,,,,,,,,,
CMA-ES,20260607,5,5,6,cma_r05_005_tl8_dt4_ge10_qr34_tau76,8,4,10,0.34,0.76,0.00,491.39,1000044.67,258.83,1000000.00,FAIL,emergency_stuck,emergency_stuck,False,False,0,4600,1,11,,,,,,,,,,,,,,,,,,,,
CMA-ES,20260607,5,6,6,cma_r05_006_tl4_dt147_ge16_qr76_tau70,4,147,16,0.76,0.7,0.00,495.15,1000045.01,258.83,1000000.00,FAIL,emergency_stuck,emergency_stuck,False,False,0,1329,1,42,,,,,,,,,,,,,,,,,,,,
CMA-ES,20260607,6,1,6,cma_r06_001_tl21_dt105_ge1_qr53_tau75,21,105,1,0.53,0.75,330.92,447.88,341.55,258.83,0.00,PASS,,recovery_detected,True,False,0,1492,1,97,,,,,,,,,,,,,,,,,,,,
CMA-ES,20260607,6,2,6,cma_r06_002_tl55_dt120_ge3_qr30_tau76,55,120,3,0.3,0.76,337.92,447.50,347.88,258.83,0.00,PASS,,recovery_detected,True,False,0,935,1,92,,,,,,,,,,,,,,,,,,,,
CMA-ES,20260607,6,3,6,cma_r06_003_tl35_dt136_ge15_qr53_tau76,35,136,15,0.53,0.76,486.92,311.53,470.98,258.83,0.00,PASS,,recovery_timeout,True,False,0,778,1,71,,,,,,,,,,,,,,,,,,,,
CMA-ES,20260607,6,4,6,cma_r06_004_tl24_dt185_ge14_qr57_tau78,24,185,14,0.57,0.78,484.92,311.74,469.18,258.83,0.00,PASS,,recovery_timeout,True,False,0,956,1,77,,,,,,,,,,,,,,,,,,,,
CMA-ES,20260607,6,5,6,cma_r06_005_tl47_dt131_ge2_qr35_tau84,47,131,2,0.35,0.84,429.92,431.21,430.04,258.83,0.00,PASS,,recovery_detected,True,False,0,1197,1,111,,,,,,,,,,,,,,,,,,,,
CMA-ES,20260607,6,6,6,cma_r06_006_tl20_dt76_ge9_qr51_tau76,20,76,9,0.51,0.76,0.00,490.28,1000044.57,258.83,1000000.00,FAIL,emergency_stuck,emergency_stuck,False,False,0,977,1,53,,,,,,,,,,,,,,,,,,,,
CMA-ES,20260607,7,1,6,cma_r07_001_tl30_dt201_ge0_qr73_tau74,30,201,0,0.73,0.74,203.92,455.54,226.79,226.79,0.00,PASS,,recovery_detected,True,False,0,1069,1,83,,,,,,,,,,,,,,,,,,,,
CMA-ES,20260607,7,2,6,cma_r07_002_tl24_dt112_ge16_qr43_tau75,24,112,16,0.43,0.75,474.92,426.92,470.56,226.79,0.00,PASS,,recovery_detected,True,False,0,673,1,69,,,,,,,,,,,,,,,,,,,,
CMA-ES,20260607,7,3,6,cma_r07_003_tl22_dt82_ge2_qr46_tau74,22,82,2,0.46,0.74,319.92,449.10,331.66,226.79,0.00,PASS,,recovery_detected,True,False,0,1189,1,94,,,,,,,,,,,,,,,,,,,,
CMA-ES,20260607,7,4,6,cma_r07_004_tl15_dt106_ge6_qr26_tau70,15,106,6,0.26,0.7,0.00,486.58,1000044.23,226.79,1000000.00,FAIL,emergency_stuck,emergency_stuck,False,False,0,914,1,65,,,,,,,,,,,,,,,,,,,,
CMA-ES,20260607,7,5,6,cma_r07_005_tl20_dt92_ge0_qr54_tau76,20,92,0,0.54,0.76,406.92,434.21,409.40,226.79,0.00,PASS,,recovery_detected,True,False,0,1495,1,122,,,,,,,,,,,,,,,,,,,,
CMA-ES,20260607,7,6,6,cma_r07_006_tl67_dt74_ge3_qr36_tau82,67,74,3,0.36,0.82,329.92,433.83,339.37,226.79,0.00,PASS,,recovery_detected,True,False,0,938,1,88,,,,,,,,,,,,,,,,,,,,
CMA-ES,20260607,8,1,6,cma_r08_001_tl27_dt187_ge0_qr84_tau72,27,187,0,0.84,0.72,389.92,438.19,394.31,226.79,0.00,PASS,,recovery_detected,True,False,0,1494,1,119,,,,,,,,,,,,,,,,,,,,
CMA-ES,20260607,8,2,6,cma_r08_002_tl40_dt222_ge9_qr68_tau76,40,222,9,0.68,0.76,560.92,305.05,537.66,226.79,0.00,PASS,,recovery_timeout,True,False,0,794,1,101,,,,,,,,,,,,,,,,,,,,
CMA-ES,20260607,8,3,6,cma_r08_003_tl32_dt122_ge4_qr67_tau77,32,122,4,0.67,0.77,306.92,453.75,320.27,226.79,0.00,PASS,,recovery_detected,True,False,0,935,1,81,,,,,,,,,,,,,,,,,,,,
CMA-ES,20260607,8,4,6,cma_r08_004_tl57_dt179_ge11_qr98_tau74,57,179,11,0.98,0.74,552.92,298.14,529.76,226.79,0.00,PASS,,recovery_timeout,True,False,0,828,0,93,,,,,,,,,,,,,,,,,,,,
CMA-ES,20260607,8,5,6,cma_r08_005_tl50_dt160_ge5_qr98_tau70,50,160,5,0.98,0.7,361.92,444.53,369.43,226.79,0.00,PASS,,recovery_detected,True,False,0,811,0,91,,,,,,,,,,,,,,,,,,,,
CMA-ES,20260607,8,6,6,cma_r08_006_tl6_dt175_ge0_qr82_tau79,6,175,0,0.82,0.79,407.92,435.61,410.44,226.79,0.00,PASS,,recovery_detected,True,False,0,1866,1,123,,,,,,,,,,,,,,,,,,,,
CMA-ES,20260607,9,1,6,cma_r09_001_tl32_dt198_ge6_qr82_tau71,32,198,6,0.82,0.71,478.92,318.71,464.35,226.79,0.00,PASS,,recovery_timeout,True,False,0,1128,1,100,,,,,,,,,,,,,,,,,,,,
CMA-ES,20260607,9,2,6,cma_r09_002_tl28_dt117_ge15_qr73_tau75,28,117,15,0.73,0.75,407.92,435.73,410.45,226.79,0.00,PASS,,recovery_detected,True,False,0,598,1,65,,,,,,,,,,,,,,,,,,,,
CMA-ES,20260607,9,3,6,cma_r09_003_tl19_dt188_ge0_qr79_tau75,19,188,0,0.79,0.75,450.92,429.81,449.00,226.79,0.00,PASS,,recovery_detected,True,False,0,1712,1,131,,,,,,,,,,,,,,,,,,,,
CMA-ES,20260607,9,4,6,cma_r09_004_tl57_dt139_ge4_qr84_tau71,57,139,4,0.84,0.71,389.92,437.40,394.24,226.79,0.00,PASS,,recovery_detected,True,False,0,920,1,96,,,,,,,,,,,,,,,,,,,,
CMA-ES,20260607,9,5,6,cma_r09_005_tl65_dt154_ge12_qr75_tau75,65,154,12,0.75,0.75,390.92,440.22,395.40,226.79,0.00,PASS,,recovery_detected,True,False,0,617,1,72,,,,,,,,,,,,,,,,,,,,
CMA-ES,20260607,9,6,6,cma_r09_006_tl19_dt158_ge10_qr82_tau74,19,158,10,0.82,0.74,439.92,317.65,428.80,226.79,0.00,PASS,,recovery_timeout,True,False,0,1131,1,80,,,,,,,,,,,,,,,,,,,,
CMA-ES,20260607,10,1,6,cma_r10_001_tl51_dt155_ge0_qr98_tau70,51,155,0,0.98,0.7,343.92,440.66,352.71,226.79,0.00,PASS,,recovery_detected,True,False,0,1100,0,113,,,,,,,,,,,,,,,,,,,,
CMA-ES,20260607,10,2,6,cma_r10_002_tl38_dt151_ge0_qr81_tau71,38,151,0,0.81,0.71,439.92,436.54,439.61,226.79,0.00,PASS,,recovery_detected,True,False,0,1375,1,128,,,,,,,,,,,,,,,,,,,,
CMA-ES,20260607,10,3,6,cma_r10_003_tl79_dt212_ge15_qr91_tau73,79,212,15,0.91,0.73,293.92,454.07,308.48,226.79,0.00,PASS,,recovery_detected,True,False,0,392,0,55,,,,,,,,,,,,,,,,,,,,
CMA-ES,20260607,10,4,6,cma_r10_004_tl62_dt149_ge8_qr91_tau70,62,149,8,0.91,0.7,343.92,443.90,353.01,226.79,0.00,PASS,,recovery_detected,True,False,0,614,0,77,,,,,,,,,,,,,,,,,,,,
CMA-ES,20260607,10,5,6,cma_r10_005_tl33_dt140_ge6_qr78_tau73,33,140,6,0.78,0.73,418.92,336.08,411.39,226.79,0.00,PASS,,recovery_timeout,True,False,0,1003,1,95,,,,,,,,,,,,,,,,,,,,
CMA-ES,20260607,10,6,6,cma_r10_006_tl37_dt127_ge18_qr61_tau71,37,127,18,0.61,0.71,553.92,303.92,531.19,226.79,0.00,PASS,,recovery_timeout,True,False,0,842,1,75,,,,,,,,,,,,,,,,,,,,
CMA-ES,20260607,11,1,6,cma_r11_001_tl60_dt139_ge20_qr96_tau73,60,139,20,0.96,0.73,551.92,297.08,528.75,226.79,0.00,PASS,,recovery_timeout,True,False,0,613,0,72,,,,,,,,,,,,,,,,,,,,
CMA-ES,20260607,11,2,6,cma_r11_002_tl90_dt194_ge21_qr82_tau71,90,194,21,0.82,0.71,672.92,286.11,637.76,226.79,0.00,PASS,,recovery_timeout,True,False,0,676,1,76,,,,,,,,,,,,,,,,,,,,
CMA-ES,20260607,11,3,6,cma_r11_003_tl112_dt216_ge14_qr100_tau75,112,216,14,1.0,0.75,310.92,437.37,322.42,226.79,0.00,PASS,,recovery_detected,True,False,0,530,0,60,,,,,,,,,,,,,,,,,,,,
CMA-ES,20260607,11,4,6,cma_r11_004_tl31_dt168_ge0_qr87_tau72,31,168,0,0.87,0.72,0.00,503.03,1000045.73,226.79,1000000.00,FAIL,emergency_stuck,emergency_stuck,False,False,0,705,1,77,,,,,,,,,,,,,,,,,,,,
CMA-ES,20260607,11,5,6,cma_r11_005_tl69_dt182_ge10_qr80_tau76,69,182,10,0.8,0.76,328.92,446.38,339.60,226.79,0.00,PASS,,recovery_detected,True,False,0,745,1,67,,,,,,,,,,,,,,,,,,,,
CMA-ES,20260607,11,6,6,cma_r11_006_tl93_dt197_ge1_qr84_tau75,93,197,1,0.84,0.75,308.92,453.31,322.05,226.79,0.00,PASS,,recovery_detected,True,False,0,895,1,102,,,,,,,,,,,,,,,,,,,,
CMA-ES,20260607,12,1,6,cma_r12_001_tl90_dt215_ge0_qr98_tau79,90,215,0,0.98,0.79,317.92,437.30,328.77,226.79,0.00,PASS,,recovery_detected,True,False,0,910,0,108,,,,,,,,,,,,,,,,,,,,
CMA-ES,20260607,12,2,6,cma_r12_002_tl86_dt219_ge18_qr92_tau71,86,219,18,0.92,0.71,0.00,488.87,1000044.44,226.79,1000000.00,FAIL,emergency_stuck,emergency_stuck,False,False,0,250,0,43,,,,,,,,,,,,,,,,,,,,
CMA-ES,20260607,12,3,6,cma_r12_003_tl107_dt187_ge6_qr95_tau79,107,187,6,0.95,0.79,395.92,435.55,399.52,226.79,0.00,PASS,,recovery_detected,True,False,0,811,0,91,,,,,,,,,,,,,,,,,,,,
CMA-ES,20260607,12,4,6,cma_r12_004_tl103_dt223_ge2_qr84_tau77,103,223,2,0.84,0.77,331.92,437.99,341.56,226.79,0.00,PASS,,recovery_detected,True,False,0,954,1,95,,,,,,,,,,,,,,,,,,,,
CMA-ES,20260607,12,5,6,cma_r12_005_tl61_dt176_ge3_qr73_tau80,61,176,3,0.73,0.8,382.92,433.14,387.49,226.79,0.00,PASS,,recovery_detected,True,False,0,1005,1,100,,,,,,,,,,,,,,,,,,,,
CMA-ES,20260607,12,6,6,cma_r12_006_tl75_dt194_ge16_qr91_tau74,75,194,16,0.91,0.74,611.92,292.70,582.90,226.79,0.00,PASS,,recovery_timeout,True,False,0,757,0,84,,,,,,,,,,,,,,,,,,,,
CMA-ES,20260607,13,1,6,cma_r13_001_tl90_dt224_ge0_qr95_tau76,90,224,0,0.95,0.76,317.92,437.30,328.77,226.79,0.00,PASS,,recovery_detected,True,False,0,910,0,108,,,,,,,,,,,,,,,,,,,,
CMA-ES,20260607,13,2,6,cma_r13_002_tl54_dt168_ge1_qr84_tau72,54,168,1,0.84,0.72,365.92,438.86,372.55,226.79,0.00,PASS,,recovery_detected,True,False,0,1015,1,112,,,,,,,,,,,,,,,,,,,,
CMA-ES,20260607,13,3,6,cma_r13_003_tl108_dt186_ge1_qr79_tau75,108,186,1,0.79,0.75,430.92,428.97,430.74,226.79,0.00,PASS,,recovery_detected,True,False,0,979,1,121,,,,,,,,,,,,,,,,,,,,
CMA-ES,20260607,13,4,6,cma_r13_004_tl88_dt206_ge2_qr93_tau72,88,206,2,0.93,0.72,321.92,446.97,333.29,226.79,0.00,PASS,,recovery_detected,True,False,0,870,0,94,,,,,,,,,,,,,,,,,,,,
CMA-ES,20260607,13,5,6,cma_r13_005_tl70_dt200_ge15_qr100_tau79,70,200,15,1.0,0.79,295.92,454.10,310.30,226.79,0.00,PASS,,recovery_detected,True,False,0,389,0,55,,,,,,,,,,,,,,,,,,,,
CMA-ES,20260607,13,6,6,cma_r13_006_tl85_dt155_ge1_qr75_tau79,85,155,1,0.75,0.79,349.92,444.88,358.55,226.79,0.00,PASS,,recovery_detected,True,False,0,947,1,105,,,,,,,,,,,,,,,,,,,,
CMA-ES,20260607,14,1,6,cma_r14_001_tl84_dt214_ge1_qr57_tau82,84,214,1,0.57,0.82,349.92,444.88,358.55,226.79,0.00,PASS,,recovery_detected,True,False,0,950,1,105,,,,,,,,,,,,,,,,,,,,
CMA-ES,20260607,14,2,6,cma_r14_002_tl51_dt185_ge3_qr59_tau86,51,185,3,0.59,0.86,406.92,436.62,409.62,226.79,0.00,PASS,,recovery_detected,True,False,0,969,1,107,,,,,,,,,,,,,,,,,,,,
CMA-ES,20260607,14,3,6,cma_r14_003_tl79_dt205_ge10_qr90_tau82,79,205,10,0.9,0.82,328.92,446.38,339.60,226.79,0.00,PASS,,recovery_detected,True,False,0,745,1,67,,,,,,,,,,,,,,,,,,,,
CMA-ES,20260607,14,4,6,cma_r14_004_tl21_dt166_ge5_qr88_tau74,21,166,5,0.88,0.74,506.92,310.83,489.09,226.79,0.00,PASS,,recovery_timeout,True,False,0,1426,1,111,,,,,,,,,,,,,,,,,,,,
CMA-ES,20260607,14,5,6,cma_r14_005_tl109_dt220_ge6_qr80_tau77,109,220,6,0.8,0.77,380.92,440.15,386.30,226.79,0.00,PASS,,recovery_detected,True,False,0,808,1,88,,,,,,,,,,,,,,,,,,,,
CMA-ES,20260607,14,6,6,cma_r14_006_tl80_dt189_ge8_qr91_tau72,80,189,8,0.91,0.72,406.92,427.45,408.79,226.79,0.00,PASS,,recovery_detected,True,False,0,858,0,85,,,,,,,,,,,,,,,,,,,,
CMA-ES,20260607,15,1,6,cma_r15_001_tl101_dt207_ge11_qr99_tau84,101,207,11,0.99,0.84,457.92,316.78,445.09,226.79,0.00,PASS,,recovery_timeout,True,False,0,780,0,81,,,,,,,,,,,,,,,,,,,,
CMA-ES,20260607,15,2,6,cma_r15_002_tl66_dt151_ge16_qr90_tau82,66,151,16,0.9,0.82,395.92,437.68,399.72,226.79,0.00,PASS,,recovery_detected,True,False,0,575,1,65,,,,,,,,,,,,,,,,,,,,
CMA-ES,20260607,15,3,6,cma_r15_003_tl87_dt223_ge10_qr53_tau90,87,223,10,0.53,0.9,328.92,450.07,339.93,226.79,0.00,PASS,,recovery_detected,True,False,0,608,1,70,,,,,,,,,,,,,,,,,,,,
CMA-ES,20260607,15,4,6,cma_r15_004_tl68_dt212_ge3_qr60_tau84,68,212,3,0.6,0.84,404.92,430.36,407.23,226.79,0.00,PASS,,recovery_detected,True,False,0,909,1,108,,,,,,,,,,,,,,,,,,,,
CMA-ES,20260607,15,5,6,cma_r15_005_tl84_dt219_ge10_qr67_tau88,84,219,10,0.67,0.88,328.92,446.38,339.60,226.79,0.00,PASS,,recovery_detected,True,False,0,748,1,67,,,,,,,,,,,,,,,,,,,,
CMA-ES,20260607,15,6,6,cma_r15_006_tl84_dt224_ge2_qr67_tau84,84,224,2,0.67,0.84,405.92,431.52,408.25,226.79,0.00,PASS,,recovery_detected,True,False,0,1016,1,113,,,,,,,,,,,,,,,,,,,,
CMA-ES,20260607,16,1,6,cma_r16_001_tl81_dt140_ge0_qr61_tau90,81,140,0,0.61,0.9,301.92,454.43,315.78,226.79,0.00,PASS,,recovery_detected,True,False,0,839,1,102,,,,,,,,,,,,,,,,,,,,
CMA-ES,20260607,16,2,6,cma_r16_002_tl95_dt212_ge11_qr70_tau90,95,212,11,0.7,0.9,458.92,430.72,456.36,226.79,0.00,PASS,,recovery_detected,True,False,0,785,1,80,,,,,,,,,,,,,,,,,,,,
CMA-ES,20260607,16,3,6,cma_r16_003_tl69_dt197_ge12_qr43_tau90,69,197,12,0.43,0.9,388.92,440.80,393.64,226.79,0.00,PASS,,recovery_detected,True,False,0,540,1,72,,,,,,,,,,,,,,,,,,,,
CMA-ES,20260607,16,4,6,cma_r16_004_tl78_dt209_ge1_qr63_tau83,78,209,1,0.63,0.83,349.92,444.88,358.55,226.79,0.00,PASS,,recovery_detected,True,False,0,947,1,105,,,,,,,,,,,,,,,,,,,,
CMA-ES,20260607,16,5,6,cma_r16_005_tl72_dt224_ge9_qr36_tau87,72,224,9,0.36,0.87,308.92,452.22,321.95,226.79,0.00,PASS,,recovery_detected,True,False,0,432,1,68,,,,,,,,,,,,,,,,,,,,
CMA-ES,20260607,16,6,6,cma_r16_006_tl103_dt224_ge15_qr6_tau86,103,224,15,0.06,0.86,293.92,435.42,306.78,226.79,0.00,PASS,,recovery_detected,True,False,0,452,1,52,,,,,,,,,,,,,,,,,,,,
CMA-ES,20260607,17,1,6,cma_r17_001_tl106_dt179_ge8_qr11_tau90,106,179,8,0.11,0.9,308.92,442.10,321.03,226.79,0.00,PASS,,recovery_detected,True,False,0,710,1,73,,,,,,,,,,,,,,,,,,,,
CMA-ES,20260607,17,2,6,cma_r17_002_tl73_dt193_ge8_qr26_tau90,73,193,8,0.26,0.9,422.92,435.11,424.03,226.79,0.00,PASS,,recovery_detected,True,False,0,760,1,86,,,,,,,,,,,,,,,,,,,,
CMA-ES,20260607,17,3,6,cma_r17_003_tl105_dt214_ge0_qr6_tau81,105,214,0,0.06,0.81,348.92,435.24,356.77,226.79,0.00,PASS,,recovery_detected,True,False,0,907,1,116,,,,,,,,,,,,,,,,,,,,
CMA-ES,20260607,17,4,6,cma_r17_004_tl83_dt224_ge15_qr0_tau90,83,224,15,0.0,0.9,373.92,434.92,379.47,226.79,0.00,PASS,,recovery_detected,True,False,0,553,1,61,,,,,,,,,,,,,,,,,,,,
CMA-ES,20260607,17,5,6,cma_r17_005_tl97_dt202_ge8_qr1_tau89,97,202,8,0.01,0.89,322.92,436.70,333.26,226.79,0.00,PASS,,recovery_detected,True,False,0,672,1,72,,,,,,,,,,,,,,,,,,,,
CMA-ES,20260607,17,6,6,cma_r17_006_tl103_dt165_ge4_qr52_tau86,103,165,4,0.52,0.86,285.92,453.85,301.19,226.79,0.00,PASS,,recovery_detected,True,False,0,705,1,86,,,,,,,,,,,,,,,,,,,,
CMA-ES,20260607,18,1,6,cma_r18_001_tl97_dt197_ge12_qr33_tau88,97,197,12,0.33,0.88,398.92,439.89,402.64,226.79,0.00,PASS,,recovery_detected,True,False,0,485,1,72,,,,,,,,,,,,,,,,,,,,
CMA-ES,20260607,18,2,6,cma_r18_002_tl102_dt86_ge2_qr21_tau86,102,86,2,0.21,0.86,0.00,501.24,1000045.57,226.79,1000000.00,FAIL,emergency_stuck,emergency_stuck,False,False,0,527,1,73,,,,,,,,,,,,,,,,,,,,
CMA-ES,20260607,18,3,6,cma_r18_003_tl79_dt135_ge6_qr90_tau82,79,135,6,0.9,0.82,424.92,434.00,425.75,226.79,0.00,PASS,,recovery_detected,True,False,0,895,1,96,,,,,,,,,,,,,,,,,,,,
CMA-ES,20260607,18,4,6,cma_r18_004_tl89_dt132_ge8_qr25_tau90,89,132,8,0.25,0.9,422.92,435.11,424.03,226.79,0.00,PASS,,recovery_detected,True,False,0,755,1,86,,,,,,,,,,,,,,,,,,,,
CMA-ES,20260607,18,5,6,cma_r18_005_tl80_dt186_ge3_qr78_tau90,80,186,3,0.78,0.9,483.92,309.44,468.06,226.79,0.00,PASS,,recovery_timeout,True,False,0,1083,1,120,,,,,,,,,,,,,,,,,,,,
CMA-ES,20260607,18,6,6,cma_r18_006_tl71_dt161_ge5_qr54_tau87,71,161,5,0.54,0.87,388.92,435.25,393.13,226.79,0.00,PASS,,recovery_detected,True,False,0,867,1,93,,,,,,,,,,,,,,,,,,,,
CMA-ES,20260607,19,1,6,cma_r19_001_tl82_dt118_ge0_qr69_tau86,82,118,0,0.69,0.86,363.92,436.61,370.53,226.79,0.00,PASS,,recovery_detected,True,False,0,1260,1,115,,,,,,,,,,,,,,,,,,,,
CMA-ES,20260607,19,2,6,cma_r19_002_tl94_dt210_ge2_qr49_tau90,94,210,2,0.49,0.9,405.92,431.52,408.25,226.79,0.00,PASS,,recovery_detected,True,False,0,1017,1,113,,,,,,,,,,,,,,,,,,,,
CMA-ES,20260607,19,3,6,cma_r19_003_tl71_dt102_ge13_qr73_tau87,71,102,13,0.73,0.87,255.92,456.72,274.17,226.79,0.00,PASS,,recovery_detected,True,False,0,534,1,55,,,,,,,,,,,,,,,,,,,,
CMA-ES,20260607,19,4,6,cma_r19_004_tl85_dt130_ge4_qr35_tau90,85,130,4,0.35,0.9,441.92,321.27,430.95,226.79,0.00,PASS,,recovery_timeout,True,False,0,1106,1,107,,,,,,,,,,,,,,,,,,,,
CMA-ES,20260607,19,5,6,cma_r19_005_tl109_dt224_ge9_qr51_tau90,109,224,9,0.51,0.9,308.92,452.22,321.95,226.79,0.00,PASS,,recovery_detected,True,False,0,434,1,68,,,,,,,,,,,,,,,,,,,,
CMA-ES,20260607,19,6,6,cma_r19_006_tl68_dt164_ge14_qr69_tau79,68,164,14,0.69,0.79,300.92,451.38,314.60,226.79,0.00,PASS,,recovery_detected,True,False,0,568,1,56,,,,,,,,,,,,,,,,,,,,
CMA-ES,20260607,20,1,6,cma_r20_001_tl91_dt158_ge9_qr91_tau85,91,158,9,0.91,0.85,346.92,429.84,354.46,226.79,0.00,PASS,,recovery_detected,True,False,0,589,0,73,,,,,,,,,,,,,,,,,,,,
CMA-ES,20260607,20,2,6,cma_r20_002_tl81_dt157_ge19_qr75_tau80,81,157,19,0.75,0.8,595.92,293.98,568.47,226.79,0.00,PASS,,recovery_timeout,True,False,0,749,1,76,,,,,,,,,,,,,,,,,,,,
CMA-ES,20260607,20,3,6,cma_r20_003_tl77_dt90_ge14_qr42_tau82,77,90,14,0.42,0.82,472.92,314.27,458.50,226.79,0.00,PASS,,recovery_timeout,True,False,0,676,1,74,,,,,,,,,,,,,,,,,,,,
CMA-ES,20260607,20,4,6,cma_r20_004_tl84_dt144_ge3_qr58_tau82,84,144,3,0.58,0.82,421.92,434.52,423.07,226.79,0.00,PASS,,recovery_detected,True,False,0,1022,1,109,,,,,,,,,,,,,,,,,,,,
CMA-ES,20260607,20,5,6,cma_r20_005_tl71_dt194_ge13_qr98_tau81,71,194,13,0.98,0.81,404.92,434.31,407.59,226.79,0.00,PASS,,recovery_detected,True,False,0,580,0,71,,,,,,,,,,,,,,,,,,,,
CMA-ES,20260607,20,6,6,cma_r20_006_tl106_dt186_ge24_qr91_tau79,106,186,24,0.91,0.79,666.92,295.60,633.16,226.79,0.00,PASS,,recovery_timeout,True,False,0,608,0,74,,,,,,,,,,,,,,,,,,,,
CMA-ES,20260607,21,1,6,cma_r21_001_tl84_dt167_ge7_qr89_tau82,84,167,7,0.89,0.82,459.92,312.87,446.55,226.79,0.00,PASS,,recovery_timeout,True,False,0,881,1,94,,,,,,,,,,,,,,,,,,,,
CMA-ES,20260607,21,2,6,cma_r21_002_tl85_dt208_ge5_qr83_tau78,85,208,5,0.83,0.78,452.92,430.66,450.90,226.79,0.00,PASS,,recovery_detected,True,False,0,941,1,101,,,,,,,,,,,,,,,,,,,,
CMA-ES,20260607,21,3,6,cma_r21_003_tl65_dt160_ge5_qr70_tau74,65,160,5,0.7,0.74,425.92,431.62,426.44,226.79,0.00,PASS,,recovery_detected,True,False,0,877,1,101,,,,,,,,,,,,,,,,,,,,
CMA-ES,20260607,21,4,6,cma_r21_004_tl89_dt161_ge0_qr94_tau87,89,161,0,0.94,0.87,333.92,436.93,343.28,226.79,0.00,PASS,,recovery_detected,True,False,0,931,0,114,,,,,,,,,,,,,,,,,,,,
CMA-ES,20260607,21,5,6,cma_r21_005_tl74_dt179_ge1_qr100_tau81,74,179,1,1.0,0.81,329.92,440.12,339.94,226.79,0.00,PASS,,recovery_detected,True,False,0,943,0,105,,,,,,,,,,,,,,,,,,,,
CMA-ES,20260607,21,6,6,cma_r21_006_tl50_dt132_ge11_qr92_tau84,50,132,11,0.92,0.84,372.92,441.75,379.18,226.79,0.00,PASS,,recovery_detected,True,False,0,650,0,69,,,,,,,,,,,,,,,,,,,,
CMA-ES,20260607,22,1,6,cma_r22_001_tl72_dt144_ge0_qr80_tau80,72,144,0,0.8,0.8,375.92,440.22,381.77,226.79,0.00,PASS,,recovery_detected,True,False,0,1182,1,118,,,,,,,,,,,,,,,,,,,,
CMA-ES,20260607,22,2,6,cma_r22_002_tl105_dt197_ge1_qr99_tau83,105,197,1,0.99,0.83,399.92,424.09,402.12,226.79,0.00,PASS,,recovery_detected,True,False,0,947,0,115,,,,,,,,,,,,,,,,,,,,
CMA-ES,20260607,22,3,6,cma_r22_003_tl47_dt108_ge1_qr78_tau81,47,108,1,0.78,0.81,303.92,448.90,317.10,226.79,0.00,PASS,,recovery_detected,True,False,0,1084,1,95,,,,,,,,,,,,,,,,,,,,
CMA-ES,20260607,22,4,6,cma_r22_004_tl78_dt138_ge2_qr94_tau81,78,138,2,0.94,0.81,379.92,435.96,385.01,226.79,0.00,PASS,,recovery_detected,True,False,0,899,0,105,,,,,,,,,,,,,,,,,,,,
CMA-ES,20260607,22,5,6,cma_r22_005_tl103_dt168_ge7_qr74_tau86,103,168,7,0.74,0.86,380.92,438.27,386.13,226.79,0.00,PASS,,recovery_detected,True,False,0,778,1,86,,,,,,,,,,,,,,,,,,,,
CMA-ES,20260607,22,6,6,cma_r22_006_tl103_dt187_ge6_qr99_tau83,103,187,6,0.99,0.83,395.92,435.55,399.52,226.79,0.00,PASS,,recovery_detected,True,False,0,811,0,91,,,,,,,,,,,,,,,,,,,,
CMA-ES,20260607,23,1,6,cma_r23_001_tl88_dt175_ge2_qr43_tau89,88,175,2,0.43,0.89,405.92,431.52,408.25,226.79,0.00,PASS,,recovery_detected,True,False,0,1015,1,113,,,,,,,,,,,,,,,,,,,,
CMA-ES,20260607,23,2,6,cma_r23_002_tl50_dt132_ge0_qr97_tau85,50,132,0,0.97,0.85,307.92,450.51,320.88,226.79,0.00,PASS,,recovery_detected,True,False,0,1219,0,105,,,,,,,,,,,,,,,,,,,,
CMA-ES,20260607,23,3,6,cma_r23_003_tl34_dt101_ge1_qr18_tau84,34,101,1,0.18,0.84,430.92,327.97,421.56,226.79,0.00,PASS,,recovery_timeout,True,False,0,1656,1,120,,,,,,,,,,,,,,,,,,,,
CMA-ES,20260607,23,4,6,cma_r23_004_tl66_dt155_ge11_qr8_tau88,66,155,11,0.08,0.88,458.92,430.72,456.36,226.79,0.00,PASS,,recovery_detected,True,False,0,783,1,80,,,,,,,,,,,,,,,,,,,,
CMA-ES,20260607,23,5,6,cma_r23_005_tl61_dt122_ge0_qr100_tau85,61,122,0,1.0,0.85,310.92,450.66,323.62,226.79,0.00,PASS,,recovery_detected,True,False,0,998,0,106,,,,,,,,,,,,,,,,,,,,
CMA-ES,20260607,23,6,6,cma_r23_006_tl65_dt120_ge3_qr69_tau84,65,120,3,0.69,0.84,369.92,435.43,375.88,226.79,0.00,PASS,,recovery_detected,True,False,0,913,1,103,,,,,,,,,,,,,,,,,,,,
CMA-ES,20260607,24,1,6,cma_r24_001_tl44_dt97_ge4_qr90_tau90,44,97,4,0.9,0.9,325.92,448.39,337.05,226.79,0.00,PASS,,recovery_detected,True,False,0,1056,1,88,,,,,,,,,,,,,,,,,,,,
CMA-ES,20260607,24,2,6,cma_r24_002_tl41_dt96_ge4_qr67_tau86,41,96,4,0.67,0.86,502.92,308.00,485.20,226.79,0.00,PASS,,recovery_timeout,True,False,0,1342,1,112,,,,,,,,,,,,,,,,,,,,
CMA-ES,20260607,24,3,6,cma_r24_003_tl26_dt102_ge0_qr100_tau83,26,102,0,1.0,0.83,0.00,487.88,1000044.35,226.79,1000000.00,FAIL,emergency_stuck,emergency_stuck,False,False,0,976,0,87,,,,,,,,,,,,,,,,,,,,
CMA-ES,20260607,24,4,6,cma_r24_004_tl54_dt188_ge1_qr89_tau84,54,188,1,0.89,0.84,365.92,438.86,372.55,226.79,0.00,PASS,,recovery_detected,True,False,0,1019,1,112,,,,,,,,,,,,,,,,,,,,
CMA-ES,20260607,24,5,6,cma_r24_005_tl84_dt171_ge12_qr95_tau87,84,171,12,0.95,0.87,307.92,454.35,321.23,226.79,0.00,PASS,,recovery_detected,True,False,0,458,0,60,,,,,,,,,,,,,,,,,,,,
CMA-ES,20260607,24,6,6,cma_r24_006_tl48_dt122_ge4_qr77_tau83,48,122,4,0.77,0.83,362.92,424.27,368.50,226.79,0.00,PASS,,recovery_detected,True,False,0,936,1,91,,,,,,,,,,,,,,,,,,,,
CMA-ES,20260607,25,1,6,cma_r25_001_tl88_dt199_ge13_qr99_tau89,88,199,13,0.99,0.89,330.92,441.04,340.93,226.79,0.00,PASS,,recovery_detected,True,False,0,440,0,61,,,,,,,,,,,,,,,,,,,,
CMA-ES,20260607,25,2,6,cma_r25_002_tl94_dt217_ge2_qr100_tau87,94,217,2,1.0,0.87,321.92,446.97,333.29,226.79,0.00,PASS,,recovery_detected,True,False,0,870,0,94,,,,,,,,,,,,,,,,,,,,
CMA-ES,20260607,25,3,6,cma_r25_003_tl62_dt153_ge12_qr86_tau90,62,153,12,0.86,0.9,427.92,331.80,419.18,226.79,0.00,PASS,,recovery_timeout,True,False,0,724,1,69,,,,,,,,,,,,,,,,,,,,
CMA-ES,20260607,25,4,6,cma_r25_004_tl64_dt148_ge5_qr91_tau89,64,148,5,0.91,0.89,318.92,452.02,331.02,226.79,0.00,PASS,,recovery_detected,True,False,0,813,0,82,,,,,,,,,,,,,,,,,,,,
CMA-ES,20260607,25,5,6,cma_r25_005_tl56_dt169_ge5_qr100_tau90,56,169,5,1.0,0.9,297.92,451.47,311.88,226.79,0.00,PASS,,recovery_detected,True,False,0,717,0,82,,,,,,,,,,,,,,,,,,,,
CMA-ES,20260607,25,6,6,cma_r25_006_tl79_dt170_ge24_qr100_tau89,79,170,24,1.0,0.89,621.92,296.06,592.30,226.79,0.00,PASS,,recovery_timeout,True,False,0,486,0,70,,,,,,,,,,,,,,,,,,,,
CMA-ES,20260607,26,1,6,cma_r26_001_tl74_dt183_ge6_qr100_tau87,74,183,6,1.0,0.87,302.92,452.68,316.53,226.79,0.00,PASS,,recovery_detected,True,False,0,610,0,77,,,,,,,,,,,,,,,,,,,,
CMA-ES,20260607,26,2,6,cma_r26_002_tl61_dt178_ge15_qr60_tau85,61,178,15,0.6,0.85,283.92,455.78,299.54,226.79,0.00,PASS,,recovery_detected,True,False,0,356,1,52,,,,,,,,,,,,,,,,,,,,
CMA-ES,20260607,26,3,6,cma_r26_003_tl59_dt159_ge12_qr94_tau90,59,159,12,0.94,0.9,365.92,443.16,372.94,226.79,0.00,PASS,,recovery_detected,True,False,0,529,0,69,,,,,,,,,,,,,,,,,,,,
CMA-ES,20260607,26,4,6,cma_r26_004_tl85_dt223_ge12_qr100_tau89,85,223,12,1.0,0.89,307.92,454.35,321.23,226.79,0.00,PASS,,recovery_detected,True,False,0,459,0,60,,,,,,,,,,,,,,,,,,,,
CMA-ES,20260607,26,5,6,cma_r26_005_tl69_dt218_ge4_qr97_tau86,69,218,4,0.97,0.86,401.92,432.85,404.73,226.79,0.00,PASS,,recovery_detected,True,False,0,930,0,100,,,,,,,,,,,,,,,,,,,,
CMA-ES,20260607,26,6,6,cma_r26_006_tl56_dt138_ge1_qr97_tau86,56,138,1,0.97,0.86,304.92,436.00,316.84,226.79,0.00,PASS,,recovery_detected,True,False,0,1008,0,93,,,,,,,,,,,,,,,,,,,,
CMA-ES,20260607,27,1,6,cma_r27_001_tl91_dt218_ge0_qr96_tau86,91,218,0,0.96,0.86,317.92,437.30,328.77,226.79,0.00,PASS,,recovery_detected,True,False,0,906,0,108,,,,,,,,,,,,,,,,,,,,
CMA-ES,20260607,27,2,6,cma_r27_002_tl54_dt188_ge1_qr34_tau83,54,188,1,0.34,0.83,365.92,438.86,372.55,226.79,0.00,PASS,,recovery_detected,True,False,0,1019,1,112,,,,,,,,,,,,,,,,,,,,
CMA-ES,20260607,27,3,6,cma_r27_003_tl73_dt183_ge18_qr97_tau87,73,183,18,0.97,0.87,0.00,488.87,1000044.44,226.79,1000000.00,FAIL,emergency_stuck,emergency_stuck,False,False,0,249,0,43,,,,,,,,,,,,,,,,,,,,
CMA-ES,20260607,27,4,6,cma_r27_004_tl36_dt108_ge22_qr46_tau88,36,108,22,0.46,0.88,440.92,427.35,439.69,226.79,0.00,PASS,,recovery_detected,True,False,0,499,1,59,,,,,,,,,,,,,,,,,,,,
CMA-ES,20260607,27,5,6,cma_r27_005_tl71_dt145_ge8_qr76_tau87,71,145,8,0.76,0.87,422.92,435.11,424.03,226.79,0.00,PASS,,recovery_detected,True,False,0,755,1,86,,,,,,,,,,,,,,,,,,,,
CMA-ES,20260607,27,6,6,cma_r27_006_tl54_dt168_ge7_qr68_tau87,54,168,7,0.68,0.87,423.92,434.36,424.87,226.79,0.00,PASS,,recovery_detected,True,False,0,804,1,91,,,,,,,,,,,,,,,,,,,,
CMA-ES,20260607,28,1,6,cma_r28_001_tl50_dt145_ge3_qr48_tau79,50,145,3,0.48,0.79,283.92,460.08,299.93,226.79,0.00,PASS,,recovery_detected,True,False,0,955,1,84,,,,,,,,,,,,,,,,,,,,
CMA-ES,20260607,28,2,6,cma_r28_002_tl59_dt163_ge0_qr76_tau86,59,163,0,0.76,0.86,282.92,442.24,297.40,226.79,0.00,PASS,,recovery_detected,True,False,0,819,1,100,,,,,,,,,,,,,,,,,,,,
CMA-ES,20260607,28,3,6,cma_r28_003_tl54_dt192_ge0_qr86_tau76,54,192,0,0.86,0.76,322.92,448.28,334.32,226.79,0.00,PASS,,recovery_detected,True,False,0,1164,1,107,,,,,,,,,,,,,,,,,,,,
CMA-ES,20260607,28,4,6,cma_r28_004_tl89_dt155_ge0_qr53_tau84,89,155,0,0.53,0.84,284.92,455.22,300.40,226.79,0.00,PASS,,recovery_detected,True,False,0,784,1,102,,,,,,,,,,,,,,,,,,,,
CMA-ES,20260607,28,5,6,cma_r28_005_tl78_dt192_ge0_qr100_tau90,78,192,0,1.0,0.9,303.92,455.54,317.70,226.79,0.00,PASS,,recovery_detected,True,False,0,961,0,106,,,,,,,,,,,,,,,,,,,,
CMA-ES,20260607,28,6,6,cma_r28_006_tl111_dt215_ge2_qr78_tau89,111,215,2,0.78,0.89,331.92,437.99,341.56,226.79,0.00,PASS,,recovery_detected,True,False,0,954,1,95,,,,,,,,,,,,,,,,,,,,
CMA-ES,20260607,29,1,6,cma_r29_001_tl28_dt96_ge1_qr65_tau80,28,96,1,0.65,0.8,305.92,449.64,318.99,226.79,0.00,PASS,,recovery_detected,True,False,0,1478,1,97,,,,,,,,,,,,,,,,,,,,
CMA-ES,20260607,29,2,6,cma_r29_002_tl47_dt114_ge4_qr77_tau78,47,114,4,0.77,0.78,341.92,438.48,350.70,226.79,0.00,PASS,,recovery_detected,True,False,0,1025,1,89,,,,,,,,,,,,,,,,,,,,
CMA-ES,20260607,29,3,6,cma_r29_003_tl65_dt186_ge12_qr98_tau87,65,186,12,0.98,0.87,365.92,443.16,372.94,226.79,0.00,PASS,,recovery_detected,True,False,0,530,0,69,,,,,,,,,,,,,,,,,,,,
CMA-ES,20260607,29,4,6,cma_r29_004_tl58_dt183_ge1_qr57_tau84,58,183,1,0.57,0.84,418.92,428.31,419.77,226.79,0.00,PASS,,recovery_detected,True,False,0,1193,1,117,,,,,,,,,,,,,,,,,,,,
CMA-ES,20260607,29,5,6,cma_r29_005_tl81_dt183_ge2_qr52_tau86,81,183,2,0.52,0.86,425.92,427.91,426.10,226.79,0.00,PASS,,recovery_detected,True,False,0,1117,1,116,,,,,,,,,,,,,,,,,,,,
CMA-ES,20260607,29,6,6,cma_r29_006_tl46_dt122_ge0_qr81_tau83,46,122,0,0.81,0.83,283.92,455.62,299.53,226.79,0.00,PASS,,recovery_detected,True,False,0,965,1,101,,,,,,,,,,,,,,,,,,,,
CMA-ES,20260607,30,1,6,cma_r30_001_tl32_dt107_ge0_qr73_tau82,32,107,0,0.73,0.82,415.92,433.37,417.51,226.79,0.00,PASS,,recovery_detected,True,False,0,1432,1,124,,,,,,,,,,,,,,,,,,,,
CMA-ES,20260607,30,2,6,cma_r30_002_tl40_dt146_ge2_qr99_tau76,40,146,2,0.99,0.76,438.92,428.93,438.01,226.79,0.00,PASS,,recovery_detected,True,False,0,1309,0,115,,,,,,,,,,,,,,,,,,,,
CMA-ES,20260607,30,3,6,cma_r30_003_tl7_dt94_ge11_qr80_tau85,7,94,11,0.8,0.85,423.92,431.42,424.60,226.79,0.00,PASS,,recovery_detected,True,False,0,1041,1,75,,,,,,,,,,,,,,,,,,,,
CMA-ES,20260607,30,4,6,cma_r30_004_tl41_dt163_ge11_qr85_tau74,41,163,11,0.85,0.74,356.92,435.67,364.08,226.79,0.00,PASS,,recovery_detected,True,False,0,655,1,71,,,,,,,,,,,,,,,,,,,,
CMA-ES,20260607,30,5,6,cma_r30_005_tl57_dt125_ge5_qr49_tau82,57,125,5,0.49,0.82,330.92,438.14,340.67,226.79,0.00,PASS,,recovery_detected,True,False,0,746,1,79,,,,,,,,,,,,,,,,,,,,
CMA-ES,20260607,30,6,6,cma_r30_006_tl15_dt83_ge8_qr95_tau79,15,83,8,0.95,0.79,0.00,496.27,1000045.12,226.79,1000000.00,FAIL,emergency_stuck,emergency_stuck,False,False,0,1058,0,52,,,,,,,,,,,,,,,,,,,,
CMA-ES,20260607,31,1,6,cma_r31_001_tl66_dt209_ge10_qr71_tau88,66,209,10,0.71,0.88,328.92,446.38,339.60,226.79,0.00,PASS,,recovery_detected,True,False,0,745,1,67,,,,,,,,,,,,,,,,,,,,
CMA-ES,20260607,31,2,6,cma_r31_002_tl60_dt126_ge10_qr27_tau82,60,126,10,0.27,0.82,354.92,445.33,363.14,226.79,0.00,PASS,,recovery_detected,True,False,0,706,1,70,,,,,,,,,,,,,,,,,,,,
CMA-ES,20260607,31,3,6,cma_r31_003_tl46_dt69_ge4_qr47_tau72,46,69,4,0.47,0.72,392.92,435.16,396.76,226.79,0.00,PASS,,recovery_detected,True,False,0,1166,1,95,,,,,,,,,,,,,,,,,,,,
CMA-ES,20260607,31,4,6,cma_r31_004_tl61_dt130_ge16_qr55_tau81,61,130,16,0.55,0.81,395.92,437.68,399.72,226.79,0.00,PASS,,recovery_detected,True,False,0,566,1,65,,,,,,,,,,,,,,,,,,,,
CMA-ES,20260607,31,5,6,cma_r31_005_tl63_dt159_ge17_qr72_tau80,63,159,17,0.72,0.8,437.92,324.69,427.63,226.79,0.00,PASS,,recovery_timeout,True,False,0,515,1,67,,,,,,,,,,,,,,,,,,,,
CMA-ES,20260607,31,6,6,cma_r31_006_tl68_dt149_ge4_qr75_tau87,68,149,4,0.75,0.87,316.92,451.18,329.13,226.79,0.00,PASS,,recovery_detected,True,False,0,867,1,82,,,,,,,,,,,,,,,,,,,,
CMA-ES,20260607,32,1,6,cma_r32_001_tl59_dt218_ge1_qr96_tau82,59,218,1,0.96,0.82,387.92,440.08,392.66,226.79,0.00,PASS,,recovery_detected,True,False,0,1118,0,117,,,,,,,,,,,,,,,,,,,,
CMA-ES,20260607,32,2,6,cma_r32_002_tl77_dt186_ge3_qr51_tau90,77,186,3,0.51,0.9,483.92,309.44,468.06,226.79,0.00,PASS,,recovery_timeout,True,False,0,1083,1,120,,,,,,,,,,,,,,,,,,,,
CMA-ES,20260607,32,3,6,cma_r32_003_tl75_dt148_ge5_qr65_tau83,75,148,5,0.65,0.83,329.92,437.79,339.73,226.79,0.00,PASS,,recovery_detected,True,False,0,737,1,89,,,,,,,,,,,,,,,,,,,,
CMA-ES,20260607,32,4,6,cma_r32_004_tl80_dt155_ge7_qr70_tau84,80,155,7,0.7,0.84,459.92,312.87,446.55,226.79,0.00,PASS,,recovery_timeout,True,False,0,878,1,94,,,,,,,,,,,,,,,,,,,,
CMA-ES,20260607,32,5,6,cma_r32_005_tl56_dt172_ge3_qr83_tau78,56,172,3,0.83,0.78,337.92,447.73,347.90,226.79,0.00,PASS,,recovery_detected,True,False,0,1012,1,95,,,,,,,,,,,,,,,,,,,,
CMA-ES,20260607,32,6,6,cma_r32_006_tl37_dt165_ge4_qr98_tau83,37,165,4,0.98,0.83,393.92,437.38,397.87,226.79,0.00,PASS,,recovery_detected,True,False,0,1222,0,97,,,,,,,,,,,,,,,,,,,,
CMA-ES,20260607,33,1,6,cma_r33_001_tl63_dt140_ge0_qr96_tau78,63,140,0,0.96,0.78,328.92,445.93,339.56,226.79,0.00,PASS,,recovery_detected,True,False,0,1029,0,107,,,,,,,,,,,,,,,,,,,,
CMA-ES,20260607,33,2,6,cma_r33_002_tl56_dt104_ge10_qr51_tau79,56,104,10,0.51,0.79,395.92,437.15,399.67,226.79,0.00,PASS,,recovery_detected,True,False,0,762,1,76,,,,,,,,,,,,,,,,,,,,
CMA-ES,20260607,33,3,6,cma_r33_003_tl65_dt148_ge4_qr77_tau83,65,148,4,0.77,0.83,316.92,451.18,329.13,226.79,0.00,PASS,,recovery_detected,True,False,0,865,1,82,,,,,,,,,,,,,,,,,,,,
CMA-ES,20260607,33,4,6,cma_r33_004_tl57_dt116_ge1_qr83_tau82,57,116,1,0.83,0.82,409.92,430.69,411.81,226.79,0.00,PASS,,recovery_detected,True,False,0,1222,1,117,,,,,,,,,,,,,,,,,,,,
CMA-ES,20260607,33,5,6,cma_r33_005_tl61_dt147_ge0_qr100_tau80,61,147,0,1.0,0.8,402.92,425.85,405.00,226.79,0.00,PASS,,recovery_detected,True,False,0,1241,0,124,,,,,,,,,,,,,,,,,,,,
CMA-ES,20260607,33,6,6,cma_r33_006_tl41_dt139_ge3_qr75_tau77,41,139,3,0.75,0.77,299.92,450.50,313.61,226.79,0.00,PASS,,recovery_detected,True,False,0,975,1,90,,,,,,,,,,,,,,,,,,,,
CMA-ES,20260607,34,1,6,cma_r34_001_tl47_dt163_ge5_qr94_tau74,47,163,5,0.94,0.74,406.92,436.87,409.64,226.79,0.00,PASS,,recovery_detected,True,False,0,1001,0,97,,,,,,,,,,,,,,,,,,,,
CMA-ES,20260607,34,2,6,cma_r34_002_tl45_dt176_ge2_qr99_tau78,45,176,2,0.99,0.78,290.92,447.87,305.19,226.79,0.00,PASS,,recovery_detected,True,False,0,949,0,89,,,,,,,,,,,,,,,,,,,,
CMA-ES,20260607,34,3,6,cma_r34_003_tl61_dt149_ge6_qr74_tau77,61,149,6,0.74,0.77,288.92,453.18,303.85,226.79,0.00,PASS,,recovery_detected,True,False,0,754,1,74,,,,,,,,,,,,,,,,,,,,
CMA-ES,20260607,34,4,6,cma_r34_004_tl38_dt119_ge5_qr69_tau75,38,119,5,0.69,0.75,344.92,439.01,353.47,226.79,0.00,PASS,,recovery_detected,True,False,0,1038,1,87,,,,,,,,,,,,,,,,,,,,
CMA-ES,20260607,34,5,6,cma_r34_005_tl30_dt146_ge1_qr94_tau72,30,146,1,0.94,0.72,392.92,429.84,396.28,226.79,0.00,PASS,,recovery_detected,True,False,0,1286,0,114,,,,,,,,,,,,,,,,,,,,
CMA-ES,20260607,34,6,6,cma_r34_006_tl54_dt152_ge4_qr83_tau77,54,152,4,0.83,0.77,352.92,435.82,360.46,226.79,0.00,PASS,,recovery_detected,True,False,0,821,1,93,,,,,,,,,,,,,,,,,,,,
CMA-ES,20260607,35,1,6,cma_r35_001_tl70_dt203_ge8_qr77_tau79,70,203,8,0.77,0.79,398.92,433.88,402.10,226.79,0.00,PASS,,recovery_detected,True,False,0,613,1,87,,,,,,,,,,,,,,,,,,,,
CMA-ES,20260607,35,2,6,cma_r35_002_tl54_dt140_ge3_qr94_tau73,54,140,3,0.94,0.73,304.92,450.23,318.13,226.79,0.00,PASS,,recovery_detected,True,False,0,932,0,87,,,,,,,,,,,,,,,,,,,,
CMA-ES,20260607,35,3,6,cma_r35_003_tl52_dt162_ge4_qr89_tau81,52,162,4,0.89,0.81,352.92,435.82,360.46,226.79,0.00,PASS,,recovery_detected,True,False,0,825,1,93,,,,,,,,,,,,,,,,,,,,
CMA-ES,20260607,35,4,6,cma_r35_004_tl62_dt150_ge8_qr61_tau78,62,150,8,0.61,0.78,330.92,447.33,341.50,226.79,0.00,PASS,,recovery_detected,True,False,0,657,1,75,,,,,,,,,,,,,,,,,,,,
CMA-ES,20260607,35,5,6,cma_r35_005_tl32_dt96_ge6_qr78_tau78,32,96,6,0.78,0.78,304.92,451.88,318.28,226.79,0.00,PASS,,recovery_detected,True,False,0,828,1,76,,,,,,,,,,,,,,,,,,,,
CMA-ES,20260607,35,6,6,cma_r35_006_tl50_dt160_ge3_qr97_tau77,50,160,3,0.97,0.77,308.92,446.79,321.45,226.79,0.00,PASS,,recovery_detected,True,False,0,872,0,89,,,,,,,,,,,,,,,,,,,,
CMA-ES,20260607,36,1,6,cma_r36_001_tl49_dt94_ge7_qr88_tau72,49,94,7,0.88,0.72,485.92,428.72,480.72,226.79,0.00,PASS,,recovery_detected,True,False,0,1310,1,100,,,,,,,,,,,,,,,,,,,,
CMA-ES,20260607,36,2,6,cma_r36_002_tl51_dt147_ge6_qr95_tau72,51,147,6,0.95,0.72,356.92,440.12,364.48,226.79,0.00,PASS,,recovery_detected,True,False,0,1006,0,85,,,,,,,,,,,,,,,,,,,,
CMA-ES,20260607,36,3,6,cma_r36_003_tl28_dt111_ge1_qr82_tau74,28,111,1,0.82,0.74,304.92,439.24,317.13,226.79,0.00,PASS,,recovery_detected,True,False,0,1273,1,95,,,,,,,,,,,,,,,,,,,,
CMA-ES,20260607,36,4,6,cma_r36_004_tl44_dt133_ge0_qr99_tau79,44,133,0,0.99,0.79,417.92,431.23,419.13,226.79,0.00,PASS,,recovery_detected,True,False,0,1327,0,129,,,,,,,,,,,,,,,,,,,,
CMA-ES,20260607,36,5,6,cma_r36_005_tl46_dt134_ge0_qr99_tau72,46,134,0,0.99,0.72,403.92,430.31,406.32,226.79,0.00,PASS,,recovery_detected,True,False,0,1245,0,123,,,,,,,,,,,,,,,,,,,,
CMA-ES,20260607,36,6,6,cma_r36_006_tl38_dt106_ge9_qr99_tau74,38,106,9,0.99,0.74,353.92,429.88,360.83,226.79,0.00,PASS,,recovery_detected,True,False,0,697,0,73,,,,,,,,,,,,,,,,,,,,
CMA-ES,20260607,37,1,6,cma_r37_001_tl36_dt114_ge2_qr64_tau72,36,114,2,0.64,0.72,344.92,426.31,352.32,226.79,0.00,PASS,,recovery_detected,True,False,0,1075,1,97,,,,,,,,,,,,,,,,,,,,
CMA-ES,20260607,37,2,6,cma_r37_002_tl37_dt120_ge5_qr76_tau80,37,120,5,0.76,0.8,344.92,439.01,353.47,226.79,0.00,PASS,,recovery_detected,True,False,0,1038,1,87,,,,,,,,,,,,,,,,,,,,
CMA-ES,20260607,37,3,6,cma_r37_003_tl30_dt110_ge4_qr96_tau74,30,110,4,0.96,0.74,514.92,305.85,495.91,226.79,0.00,PASS,,recovery_timeout,True,False,0,1472,0,115,,,,,,,,,,,,,,,,,,,,
CMA-ES,20260607,37,4,6,cma_r37_004_tl18_dt94_ge3_qr92_tau72,18,94,3,0.92,0.72,455.92,429.24,453.49,226.79,0.00,PASS,,recovery_detected,True,False,0,1489,0,111,,,,,,,,,,,,,,,,,,,,
CMA-ES,20260607,37,5,6,cma_r37_005_tl35_dt130_ge4_qr79_tau75,35,130,4,0.79,0.75,539.92,302.58,518.34,226.79,0.00,PASS,,recovery_timeout,True,False,0,1275,1,123,,,,,,,,,,,,,,,,,,,,
CMA-ES,20260607,37,6,6,cma_r37_006_tl20_dt81_ge1_qr69_tau70,20,81,1,0.69,0.7,485.92,325.02,471.29,226.79,0.00,PASS,,recovery_timeout,True,False,0,1895,1,125,,,,,,,,,,,,,,,,,,,,
CMA-ES,20260607,38,1,6,cma_r38_001_tl37_dt91_ge3_qr46_tau74,37,91,3,0.46,0.74,291.92,448.94,306.19,226.79,0.00,PASS,,recovery_detected,True,False,0,1077,1,87,,,,,,,,,,,,,,,,,,,,
CMA-ES,20260607,38,2,6,cma_r38_002_tl33_dt128_ge7_qr70_tau79,33,128,7,0.7,0.79,406.92,440.13,409.94,226.79,0.00,PASS,,recovery_detected,True,False,0,774,1,88,,,,,,,,,,,,,,,,,,,,
CMA-ES,20260607,38,3,6,cma_r38_003_tl50_dt126_ge1_qr80_tau72,50,126,1,0.8,0.72,290.92,448.43,305.24,226.79,0.00,PASS,,recovery_detected,True,False,0,995,1,95,,,,,,,,,,,,,,,,,,,,
CMA-ES,20260607,38,4,6,cma_r38_004_tl38_dt121_ge0_qr81_tau75,38,121,0,0.81,0.75,319.92,439.73,330.81,226.79,0.00,PASS,,recovery_detected,True,False,0,1017,1,105,,,,,,,,,,,,,,,,,,,,
CMA-ES,20260607,38,5,6,cma_r38_005_tl24_dt106_ge4_qr60_tau73,24,106,4,0.6,0.73,436.92,431.52,436.43,226.79,0.00,PASS,,recovery_detected,True,False,0,1288,1,105,,,,,,,,,,,,,,,,,,,,
CMA-ES,20260607,38,6,6,cma_r38_006_tl18_dt85_ge0_qr72_tau72,18,85,0,0.72,0.72,0.00,490.93,1000044.63,226.79,1000000.00,FAIL,emergency_stuck,emergency_stuck,False,False,0,1414,1,81,,,,,,,,,,,,,,,,,,,,
CMA-ES,20260607,39,1,6,cma_r39_001_tl45_dt100_ge3_qr54_tau75,45,100,3,0.54,0.75,285.92,449.62,300.80,226.79,0.00,PASS,,recovery_detected,True,False,0,1019,1,80,,,,,,,,,,,,,,,,,,,,
CMA-ES,20260607,39,2,6,cma_r39_002_tl35_dt95_ge0_qr74_tau72,35,95,0,0.74,0.72,305.92,455.03,319.48,226.79,0.00,PASS,,recovery_detected,True,False,0,1193,1,100,,,,,,,,,,,,,,,,,,,,
CMA-ES,20260607,39,3,6,cma_r39_003_tl63_dt118_ge7_qr63_tau74,63,118,7,0.63,0.74,264.92,464.84,283.09,226.79,0.00,PASS,,recovery_detected,True,False,0,627,1,69,,,,,,,,,,,,,,,,,,,,
CMA-ES,20260607,39,4,6,cma_r39_004_tl61_dt135_ge3_qr67_tau76,61,135,3,0.67,0.76,426.92,427.65,426.99,226.79,0.00,PASS,,recovery_detected,True,False,0,1156,1,108,,,,,,,,,,,,,,,,,,,,
CMA-ES,20260607,39,5,6,cma_r39_005_tl31_dt91_ge0_qr77_tau70,31,91,0,0.77,0.7,324.92,431.43,334.60,226.79,0.00,PASS,,recovery_detected,True,False,0,1360,1,109,,,,,,,,,,,,,,,,,,,,
CMA-ES,20260607,39,6,6,cma_r39_006_tl55_dt98_ge5_qr66_tau74,55,98,5,0.66,0.74,359.92,426.72,365.99,226.79,0.00,PASS,,recovery_detected,True,False,0,1032,1,89,,,,,,,,,,,,,,,,,,,,
CMA-ES,20260607,40,1,6,cma_r40_001_tl61_dt100_ge10_qr64_tau70,61,100,10,0.64,0.7,307.92,454.21,321.22,226.79,0.00,PASS,,recovery_detected,True,False,0,558,1,67,,,,,,,,,,,,,,,,,,,,
CMA-ES,20260607,40,2,6,cma_r40_002_tl48_dt94_ge7_qr48_tau81,48,94,7,0.48,0.81,485.92,428.72,480.72,226.79,0.00,PASS,,recovery_detected,True,False,0,1312,1,100,,,,,,,,,,,,,,,,,,,,
CMA-ES,20260607,40,3,6,cma_r40_003_tl71_dt130_ge6_qr54_tau78,71,130,6,0.54,0.78,334.92,434.67,343.99,226.79,0.00,PASS,,recovery_detected,True,False,0,873,1,82,,,,,,,,,,,,,,,,,,,,
CMA-ES,20260607,40,4,6,cma_r40_004_tl54_dt86_ge13_qr23_tau78,54,86,13,0.23,0.78,376.92,437.42,382.42,226.79,0.00,PASS,,recovery_detected,True,False,0,693,1,65,,,,,,,,,,,,,,,,,,,,
CMA-ES,20260607,40,5,6,cma_r40_005_tl46_dt91_ge2_qr74_tau73,46,91,2,0.74,0.73,529.92,313.99,510.29,226.79,0.00,PASS,,recovery_timeout,True,False,0,1295,1,135,,,,,,,,,,,,,,,,,,,,
CMA-ES,20260607,40,6,6,cma_r40_006_tl53_dt104_ge5_qr69_tau71,53,104,5,0.69,0.71,376.92,438.15,382.49,226.79,0.00,PASS,,recovery_detected,True,False,0,833,1,91,,,,,,,,,,,,,,,,,,,,
CMA-ES,20260607,41,1,6,cma_r41_001_tl69_dt112_ge13_qr42_tau74,69,112,13,0.42,0.74,0.00,495.82,1000045.07,226.79,1000000.00,FAIL,emergency_stuck,emergency_stuck,False,False,0,326,1,46,,,,,,,,,,,,,,,,,,,,
CMA-ES,20260607,41,2,6,cma_r41_002_tl74_dt140_ge7_qr45_tau79,74,140,7,0.45,0.79,459.92,312.87,446.55,226.79,0.00,PASS,,recovery_timeout,True,False,0,879,1,94,,,,,,,,,,,,,,,,,,,,
CMA-ES,20260607,41,3,6,cma_r41_003_tl106_dt160_ge10_qr54_tau72,106,160,10,0.54,0.72,314.92,450.77,327.27,226.79,0.00,PASS,,recovery_detected,True,False,0,556,1,67,,,,,,,,,,,,,,,,,,,,
CMA-ES,20260607,41,4,6,cma_r41_004_tl55_dt120_ge3_qr48_tau70,55,120,3,0.48,0.7,361.92,442.89,369.28,226.79,0.00,PASS,,recovery_detected,True,False,0,1015,1,97,,,,,,,,,,,,,,,,,,,,
CMA-ES,20260607,41,5,6,cma_r41_005_tl75_dt128_ge14_qr63_tau78,75,128,14,0.63,0.78,472.92,427.95,468.83,226.79,0.00,PASS,,recovery_detected,True,False,0,479,1,75,,,,,,,,,,,,,,,,,,,,
CMA-ES,20260607,41,6,6,cma_r41_006_tl65_dt133_ge6_qr68_tau79,65,133,6,0.68,0.79,288.92,453.18,303.85,226.79,0.00,PASS,,recovery_detected,True,False,0,752,1,74,,,,,,,,,,,,,,,,,,,,
CMA-ES,20260607,42,1,6,cma_r42_001_tl82_dt122_ge1_qr18_tau79,82,122,1,0.18,0.79,354.92,429.57,361.71,226.79,0.00,PASS,,recovery_detected,True,False,0,1309,1,102,,,,,,,,,,,,,,,,,,,,
CMA-ES,20260607,42,2,6,cma_r42_002_tl91_dt149_ge8_qr51_tau78,91,149,8,0.51,0.78,296.92,453.81,311.18,226.79,0.00,PASS,,recovery_detected,True,False,0,517,1,70,,,,,,,,,,,,,,,,,,,,
CMA-ES,20260607,42,3,6,cma_r42_003_tl65_dt109_ge11_qr59_tau77,65,109,11,0.59,0.77,366.92,442.20,373.76,226.79,0.00,PASS,,recovery_detected,True,False,0,646,1,70,,,,,,,,,,,,,,,,,,,,
CMA-ES,20260607,42,4,6,cma_r42_004_tl45_dt111_ge13_qr70_tau76,45,111,13,0.7,0.76,428.92,433.76,429.36,226.79,0.00,PASS,,recovery_detected,True,False,0,572,1,73,,,,,,,,,,,,,,,,,,,,
CMA-ES,20260607,42,5,6,cma_r42_005_tl97_dt183_ge2_qr52_tau81,97,183,2,0.52,0.81,405.92,431.52,408.25,226.79,0.00,PASS,,recovery_detected,True,False,0,1015,1,113,,,,,,,,,,,,,,,,,,,,
CMA-ES,20260607,42,6,6,cma_r42_006_tl99_dt170_ge11_qr30_tau81,99,170,11,0.3,0.81,458.92,430.72,456.36,226.79,0.00,PASS,,recovery_detected,True,False,0,785,1,80,,,,,,,,,,,,,,,,,,,,
CMA-ES,20260607,43,1,6,cma_r43_001_tl86_dt106_ge12_qr8_tau76,86,106,12,0.08,0.76,512.92,311.24,494.59,226.79,0.00,PASS,,recovery_timeout,True,False,0,627,1,86,,,,,,,,,,,,,,,,,,,,
CMA-ES,20260607,43,2,6,cma_r43_002_tl90_dt137_ge5_qr60_tau82,90,137,5,0.6,0.82,423.92,434.69,424.90,226.79,0.00,PASS,,recovery_detected,True,False,0,951,1,97,,,,,,,,,,,,,,,,,,,,
CMA-ES,20260607,43,3,6,cma_r43_003_tl108_dt179_ge5_qr28_tau81,108,179,5,0.28,0.81,430.92,327.49,421.52,226.79,0.00,PASS,,recovery_timeout,True,False,0,821,1,96,,,,,,,,,,,,,,,,,,,,
CMA-ES,20260607,43,4,6,cma_r43_004_tl90_dt104_ge15_qr44_tau73,90,104,15,0.44,0.73,463.92,319.21,450.76,226.79,0.00,PASS,,recovery_timeout,True,False,0,633,1,71,,,,,,,,,,,,,,,,,,,,
CMA-ES,20260607,43,5,6,cma_r43_005_tl99_dt131_ge2_qr36_tau74,99,131,2,0.36,0.74,441.92,426.72,440.54,226.79,0.00,PASS,,recovery_detected,True,False,0,1102,1,117,,,,,,,,,,,,,,,,,,,,
CMA-ES,20260607,43,6,6,cma_r43_006_tl85_dt124_ge15_qr45_tau73,85,124,15,0.45,0.73,368.92,439.94,375.38,226.79,0.00,PASS,,recovery_detected,True,False,0,464,1,60,,,,,,,,,,,,,,,,,,,,
CMA-ES,20260607,44,1,6,cma_r44_001_tl69_dt109_ge8_qr47_tau75,69,109,8,0.47,0.75,395.92,435.61,399.53,226.79,0.00,PASS,,recovery_detected,True,False,0,888,1,79,,,,,,,,,,,,,,,,,,,,
CMA-ES,20260607,44,2,6,cma_r44_002_tl87_dt154_ge8_qr56_tau76,87,154,8,0.56,0.76,296.92,453.81,311.18,226.79,0.00,PASS,,recovery_detected,True,False,0,519,1,70,,,,,,,,,,,,,,,,,,,,
CMA-ES,20260607,44,3,6,cma_r44_003_tl83_dt155_ge17_qr51_tau77,83,155,17,0.51,0.77,437.92,324.69,427.63,226.79,0.00,PASS,,recovery_timeout,True,False,0,516,1,67,,,,,,,,,,,,,,,,,,,,
CMA-ES,20260607,44,4,6,cma_r44_004_tl78_dt130_ge23_qr34_tau80,78,130,23,0.34,0.8,505.92,312.16,488.31,226.79,0.00,PASS,,recovery_timeout,True,False,0,543,1,61,,,,,,,,,,,,,,,,,,,,
CMA-ES,20260607,44,5,6,cma_r44_005_tl111_dt125_ge19_qr3_tau82,111,125,19,0.03,0.82,595.92,293.98,568.47,226.79,0.00,PASS,,recovery_timeout,True,False,0,747,1,76,,,,,,,,,,,,,,,,,,,,
CMA-ES,20260607,44,6,6,cma_r44_006_tl75_dt132_ge7_qr62_tau75,75,132,7,0.62,0.75,318.92,446.64,330.53,226.79,0.00,PASS,,recovery_detected,True,False,0,725,1,72,,,,,,,,,,,,,,,,,,,,
CMA-ES,20260607,45,1,6,cma_r45_001_tl75_dt123_ge8_qr54_tau73,75,123,8,0.54,0.73,392.92,360.80,390.00,226.79,0.00,PASS,,recovery_timeout,True,False,0,698,1,83,,,,,,,,,,,,,,,,,,,,
CMA-ES,20260607,45,2,6,cma_r45_002_tl91_dt155_ge4_qr50_tau78,91,155,4,0.5,0.78,359.92,440.64,367.26,226.79,0.00,PASS,,recovery_detected,True,False,0,783,1,94,,,,,,,,,,,,,,,,,,,,
CMA-ES,20260607,45,3,6,cma_r45_003_tl81_dt155_ge11_qr65_tau78,81,155,11,0.65,0.78,458.92,430.72,456.36,226.79,0.00,PASS,,recovery_detected,True,False,0,783,1,80,,,,,,,,,,,,,,,,,,,,
CMA-ES,20260607,45,4,6,cma_r45_004_tl73_dt121_ge10_qr52_tau75,73,121,10,0.52,0.75,576.92,296.12,551.39,226.79,0.00,PASS,,recovery_timeout,True,False,0,928,1,100,,,,,,,,,,,,,,,,,,,,
CMA-ES,20260607,45,5,6,cma_r45_005_tl84_dt131_ge2_qr58_tau80,84,131,2,0.58,0.8,441.92,426.72,440.54,226.79,0.00,PASS,,recovery_detected,True,False,0,1102,1,117,,,,,,,,,,,,,,,,,,,,
CMA-ES,20260607,45,6,6,cma_r45_006_tl72_dt154_ge7_qr70_tau72,72,154,7,0.7,0.72,386.92,439.80,391.73,226.79,0.00,PASS,,recovery_detected,True,False,0,870,1,82,,,,,,,,,,,,,,,,,,,,
CMA-ES,20260607,46,1,6,cma_r46_001_tl88_dt157_ge7_qr44_tau76,88,157,7,0.44,0.76,459.92,312.87,446.55,226.79,0.00,PASS,,recovery_timeout,True,False,0,880,1,94,,,,,,,,,,,,,,,,,,,,
CMA-ES,20260607,46,2,6,cma_r46_002_tl84_dt167_ge7_qr76_tau74,84,167,7,0.76,0.74,356.92,444.82,364.91,226.79,0.00,PASS,,recovery_detected,True,False,0,671,1,79,,,,,,,,,,,,,,,,,,,,
CMA-ES,20260607,46,3,6,cma_r46_003_tl68_dt121_ge5_qr58_tau76,68,121,5,0.58,0.76,312.92,441.76,324.63,226.79,0.00,PASS,,recovery_detected,True,False,0,968,1,77,,,,,,,,,,,,,,,,,,,,
CMA-ES,20260607,46,4,6,cma_r46_004_tl84_dt167_ge2_qr57_tau74,84,167,2,0.57,0.74,405.92,431.52,408.25,226.79,0.00,PASS,,recovery_detected,True,False,0,1013,1,113,,,,,,,,,,,,,,,,,,,,
CMA-ES,20260607,46,5,6,cma_r46_005_tl80_dt132_ge2_qr31_tau76,80,132,2,0.31,0.76,441.92,426.72,440.54,226.79,0.00,PASS,,recovery_detected,True,False,0,1102,1,117,,,,,,,,,,,,,,,,,,,,
CMA-ES,20260607,46,6,6,cma_r46_006_tl75_dt147_ge1_qr42_tau75,75,147,1,0.42,0.75,369.92,442.16,376.49,226.79,0.00,PASS,,recovery_detected,True,False,0,1196,1,107,,,,,,,,,,,,,,,,,,,,
CMA-ES,20260607,47,1,6,cma_r47_001_tl92_dt161_ge7_qr63_tau75,92,161,7,0.63,0.75,459.92,312.87,446.55,226.79,0.00,PASS,,recovery_timeout,True,False,0,881,1,94,,,,,,,,,,,,,,,,,,,,
CMA-ES,20260607,47,2,6,cma_r47_002_tl95_dt154_ge3_qr39_tau77,95,154,3,0.39,0.77,336.92,440.01,346.29,226.79,0.00,PASS,,recovery_detected,True,False,0,788,1,95,,,,,,,,,,,,,,,,,,,,
CMA-ES,20260607,47,3,6,cma_r47_003_tl81_dt140_ge4_qr51_tau76,81,140,4,0.51,0.76,421.92,433.88,423.01,226.79,0.00,PASS,,recovery_detected,True,False,0,971,1,104,,,,,,,,,,,,,,,,,,,,
CMA-ES,20260607,47,4,6,cma_r47_004_tl84_dt143_ge8_qr53_tau74,84,143,8,0.53,0.74,382.92,362.52,381.06,226.79,0.00,PASS,,recovery_timeout,True,False,0,716,1,80,,,,,,,,,,,,,,,,,,,,
CMA-ES,20260607,47,5,6,cma_r47_005_tl80_dt128_ge5_qr65_tau76,80,128,5,0.65,0.76,447.92,431.24,446.40,226.79,0.00,PASS,,recovery_detected,True,False,0,1141,1,103,,,,,,,,,,,,,,,,,,,,
CMA-ES,20260607,47,6,6,cma_r47_006_tl71_dt135_ge3_qr60_tau72,71,135,3,0.6,0.72,307.92,434.35,319.41,226.79,0.00,PASS,,recovery_detected,True,False,0,739,1,91,,,,,,,,,,,,,,,,,,,,
CMA-ES,20260607,48,1,6,cma_r48_001_tl71_dt141_ge1_qr59_tau74,71,141,1,0.59,0.74,308.92,452.24,321.95,226.79,0.00,PASS,,recovery_detected,True,False,0,904,1,95,,,,,,,,,,,,,,,,,,,,
CMA-ES,20260607,48,2,6,cma_r48_002_tl81_dt137_ge6_qr50_tau73,81,137,6,0.5,0.73,464.92,433.42,462.06,226.79,0.00,PASS,,recovery_detected,True,False,0,854,1,103,,,,,,,,,,,,,,,,,,,,
CMA-ES,20260607,48,3,6,cma_r48_003_tl92_dt144_ge3_qr44_tau78,92,144,3,0.44,0.78,421.92,434.52,423.07,226.79,0.00,PASS,,recovery_detected,True,False,0,1020,1,109,,,,,,,,,,,,,,,,,,,,
CMA-ES,20260607,48,4,6,cma_r48_004_tl75_dt130_ge5_qr55_tau75,75,130,5,0.55,0.75,361.92,444.60,369.44,226.79,0.00,PASS,,recovery_detected,True,False,0,846,1,89,,,,,,,,,,,,,,,,,,,,
CMA-ES,20260607,48,5,6,cma_r48_005_tl77_dt145_ge0_qr43_tau78,77,145,0,0.43,0.78,301.92,454.43,315.78,226.79,0.00,PASS,,recovery_detected,True,False,0,841,1,102,,,,,,,,,,,,,,,,,,,,
CMA-ES,20260607,48,6,6,cma_r48_006_tl77_dt138_ge4_qr62_tau72,77,138,4,0.62,0.72,441.92,321.27,430.95,226.79,0.00,PASS,,recovery_timeout,True,False,0,1113,1,107,,,,,,,,,,,,,,,,,,,,
CMA-ES,20260607,49,1,6,cma_r49_001_tl82_dt158_ge0_qr55_tau78,82,158,0,0.55,0.78,304.92,441.72,317.36,226.79,0.00,PASS,,recovery_detected,True,False,0,879,1,109,,,,,,,,,,,,,,,,,,,,
CMA-ES,20260607,49,2,6,cma_r49_002_tl84_dt170_ge1_qr46_tau76,84,170,1,0.46,0.76,349.92,444.88,358.55,226.79,0.00,PASS,,recovery_detected,True,False,0,947,1,105,,,,,,,,,,,,,,,,,,,,
CMA-ES,20260607,49,3,6,cma_r49_003_tl86_dt154_ge5_qr45_tau75,86,154,5,0.45,0.75,452.92,430.66,450.90,226.79,0.00,PASS,,recovery_detected,True,False,0,939,1,101,,,,,,,,,,,,,,,,,,,,
CMA-ES,20260607,49,4,6,cma_r49_004_tl86_dt124_ge1_qr17_tau77,86,124,1,0.17,0.77,332.92,447.00,343.29,226.79,0.00,PASS,,recovery_detected,True,False,0,859,1,106,,,,,,,,,,,,,,,,,,,,
CMA-ES,20260607,49,5,6,cma_r49_005_tl91_dt138_ge1_qr28_tau80,91,138,1,0.28,0.8,349.92,444.88,358.55,226.79,0.00,PASS,,recovery_detected,True,False,0,938,1,105,,,,,,,,,,,,,,,,,,,,
CMA-ES,20260607,49,6,6,cma_r49_006_tl77_dt136_ge4_qr44_tau79,77,136,4,0.44,0.79,441.92,321.27,430.95,226.79,0.00,PASS,,recovery_timeout,True,False,0,1113,1,107,,,,,,,,,,,,,,,,,,,,
CMA-ES,20260607,50,1,6,cma_r50_001_tl81_dt150_ge5_qr49_tau79,81,150,5,0.49,0.79,452.92,430.66,450.90,226.79,0.00,PASS,,recovery_detected,True,False,0,938,1,101,,,,,,,,,,,,,,,,,,,,
CMA-ES,20260607,50,2,6,cma_r50_002_tl67_dt164_ge1_qr62_tau76,67,164,1,0.62,0.76,309.92,445.69,322.26,226.79,0.00,PASS,,recovery_detected,True,False,0,972,1,95,,,,,,,,,,,,,,,,,,,,
CMA-ES,20260607,50,3,6,cma_r50_003_tl69_dt115_ge1_qr63_tau74,69,115,1,0.63,0.74,447.92,431.23,446.40,226.79,0.00,PASS,,recovery_detected,True,False,0,1244,1,128,,,,,,,,,,,,,,,,,,,,
CMA-ES,20260607,50,4,6,cma_r50_004_tl82_dt146_ge0_qr43_tau77,82,146,0,0.43,0.77,301.92,454.43,315.78,226.79,0.00,PASS,,recovery_detected,True,False,0,841,1,102,,,,,,,,,,,,,,,,,,,,
CMA-ES,20260607,50,5,6,cma_r50_005_tl89_dt170_ge5_qr66_tau76,89,170,5,0.66,0.76,452.92,430.66,450.90,226.79,0.00,PASS,,recovery_detected,True,False,0,941,1,101,,,,,,,,,,,,,,,,,,,,
CMA-ES,20260607,50,6,6,cma_r50_006_tl90_dt163_ge1_qr51_tau79,90,163,1,0.51,0.79,308.92,453.31,322.05,226.79,0.00,PASS,,recovery_detected,True,False,0,891,1,102,,,,,,,,,,,,,,,,,,,,
BO,20260607,1,1,6,bo_r01_001_tl50_dt212_ge40_qr62_tau90,50,212,40,0.62,0.9,475.92,424.50,471.25,471.25,0.00,PASS,,recovery_detected,True,False,0,323,1,42,,,,,,,,,,,,,,,,,,,,
BO,20260607,1,2,6,bo_r01_002_tl80_dt143_ge18_qr17_tau79,80,143,18,0.17,0.79,443.92,431.35,442.78,442.78,0.00,PASS,,recovery_detected,True,False,0,419,1,64,,,,,,,,,,,,,,,,,,,,
BO,20260607,1,3,6,bo_r01_003_tl56_dt74_ge28_qr32_tau74,56,74,28,0.32,0.74,500.92,309.91,483.56,442.78,0.00,PASS,,recovery_timeout,True,False,0,516,1,55,,,,,,,,,,,,,,,,,,,,
BO,20260607,1,4,6,bo_r01_004_tl78_dt142_ge10_qr0_tau80,78,142,10,0.0,0.8,328.92,446.38,339.60,339.60,0.00,PASS,,recovery_detected,True,False,0,731,1,67,,,,,,,,,,,,,,,,,,,,
BO,20260607,1,5,6,bo_r01_005_tl105_dt126_ge33_qr23_tau89,105,126,33,0.23,0.89,486.92,428.06,481.57,339.60,0.00,PASS,,recovery_detected,True,False,0,435,1,46,,,,,,,,,,,,,,,,,,,,
BO,20260607,1,6,6,bo_r01_006_tl105_dt71_ge21_qr60_tau80,105,71,21,0.6,0.8,0.00,481.19,1000043.74,339.60,1000000.00,FAIL,emergency_stuck,emergency_stuck,False,False,0,534,1,39,,,,,,,,,,,,,,,,,,,,
BO,20260607,2,1,6,bo_r02_001_tl29_dt79_ge10_qr71_tau82,29,79,10,0.71,0.82,439.92,428.65,438.90,339.60,0.00,PASS,,recovery_detected,True,False,0,1133,1,82,462.89,391.69,534.08,,,,,,,,,,,,,,,,,
BO,20260607,2,2,6,bo_r02_002_tl61_dt51_ge26_qr29_tau78,61,51,26,0.29,0.78,0.00,498.60,1000045.33,339.60,1000000.00,FAIL,emergency_stuck,emergency_stuck,False,False,0,1210,1,28,485.43,469.45,501.41,,,,,,,,,,,,,,,,,
BO,20260607,2,3,6,bo_r02_003_tl7_dt0_ge15_qr73_tau70,7,0,15,0.73,0.7,456.92,434.63,454.89,339.60,0.00,PASS,,recovery_detected,True,False,0,1045,1,73,460.12,378.50,541.74,,,,,,,,,,,,,,,,,
BO,20260607,2,4,6,bo_r02_004_tl45_dt222_ge5_qr68_tau73,45,222,5,0.68,0.73,350.92,437.38,358.78,339.60,0.00,PASS,,recovery_detected,True,False,0,1061,1,87,466.01,410.08,521.93,,,,,,,,,,,,,,,,,
BO,20260607,2,5,6,bo_r02_005_tl75_dt123_ge26_qr40_tau78,75,123,26,0.4,0.78,504.92,315.16,487.67,339.60,0.00,PASS,,recovery_timeout,True,False,0,451,1,57,475.25,424.60,525.89,,,,,,,,,,,,,,,,,
BO,20260607,2,6,6,bo_r02_006_tl108_dt47_ge23_qr15_tau70,108,47,23,0.15,0.7,0.00,496.77,1000045.16,339.60,1000000.00,FAIL,emergency_stuck,emergency_stuck,False,False,0,1553,1,28,430.83,401.12,460.54,,,,,,,,,,,,,,,,,
BO,20260607,3,1,6,bo_r03_001_tl22_dt31_ge1_qr54_tau72,22,31,1,0.54,0.72,0.00,504.37,1000045.85,339.60,1000000.00,FAIL,emergency_stuck,emergency_stuck,False,False,0,2374,1,47,404.92,328.05,481.79,,,,,,,,,,,,,,,,,
BO,20260607,3,2,6,bo_r03_002_tl55_dt52_ge38_qr75_tau71,55,52,38,0.75,0.71,0.00,497.40,1000045.22,339.60,1000000.00,FAIL,emergency_stuck,emergency_stuck,False,False,0,1077,1,23,466.98,395.97,537.99,,,,,,,,,,,,,,,,,
BO,20260607,3,3,6,bo_r03_003_tl1_dt76_ge49_qr33_tau80,1,76,49,0.33,0.8,0.00,504.14,1000045.83,339.60,1000000.00,FAIL,emergency_stuck,emergency_stuck,False,False,0,399,1,19,452.65,363.17,542.14,,,,,,,,,,,,,,,,,
BO,20260607,3,4,6,bo_r03_004_tl27_dt38_ge13_qr63_tau70,27,38,13,0.63,0.7,0.00,502.05,1000045.64,339.60,1000000.00,FAIL,emergency_stuck,emergency_stuck,False,False,0,2244,1,31,448.57,429.94,467.20,,,,,,,,,,,,,,,,,
BO,20260607,3,5,6,bo_r03_005_tl65_dt18_ge27_qr88_tau89,65,18,27,0.88,0.89,0.00,497.26,1000045.21,339.60,1000000.00,FAIL,emergency_stuck,emergency_stuck,False,False,0,3638,1,19,469.53,401.08,537.98,,,,,,,,,,,,,,,,,
BO,20260607,3,6,6,bo_r03_006_tl40_dt213_ge31_qr40_tau70,40,213,31,0.4,0.7,650.92,295.86,618.64,339.60,0.00,PASS,,recovery_timeout,True,False,0,423,1,59,482.20,433.70,530.70,,,,,,,,,,,,,,,,,
BO,20260607,4,1,6,bo_r04_001_tl3_dt71_ge44_qr30_tau88,3,71,44,0.3,0.88,0.00,498.85,1000045.35,339.60,1000000.00,FAIL,emergency_stuck,emergency_stuck,False,False,0,896,1,20,462.97,330.98,594.95,,,,,,,,,,,,,,,,,
BO,20260607,4,2,6,bo_r04_002_tl31_dt28_ge30_qr19_tau81,31,28,30,0.19,0.81,0.00,499.75,1000045.43,339.60,1000000.00,FAIL,emergency_stuck,emergency_stuck,False,False,0,2720,1,20,470.10,381.43,558.78,,,,,,,,,,,,,,,,,
BO,20260607,4,3,6,bo_r04_003_tl68_dt207_ge1_qr84_tau82,68,207,1,0.84,0.82,309.92,445.69,322.26,322.26,0.00,PASS,,recovery_detected,True,False,0,977,1,95,374.82,276.51,473.14,,,,,,,,,,,,,,,,,
BO,20260607,4,4,6,bo_r04_004_tl67_dt190_ge15_qr77_tau75,67,190,15,0.77,0.75,283.92,455.78,299.54,299.54,0.00,PASS,,recovery_detected,True,False,0,358,1,52,416.15,336.09,496.20,,,,,,,,,,,,,,,,,
BO,20260607,4,5,6,bo_r04_005_tl11_dt176_ge20_qr90_tau78,11,176,20,0.9,0.78,440.92,428.86,439.82,299.54,0.00,PASS,,recovery_detected,True,False,0,743,1,59,490.49,379.51,601.46,,,,,,,,,,,,,,,,,
BO,20260607,4,6,6,bo_r04_006_tl56_dt15_ge36_qr99_tau75,56,15,36,0.99,0.75,223.92,470.90,246.37,246.37,0.00,PASS,,recovery_detected,True,False,0,3321,0,17,472.57,356.92,588.23,,,,,,,,,,,,,,,,,
BO,20260607,5,1,6,bo_r05_001_tl50_dt39_ge28_qr38_tau70,50,39,28,0.38,0.7,0.00,495.92,1000045.08,246.37,1000000.00,FAIL,emergency_stuck,emergency_stuck,False,False,0,2187,1,25,477.56,413.40,541.72,,,,,,,,,,,,,,,,,
BO,20260607,5,2,6,bo_r05_002_tl59_dt170_ge9_qr25_tau77,59,170,9,0.25,0.77,336.92,440.72,346.36,246.37,0.00,PASS,,recovery_detected,True,False,0,633,1,75,483.31,391.95,574.66,,,,,,,,,,,,,,,,,
BO,20260607,5,3,6,bo_r05_003_tl86_dt37_ge15_qr94_tau90,86,37,15,0.94,0.9,0.00,494.84,1000044.99,246.37,1000000.00,FAIL,emergency_stuck,emergency_stuck,False,False,0,2448,0,30,291.91,164.16,419.67,,,,,,,,,,,,,,,,,
BO,20260607,5,4,6,bo_r05_004_tl67_dt40_ge43_qr75_tau74,67,40,43,0.75,0.74,0.00,498.11,1000045.28,246.37,1000000.00,FAIL,emergency_stuck,emergency_stuck,False,False,0,2160,1,17,341.14,213.51,468.78,,,,,,,,,,,,,,,,,
BO,20260607,5,5,6,bo_r05_005_tl20_dt219_ge38_qr92_tau78,20,219,38,0.92,0.78,437.92,316.65,426.90,246.37,0.00,PASS,,recovery_timeout,True,False,0,608,0,44,411.74,311.07,512.42,,,,,,,,,,,,,,,,,
BO,20260607,5,6,6,bo_r05_006_tl98_dt149_ge21_qr12_tau76,98,149,21,0.12,0.76,672.92,286.11,637.76,246.37,0.00,PASS,,recovery_timeout,True,False,0,676,1,76,426.97,360.18,493.75,,,,,,,,,,,,,,,,,
BO,20260607,6,1,6,bo_r06_001_tl37_dt28_ge3_qr1_tau72,37,28,3,0.01,0.72,0.00,500.32,1000045.48,246.37,1000000.00,FAIL,emergency_stuck,emergency_stuck,False,False,0,2811,1,40,430.94,240.59,621.29,,,,,,,,,,,,,,,,,
BO,20260607,6,2,6,bo_r06_002_tl102_dt145_ge40_qr25_tau77,102,145,40,0.25,0.77,475.92,424.50,471.25,246.37,0.00,PASS,,recovery_detected,True,False,0,325,1,42,451.93,351.88,551.99,,,,,,,,,,,,,,,,,
BO,20260607,6,3,6,bo_r06_003_tl11_dt134_ge17_qr24_tau80,11,134,17,0.24,0.8,0.00,496.74,1000045.16,246.37,1000000.00,FAIL,emergency_stuck,emergency_stuck,False,False,0,652,1,42,456.69,269.98,643.40,,,,,,,,,,,,,,,,,
BO,20260607,6,4,6,bo_r06_004_tl22_dt213_ge0_qr82_tau77,22,213,0,0.82,0.77,313.92,437.10,325.12,246.37,0.00,PASS,,recovery_detected,True,False,0,1206,1,105,429.56,279.40,579.72,,,,,,,,,,,,,,,,,
BO,20260607,6,5,6,bo_r06_005_tl67_dt81_ge39_qr81_tau85,67,81,39,0.81,0.85,337.92,440.29,347.23,246.37,0.00,PASS,,recovery_detected,True,False,0,407,1,37,341.03,191.48,490.58,,,,,,,,,,,,,,,,,
BO,20260607,6,6,6,bo_r06_006_tl17_dt9_ge0_qr89_tau86,17,9,0,0.89,0.86,327.92,444.20,338.49,246.37,0.00,PASS,,recovery_detected,True,False,0,4553,1,33,434.37,271.48,597.25,,,,,,,,,,,,,,,,,
BO,20260607,7,1,6,bo_r07_001_tl58_dt81_ge42_qr4_tau82,58,81,42,0.04,0.82,679.92,295.37,644.96,246.37,0.00,PASS,,recovery_timeout,True,False,0,489,1,49,465.37,300.86,629.87,,,,,,,,,,,,,,,,,
BO,20260607,7,2,6,bo_r07_002_tl12_dt115_ge48_qr61_tau70,12,115,48,0.61,0.7,710.92,299.31,673.50,246.37,0.00,PASS,,recovery_timeout,True,False,0,487,1,49,447.64,278.74,616.55,,,,,,,,,,,,,,,,,
BO,20260607,7,3,6,bo_r07_003_tl73_dt176_ge11_qr55_tau84,73,176,11,0.55,0.84,458.92,430.72,456.36,246.37,0.00,PASS,,recovery_detected,True,False,0,787,1,80,376.80,262.18,491.43,,,,,,,,,,,,,,,,,
BO,20260607,7,4,6,bo_r07_004_tl26_dt15_ge37_qr40_tau84,26,15,37,0.4,0.84,0.00,498.65,1000045.33,246.37,1000000.00,FAIL,emergency_stuck,emergency_stuck,False,False,0,3562,1,13,535.75,379.93,691.57,,,,,,,,,,,,,,,,,
BO,20260607,7,5,6,bo_r07_005_tl106_dt115_ge29_qr23_tau87,106,115,29,0.23,0.87,660.92,293.70,627.54,246.37,0.00,PASS,,recovery_timeout,True,False,0,463,1,64,498.04,465.11,530.98,,,,,,,,,,,,,,,,,
BO,20260607,7,6,6,bo_r07_006_tl34_dt110_ge15_qr88_tau86,34,110,15,0.88,0.86,444.92,430.53,443.61,246.37,0.00,PASS,,recovery_detected,True,False,0,724,1,70,404.52,286.50,522.55,,,,,,,,,,,,,,,,,
BO,20260607,8,1,6,bo_r08_001_tl103_dt74_ge32_qr38_tau71,103,74,32,0.38,0.71,0.00,481.99,1000043.82,246.37,1000000.00,FAIL,emergency_stuck,emergency_stuck,False,False,0,353,1,32,508.87,414.27,603.47,,,,,,,,,,,,,,,,,
BO,20260607,8,2,6,bo_r08_002_tl12_dt66_ge2_qr31_tau79,12,66,2,0.31,0.79,301.92,455.01,315.84,246.37,0.00,PASS,,recovery_detected,True,False,0,1424,1,82,378.08,183.61,572.55,,,,,,,,,,,,,,,,,
BO,20260607,8,3,6,bo_r08_003_tl52_dt209_ge43_qr9_tau88,52,209,43,0.09,0.88,0.00,458.95,1000041.72,246.37,1000000.00,FAIL,emergency_stuck,emergency_stuck,False,False,0,189,1,32,642.48,545.45,739.52,,,,,,,,,,,,,,,,,
BO,20260607,8,4,6,bo_r08_004_tl53_dt156_ge33_qr38_tau86,53,156,33,0.38,0.86,399.92,429.99,402.65,246.37,0.00,PASS,,recovery_detected,True,False,0,322,1,42,560.22,434.97,685.47,,,,,,,,,,,,,,,,,
BO,20260607,8,5,6,bo_r08_005_tl23_dt153_ge44_qr17_tau73,23,153,44,0.17,0.73,0.00,470.64,1000042.79,246.37,1000000.00,FAIL,emergency_stuck,emergency_stuck,False,False,0,277,1,29,619.70,446.30,793.10,,,,,,,,,,,,,,,,,
BO,20260607,8,6,6,bo_r08_006_tl17_dt76_ge27_qr36_tau87,17,76,27,0.36,0.87,0.00,470.32,1000042.76,246.37,1000000.00,FAIL,emergency_stuck,emergency_stuck,False,False,0,596,1,41,471.82,295.45,648.19,,,,,,,,,,,,,,,,,
BO,20260607,9,1,6,bo_r09_001_tl106_dt21_ge32_qr45_tau74,106,21,32,0.45,0.74,0.00,496.87,1000045.17,246.37,1000000.00,FAIL,emergency_stuck,emergency_stuck,False,False,0,3145,1,16,470.83,311.78,629.88,,,,,,,,,,,,,,,,,
BO,20260607,9,2,6,bo_r09_002_tl105_dt75_ge12_qr84_tau87,105,75,12,0.84,0.87,513.92,303.99,494.83,246.37,0.00,PASS,,recovery_timeout,True,False,0,907,1,84,466.43,321.23,611.64,,,,,,,,,,,,,,,,,
BO,20260607,9,3,6,bo_r09_003_tl42_dt159_ge27_qr57_tau83,42,159,27,0.57,0.83,484.92,317.29,469.68,246.37,0.00,PASS,,recovery_timeout,True,False,0,489,1,54,488.33,364.45,612.21,,,,,,,,,,,,,,,,,
BO,20260607,9,4,6,bo_r09_004_tl102_dt211_ge3_qr0_tau84,102,211,3,0.0,0.84,322.92,433.20,332.95,246.37,0.00,PASS,,recovery_detected,True,False,0,761,1,98,360.28,180.39,540.16,,,,,,,,,,,,,,,,,
BO,20260607,9,5,6,bo_r09_005_tl34_dt45_ge45_qr95_tau90,34,45,45,0.95,0.9,0.00,495.52,1000045.05,246.37,1000000.00,FAIL,emergency_stuck,emergency_stuck,False,False,0,1352,0,19,557.10,363.16,751.05,,,,,,,,,,,,,,,,,
BO,20260607,9,6,6,bo_r09_006_tl32_dt111_ge6_qr52_tau83,32,111,6,0.52,0.83,291.92,445.97,305.92,246.37,0.00,PASS,,recovery_detected,True,False,0,954,1,76,358.62,223.00,494.24,,,,,,,,,,,,,,,,,
BO,20260607,10,1,6,bo_r10_001_tl78_dt33_ge41_qr96_tau79,78,33,41,0.96,0.79,0.00,495.45,1000045.04,246.37,1000000.00,FAIL,emergency_stuck,emergency_stuck,False,False,0,2896,0,18,437.63,306.47,568.80,,,,,,,,,,,,,,,,,
BO,20260607,10,2,6,bo_r10_002_tl33_dt142_ge15_qr0_tau74,33,142,15,0.0,0.74,459.92,429.21,457.13,246.37,0.00,PASS,,recovery_detected,True,False,0,671,1,70,360.55,221.18,499.93,,,,,,,,,,,,,,,,,
BO,20260607,10,3,6,bo_r10_003_tl111_dt95_ge35_qr42_tau87,111,95,35,0.42,0.87,352.92,446.38,361.42,246.37,0.00,PASS,,recovery_detected,True,False,0,398,1,38,369.80,263.39,476.21,,,,,,,,,,,,,,,,,
BO,20260607,10,4,6,bo_r10_004_tl66_dt53_ge41_qr27_tau85,66,53,41,0.27,0.85,0.00,498.33,1000045.30,246.37,1000000.00,FAIL,emergency_stuck,emergency_stuck,False,False,0,1060,1,21,552.85,480.48,625.21,,,,,,,,,,,,,,,,,
BO,20260607,10,5,6,bo_r10_005_tl85_dt211_ge25_qr2_tau81,85,211,25,0.02,0.81,406.92,435.74,409.54,246.37,0.00,PASS,,recovery_detected,True,False,0,291,1,49,554.93,430.04,679.82,,,,,,,,,,,,,,,,,
BO,20260607,10,6,6,bo_r10_006_tl92_dt188_ge2_qr19_tau88,92,188,2,0.19,0.88,405.92,431.52,408.25,246.37,0.00,PASS,,recovery_detected,True,False,0,1015,1,113,327.29,251.00,403.57,,,,,,,,,,,,,,,,,
BO,20260607,11,1,6,bo_r11_001_tl40_dt0_ge36_qr100_tau79,40,0,36,1.0,0.79,459.92,427.07,456.93,246.37,0.00,PASS,,recovery_detected,True,False,0,374,0,44,250.74,144.91,356.57,18.94,18.89,ei,,,16.04,4.39,3.02,3.82,3.21,16.04,6.79,16.04,6.21,2.77507399,5,0.846893
BO,20260607,11,2,6,bo_r11_002_tl36_dt6_ge36_qr89_tau81,36,6,36,0.89,0.81,313.92,445.64,325.89,246.37,0.00,PASS,,recovery_detected,True,False,0,4773,1,14,266.23,139.28,393.19,16.72,16.67,ei,,,13.93,3.76,2.60,3.31,2.77,13.93,5.89,13.93,5.38,2.63411761,5,0.833163
BO,20260607,11,3,6,bo_r11_003_tl61_dt6_ge35_qr100_tau77,61,6,35,1.0,0.77,315.92,443.96,327.56,246.37,0.00,PASS,,recovery_detected,True,False,0,4894,0,15,253.89,169.73,338.05,13.19,13.15,ei,,,11.34,3.35,2.26,2.78,2.31,11.34,4.73,11.34,4.46,2.42812528,5,0.859746
BO,20260607,11,4,6,bo_r11_004_tl50_dt15_ge37_qr97_tau77,50,15,37,0.97,0.77,223.92,470.90,246.37,246.37,0.00,PASS,,recovery_detected,True,False,0,3321,0,17,251.14,173.60,328.68,13.04,13.01,ei,,,10.90,3.11,2.12,2.65,2.20,10.90,4.55,10.90,4.25,2.38871052,5,0.835563
BO,20260607,11,5,6,bo_r11_005_tl49_dt6_ge34_qr95_tau80,49,6,34,0.95,0.8,315.92,443.96,327.56,246.37,0.00,PASS,,recovery_detected,True,False,0,4894,0,15,293.89,149.74,438.05,11.23,11.20,ei,,,9.60,2.71,1.85,2.31,1.94,9.60,4.04,9.60,3.74,2.26165384,5,0.854728
BO,20260607,11,6,6,bo_r11_006_tl48_dt32_ge38_qr100_tau79,48,32,38,1.0,0.79,0.00,500.29,1000045.48,246.37,1000000.00,FAIL,emergency_stuck,emergency_stuck,False,False,0,2565,0,18,282.30,167.93,396.66,9.31,9.29,ei,,,8.00,2.25,1.54,1.93,1.61,8.00,3.38,8.00,3.12,2.07978582,5,0.859286
BO,20260607,12,1,6,bo_r12_001_tl51_dt22_ge37_qr88_tau75,51,22,37,0.88,0.75,0.00,496.85,1000045.17,246.37,1000000.00,FAIL,emergency_stuck,emergency_stuck,False,False,0,3148,1,16,253.74,155.00,352.49,16.16,16.10,ei,,,12.80,3.72,2.51,3.14,2.57,12.80,5.24,12.80,5.00,2.54933463,5,0.791829
BO,20260607,12,2,6,bo_r12_002_tl56_dt26_ge36_qr85_tau78,56,26,36,0.85,0.78,0.00,498.94,1000045.36,246.37,1000000.00,FAIL,emergency_stuck,emergency_stuck,False,False,0,2810,1,16,281.17,144.06,418.29,13.57,13.52,ei,,,11.16,3.27,2.21,2.74,2.26,11.16,4.61,11.16,4.37,2.41241238,5,0.822705
BO,20260607,12,3,6,bo_r12_003_tl47_dt21_ge37_qr95_tau76,47,21,37,0.95,0.76,270.92,457.66,287.90,246.37,0.00,PASS,,recovery_detected,True,False,0,2812,0,21,248.32,176.59,320.05,13.14,13.10,ei,,,10.68,3.03,2.06,2.59,2.14,10.68,4.43,10.68,4.15,2.36811392,5,0.812330
BO,20260607,12,4,6,bo_r12_004_tl37_dt28_ge37_qr91_tau76,37,28,37,0.91,0.76,0.00,499.79,1000045.44,246.37,1000000.00,FAIL,emergency_stuck,emergency_stuck,False,False,0,2619,0,17,287.97,146.20,429.74,12.40,12.36,ei,,,9.70,2.65,1.82,2.33,1.91,9.70,4.01,9.70,3.74,2.27177369,5,0.781726
BO,20260607,12,5,6,bo_r12_005_tl65_dt23_ge37_qr99_tau77,65,23,37,0.99,0.77,0.00,495.01,1000045.00,246.37,1000000.00,FAIL,emergency_stuck,emergency_stuck,False,False,0,3102,0,17,260.21,168.31,352.12,12.19,12.16,ei,,,10.56,3.16,2.13,2.60,2.17,10.56,4.40,10.56,4.17,2.35748464,5,0.866502
BO,20260607,12,6,6,bo_r12_006_tl36_dt26_ge35_qr87_tau74,36,26,35,0.87,0.74,0.00,500.24,1000045.48,246.37,1000000.00,FAIL,emergency_stuck,emergency_stuck,False,False,0,2816,1,17,291.76,153.17,430.34,10.86,10.81,ei,,,8.06,2.21,1.51,1.95,1.57,8.06,3.28,8.06,3.10,2.08715334,5,0.742309
BO,20260607,13,1,6,bo_r13_001_tl106_dt15_ge36_qr97_tau80,106,15,36,0.97,0.8,223.92,470.90,246.37,246.37,0.00,PASS,,recovery_detected,True,False,0,3321,0,17,247.62,199.12,296.12,8.76,8.75,ei,,,8.51,2.82,1.86,2.17,1.82,8.51,3.56,8.51,3.46,2.14116299,5,0.971563
BO,20260607,13,2,6,bo_r13_002_tl37_dt133_ge6_qr44_tau79,37,133,6,0.44,0.79,418.92,336.08,411.39,246.37,0.00,PASS,,recovery_timeout,True,False,0,999,1,95,350.97,166.57,535.37,6.17,6.12,ei,,,3.52,0.92,0.62,0.86,0.64,3.52,1.31,3.52,1.31,1.25812021,5,0.570707
BO,20260607,13,3,6,bo_r13_003_tl35_dt93_ge3_qr53_tau81,35,93,3,0.53,0.81,294.92,454.76,309.45,246.37,0.00,PASS,,recovery_detected,True,False,0,1121,1,83,353.33,167.91,538.76,5.97,5.93,ei,,,3.66,0.93,0.64,0.88,0.67,3.66,1.41,3.66,1.37,1.29664723,5,0.612370
BO,20260607,13,4,6,bo_r13_004_tl29_dt89_ge4_qr48_tau82,29,89,4,0.48,0.82,309.92,454.42,323.06,246.37,0.00,PASS,,recovery_detected,True,False,0,951,1,86,350.98,169.15,532.80,5.89,5.85,ei,,,3.56,0.88,0.61,0.85,0.65,3.56,1.38,3.56,1.32,1.26946283,5,0.604396
BO,20260607,13,5,6,bo_r13_005_tl4_dt93_ge2_qr48_tau84,4,93,2,0.48,0.84,0.00,498.67,1000045.33,246.37,1000000.00,FAIL,emergency_stuck,emergency_stuck,False,False,0,1300,1,64,359.11,167.96,550.25,5.85,5.81,ei,,,3.34,0.69,0.50,0.76,0.58,3.34,1.31,3.34,1.20,1.20707492,5,0.571303
BO,20260607,13,6,6,bo_r13_006_tl35_dt130_ge7_qr56_tau81,35,130,7,0.56,0.81,392.92,429.76,396.27,246.37,0.00,PASS,,recovery_detected,True,False,0,875,1,87,350.26,171.02,529.50,5.71,5.67,ei,,,3.55,0.91,0.62,0.85,0.66,3.55,1.38,3.55,1.33,1.26642433,5,0.621833
BO,20260607,14,1,6,bo_r14_001_tl55_dt7_ge37_qr94_tau77,55,7,37,0.94,0.77,317.92,444.77,329.45,246.37,0.00,PASS,,recovery_detected,True,False,0,4921,0,15,243.14,153.82,332.47,24.32,24.25,ei,,,20.43,5.96,4.03,5.00,4.14,20.43,8.50,20.43,8.01,3.01721317,5,0.840171
BO,20260607,14,2,6,bo_r14_002_tl55_dt26_ge40_qr93_tau77,55,26,40,0.93,0.77,223.92,461.52,245.52,245.52,0.00,PASS,,recovery_detected,True,False,0,2436,0,22,252.99,115.90,390.07,23.53,23.46,ei,,,19.81,5.79,3.91,4.85,4.02,19.81,8.25,19.81,7.77,2.98619966,5,0.842008
BO,20260607,14,3,6,bo_r14_003_tl54_dt30_ge38_qr99_tau78,54,30,38,0.99,0.78,0.00,500.92,1000045.54,245.52,1000000.00,FAIL,emergency_stuck,emergency_stuck,False,False,0,2566,0,18,232.58,145.58,319.58,22.84,22.79,ei,,,19.60,5.65,3.83,4.76,3.97,19.60,8.22,19.60,7.67,2.97538127,5,0.857850
BO,20260607,14,4,6,bo_r14_004_tl52_dt13_ge39_qr99_tau75,52,13,39,0.99,0.75,0.00,489.29,1000044.48,245.52,1000000.00,FAIL,emergency_stuck,emergency_stuck,False,False,0,4495,0,10,238.86,161.43,316.29,20.89,20.83,ei,,,17.32,5.02,3.40,4.23,3.50,17.32,7.20,17.32,6.78,2.85201580,5,0.829238
BO,20260607,14,5,6,bo_r14_005_tl54_dt5_ge40_qr100_tau70,54,5,40,1.0,0.7,377.92,440.89,383.64,245.52,0.00,PASS,,recovery_detected,True,False,0,5094,0,15,263.16,140.31,386.00,19.74,19.66,ei,,,15.51,4.61,3.09,3.84,3.12,15.51,6.31,15.51,6.08,2.74163401,5,0.786004
BO,20260607,14,6,6,bo_r14_006_tl56_dt35_ge38_qr100_tau72,56,35,38,1.0,0.72,0.00,490.26,1000044.57,245.52,1000000.00,FAIL,emergency_stuck,emergency_stuck,False,False,0,2552,0,22,249.42,138.51,360.33,18.98,18.91,ei,,,15.12,4.47,3.00,3.74,3.05,15.12,6.18,15.12,5.93,2.71607977,5,0.796594
BO,20260607,15,1,6,bo_r15_001_tl92_dt24_ge42_qr85_tau79,92,24,42,0.85,0.79,0.00,499.75,1000045.43,245.52,1000000.00,FAIL,emergency_stuck,emergency_stuck,False,False,0,2846,1,15,256.78,149.51,364.05,16.23,16.20,ei,,,14.96,4.88,3.22,3.80,3.16,14.96,6.20,14.96,6.04,2.70552698,5,0.922089
BO,20260607,15,2,6,bo_r15_002_tl42_dt23_ge42_qr90_tau78,42,23,42,0.9,0.78,0.00,499.75,1000045.43,245.52,1000000.00,FAIL,emergency_stuck,emergency_stuck,False,False,0,2873,1,14,254.26,153.64,354.88,15.95,15.91,ei,,,13.22,3.70,2.53,3.19,2.65,13.22,5.53,13.22,5.14,2.58164399,5,0.828513
BO,20260607,15,3,6,bo_r15_003_tl54_dt28_ge42_qr99_tau80,54,28,42,0.99,0.8,224.92,461.38,246.42,245.52,0.00,PASS,,recovery_detected,True,False,0,2402,0,22,255.93,155.28,356.58,15.26,15.23,ei,,,13.63,3.93,2.67,3.30,2.78,13.63,5.78,13.63,5.35,2.61262597,5,0.893430
BO,20260607,15,4,6,bo_r15_004_tl46_dt28_ge42_qr93_tau73,46,28,42,0.93,0.73,224.92,461.38,246.42,245.52,0.00,PASS,,recovery_detected,True,False,0,2402,0,22,254.88,158.08,351.69,14.93,14.88,ei,,,11.75,3.38,2.28,2.87,2.35,11.75,4.82,11.75,4.57,2.46374637,5,0.786852
BO,20260607,15,5,6,bo_r15_005_tl60_dt23_ge41_qr97_tau79,60,23,41,0.97,0.79,268.92,456.40,285.96,245.52,0.00,PASS,,recovery_detected,True,False,0,2734,0,21,240.54,177.70,303.38,14.85,14.82,ei,,,13.18,3.88,2.63,3.22,2.70,13.18,5.55,13.18,5.19,2.57836526,5,0.887215
BO,20260607,15,6,6,bo_r15_006_tl52_dt21_ge42_qr100_tau71,52,21,42,1.0,0.71,263.92,458.12,281.57,245.52,0.00,PASS,,recovery_detected,True,False,0,2847,0,22,260.36,152.94,367.79,14.83,14.78,ei,,,11.79,3.47,2.33,2.91,2.37,11.79,4.82,11.79,4.62,2.46735870,5,0.795067
BO,20260607,16,1,6,bo_r16_001_tl42_dt34_ge40_qr94_tau77,42,34,40,0.94,0.77,0.00,490.64,1000044.60,245.52,1000000.00,FAIL,emergency_stuck,emergency_stuck,False,False,0,2461,0,20,221.65,143.03,300.27,29.91,29.82,ei,,,24.45,6.81,4.66,5.89,4.88,24.45,10.21,24.45,9.48,3.19668634,5,0.817421
BO,20260607,16,2,6,bo_r16_002_tl44_dt35_ge40_qr83_tau71,44,35,40,0.83,0.71,0.00,502.44,1000045.68,245.52,1000000.00,FAIL,emergency_stuck,emergency_stuck,False,False,0,2237,1,17,226.21,135.27,317.16,29.03,28.90,ei,,,21.15,6.11,4.11,5.23,4.17,21.15,8.46,21.15,8.20,3.05174718,5,0.728526
BO,20260607,16,3,6,bo_r16_003_tl65_dt40_ge40_qr100_tau78,65,40,40,1.0,0.78,0.00,489.35,1000044.49,245.52,1000000.00,FAIL,emergency_stuck,emergency_stuck,False,False,0,1680,0,24,247.24,113.78,380.70,25.79,25.74,ei,,,22.81,6.82,4.59,5.61,4.69,22.81,9.57,22.81,9.01,3.12738685,5,0.884719
BO,20260607,16,4,6,bo_r16_004_tl55_dt36_ge41_qr80_tau73,55,36,41,0.8,0.73,0.00,496.63,1000045.15,245.52,1000000.00,FAIL,emergency_stuck,emergency_stuck,False,False,0,2511,1,17,232.46,138.13,326.78,25.78,25.68,ei,,,19.78,5.94,3.96,4.93,3.97,19.78,7.97,19.78,7.76,2.98462600,5,0.767156
BO,20260607,16,5,6,bo_r16_005_tl38_dt30_ge40_qr100_tau74,38,30,40,1.0,0.74,0.00,499.73,1000045.43,245.52,1000000.00,FAIL,emergency_stuck,emergency_stuck,False,False,0,2696,0,17,225.04,179.70,270.37,22.00,21.92,ei,,,17.43,4.80,3.28,4.19,3.45,17.43,7.23,17.43,6.73,2.85831904,5,0.792393
BO,20260607,16,6,6,bo_r16_006_tl62_dt32_ge41_qr85_tau76,62,32,41,0.85,0.76,0.00,502.81,1000045.71,245.52,1000000.00,FAIL,emergency_stuck,emergency_stuck,False,False,0,2541,1,16,227.50,172.26,282.73,21.69,21.62,ei,,,17.93,5.42,3.63,4.46,3.66,17.93,7.36,17.93,7.08,2.88626530,5,0.826598
BO,20260607,17,1,6,bo_r17_001_tl41_dt33_ge40_qr92_tau71,41,33,40,0.92,0.71,0.00,490.34,1000044.58,245.52,1000000.00,FAIL,emergency_stuck,emergency_stuck,False,False,0,2805,0,19,220.03,151.44,288.61,29.43,29.30,ei,,,21.93,6.21,4.20,5.36,4.32,21.93,8.88,21.93,8.48,3.08771710,5,0.745014
BO,20260607,17,2,6,bo_r17_002_tl48_dt36_ge40_qr81_tau77,48,36,40,0.81,0.77,0.00,502.50,1000045.68,245.52,1000000.00,FAIL,emergency_stuck,emergency_stuck,False,False,0,2190,1,19,230.80,129.28,332.33,28.20,28.10,ei,,,22.47,6.47,4.38,5.50,4.50,22.47,9.24,22.47,8.76,3.11232670,5,0.797025
BO,20260607,17,3,6,bo_r17_003_tl55_dt37_ge41_qr100_tau79,55,37,41,1.0,0.79,0.00,499.89,1000045.44,245.52,1000000.00,FAIL,emergency_stuck,emergency_stuck,False,False,0,2287,0,19,230.34,131.10,329.58,28.03,27.97,ei,,,24.69,7.13,4.85,5.99,5.03,24.69,10.43,24.69,9.69,3.20639555,5,0.880866
BO,20260607,17,4,6,bo_r17_004_tl47_dt32_ge40_qr87_tau76,47,32,40,0.87,0.76,0.00,500.24,1000045.48,245.52,1000000.00,FAIL,emergency_stuck,emergency_stuck,False,False,0,2676,1,16,220.70,161.57,279.83,27.45,27.36,ei,,,21.95,6.29,4.26,5.36,4.39,21.95,9.05,21.95,8.55,3.08888853,5,0.799688
BO,20260607,17,5,6,bo_r17_005_tl32_dt39_ge40_qr88_tau73,32,39,40,0.88,0.73,0.00,502.50,1000045.68,245.52,1000000.00,FAIL,emergency_stuck,emergency_stuck,False,False,0,2101,1,19,242.05,116.46,367.64,26.78,26.65,ei,,,19.78,5.38,3.67,4.77,3.85,19.78,8.06,19.78,7.58,2.98451401,5,0.738597
BO,20260607,17,6,6,bo_r17_006_tl56_dt39_ge41_qr95_tau75,56,39,41,0.95,0.75,0.00,493.72,1000044.88,245.52,1000000.00,FAIL,emergency_stuck,emergency_stuck,False,False,0,2363,0,19,239.11,121.70,356.52,26.66,26.58,ei,,,22.02,6.49,4.37,5.42,4.46,22.02,9.10,22.02,8.64,3.09209900,5,0.826183
BO,20260607,18,1,6,bo_r18_001_tl48_dt36_ge40_qr100_tau72,48,36,40,1.0,0.72,0.00,491.08,1000044.64,245.52,1000000.00,FAIL,emergency_stuck,emergency_stuck,False,False,0,2466,0,20,227.85,128.39,327.32,29.61,29.50,ei,,,23.32,6.71,4.54,5.71,4.66,23.32,9.56,23.32,9.08,3.14944071,5,0.787625
BO,20260607,18,2,6,bo_r18_002_tl29_dt38_ge40_qr89_tau78,29,38,40,0.89,0.78,0.00,502.50,1000045.68,245.52,1000000.00,FAIL,emergency_stuck,emergency_stuck,False,False,0,2130,1,19,236.81,119.45,354.17,27.90,27.80,ei,,,22.06,5.84,4.04,5.23,4.32,22.06,9.22,22.06,8.45,3.09356423,5,0.790596
BO,20260607,18,3,6,bo_r18_003_tl51_dt38_ge41_qr96_tau76,51,38,41,0.96,0.76,0.00,493.72,1000044.88,245.52,1000000.00,FAIL,emergency_stuck,emergency_stuck,False,False,0,2408,0,19,234.03,125.77,342.29,27.63,27.55,ei,,,22.95,6.62,4.48,5.59,4.63,22.95,9.54,22.95,8.97,3.13311028,5,0.830387
BO,20260607,18,4,6,bo_r18_004_tl55_dt33_ge40_qr79_tau77,55,33,40,0.79,0.77,0.00,498.54,1000045.32,245.52,1000000.00,FAIL,emergency_stuck,emergency_stuck,False,False,0,2418,1,16,225.05,149.06,301.04,27.05,26.96,ei,,,21.82,6.45,4.34,5.39,4.41,21.82,8.95,21.82,8.56,3.08264835,5,0.806377
BO,20260607,18,5,6,bo_r18_005_tl38_dt32_ge41_qr99_tau74,38,32,41,0.99,0.74,0.00,495.78,1000045.07,245.52,1000000.00,FAIL,emergency_stuck,emergency_stuck,False,False,0,2907,0,18,223.57,170.36,276.79,24.31,24.23,ei,,,19.27,5.32,3.64,4.64,3.82,19.27,7.99,19.27,7.45,2.95872184,5,0.792663
BO,20260607,18,6,6,bo_r18_006_tl61_dt41_ge40_qr88_tau78,61,41,40,0.88,0.78,0.00,496.97,1000045.18,245.52,1000000.00,FAIL,emergency_stuck,emergency_stuck,False,False,0,1693,1,21,253.96,113.25,394.67,24.13,24.07,ei,,,20.46,6.10,4.10,5.04,4.18,20.46,8.49,20.46,8.06,3.01866720,5,0.848039
BO,20260607,19,1,6,bo_r19_001_tl38_dt35_ge40_qr95_tau79,38,35,40,0.95,0.79,0.00,490.65,1000044.60,245.52,1000000.00,FAIL,emergency_stuck,emergency_stuck,False,False,0,2464,0,20,224.14,135.13,313.15,30.05,29.96,ei,,,25.06,6.84,4.70,5.97,4.99,25.06,10.56,25.06,9.69,3.22116298,5,0.833942
BO,20260607,19,2,6,bo_r19_002_tl49_dt35_ge40_qr96_tau78,49,35,40,0.96,0.78,0.00,490.65,1000044.60,245.52,1000000.00,FAIL,emergency_stuck,emergency_stuck,False,False,0,2464,0,20,224.26,135.72,312.79,29.88,29.80,ei,,,25.29,7.20,4.90,6.12,5.10,25.29,10.60,25.29,9.87,3.23029884,5,0.846213
BO,20260607,19,3,6,bo_r19_003_tl55_dt36_ge40_qr86_tau70,55,36,40,0.86,0.7,0.00,502.50,1000045.68,245.52,1000000.00,FAIL,emergency_stuck,emergency_stuck,False,False,0,2190,1,19,228.58,129.23,327.94,29.13,29.00,ei,,,21.71,6.54,4.36,5.44,4.34,21.71,8.66,21.71,8.51,3.07788776,5,0.745306
BO,20260607,19,4,6,bo_r19_004_tl96_dt36_ge40_qr100_tau80,96,36,40,1.0,0.8,0.00,491.08,1000044.64,245.52,1000000.00,FAIL,emergency_stuck,emergency_stuck,False,False,0,2466,0,20,233.15,128.88,337.41,27.35,27.33,ei,,,26.43,8.54,5.67,6.66,5.61,26.43,11.11,26.43,10.67,3.27468191,5,0.966696
BO,20260607,19,5,6,bo_r19_005_tl100_dt34_ge40_qr88_tau80,100,34,40,0.88,0.8,0.00,502.44,1000045.68,245.52,1000000.00,FAIL,emergency_stuck,emergency_stuck,False,False,0,2244,1,17,228.99,139.57,318.40,26.96,26.94,ei,,,25.51,8.42,5.55,6.50,5.43,25.51,10.61,25.51,10.34,3.23897545,5,0.946066
BO,20260607,19,6,6,bo_r19_006_tl45_dt43_ge41_qr92_tau74,45,43,41,0.92,0.74,0.00,494.01,1000044.91,245.52,1000000.00,FAIL,emergency_stuck,emergency_stuck,False,False,0,1462,0,22,263.48,114.92,412.05,21.67,21.59,ei,,,17.03,4.85,3.29,4.15,3.39,17.03,6.99,17.03,6.62,2.83492992,5,0.785952
BO,20260607,20,1,6,bo_r20_001_tl50_dt37_ge40_qr83_tau79,50,37,40,0.83,0.79,0.00,502.50,1000045.68,245.52,1000000.00,FAIL,emergency_stuck,emergency_stuck,False,False,0,2144,1,19,233.97,124.38,343.56,27.93,27.85,ei,,,23.11,6.65,4.51,5.63,4.66,23.11,9.61,23.11,9.03,3.14016199,5,0.827329
BO,20260607,20,2,6,bo_r20_002_tl63_dt38_ge40_qr91_tau74,63,38,40,0.91,0.74,0.00,490.49,1000044.59,245.52,1000000.00,FAIL,emergency_stuck,emergency_stuck,False,False,0,2438,0,21,236.53,119.78,353.28,27.93,27.84,ei,,,22.79,6.92,4.62,5.68,4.64,22.79,9.32,22.79,8.99,3.12619942,5,0.815904
BO,20260607,20,3,6,bo_r20_003_tl54_dt34_ge40_qr79_tau72,54,34,40,0.79,0.72,0.00,502.44,1000045.68,245.52,1000000.00,FAIL,emergency_stuck,emergency_stuck,False,False,0,2244,1,17,226.26,141.46,311.06,27.85,27.73,ei,,,20.87,6.26,4.17,5.22,4.17,20.87,8.34,20.87,8.17,3.03809395,5,0.749189
BO,20260607,20,4,6,bo_r20_004_tl56_dt32_ge40_qr89_tau77,56,32,40,0.89,0.77,0.00,500.24,1000045.48,245.52,1000000.00,FAIL,emergency_stuck,emergency_stuck,False,False,0,2676,1,16,220.82,162.28,279.36,27.27,27.19,ei,,,22.70,6.68,4.50,5.58,4.60,22.70,9.41,22.70,8.91,3.12247550,5,0.832564
BO,20260607,20,5,6,bo_r20_005_tl52_dt32_ge40_qr100_tau72,52,32,40,1.0,0.72,0.00,490.82,1000044.62,245.52,1000000.00,FAIL,emergency_stuck,emergency_stuck,False,False,0,2800,0,19,221.77,160.56,282.98,26.94,26.84,ei,,,21.45,6.27,4.22,5.28,4.31,21.45,8.79,21.45,8.39,3.06587677,5,0.796375
BO,20260607,20,6,6,bo_r20_006_tl32_dt33_ge40_qr76_tau72,32,33,40,0.76,0.72,0.00,498.54,1000045.32,245.52,1000000.00,FAIL,emergency_stuck,emergency_stuck,False,False,0,2418,1,16,226.68,147.58,305.78,26.51,26.38,ei,,,18.57,5.12,3.47,4.53,3.59,18.57,7.42,18.57,7.12,2.92179593,5,0.700538
BO,20260607,21,1,6,bo_r21_001_tl51_dt34_ge40_qr97_tau73,51,34,40,0.97,0.73,0.00,490.64,1000044.60,245.52,1000000.00,FAIL,emergency_stuck,emergency_stuck,False,False,0,2461,0,20,222.05,143.00,301.10,29.71,29.60,ei,,,23.70,6.89,4.65,5.82,4.76,23.70,9.73,23.70,9.26,3.16529013,5,0.797697
BO,20260607,21,2,6,bo_r21_002_tl23_dt33_ge40_qr92_tau76,23,33,40,0.92,0.76,0.00,490.34,1000044.58,245.52,1000000.00,FAIL,emergency_stuck,emergency_stuck,False,False,0,2805,0,19,220.84,149.03,292.64,29.35,29.23,ei,,,22.48,5.82,4.04,5.30,4.36,22.48,9.36,22.48,8.56,3.11255307,5,0.765863
BO,20260607,21,3,6,bo_r21_003_tl62_dt34_ge40_qr98_tau81,62,34,40,0.98,0.81,0.00,490.64,1000044.60,245.52,1000000.00,FAIL,emergency_stuck,emergency_stuck,False,False,0,2461,0,20,223.37,143.82,302.92,28.86,28.81,ei,,,26.23,7.71,5.22,6.39,5.39,26.23,11.12,26.23,10.35,3.26704212,5,0.908968
BO,20260607,21,4,6,bo_r21_004_tl55_dt37_ge39_qr93_tau73,55,37,39,0.93,0.73,0.00,491.20,1000044.65,245.52,1000000.00,FAIL,emergency_stuck,emergency_stuck,False,False,0,2560,0,23,250.54,132.46,368.62,21.11,21.03,ei,,,16.71,4.94,3.32,4.13,3.36,16.71,6.82,16.71,6.55,2.81590137,5,0.791566
BO,20260607,21,5,6,bo_r21_005_tl55_dt39_ge39_qr100_tau74,55,39,39,1.0,0.74,0.00,491.12,1000044.65,245.52,1000000.00,FAIL,emergency_stuck,emergency_stuck,False,False,0,2479,0,22,259.62,124.63,394.62,20.55,20.49,ei,,,16.83,4.92,3.32,4.13,3.40,16.83,6.95,16.83,6.59,2.82296129,5,0.818786
BO,20260607,21,6,6,bo_r21_006_tl31_dt35_ge39_qr86_tau73,31,35,39,0.86,0.73,0.00,501.53,1000045.59,245.52,1000000.00,FAIL,emergency_stuck,emergency_stuck,False,False,0,2292,1,17,244.88,142.88,346.88,20.54,20.45,ei,,,14.99,4.06,2.77,3.61,2.91,14.99,6.09,14.99,5.74,2.70752202,5,0.729811
BO,20260607,22,1,6,bo_r22_001_tl48_dt35_ge40_qr98_tau81,48,35,40,0.98,0.81,0.00,490.65,1000044.60,245.52,1000000.00,FAIL,emergency_stuck,emergency_stuck,False,False,0,2464,0,20,224.74,135.63,313.86,29.66,29.60,ei,,,26.17,7.35,5.03,6.28,5.30,26.17,11.12,26.17,10.21,3.26443025,5,0.882115
BO,20260607,22,2,6,bo_r22_002_tl59_dt39_ge40_qr93_tau73,59,39,40,0.93,0.73,0.00,489.63,1000044.51,245.52,1000000.00,FAIL,emergency_stuck,emergency_stuck,False,False,0,2433,0,21,241.19,116.31,366.08,27.08,26.98,ei,,,21.71,6.51,4.36,5.39,4.39,21.71,8.86,21.71,8.54,3.07776223,5,0.801825
BO,20260607,22,3,6,bo_r22_003_tl48_dt41_ge41_qr90_tau77,48,41,41,0.9,0.77,0.00,501.54,1000045.59,245.52,1000000.00,FAIL,emergency_stuck,emergency_stuck,False,False,0,1667,1,19,251.35,117.06,385.63,24.02,23.94,ei,,,19.71,5.64,3.82,4.79,3.96,19.71,8.19,19.71,7.68,2.98090457,5,0.820424
BO,20260607,22,4,6,bo_r22_004_tl59_dt32_ge41_qr100_tau79,59,32,41,1.0,0.79,0.00,495.78,1000045.07,245.52,1000000.00,FAIL,emergency_stuck,emergency_stuck,False,False,0,2907,0,18,225.50,174.23,276.77,22.53,22.48,ei,,,20.05,5.87,3.98,4.88,4.10,20.05,8.46,20.05,7.89,2.99806435,5,0.889906
BO,20260607,22,5,6,bo_r22_005_tl43_dt36_ge42_qr92_tau72,43,36,42,0.92,0.72,0.00,499.77,1000045.43,245.52,1000000.00,FAIL,emergency_stuck,emergency_stuck,False,False,0,2265,0,18,237.22,153.02,321.43,20.99,20.90,ei,,,16.07,4.58,3.10,3.93,3.19,16.07,6.55,16.07,6.23,2.77667702,5,0.765438
BO,20260607,22,6,6,bo_r22_006_tl55_dt37_ge39_qr84_tau72,55,37,39,0.84,0.72,0.00,502.80,1000045.71,245.52,1000000.00,FAIL,emergency_stuck,emergency_stuck,False,False,0,2205,1,17,251.80,132.25,371.35,20.83,20.74,ei,,,15.81,4.73,3.16,3.94,3.17,15.81,6.35,15.81,6.19,2.76063125,5,0.758966
BO,20260607,23,1,6,bo_r23_001_tl34_dt34_ge41_qr89_tau80,34,34,41,0.89,0.8,0.00,500.36,1000045.49,245.52,1000000.00,FAIL,emergency_stuck,emergency_stuck,False,False,0,2325,1,16,223.90,153.09,294.72,26.95,26.87,ei,,,22.27,6.01,4.14,5.29,4.42,22.27,9.39,22.27,8.59,3.10339180,5,0.826493
BO,20260607,23,2,6,bo_r23_002_tl50_dt40_ge40_qr96_tau73,50,40,40,0.96,0.73,0.00,489.35,1000044.49,245.52,1000000.00,FAIL,emergency_stuck,emergency_stuck,False,False,0,1680,0,24,246.34,113.55,379.13,26.09,25.99,ei,,,20.65,5.99,4.04,5.07,4.14,20.65,8.47,20.65,8.06,3.02786401,5,0.791659
BO,20260607,23,3,6,bo_r23_003_tl37_dt41_ge41_qr99_tau73,37,41,41,0.99,0.73,0.00,494.01,1000044.91,245.52,1000000.00,FAIL,emergency_stuck,emergency_stuck,False,False,0,1541,0,22,249.69,115.10,384.27,24.85,24.75,ei,,,19.31,5.32,3.63,4.65,3.81,19.31,7.97,19.31,7.45,2.96073775,5,0.777154
BO,20260607,23,4,6,bo_r23_004_tl44_dt39_ge41_qr81_tau75,44,39,41,0.81,0.75,0.00,496.63,1000045.15,245.52,1000000.00,FAIL,emergency_stuck,emergency_stuck,False,False,0,2426,1,17,243.96,123.69,364.23,24.72,24.62,ei,,,19.03,5.44,3.68,4.66,3.78,19.03,7.76,19.03,7.39,2.94608633,5,0.769815
BO,20260607,23,5,6,bo_r23_005_tl66_dt42_ge40_qr87_tau74,66,42,40,0.87,0.74,0.00,498.04,1000045.28,245.52,1000000.00,FAIL,emergency_stuck,emergency_stuck,False,False,0,1674,1,21,260.63,112.77,408.48,22.69,22.62,ei,,,18.40,5.66,3.77,4.61,3.75,18.40,7.49,18.40,7.28,2.91227005,5,0.810836
BO,20260607,23,6,6,bo_r23_006_tl51_dt30_ge40_qr88_tau73,51,30,40,0.88,0.73,0.00,503.69,1000045.79,245.52,1000000.00,FAIL,emergency_stuck,emergency_stuck,False,False,0,2665,1,16,223.50,184.80,262.21,22.40,22.31,ei,,,17.41,5.11,3.43,4.30,3.49,17.41,7.08,17.41,6.80,2.85712576,5,0.777258
BO,20260607,24,1,6,bo_r24_001_tl40_dt37_ge41_qr96_tau79,40,37,41,0.96,0.79,0.00,499.89,1000045.44,245.52,1000000.00,FAIL,emergency_stuck,emergency_stuck,False,False,0,2287,0,19,229.79,130.68,328.90,28.34,28.26,ei,,,23.88,6.57,4.51,5.71,4.78,23.88,10.08,23.88,9.25,3.17317705,5,0.842806
BO,20260607,24,2,6,bo_r24_002_tl58_dt34_ge41_qr93_tau80,58,34,41,0.93,0.8,0.00,499.89,1000045.44,245.52,1000000.00,FAIL,emergency_stuck,emergency_stuck,False,False,0,2340,0,17,224.02,154.48,293.55,26.65,26.59,ei,,,23.49,6.87,4.66,5.73,4.80,23.49,9.89,23.49,9.24,3.15674396,5,0.881629
BO,20260607,24,3,6,bo_r24_003_tl112_dt35_ge40_qr80_tau81,112,35,40,0.8,0.81,0.00,502.44,1000045.68,245.52,1000000.00,FAIL,emergency_stuck,emergency_stuck,False,False,0,2237,1,17,236.79,130.20,343.38,25.73,25.72,ei,,,24.71,8.42,5.51,6.38,5.31,24.71,10.23,24.71,10.10,3.20734964,5,0.960344
BO,20260607,24,4,6,bo_r24_004_tl66_dt39_ge41_qr87_tau77,66,39,41,0.87,0.77,0.00,496.63,1000045.15,245.52,1000000.00,FAIL,emergency_stuck,emergency_stuck,False,False,0,2426,1,17,241.91,122.73,361.10,25.54,25.48,ei,,,21.66,6.60,4.41,5.39,4.44,21.66,8.94,21.66,8.57,3.07546850,5,0.847956
BO,20260607,24,5,6,bo_r24_005_tl56_dt42_ge41_qr100_tau76,56,42,41,1.0,0.76,0.00,494.01,1000044.91,245.52,1000000.00,FAIL,emergency_stuck,emergency_stuck,False,False,0,1491,0,22,256.10,114.31,397.89,23.40,23.34,ei,,,19.85,5.80,3.92,4.86,4.03,19.85,8.28,19.85,7.79,2.98842591,5,0.848313
BO,20260607,24,6,6,bo_r24_006_tl39_dt30_ge40_qr97_tau75,39,30,40,0.97,0.75,0.00,499.73,1000045.43,245.52,1000000.00,FAIL,emergency_stuck,emergency_stuck,False,False,0,2696,0,17,223.95,182.33,265.58,22.38,22.30,ei,,,17.86,4.94,3.38,4.30,3.54,17.86,7.42,17.86,6.91,2.88249419,5,0.798090
BO,20260607,25,1,6,bo_r25_001_tl40_dt34_ge40_qr85_tau73,40,34,40,0.85,0.73,0.00,502.44,1000045.68,245.52,1000000.00,FAIL,emergency_stuck,emergency_stuck,False,False,0,2244,1,17,222.94,142.61,303.26,29.30,29.17,ei,,,21.92,6.18,4.19,5.35,4.32,21.92,8.89,21.92,8.47,3.08730249,5,0.748027
BO,20260607,25,2,6,bo_r25_002_tl33_dt34_ge41_qr95_tau72,33,34,41,0.95,0.72,0.00,499.89,1000045.44,245.52,1000000.00,FAIL,emergency_stuck,emergency_stuck,False,False,0,2340,0,17,222.36,151.53,293.18,28.07,27.95,ei,,,21.08,5.75,3.93,5.08,4.12,21.08,8.63,21.08,8.10,3.04830926,5,0.750996
BO,20260607,25,3,6,bo_r25_003_tl101_dt36_ge41_qr94_tau86,101,36,41,0.94,0.86,0.00,499.89,1000045.44,245.52,1000000.00,FAIL,emergency_stuck,emergency_stuck,False,False,0,2225,0,19,233.84,136.18,331.49,25.63,25.63,ei,,,25.63,8.51,5.67,6.62,5.65,25.63,11.27,25.63,10.56,3.24363778,5,1.000000
BO,20260607,25,4,6,bo_r25_004_tl57_dt40_ge41_qr95_tau78,57,40,41,0.95,0.78,0.00,493.86,1000044.90,245.52,1000000.00,FAIL,emergency_stuck,emergency_stuck,False,False,0,2315,0,19,244.63,118.65,370.62,25.55,25.48,ei,,,21.99,6.44,4.35,5.37,4.48,21.99,9.20,21.99,8.64,3.09056807,5,0.860790
BO,20260607,25,5,6,bo_r25_005_tl47_dt31_ge40_qr100_tau77,47,31,40,1.0,0.77,0.00,491.89,1000044.72,245.52,1000000.00,FAIL,emergency_stuck,emergency_stuck,False,False,0,2805,0,19,223.02,171.22,274.82,24.54,24.47,ei,,,20.67,5.84,3.98,4.99,4.16,20.67,8.67,20.67,8.05,3.02860764,5,0.842179
BO,20260607,25,6,6,bo_r25_006_tl54_dt41_ge41_qr91_tau75,54,41,41,0.91,0.75,0.00,494.01,1000044.91,245.52,1000000.00,FAIL,emergency_stuck,emergency_stuck,False,False,0,1541,0,22,251.14,116.89,385.39,24.11,24.03,ei,,,19.58,5.75,3.87,4.82,3.95,19.58,8.06,19.58,7.67,2.97443320,5,0.812208
BO,20260607,26,1,6,bo_r26_001_tl59_dt37_ge40_qr95_tau74,59,37,40,0.95,0.74,0.00,490.62,1000044.60,245.52,1000000.00,FAIL,emergency_stuck,emergency_stuck,False,False,0,2443,0,21,231.44,123.88,339.01,29.00,28.91,ei,,,23.73,7.08,4.75,5.87,4.81,23.73,9.75,23.73,9.33,3.16675565,5,0.818205
BO,20260607,26,2,6,bo_r26_002_tl48_dt36_ge41_qr100_tau78,48,36,41,1.0,0.78,0.00,499.89,1000045.44,245.52,1000000.00,FAIL,emergency_stuck,emergency_stuck,False,False,0,2289,0,19,226.75,137.05,316.45,28.45,28.38,ei,,,24.38,6.90,4.71,5.88,4.92,24.38,10.27,24.38,9.51,3.19366401,5,0.856875
BO,20260607,26,3,6,bo_r26_003_tl49_dt38_ge40_qr94_tau80,49,38,40,0.94,0.8,0.00,490.49,1000044.59,245.52,1000000.00,FAIL,emergency_stuck,emergency_stuck,False,False,0,2438,0,21,235.90,119.66,352.14,28.17,28.10,ei,,,24.30,6.88,4.70,5.86,4.91,24.30,10.25,24.30,9.48,3.19048099,5,0.862542
BO,20260607,26,4,6,bo_r26_004_tl71_dt37_ge42_qr96_tau76,71,37,42,0.96,0.76,0.00,499.77,1000045.43,245.52,1000000.00,FAIL,emergency_stuck,emergency_stuck,False,False,0,2230,0,18,241.21,145.24,337.17,21.19,21.14,ei,,,18.48,5.69,3.80,4.60,3.82,18.48,7.66,18.48,7.34,2.91649395,5,0.871873
BO,20260607,26,5,6,bo_r26_005_tl58_dt40_ge42_qr96_tau79,58,40,42,0.96,0.79,0.00,493.87,1000044.90,245.52,1000000.00,FAIL,emergency_stuck,emergency_stuck,False,False,0,1682,0,21,253.41,129.81,377.01,20.93,20.88,ei,,,18.40,5.39,3.65,4.49,3.76,18.40,7.74,18.40,7.24,2.91251951,5,0.879338
BO,20260607,26,6,6,bo_r26_006_tl49_dt35_ge39_qr87_tau74,49,35,39,0.87,0.74,0.00,501.53,1000045.59,245.52,1000000.00,FAIL,emergency_stuck,emergency_stuck,False,False,0,2292,1,17,244.22,143.41,345.03,20.63,20.55,ei,,,16.04,4.65,3.13,3.94,3.20,16.04,6.54,16.04,6.25,2.77488066,5,0.777363
BO,20260607,27,1,6,bo_r27_001_tl53_dt34_ge40_qr87_tau70,53,34,40,0.87,0.7,0.00,502.44,1000045.68,245.52,1000000.00,FAIL,emergency_stuck,emergency_stuck,False,False,0,2244,1,17,222.47,143.01,301.93,29.48,29.35,ei,,,21.95,6.56,4.38,5.48,4.38,21.95,8.77,21.95,8.58,3.08859256,5,0.744492
BO,20260607,27,2,6,bo_r27_002_tl53_dt36_ge41_qr100_tau77,53,36,41,1.0,0.77,0.00,499.89,1000045.44,245.52,1000000.00,FAIL,emergency_stuck,emergency_stuck,False,False,0,2289,0,19,226.93,137.30,316.55,28.32,28.25,ei,,,24.22,6.99,4.75,5.89,4.91,24.22,10.15,24.22,9.49,3.18737254,5,0.855362
BO,20260607,27,3,6,bo_r27_003_tl61_dt32_ge40_qr91_tau71,61,32,40,0.91,0.71,0.00,490.82,1000044.62,245.52,1000000.00,FAIL,emergency_stuck,emergency_stuck,False,False,0,2800,0,19,220.75,162.03,279.48,27.35,27.25,ei,,,21.36,6.51,4.34,5.35,4.32,21.36,8.61,21.36,8.42,3.06135169,5,0.780851
BO,20260607,27,4,6,bo_r27_004_tl63_dt38_ge40_qr84_tau77,63,38,40,0.84,0.77,0.00,502.50,1000045.68,245.52,1000000.00,FAIL,emergency_stuck,emergency_stuck,False,False,0,2130,1,19,238.66,120.25,357.08,27.10,27.02,ei,,,22.55,6.82,4.56,5.60,4.60,22.55,9.28,22.55,8.90,3.11580507,5,0.832104
BO,20260607,27,5,6,bo_r27_005_tl10_dt38_ge41_qr83_tau79,10,38,41,0.83,0.79,0.00,496.63,1000045.15,245.52,1000000.00,FAIL,emergency_stuck,emergency_stuck,False,False,0,2514,1,17,239.28,125.90,352.67,25.75,25.64,ei,,,19.42,4.74,3.34,4.49,3.71,19.42,8.15,19.42,7.31,2.96655413,5,0.754396
BO,20260607,27,6,6,bo_r27_006_tl44_dt41_ge40_qr100_tau73,44,41,40,1.0,0.73,0.00,489.71,1000044.52,245.52,1000000.00,FAIL,emergency_stuck,emergency_stuck,False,False,0,1634,0,24,252.32,111.58,393.05,24.88,24.79,ei,,,19.64,5.55,3.77,4.77,3.91,19.64,8.10,19.64,7.62,2.97780427,5,0.789585
BO,20260607,28,1,6,bo_r28_001_tl40_dt36_ge40_qr97_tau71,40,36,40,0.97,0.71,0.00,491.08,1000044.64,245.52,1000000.00,FAIL,emergency_stuck,emergency_stuck,False,False,0,2466,0,20,227.19,128.23,326.14,29.93,29.81,ei,,,22.58,6.34,4.30,5.50,4.45,22.58,9.19,22.58,8.72,3.11696736,5,0.754246
BO,20260607,28,2,6,bo_r28_002_tl55_dt37_ge40_qr100_tau75,55,37,40,1.0,0.75,0.00,490.62,1000044.60,245.52,1000000.00,FAIL,emergency_stuck,emergency_stuck,False,False,0,2443,0,21,231.92,123.56,340.29,28.88,28.79,ei,,,24.07,7.03,4.75,5.89,4.87,24.07,9.99,24.07,9.44,3.18105833,5,0.833616
BO,20260607,28,3,6,bo_r28_003_tl72_dt33_ge40_qr100_tau71,72,33,40,1.0,0.71,0.00,490.34,1000044.58,245.52,1000000.00,FAIL,emergency_stuck,emergency_stuck,False,False,0,2805,0,19,223.50,151.02,295.97,27.53,27.44,ei,,,22.66,7.09,4.70,5.71,4.66,22.66,9.22,22.66,9.01,3.12042330,5,0.823031
BO,20260607,28,4,6,bo_r28_004_tl65_dt32_ge40_qr100_tau72,65,32,40,1.0,0.72,0.00,490.82,1000044.62,245.52,1000000.00,FAIL,emergency_stuck,emergency_stuck,False,False,0,2800,0,19,222.83,160.98,284.67,26.24,26.16,ei,,,21.54,6.57,4.39,5.38,4.40,21.54,8.81,21.54,8.51,3.07000980,5,0.821040
BO,20260607,28,5,6,bo_r28_005_tl112_dt34_ge41_qr97_tau82,112,34,41,0.97,0.82,0.00,499.89,1000045.44,245.52,1000000.00,FAIL,emergency_stuck,emergency_stuck,False,False,0,2340,0,17,233.24,148.59,317.89,23.40,23.40,ei,,,23.40,7.94,5.24,6.06,5.12,23.40,10.02,23.40,9.63,3.15294609,5,1.000000
BO,20260607,28,6,6,bo_r28_006_tl50_dt30_ge40_qr89_tau77,50,30,40,0.89,0.77,0.00,503.69,1000045.79,245.52,1000000.00,FAIL,emergency_stuck,emergency_stuck,False,False,0,2665,1,16,223.58,185.44,261.71,22.27,22.20,ei,,,18.30,5.28,3.57,4.46,3.68,18.30,7.59,18.30,7.15,2.90711238,5,0.821761
BO,20260607,29,1,6,bo_r29_001_tl51_dt36_ge40_qr92_tau74,51,36,40,0.92,0.74,0.00,491.08,1000044.64,245.52,1000000.00,FAIL,emergency_stuck,emergency_stuck,False,False,0,2466,0,20,227.24,129.29,325.20,29.71,29.60,ei,,,23.65,6.88,4.64,5.81,4.75,23.65,9.70,23.65,9.24,3.16331700,5,0.796117
BO,20260607,29,2,6,bo_r29_002_tl51_dt34_ge40_qr87_tau82,51,34,40,0.87,0.82,0.00,502.44,1000045.68,245.52,1000000.00,FAIL,emergency_stuck,emergency_stuck,False,False,0,2244,1,17,222.96,143.32,302.59,29.17,29.10,ei,,,25.45,7.26,4.95,6.15,5.16,25.45,10.75,25.45,9.96,3.23687918,5,0.872697
BO,20260607,29,3,6,bo_r29_003_tl35_dt38_ge40_qr100_tau72,35,38,40,1.0,0.72,0.00,490.49,1000044.59,245.52,1000000.00,FAIL,emergency_stuck,emergency_stuck,False,False,0,2438,0,21,236.18,118.31,354.06,28.35,28.23,ei,,,21.61,5.91,4.04,5.20,4.24,21.61,8.88,21.61,8.31,3.07324428,5,0.762379
BO,20260607,29,4,6,bo_r29_004_tl42_dt38_ge40_qr100_tau79,42,38,40,1.0,0.79,0.00,490.49,1000044.59,245.52,1000000.00,FAIL,emergency_stuck,emergency_stuck,False,False,0,2438,0,21,236.28,118.98,353.59,28.17,28.10,ei,,,24.02,6.63,4.55,5.74,4.82,24.02,10.16,24.02,9.32,3.17903317,5,0.852661
BO,20260607,29,5,6,bo_r29_005_tl41_dt39_ge40_qr89_tau74,41,39,40,0.89,0.74,0.00,502.50,1000045.68,245.52,1000000.00,FAIL,emergency_stuck,emergency_stuck,False,False,0,2101,1,19,241.59,116.51,366.67,26.91,26.80,ei,,,20.69,5.82,3.95,5.03,4.09,20.69,8.47,20.69,8.01,3.02985507,5,0.769073
BO,20260607,29,6,6,bo_r29_006_tl53_dt43_ge41_qr100_tau77,53,43,41,1.0,0.77,0.00,494.01,1000044.91,245.52,1000000.00,FAIL,emergency_stuck,emergency_stuck,False,False,0,1462,0,22,262.40,113.72,411.08,22.13,22.07,ei,,,18.88,5.45,3.70,4.59,3.83,18.88,7.91,18.88,7.39,2.93823040,5,0.853330
BO,20260607,30,1,6,bo_r30_001_tl43_dt35_ge40_qr97_tau79,43,35,40,0.97,0.79,0.00,490.65,1000044.60,245.52,1000000.00,FAIL,emergency_stuck,emergency_stuck,False,False,0,2464,0,20,224.36,135.31,313.40,29.91,29.83,ei,,,25.37,7.04,4.83,6.08,5.09,25.37,10.70,25.37,9.85,3.23354407,5,0.848229
BO,20260607,30,2,6,bo_r30_002_tl49_dt32_ge40_qr87_tau77,49,32,40,0.87,0.77,0.00,500.24,1000045.48,245.52,1000000.00,FAIL,emergency_stuck,emergency_stuck,False,False,0,2676,1,16,220.83,161.66,280.00,27.35,27.27,ei,,,22.28,6.41,4.34,5.43,4.48,22.28,9.22,22.28,8.69,3.10369270,5,0.814483
BO,20260607,30,3,6,bo_r30_003_tl50_dt31_ge40_qr97_tau79,50,31,40,0.97,0.79,0.00,491.89,1000044.72,245.52,1000000.00,FAIL,emergency_stuck,emergency_stuck,False,False,0,2805,0,19,222.22,173.20,271.25,24.78,24.73,ei,,,21.38,6.09,4.15,5.17,4.33,21.38,9.01,21.38,8.35,3.06250530,5,0.862671
BO,20260607,30,4,6,bo_r30_004_tl112_dt35_ge41_qr94_tau83,112,35,41,0.94,0.83,0.00,499.84,1000045.44,245.52,1000000.00,FAIL,emergency_stuck,emergency_stuck,False,False,0,2336,0,17,234.18,140.90,327.46,24.56,24.56,ei,,,24.56,8.35,5.51,6.37,5.39,24.56,10.55,24.56,10.12,3.20093161,5,1.000000
BO,20260607,30,5,6,bo_r30_005_tl40_dt32_ge41_qr100_tau71,40,32,41,1.0,0.71,0.00,495.78,1000045.07,245.52,1000000.00,FAIL,emergency_stuck,emergency_stuck,False,False,0,2907,0,18,223.63,169.77,277.49,24.37,24.27,ei,,,18.66,5.23,3.56,4.53,3.69,18.66,7.63,18.66,7.22,2.92652964,5,0.765857
BO,20260607,30,6,6,bo_r30_006_tl58_dt42_ge41_qr90_tau73,58,42,41,0.9,0.73,0.00,500.71,1000045.52,245.52,1000000.00,FAIL,emergency_stuck,emergency_stuck,False,False,0,1669,1,19,257.81,115.85,399.76,22.70,22.62,ei,,,18.05,5.42,3.62,4.49,3.65,18.05,7.35,18.05,7.10,2.89313652,5,0.795107
BO,20260607,31,1,6,bo_r31_001_tl48_dt33_ge40_qr100_tau79,48,33,40,1.0,0.79,0.00,490.34,1000044.58,245.52,1000000.00,FAIL,emergency_stuck,emergency_stuck,False,False,0,2805,0,19,221.95,151.37,292.53,28.32,28.26,ei,,,24.51,6.91,4.72,5.90,4.95,24.51,10.36,24.51,9.56,3.19928142,5,0.865496
BO,20260607,31,2,6,bo_r31_002_tl111_dt36_ge40_qr89_tau76,111,36,40,0.89,0.76,0.00,502.50,1000045.68,245.52,1000000.00,FAIL,emergency_stuck,emergency_stuck,False,False,0,2190,1,19,235.74,126.63,344.85,26.83,26.79,ei,,,24.81,8.53,5.57,6.45,5.32,24.81,10.15,24.81,10.14,3.21124559,5,0.924756
BO,20260607,31,3,6,bo_r31_003_tl64_dt39_ge40_qr88_tau80,64,39,40,0.88,0.8,0.00,502.50,1000045.68,245.52,1000000.00,FAIL,emergency_stuck,emergency_stuck,False,False,0,2101,1,19,242.61,116.94,368.29,26.50,26.45,ei,,,23.23,6.95,4.68,5.72,4.77,23.23,9.72,23.23,9.17,3.14524899,5,0.876312
BO,20260607,31,4,6,bo_r31_004_tl66_dt40_ge41_qr88_tau73,66,40,41,0.88,0.73,0.00,500.37,1000045.49,245.52,1000000.00,FAIL,emergency_stuck,emergency_stuck,False,False,0,1685,1,19,246.80,119.48,374.12,24.75,24.67,ei,,,19.95,6.16,4.09,5.01,4.07,19.95,8.10,19.95,7.90,2.99336317,5,0.806066
BO,20260607,31,5,6,bo_r31_005_tl37_dt41_ge41_qr85_tau72,37,41,41,0.85,0.72,0.00,501.54,1000045.59,245.52,1000000.00,FAIL,emergency_stuck,emergency_stuck,False,False,0,1667,1,19,253.18,117.91,388.44,23.38,23.27,ei,,,17.13,4.79,3.25,4.18,3.35,17.13,6.92,17.13,6.60,2.84081792,5,0.732554
BO,20260607,31,6,6,bo_r31_006_tl47_dt42_ge40_qr91_tau76,47,42,40,0.91,0.76,0.00,489.71,1000044.52,245.52,1000000.00,FAIL,emergency_stuck,emergency_stuck,False,False,0,1637,0,24,259.07,112.01,406.13,23.18,23.11,ei,,,18.70,5.33,3.62,4.55,3.74,18.70,7.73,18.70,7.28,2.92830125,5,0.806387
BO,20260607,32,1,6,bo_r32_001_tl60_dt35_ge40_qr100_tau73,60,35,40,1.0,0.73,0.00,490.65,1000044.60,245.52,1000000.00,FAIL,emergency_stuck,emergency_stuck,False,False,0,2464,0,20,225.42,135.33,315.51,29.39,29.30,ei,,,24.15,7.22,4.85,5.98,4.91,24.15,9.93,24.15,9.51,3.18442292,5,0.821683
BO,20260607,32,2,6,bo_r32_002_tl52_dt37_ge40_qr94_tau74,52,37,40,0.94,0.74,0.00,490.62,1000044.60,245.52,1000000.00,FAIL,emergency_stuck,emergency_stuck,False,False,0,2443,0,21,231.15,123.82,338.47,29.13,29.03,ei,,,23.38,6.82,4.60,5.74,4.70,23.38,9.61,23.38,9.14,3.15190767,5,0.802524
BO,20260607,32,3,6,bo_r32_003_tl44_dt33_ge40_qr100_tau81,44,33,40,1.0,0.81,0.00,490.34,1000044.58,245.52,1000000.00,FAIL,emergency_stuck,emergency_stuck,False,False,0,2805,0,19,222.00,151.05,292.94,28.35,28.29,ei,,,24.95,6.90,4.74,5.95,5.03,24.95,10.63,24.95,9.70,3.21671811,5,0.879906
BO,20260607,32,4,6,bo_r32_004_tl57_dt31_ge40_qr85_tau77,57,31,40,0.85,0.77,0.00,500.24,1000045.48,245.52,1000000.00,FAIL,emergency_stuck,emergency_stuck,False,False,0,2685,1,16,222.74,171.28,274.21,24.71,24.63,ei,,,20.39,6.04,4.06,5.03,4.13,20.39,8.41,20.39,8.01,3.01500294,5,0.825152
BO,20260607,32,5,6,bo_r32_005_tl50_dt40_ge40_qr70_tau71,50,40,40,0.7,0.71,0.00,498.56,1000045.32,245.52,1000000.00,FAIL,emergency_stuck,emergency_stuck,False,False,0,2179,1,19,258.01,117.98,398.03,22.23,22.12,ei,,,15.72,4.71,3.13,3.95,3.11,15.72,6.17,15.72,6.13,2.75503739,5,0.707259
BO,20260607,32,6,6,bo_r32_006_tl55_dt36_ge39_qr97_tau80,55,36,39,0.97,0.8,0.00,490.80,1000044.62,245.52,1000000.00,FAIL,emergency_stuck,emergency_stuck,False,False,0,2551,0,23,247.65,137.74,357.55,20.80,20.76,ei,,,18.27,5.27,3.58,4.43,3.72,18.27,7.72,18.27,7.16,2.90546516,5,0.878456
BO,20260607,33,1,6,bo_r33_001_tl60_dt34_ge40_qr90_tau75,60,34,40,0.9,0.75,0.00,502.44,1000045.68,245.52,1000000.00,FAIL,emergency_stuck,emergency_stuck,False,False,0,2244,1,17,222.42,143.50,301.34,29.42,29.32,ei,,,24.12,7.23,4.85,5.98,4.90,24.12,9.91,24.12,9.50,3.18311015,5,0.819973
BO,20260607,33,2,6,bo_r33_002_tl33_dt37_ge40_qr100_tau73,33,37,40,1.0,0.73,0.00,490.62,1000044.60,245.52,1000000.00,FAIL,emergency_stuck,emergency_stuck,False,False,0,2443,0,21,231.79,122.36,341.22,29.17,29.05,ei,,,22.46,6.07,4.17,5.38,4.40,22.46,9.28,22.46,8.63,3.11156842,5,0.769875
BO,20260607,33,3,6,bo_r33_003_tl41_dt38_ge40_qr92_tau73,41,38,40,0.92,0.73,0.00,490.49,1000044.59,245.52,1000000.00,FAIL,emergency_stuck,emergency_stuck,False,False,0,2438,0,21,235.79,119.37,352.20,28.27,28.16,ei,,,21.65,6.09,4.13,5.26,4.28,21.65,8.85,21.65,8.38,3.07477873,5,0.765563
BO,20260607,33,4,6,bo_r33_004_tl54_dt38_ge41_qr94_tau75,54,38,41,0.94,0.75,0.00,493.72,1000044.88,245.52,1000000.00,FAIL,emergency_stuck,emergency_stuck,False,False,0,2408,0,19,234.34,126.01,342.66,27.47,27.38,ei,,,22.53,6.60,4.45,5.53,4.55,22.53,9.31,22.53,8.83,3.11489583,5,0.820279
BO,20260607,33,5,6,bo_r33_005_tl88_dt37_ge41_qr91_tau85,88,37,41,0.91,0.85,0.00,499.89,1000045.44,245.52,1000000.00,FAIL,emergency_stuck,emergency_stuck,False,False,0,2223,0,19,234.90,131.08,338.72,26.24,26.24,ei,,,25.92,8.14,5.45,6.45,5.48,25.92,11.03,25.92,10.41,3.25518978,5,0.987878
BO,20260607,33,6,6,bo_r33_006_tl49_dt39_ge41_qr87_tau75,49,39,41,0.87,0.75,0.00,496.63,1000045.15,245.52,1000000.00,FAIL,emergency_stuck,emergency_stuck,False,False,0,2426,1,17,240.99,122.69,359.29,25.84,25.75,ei,,,20.51,5.94,4.01,5.03,4.11,20.51,8.42,20.51,8.00,3.02101511,5,0.793702
BO,20260607,34,1,6,bo_r34_001_tl57_dt35_ge41_qr94_tau80,57,35,41,0.94,0.8,0.00,499.84,1000045.44,245.52,1000000.00,FAIL,emergency_stuck,emergency_stuck,False,False,0,2336,0,17,225.04,145.78,304.30,27.65,27.60,ei,,,24.39,7.11,4.82,5.94,4.98,24.39,10.28,24.39,9.58,3.19398953,5,0.881841
BO,20260607,34,2,6,bo_r34_002_tl47_dt34_ge41_qr99_tau75,47,34,41,0.99,0.75,0.00,499.89,1000045.44,245.52,1000000.00,FAIL,emergency_stuck,emergency_stuck,False,False,0,2340,0,17,222.90,152.82,292.97,27.55,27.46,ei,,,22.59,6.43,4.37,5.48,4.53,22.59,9.39,22.59,8.80,3.11767614,5,0.820158
BO,20260607,34,3,6,bo_r34_003_tl96_dt36_ge41_qr93_tau77,96,36,41,0.93,0.77,0.00,499.89,1000045.44,245.52,1000000.00,FAIL,emergency_stuck,emergency_stuck,False,False,0,2289,0,19,232.38,135.97,328.79,26.24,26.20,ei,,,24.15,7.95,5.24,6.16,5.11,24.15,9.98,24.15,9.76,3.18408473,5,0.920146
BO,20260607,34,4,6,bo_r34_004_tl59_dt35_ge41_qr81_tau89,59,35,41,0.81,0.89,0.00,499.17,1000045.38,245.52,1000000.00,FAIL,emergency_stuck,emergency_stuck,False,False,0,2318,1,16,230.77,144.43,317.11,25.25,25.23,ei,,,24.07,6.95,4.74,5.80,4.96,24.07,10.36,24.07,9.48,3.18111356,5,0.953436
BO,20260607,34,5,6,bo_r34_005_tl17_dt44_ge41_qr100_tau78,17,44,41,1.0,0.78,0.00,494.01,1000044.91,245.52,1000000.00,FAIL,emergency_stuck,emergency_stuck,False,False,0,1465,0,22,269.56,113.35,425.76,20.80,20.73,ei,,,16.55,4.13,2.91,3.84,3.21,16.55,7.02,16.55,6.28,2.80651308,5,0.795737
BO,20260607,34,6,6,bo_r34_006_tl74_dt34_ge42_qr88_tau80,74,34,42,0.88,0.8,0.00,499.91,1000045.45,245.52,1000000.00,FAIL,emergency_stuck,emergency_stuck,False,False,0,2348,1,16,238.30,169.44,307.16,17.30,17.27,ei,,,15.62,4.82,3.23,3.88,3.25,15.62,6.54,15.62,6.22,2.74876949,5,0.903236
BO,20260607,35,1,6,bo_r35_001_tl24_dt37_ge40_qr86_tau88,24,37,40,0.86,0.88,0.00,499.96,1000045.45,245.52,1000000.00,FAIL,emergency_stuck,emergency_stuck,False,False,0,2351,1,16,233.89,123.52,344.26,28.13,28.07,ei,,,24.87,6.34,4.46,5.75,4.93,24.87,10.79,24.87,9.53,3.21381890,5,0.884199
BO,20260607,35,2,6,bo_r35_002_tl41_dt36_ge41_qr90_tau77,41,36,41,0.9,0.77,0.00,496.63,1000045.15,245.52,1000000.00,FAIL,emergency_stuck,emergency_stuck,False,False,0,2511,1,17,227.35,137.77,316.94,28.04,27.94,ei,,,22.67,6.32,4.32,5.47,4.52,22.67,9.43,22.67,8.79,3.12112336,5,0.808594
BO,20260607,35,3,6,bo_r35_003_tl55_dt35_ge41_qr100_tau77,55,35,41,1.0,0.77,0.00,499.84,1000045.44,245.52,1000000.00,FAIL,emergency_stuck,emergency_stuck,False,False,0,2336,0,17,224.80,144.98,304.61,27.92,27.85,ei,,,24.00,6.98,4.73,5.85,4.88,24.00,10.06,24.00,9.41,3.17793596,5,0.859446
BO,20260607,35,4,6,bo_r35_004_tl62_dt37_ge40_qr79_tau71,62,37,40,0.79,0.71,0.00,502.50,1000045.68,245.52,1000000.00,FAIL,emergency_stuck,emergency_stuck,False,False,0,2144,1,19,236.40,124.17,348.64,27.09,26.97,ei,,,20.38,6.32,4.18,5.16,4.11,20.38,8.09,20.38,8.04,3.01466579,5,0.752497
BO,20260607,35,5,6,bo_r35_005_tl69_dt41_ge40_qr100_tau73,69,41,40,1.0,0.73,0.00,489.71,1000044.52,245.52,1000000.00,FAIL,emergency_stuck,emergency_stuck,False,False,0,1634,0,24,253.06,112.04,394.08,24.60,24.53,ei,,,20.59,6.34,4.22,5.15,4.22,20.59,8.45,20.59,8.16,3.02483700,5,0.837018
BO,20260607,35,6,6,bo_r35_006_tl32_dt35_ge42_qr100_tau77,32,35,42,1.0,0.77,0.00,499.77,1000045.43,245.52,1000000.00,FAIL,emergency_stuck,emergency_stuck,False,False,0,2292,0,17,233.44,158.39,308.50,21.40,21.33,ei,,,17.53,4.69,3.24,4.16,3.47,17.53,7.38,17.53,6.74,2.86376396,5,0.819058
BO,20260607,36,1,6,bo_r36_001_tl65_dt34_ge40_qr86_tau77,65,34,40,0.86,0.77,0.00,502.44,1000045.68,245.52,1000000.00,FAIL,emergency_stuck,emergency_stuck,False,False,0,2244,1,17,223.85,142.81,304.89,28.80,28.72,ei,,,24.24,7.36,4.93,6.02,4.96,24.24,10.00,24.24,9.59,3.18807543,5,0.841860
BO,20260607,36,2,6,bo_r36_002_tl64_dt37_ge40_qr99_tau74,64,37,40,0.99,0.74,0.00,490.62,1000044.60,245.52,1000000.00,FAIL,emergency_stuck,emergency_stuck,False,False,0,2443,0,21,232.19,123.75,340.63,28.74,28.66,ei,,,24.06,7.27,4.87,5.97,4.91,24.06,9.92,24.06,9.50,3.18059729,5,0.837292
BO,20260607,36,3,6,bo_r36_003_tl49_dt32_ge40_qr91_tau78,49,32,40,0.91,0.78,0.00,490.82,1000044.62,245.52,1000000.00,FAIL,emergency_stuck,emergency_stuck,False,False,0,2800,0,19,220.31,162.50,278.12,27.56,27.48,ei,,,23.02,6.58,4.47,5.59,4.64,23.02,9.61,23.02,8.98,3.13627257,5,0.835083
BO,20260607,36,4,6,bo_r36_004_tl57_dt37_ge41_qr82_tau79,57,37,41,0.82,0.79,0.00,496.63,1000045.15,245.52,1000000.00,FAIL,emergency_stuck,emergency_stuck,False,False,0,2510,1,17,234.92,132.21,337.64,26.01,25.94,ei,,,21.89,6.46,4.35,5.38,4.45,21.89,9.09,21.89,8.60,3.08580866,5,0.841461
BO,20260607,36,5,6,bo_r36_005_tl42_dt41_ge40_qr97_tau75,42,41,40,0.97,0.75,0.00,489.71,1000044.52,245.52,1000000.00,FAIL,emergency_stuck,emergency_stuck,False,False,0,1634,0,24,252.22,111.87,392.58,24.85,24.76,ei,,,19.89,5.56,3.79,4.80,3.96,19.89,8.25,19.89,7.71,2.99026544,5,0.800590
BO,20260607,36,6,6,bo_r36_006_tl56_dt40_ge41_qr87_tau72,56,40,41,0.87,0.72,0.00,500.37,1000045.49,245.52,1000000.00,FAIL,emergency_stuck,emergency_stuck,False,False,0,1685,1,19,246.62,119.62,373.62,24.77,24.68,ei,,,19.17,5.75,3.84,4.78,3.86,19.17,7.74,19.17,7.52,2.95321718,5,0.773693
BO,20260607,37,1,6,bo_r37_001_tl54_dt38_ge41_qr98_tau71,54,38,41,0.98,0.71,0.00,493.72,1000044.88,245.52,1000000.00,FAIL,emergency_stuck,emergency_stuck,False,False,0,2408,0,19,233.94,125.28,342.61,27.76,27.66,ei,,,21.82,6.45,4.33,5.40,4.39,21.82,8.88,21.82,8.54,3.08267192,5,0.785879
BO,20260607,37,2,6,bo_r37_002_tl43_dt37_ge41_qr85_tau75,43,37,41,0.85,0.75,0.00,496.63,1000045.15,245.52,1000000.00,FAIL,emergency_stuck,emergency_stuck,False,False,0,2510,1,17,232.63,132.02,333.24,26.92,26.82,ei,,,20.95,5.95,4.03,5.11,4.16,20.95,8.59,20.95,8.13,3.04213670,5,0.778098
BO,20260607,37,3,6,bo_r37_003_tl48_dt40_ge41_qr92_tau73,48,40,41,0.92,0.73,0.00,493.86,1000044.90,245.52,1000000.00,FAIL,emergency_stuck,emergency_stuck,False,False,0,2315,0,19,244.77,118.70,370.83,25.50,25.40,ei,,,19.93,5.76,3.89,4.89,3.98,19.93,8.14,19.93,7.76,2.99203743,5,0.781514
BO,20260607,37,4,6,bo_r37_004_tl47_dt31_ge40_qr100_tau76,47,31,40,1.0,0.76,0.00,491.89,1000044.72,245.52,1000000.00,FAIL,emergency_stuck,emergency_stuck,False,False,0,2805,0,19,222.95,171.09,274.81,24.60,24.53,ei,,,20.45,5.79,3.94,4.95,4.11,20.45,8.54,20.45,7.96,3.01795358,5,0.831179
BO,20260607,37,5,6,bo_r37_005_tl72_dt37_ge42_qr98_tau82,72,37,42,0.98,0.82,0.00,499.77,1000045.43,245.52,1000000.00,FAIL,emergency_stuck,emergency_stuck,False,False,0,2230,0,18,241.32,145.50,337.14,21.10,21.08,ei,,,19.93,6.03,4.06,4.90,4.15,19.93,8.47,19.93,7.92,2.99245799,5,0.944571
BO,20260607,37,6,6,bo_r37_006_tl51_dt38_ge39_qr100_tau78,51,38,39,1.0,0.78,0.00,491.46,1000044.68,245.52,1000000.00,FAIL,emergency_stuck,emergency_stuck,False,False,0,2493,0,22,255.45,128.10,382.79,20.79,20.74,ei,,,17.78,5.07,3.45,4.30,3.60,17.78,7.48,17.78,6.95,2.87828469,5,0.855487
BO,20260607,38,1,6,bo_r38_001_tl59_dt35_ge40_qr100_tau76,59,35,40,1.0,0.76,0.00,490.65,1000044.60,245.52,1000000.00,FAIL,emergency_stuck,emergency_stuck,False,False,0,2464,0,20,225.47,135.58,315.35,29.33,29.25,ei,,,25.01,7.38,4.98,6.14,5.09,25.01,10.42,25.01,9.84,3.21928159,5,0.852786
BO,20260607,38,2,6,bo_r38_002_tl59_dt37_ge41_qr95_tau78,59,37,41,0.95,0.78,0.00,499.89,1000045.44,245.52,1000000.00,FAIL,emergency_stuck,emergency_stuck,False,False,0,2287,0,19,230.52,131.55,329.49,27.87,27.80,ei,,,24.12,7.11,4.80,5.91,4.92,24.12,10.09,24.12,9.49,3.18291774,5,0.865455
BO,20260607,38,3,6,bo_r38_003_tl101_dt35_ge40_qr100_tau79,101,35,40,1.0,0.79,0.00,490.65,1000044.60,245.52,1000000.00,FAIL,emergency_stuck,emergency_stuck,False,False,0,2464,0,20,231.47,134.41,328.53,26.92,26.90,ei,,,25.99,8.53,5.64,6.60,5.54,25.99,10.87,25.99,10.53,3.25756078,5,0.965473
BO,20260607,38,4,6,bo_r38_004_tl51_dt41_ge41_qr97_tau75,51,41,41,0.97,0.75,0.00,494.01,1000044.91,245.52,1000000.00,FAIL,emergency_stuck,emergency_stuck,False,False,0,1541,0,22,249.94,115.89,383.99,24.62,24.55,ei,,,20.21,5.84,3.95,4.94,4.07,20.21,8.38,20.21,7.90,3.00637440,5,0.820916
BO,20260607,38,5,6,bo_r38_005_tl99_dt32_ge40_qr91_tau78,99,32,40,0.91,0.78,0.00,490.82,1000044.62,245.52,1000000.00,FAIL,emergency_stuck,emergency_stuck,False,False,0,2800,0,19,227.40,156.25,298.56,24.57,24.54,ei,,,22.85,7.56,4.98,5.84,4.85,22.85,9.46,22.85,9.25,3.12877103,5,0.929949
BO,20260607,38,6,6,bo_r38_006_tl39_dt42_ge41_qr100_tau76,39,42,41,1.0,0.76,0.00,494.01,1000044.91,245.52,1000000.00,FAIL,emergency_stuck,emergency_stuck,False,False,0,1491,0,22,255.87,113.87,397.87,23.55,23.47,ei,,,19.22,5.29,3.62,4.61,3.82,19.22,8.04,19.22,7.43,2.95573818,5,0.816058
BO,20260607,39,1,6,bo_r39_001_tl38_dt35_ge40_qr95_tau78,38,35,40,0.95,0.78,0.00,490.65,1000044.60,245.52,1000000.00,FAIL,emergency_stuck,emergency_stuck,False,False,0,2464,0,20,224.09,135.09,313.08,30.08,29.99,ei,,,24.76,6.77,4.65,5.92,4.92,24.76,10.39,24.76,9.57,3.20903857,5,0.822942
BO,20260607,39,2,6,bo_r39_002_tl25_dt39_ge41_qr94_tau70,25,39,41,0.94,0.7,0.00,493.72,1000044.88,245.52,1000000.00,FAIL,emergency_stuck,emergency_stuck,False,False,0,2363,0,19,239.10,120.41,357.79,26.92,26.79,ei,,,19.11,5.06,3.47,4.58,3.67,19.11,7.74,19.11,7.27,2.95046465,5,0.709966
BO,20260607,39,3,6,bo_r39_003_tl47_dt37_ge41_qr84_tau72,47,37,41,0.84,0.72,0.00,496.63,1000045.15,245.52,1000000.00,FAIL,emergency_stuck,emergency_stuck,False,False,0,2510,1,17,233.12,132.09,334.15,26.72,26.60,ei,,,20.05,5.84,3.92,4.95,3.98,20.05,8.08,20.05,7.80,2.99804613,5,0.750287
BO,20260607,39,4,6,bo_r39_004_tl40_dt31_ge40_qr90_tau77,40,31,40,0.9,0.77,0.00,500.24,1000045.48,245.52,1000000.00,FAIL,emergency_stuck,emergency_stuck,False,False,0,2685,1,16,221.01,172.45,269.58,25.72,25.63,ei,,,20.70,5.75,3.93,4.98,4.12,20.70,8.61,20.70,8.01,3.03008135,5,0.804897
BO,20260607,39,5,6,bo_r39_005_tl51_dt31_ge40_qr100_tau74,51,31,40,1.0,0.74,0.00,491.89,1000044.72,245.52,1000000.00,FAIL,emergency_stuck,emergency_stuck,False,False,0,2805,0,19,223.02,171.36,274.69,24.52,24.44,ei,,,20.02,5.79,3.92,4.89,4.03,20.02,8.29,20.02,7.82,2.99693700,5,0.816768
BO,20260607,39,6,6,bo_r39_006_tl49_dt42_ge41_qr99_tau70,49,42,41,0.99,0.7,0.00,494.01,1000044.91,245.52,1000000.00,FAIL,emergency_stuck,emergency_stuck,False,False,0,1487,0,22,255.86,114.02,397.70,23.52,23.42,ei,,,18.03,5.25,3.53,4.44,3.59,18.03,7.31,18.03,7.03,2.89209560,5,0.766631
BO,20260607,40,1,6,bo_r40_001_tl60_dt36_ge40_qr86_tau76,60,36,40,0.86,0.76,0.00,502.50,1000045.68,245.52,1000000.00,FAIL,emergency_stuck,emergency_stuck,False,False,0,2190,1,19,229.00,129.39,328.61,28.92,28.83,ei,,,23.74,7.12,4.77,5.88,4.82,23.74,9.75,23.74,9.35,3.16717461,5,0.820793
BO,20260607,40,2,6,bo_r40_002_tl54_dt32_ge40_qr97_tau75,54,32,40,0.97,0.75,0.00,490.82,1000044.62,245.52,1000000.00,FAIL,emergency_stuck,emergency_stuck,False,False,0,2800,0,19,221.03,162.09,279.98,27.16,27.08,ei,,,22.43,6.55,4.42,5.50,4.53,22.43,9.29,22.43,8.79,3.11055603,5,0.825970
BO,20260607,40,3,6,bo_r40_003_tl58_dt34_ge41_qr91_tau77,58,34,41,0.91,0.77,0.00,499.89,1000045.44,245.52,1000000.00,FAIL,emergency_stuck,emergency_stuck,False,False,0,2340,0,17,224.17,154.25,294.09,26.60,26.53,ei,,,22.45,6.64,4.47,5.52,4.57,22.45,9.32,22.45,8.83,3.11122467,5,0.843829
BO,20260607,40,4,6,bo_r40_004_tl101_dt33_ge40_qr92_tau79,101,33,40,0.92,0.79,0.00,490.34,1000044.58,245.52,1000000.00,FAIL,emergency_stuck,emergency_stuck,False,False,0,2805,0,19,227.75,147.78,307.72,25.97,25.94,ei,,,24.59,8.14,5.36,6.27,5.24,24.59,10.22,24.59,9.97,3.20217227,5,0.946854
BO,20260607,40,5,6,bo_r40_005_tl46_dt39_ge42_qr97_tau71,46,39,42,0.97,0.71,0.00,495.97,1000045.09,245.52,1000000.00,FAIL,emergency_stuck,emergency_stuck,False,False,0,2376,0,19,247.52,132.94,362.10,21.81,21.73,ei,,,16.82,4.84,3.27,4.13,3.35,16.82,6.85,16.82,6.54,2.82275204,5,0.771260
BO,20260607,40,6,6,bo_r40_006_tl58_dt44_ge40_qr100_tau76,58,44,40,1.0,0.76,0.00,489.71,1000044.52,245.52,1000000.00,FAIL,emergency_stuck,emergency_stuck,False,False,0,1645,0,24,270.98,111.51,430.44,20.90,20.85,ei,,,17.73,5.21,3.52,4.35,3.61,17.73,7.38,17.73,6.97,2.87526034,5,0.848277
BO,20260607,41,1,6,bo_r41_001_tl71_dt36_ge40_qr100_tau77,71,36,40,1.0,0.77,0.00,491.08,1000044.64,245.52,1000000.00,FAIL,emergency_stuck,emergency_stuck,False,False,0,2466,0,20,229.42,129.33,329.52,28.75,28.70,ei,,,25.48,7.78,5.21,6.32,5.27,25.48,10.64,25.48,10.12,3.23806942,5,0.886263
BO,20260607,41,2,6,bo_r41_002_tl101_dt33_ge41_qr86_tau81,101,33,41,0.86,0.81,0.00,498.95,1000045.36,245.52,1000000.00,FAIL,emergency_stuck,emergency_stuck,False,False,0,2415,1,16,232.76,155.02,310.51,22.34,22.33,ei,,,21.40,7.07,4.66,5.45,4.56,21.40,8.92,21.40,8.68,3.06327938,5,0.957704
BO,20260607,41,3,6,bo_r41_003_tl43_dt37_ge42_qr98_tau78,43,37,42,0.98,0.78,0.00,499.77,1000045.43,245.52,1000000.00,FAIL,emergency_stuck,emergency_stuck,False,False,0,2230,0,18,239.21,144.60,333.83,21.98,21.92,ei,,,18.59,5.18,3.55,4.46,3.73,18.59,7.83,18.59,7.22,2.92254334,5,0.845548
BO,20260607,41,4,6,bo_r41_004_tl58_dt43_ge41_qr92_tau77,58,43,41,0.92,0.77,0.00,494.01,1000044.91,245.52,1000000.00,FAIL,emergency_stuck,emergency_stuck,False,False,0,1462,0,22,263.80,115.16,412.45,21.55,21.49,ei,,,18.18,5.37,3.62,4.47,3.70,18.18,7.55,18.18,7.15,2.90049784,5,0.843617
BO,20260607,41,5,6,bo_r41_005_tl82_dt35_ge39_qr97_tau73,82,35,39,0.97,0.73,0.00,491.18,1000044.65,245.52,1000000.00,FAIL,emergency_stuck,emergency_stuck,False,False,0,2525,0,20,246.24,142.70,349.79,20.19,20.14,ei,,,17.22,5.52,3.65,4.37,3.58,17.22,7.03,17.22,6.89,2.84603385,5,0.852974
BO,20260607,41,6,6,bo_r41_006_tl38_dt40_ge39_qr85_tau74,38,40,39,0.85,0.74,0.00,498.85,1000045.35,245.52,1000000.00,FAIL,emergency_stuck,emergency_stuck,False,False,0,2163,1,19,265.21,123.02,407.41,19.73,19.65,ei,,,14.81,4.12,2.80,3.59,2.91,14.81,6.03,14.81,5.71,2.69502867,5,0.750241
BO,20260607,42,1,6,bo_r42_001_tl49_dt36_ge40_qr100_tau70,49,36,40,1.0,0.7,0.00,491.08,1000044.64,245.52,1000000.00,FAIL,emergency_stuck,emergency_stuck,False,False,0,2466,0,20,227.84,128.27,327.41,29.64,29.52,ei,,,22.75,6.61,4.45,5.60,4.53,22.75,9.24,22.75,8.86,3.12456760,5,0.767522
BO,20260607,42,2,6,bo_r42_002_tl56_dt39_ge41_qr83_tau79,56,39,41,0.83,0.79,0.00,496.63,1000045.15,245.52,1000000.00,FAIL,emergency_stuck,emergency_stuck,False,False,0,2426,1,17,243.29,123.38,363.20,24.99,24.92,ei,,,21.02,6.18,4.17,5.16,4.27,21.02,8.74,21.02,8.26,3.04561677,5,0.841383
BO,20260607,42,3,6,bo_r42_003_tl63_dt41_ge40_qr91_tau76,63,41,40,0.91,0.76,0.00,489.71,1000044.52,245.52,1000000.00,FAIL,emergency_stuck,emergency_stuck,False,False,0,1634,0,24,253.25,112.81,393.69,24.40,24.33,ei,,,20.42,6.15,4.12,5.06,4.17,20.42,8.42,20.42,8.06,3.01650218,5,0.837034
BO,20260607,42,4,6,bo_r42_004_tl59_dt43_ge41_qr100_tau77,59,43,41,1.0,0.77,0.00,494.01,1000044.91,245.52,1000000.00,FAIL,emergency_stuck,emergency_stuck,False,False,0,1462,0,22,262.58,113.85,411.31,22.06,22.01,ei,,,19.08,5.61,3.79,4.67,3.89,19.08,7.98,19.08,7.51,2.94861395,5,0.864714
BO,20260607,42,5,6,bo_r42_005_tl64_dt42_ge41_qr85_tau72,64,42,41,0.85,0.72,0.00,500.71,1000045.52,245.52,1000000.00,FAIL,emergency_stuck,emergency_stuck,False,False,0,1669,1,19,260.04,116.99,403.10,21.98,21.90,ei,,,17.22,5.32,3.53,4.34,3.50,17.22,6.93,17.22,6.81,2.84611212,5,0.783491
BO,20260607,42,6,6,bo_r42_006_tl46_dt39_ge39_qr83_tau75,46,39,39,0.83,0.75,0.00,502.80,1000045.71,245.52,1000000.00,FAIL,emergency_stuck,emergency_stuck,False,False,0,2151,1,17,260.85,125.41,396.29,20.14,20.06,ei,,,15.54,4.46,3.01,3.81,3.09,15.54,6.34,15.54,6.04,2.74369282,5,0.771910
BO,20260607,43,1,6,bo_r43_001_tl58_dt37_ge41_qr100_tau72,58,37,41,1.0,0.72,0.00,499.89,1000045.44,245.52,1000000.00,FAIL,emergency_stuck,emergency_stuck,False,False,0,2287,0,19,230.24,130.59,329.88,28.17,28.08,ei,,,22.81,6.80,4.56,5.65,4.62,22.81,9.34,22.81,8.96,3.12703618,5,0.809558
BO,20260607,43,2,6,bo_r43_002_tl67_dt32_ge40_qr79_tau74,67,32,40,0.79,0.74,0.00,500.24,1000045.48,245.52,1000000.00,FAIL,emergency_stuck,emergency_stuck,False,False,0,2676,1,16,225.53,156.47,294.59,25.49,25.40,ei,,,20.30,6.32,4.19,5.12,4.14,20.30,8.19,20.30,8.04,3.01058372,5,0.796435
BO,20260607,43,3,6,bo_r43_003_tl36_dt43_ge41_qr98_tau70,36,43,41,0.98,0.7,0.00,494.01,1000044.91,245.52,1000000.00,FAIL,emergency_stuck,emergency_stuck,False,False,0,1458,0,22,262.36,113.44,411.28,22.19,22.09,ei,,,16.40,4.54,3.09,3.98,3.21,16.40,6.66,16.40,6.31,2.79755343,5,0.739276
BO,20260607,43,4,6,bo_r43_004_tl43_dt39_ge42_qr96_tau76,43,39,42,0.96,0.76,0.00,495.97,1000045.09,245.52,1000000.00,FAIL,emergency_stuck,emergency_stuck,False,False,0,2376,0,19,247.77,133.34,362.21,21.66,21.59,ei,,,17.72,4.97,3.39,4.28,3.54,17.72,7.39,17.72,6.88,2.87495907,5,0.818168
BO,20260607,43,5,6,bo_r43_005_tl54_dt37_ge39_qr94_tau70,54,37,39,0.94,0.7,0.00,491.20,1000044.65,245.52,1000000.00,FAIL,emergency_stuck,emergency_stuck,False,False,0,2560,0,23,250.53,132.33,368.73,21.14,21.05,ei,,,16.04,4.77,3.19,3.99,3.21,16.04,6.45,16.04,6.28,2.77529971,5,0.759069
BO,20260607,43,6,6,bo_r43_006_tl66_dt40_ge39_qr89_tau77,66,40,39,0.89,0.77,0.00,498.85,1000045.35,245.52,1000000.00,FAIL,emergency_stuck,emergency_stuck,False,False,0,2163,1,19,264.51,122.63,406.38,19.95,19.89,ei,,,16.87,5.12,3.43,4.19,3.46,16.87,6.97,16.87,6.67,2.82580376,5,0.845966
BO,20260607,44,1,6,bo_r44_001_tl50_dt36_ge40_qr90_tau72,50,36,40,0.9,0.72,0.00,502.50,1000045.68,245.52,1000000.00,FAIL,emergency_stuck,emergency_stuck,False,False,0,2190,1,19,227.41,129.25,325.58,29.64,29.52,ei,,,22.74,6.65,4.47,5.62,4.54,22.74,9.22,22.74,8.87,3.12432422,5,0.767420
BO,20260607,44,2,6,bo_r44_002_tl55_dt37_ge41_qr95_tau70,55,37,41,0.95,0.7,0.00,499.89,1000045.44,245.52,1000000.00,FAIL,emergency_stuck,emergency_stuck,False,False,0,2287,0,19,230.00,130.88,329.13,28.21,28.10,ei,,,21.72,6.49,4.34,5.41,4.36,21.72,8.77,21.72,8.51,3.07814659,5,0.769866
BO,20260607,44,3,6,bo_r44_003_tl28_dt32_ge40_qr84_tau70,28,32,40,0.84,0.7,0.00,500.24,1000045.48,245.52,1000000.00,FAIL,emergency_stuck,emergency_stuck,False,False,0,2676,1,16,221.59,158.43,284.75,27.38,27.24,ei,,,18.91,5.11,3.48,4.58,3.63,18.91,7.54,18.91,7.21,2.93952674,5,0.690439
BO,20260607,44,4,6,bo_r44_004_tl40_dt31_ge40_qr100_tau70,40,31,40,1.0,0.7,0.00,491.89,1000044.72,245.52,1000000.00,FAIL,emergency_stuck,emergency_stuck,False,False,0,2805,0,19,222.48,168.76,276.20,25.25,25.14,ei,,,18.98,5.33,3.62,4.62,3.74,18.98,7.72,18.98,7.34,2.94358154,5,0.751897
BO,20260607,44,5,6,bo_r44_005_tl47_dt31_ge40_qr96_tau77,47,31,40,0.96,0.77,0.00,491.89,1000044.72,245.52,1000000.00,FAIL,emergency_stuck,emergency_stuck,False,False,0,2805,0,19,221.67,173.00,270.35,25.19,25.11,ei,,,20.97,5.94,4.05,5.07,4.21,20.97,8.76,20.97,8.17,3.04304490,5,0.832579
BO,20260607,44,6,6,bo_r44_006_tl42_dt32_ge41_qr93_tau72,42,32,41,0.93,0.72,0.00,495.78,1000045.07,245.52,1000000.00,FAIL,emergency_stuck,emergency_stuck,False,False,0,2907,0,18,223.54,172.94,274.15,23.95,23.85,ei,,,18.29,5.19,3.51,4.46,3.62,18.29,7.46,18.29,7.09,2.90651341,5,0.763852
BO,20260607,45,1,6,bo_r45_001_tl34_dt35_ge40_qr100_tau73,34,35,40,1.0,0.73,0.00,490.65,1000044.60,245.52,1000000.00,FAIL,emergency_stuck,emergency_stuck,False,False,0,2464,0,20,224.89,133.64,316.14,29.96,29.84,ei,,,23.14,6.29,4.31,5.55,4.54,23.14,9.56,23.14,8.90,3.14163268,5,0.772353
BO,20260607,45,2,6,bo_r45_002_tl59_dt33_ge40_qr93_tau76,59,33,40,0.93,0.76,0.00,490.34,1000044.58,245.52,1000000.00,FAIL,emergency_stuck,emergency_stuck,False,False,0,2805,0,19,220.95,152.61,289.30,28.70,28.61,ei,,,24.01,7.13,4.80,5.92,4.88,24.01,9.94,24.01,9.44,3.17830125,5,0.836566
BO,20260607,45,3,6,bo_r45_003_tl58_dt38_ge40_qr100_tau81,58,38,40,1.0,0.81,0.00,490.49,1000044.59,245.52,1000000.00,FAIL,emergency_stuck,emergency_stuck,False,False,0,2438,0,21,236.71,119.63,353.80,27.89,27.85,ei,,,25.24,7.31,4.97,6.12,5.17,25.24,10.73,25.24,9.92,3.22860939,5,0.905018
BO,20260607,45,4,6,bo_r45_004_tl67_dt38_ge40_qr99_tau75,67,38,40,0.99,0.75,0.00,490.49,1000044.59,245.52,1000000.00,FAIL,emergency_stuck,emergency_stuck,False,False,0,2438,0,21,236.84,119.51,354.16,27.88,27.80,ei,,,23.80,7.23,4.84,5.91,4.88,23.80,9.85,23.80,9.42,3.16955847,5,0.853694
BO,20260607,45,5,6,bo_r45_005_tl41_dt34_ge41_qr98_tau74,41,34,41,0.98,0.74,0.00,499.89,1000045.44,245.52,1000000.00,FAIL,emergency_stuck,emergency_stuck,False,False,0,2340,0,17,222.54,152.19,292.90,27.85,27.75,ei,,,22.15,6.19,4.22,5.36,4.40,22.15,9.17,22.15,8.58,3.09803802,5,0.795374
BO,20260607,45,6,6,bo_r45_006_tl58_dt39_ge41_qr90_tau82,58,39,41,0.9,0.82,0.00,496.63,1000045.15,245.52,1000000.00,FAIL,emergency_stuck,emergency_stuck,False,False,0,2426,1,17,240.57,122.56,358.59,26.00,25.96,ei,,,23.27,6.78,4.60,5.66,4.76,23.27,9.85,23.27,9.15,3.14725060,5,0.894978
BO,20260607,46,1,6,bo_r46_001_tl52_dt37_ge40_qr95_tau80,52,37,40,0.95,0.8,0.00,490.62,1000044.60,245.52,1000000.00,FAIL,emergency_stuck,emergency_stuck,False,False,0,2443,0,21,231.39,124.03,338.76,28.99,28.93,ei,,,25.25,7.22,4.92,6.11,5.12,25.25,10.66,25.25,9.88,3.22889370,5,0.870924
BO,20260607,46,2,6,bo_r46_002_tl64_dt39_ge41_qr100_tau79,64,39,41,1.0,0.79,0.00,493.72,1000044.88,245.52,1000000.00,FAIL,emergency_stuck,emergency_stuck,False,False,0,2363,0,19,239.57,121.66,357.47,26.52,26.47,ei,,,23.79,7.07,4.77,5.83,4.89,23.79,10.03,23.79,9.40,3.16941764,5,0.897362
BO,20260607,46,3,6,bo_r46_003_tl35_dt41_ge41_qr100_tau76,35,41,41,1.0,0.76,0.00,494.01,1000044.91,245.52,1000000.00,FAIL,emergency_stuck,emergency_stuck,False,False,0,1541,0,22,249.77,115.02,384.52,24.84,24.76,ei,,,20.09,5.44,3.74,4.79,3.98,20.09,8.41,20.09,7.74,3.00033130,5,0.808759
BO,20260607,46,4,6,bo_r46_004_tl97_dt42_ge41_qr100_tau81,97,42,41,1.0,0.81,0.00,494.01,1000044.91,245.52,1000000.00,FAIL,emergency_stuck,emergency_stuck,False,False,0,1491,0,22,259.63,115.34,403.93,22.40,22.39,ei,,,21.97,7.10,4.71,5.53,4.67,21.97,9.27,21.97,8.88,3.08984440,5,0.981103
BO,20260607,46,5,6,bo_r46_005_tl19_dt38_ge40_qr58_tau83,19,38,40,0.58,0.83,0.00,502.50,1000045.68,245.52,1000000.00,FAIL,emergency_stuck,emergency_stuck,False,False,0,2130,1,19,261.10,123.80,398.39,20.40,20.31,ei,,,15.35,3.93,2.73,3.61,2.96,15.35,6.37,15.35,5.83,2.73093811,5,0.752222
BO,20260607,46,6,6,bo_r46_006_tl43_dt34_ge39_qr91_tau75,43,34,39,0.91,0.75,0.00,491.50,1000044.68,245.52,1000000.00,FAIL,emergency_stuck,emergency_stuck,False,False,0,2522,0,20,241.47,150.74,332.19,19.99,19.92,ei,,,15.73,4.43,3.01,3.82,3.13,15.73,6.48,15.73,6.10,2.75561629,5,0.786869
BO,20260607,47,1,6,bo_r47_001_tl42_dt34_ge40_qr80_tau73,42,34,40,0.8,0.73,0.00,502.44,1000045.68,245.52,1000000.00,FAIL,emergency_stuck,emergency_stuck,False,False,0,2244,1,17,225.37,141.80,308.95,28.22,28.09,ei,,,20.88,5.96,4.02,5.13,4.11,20.88,8.41,20.88,8.09,3.03856644,5,0.739821
BO,20260607,47,2,6,bo_r47_002_tl66_dt34_ge41_qr90_tau77,66,34,41,0.9,0.77,0.00,500.36,1000045.49,245.52,1000000.00,FAIL,emergency_stuck,emergency_stuck,False,False,0,2325,1,16,225.19,153.79,296.59,26.14,26.07,ei,,,22.39,6.80,4.56,5.56,4.60,22.39,9.28,22.39,8.86,3.10871190,5,0.856607
BO,20260607,47,3,6,bo_r47_003_tl36_dt41_ge41_qr93_tau75,36,41,41,0.93,0.75,0.00,494.01,1000044.91,245.52,1000000.00,FAIL,emergency_stuck,emergency_stuck,False,False,0,1541,0,22,250.47,116.18,384.76,24.42,24.33,ei,,,19.12,5.24,3.59,4.60,3.77,19.12,7.91,19.12,7.37,2.95075404,5,0.782856
BO,20260607,47,4,6,bo_r47_004_tl57_dt32_ge41_qr92_tau76,57,32,41,0.92,0.76,0.00,495.78,1000045.07,245.52,1000000.00,FAIL,emergency_stuck,emergency_stuck,False,False,0,2907,0,18,224.96,174.38,275.55,22.83,22.77,ei,,,19.04,5.63,3.79,4.69,3.87,19.04,7.88,19.04,7.48,2.94666052,5,0.833912
BO,20260607,47,5,6,bo_r47_005_tl56_dt43_ge40_qr93_tau79,56,43,40,0.93,0.79,0.00,489.71,1000044.52,245.52,1000000.00,FAIL,emergency_stuck,emergency_stuck,False,False,0,1641,0,24,265.24,111.87,418.61,21.91,21.86,ei,,,18.87,5.49,3.72,4.60,3.84,18.87,7.91,18.87,7.40,2.93745556,5,0.860972
BO,20260607,47,6,6,bo_r47_006_tl47_dt40_ge39_qr97_tau76,47,40,39,0.97,0.76,0.00,488.37,1000044.40,245.52,1000000.00,FAIL,emergency_stuck,emergency_stuck,False,False,0,1699,0,25,263.82,122.21,405.43,20.16,20.10,ei,,,16.50,4.68,3.18,4.00,3.31,16.50,6.86,16.50,6.42,2.80313377,5,0.818117
BO,20260607,48,1,6,bo_r48_001_tl42_dt34_ge40_qr94_tau80,42,34,40,0.94,0.8,0.00,490.64,1000044.60,245.52,1000000.00,FAIL,emergency_stuck,emergency_stuck,False,False,0,2461,0,20,221.83,143.15,300.52,29.79,29.72,ei,,,25.34,7.01,4.81,6.06,5.08,25.34,10.71,25.34,9.83,3.23228631,5,0.850421
BO,20260607,48,2,6,bo_r48_002_tl59_dt34_ge40_qr93_tau77,59,34,40,0.93,0.77,0.00,490.64,1000044.60,245.52,1000000.00,FAIL,emergency_stuck,emergency_stuck,False,False,0,2461,0,20,222.25,143.76,300.74,29.46,29.38,ei,,,24.96,7.39,4.98,6.14,5.08,24.96,10.38,24.96,9.82,3.21733666,5,0.847276
BO,20260607,48,3,6,bo_r48_003_tl47_dt36_ge40_qr100_tau79,47,36,40,1.0,0.79,0.00,491.08,1000044.64,245.52,1000000.00,FAIL,emergency_stuck,emergency_stuck,False,False,0,2466,0,20,228.10,128.82,327.38,29.42,29.35,ei,,,25.38,7.13,4.88,6.10,5.12,25.38,10.73,25.38,9.89,3.23404774,5,0.862728
BO,20260607,48,4,6,bo_r48_004_tl58_dt32_ge40_qr91_tau72,58,32,40,0.91,0.72,0.00,490.82,1000044.62,245.52,1000000.00,FAIL,emergency_stuck,emergency_stuck,False,False,0,2800,0,19,220.53,162.25,278.81,27.46,27.35,ei,,,21.59,6.49,4.34,5.38,4.36,21.59,8.75,21.59,8.48,3.07202812,5,0.786159
BO,20260607,48,5,6,bo_r48_005_tl66_dt39_ge41_qr100_tau71,66,39,41,1.0,0.71,0.00,493.72,1000044.88,245.52,1000000.00,FAIL,emergency_stuck,emergency_stuck,False,False,0,2363,0,19,239.47,121.14,357.80,26.65,26.57,ei,,,21.67,6.66,4.44,5.43,4.42,21.67,8.83,21.67,8.58,3.07607659,5,0.813156
BO,20260607,48,6,6,bo_r48_006_tl48_dt41_ge40_qr95_tau76,48,41,40,0.95,0.76,0.00,489.71,1000044.52,245.52,1000000.00,FAIL,emergency_stuck,emergency_stuck,False,False,0,1634,0,24,252.31,112.19,392.43,24.76,24.68,ei,,,20.25,5.78,3.92,4.92,4.06,20.25,8.41,20.25,7.89,3.00839912,5,0.818174
BO,20260607,49,1,6,bo_r49_001_tl44_dt36_ge40_qr93_tau75,44,36,40,0.93,0.75,0.00,491.08,1000044.64,245.52,1000000.00,FAIL,emergency_stuck,emergency_stuck,False,False,0,2466,0,20,227.09,129.06,325.12,29.82,29.71,ei,,,23.74,6.71,4.56,5.76,4.73,23.74,9.81,23.74,9.22,3.16721013,5,0.796236
BO,20260607,49,2,6,bo_r49_002_tl108_dt37_ge40_qr88_tau79,108,37,40,0.88,0.79,0.00,502.50,1000045.68,245.52,1000000.00,FAIL,emergency_stuck,emergency_stuck,False,False,0,2144,1,19,238.96,122.55,355.37,26.54,26.51,ei,,,25.19,8.51,5.58,6.48,5.40,25.19,10.42,25.19,10.26,3.22656241,5,0.949374
BO,20260607,49,3,6,bo_r49_003_tl60_dt32_ge40_qr99_tau75,60,32,40,0.99,0.75,0.00,490.82,1000044.62,245.52,1000000.00,FAIL,emergency_stuck,emergency_stuck,False,False,0,2800,0,19,222.10,161.76,282.44,26.55,26.48,ei,,,22.36,6.65,4.47,5.51,4.55,22.36,9.27,22.36,8.80,3.10728265,5,0.842154
BO,20260607,49,4,6,bo_r49_004_tl52_dt30_ge40_qr81_tau71,52,30,40,0.81,0.71,0.00,503.69,1000045.79,245.52,1000000.00,FAIL,emergency_stuck,emergency_stuck,False,False,0,2665,1,16,225.75,178.65,272.85,21.70,21.60,ei,,,16.06,4.80,3.20,4.01,3.20,16.06,6.41,16.06,6.28,2.77654700,5,0.740355
BO,20260607,49,5,6,bo_r49_005_tl30_dt37_ge39_qr91_tau75,30,37,39,0.91,0.75,0.00,491.20,1000044.65,245.52,1000000.00,FAIL,emergency_stuck,emergency_stuck,False,False,0,2560,0,23,251.08,132.26,369.90,21.01,20.92,ei,,,16.00,4.27,2.94,3.82,3.12,16.00,6.60,16.00,6.13,2.77235194,5,0.761333
BO,20260607,49,6,6,bo_r49_006_tl65_dt38_ge39_qr90_tau79,65,38,39,0.9,0.79,0.00,502.80,1000045.71,245.52,1000000.00,FAIL,emergency_stuck,emergency_stuck,False,False,0,2171,1,17,255.17,128.32,382.02,20.81,20.76,ei,,,18.08,5.43,3.65,4.46,3.71,18.08,7.54,18.08,7.14,2.89492931,5,0.869049
BO,20260607,50,1,6,bo_r50_001_tl47_dt32_ge40_qr94_tau76,47,32,40,0.94,0.76,0.00,490.82,1000044.62,245.52,1000000.00,FAIL,emergency_stuck,emergency_stuck,False,False,0,2800,0,19,220.21,162.21,278.20,27.67,27.58,ei,,,22.60,6.43,4.37,5.49,4.53,22.60,9.38,22.60,8.80,3.11773000,5,0.816488
BO,20260607,50,2,6,bo_r50_002_tl58_dt38_ge41_qr100_tau74,58,38,41,1.0,0.74,0.00,493.72,1000044.88,245.52,1000000.00,FAIL,emergency_stuck,emergency_stuck,False,False,0,2408,0,19,234.31,125.44,343.18,27.59,27.51,ei,,,22.94,6.80,4.57,5.65,4.66,22.94,9.48,22.94,9.02,3.13274900,5,0.831268
BO,20260607,50,3,6,bo_r50_003_tl50_dt39_ge41_qr90_tau76,50,39,41,0.9,0.76,0.00,496.63,1000045.15,245.52,1000000.00,FAIL,emergency_stuck,emergency_stuck,False,False,0,2426,1,17,239.98,122.28,357.68,26.25,26.17,ei,,,21.36,6.17,4.18,5.22,4.30,21.36,8.83,21.36,8.34,3.06170079,5,0.813799
BO,20260607,50,4,6,bo_r50_004_tl53_dt41_ge40_qr97_tau80,53,41,40,0.97,0.8,0.00,489.71,1000044.52,245.52,1000000.00,FAIL,emergency_stuck,emergency_stuck,False,False,0,1634,0,24,252.43,112.21,392.65,24.72,24.67,ei,,,21.67,6.21,4.23,5.24,4.40,21.67,9.16,21.67,8.48,3.07581559,5,0.876461
BO,20260607,50,5,6,bo_r50_005_tl62_dt42_ge40_qr95_tau73,62,42,40,0.95,0.73,0.00,489.71,1000044.52,245.52,1000000.00,FAIL,emergency_stuck,emergency_stuck,False,False,0,1637,0,24,258.73,111.54,405.93,23.36,23.28,ei,,,18.95,5.73,3.83,4.72,3.85,18.95,7.75,18.95,7.47,2.94187555,5,0.811446
BO,20260607,50,6,6,bo_r50_006_tl49_dt38_ge42_qr100_tau75,49,38,42,1.0,0.75,0.00,495.97,1000045.09,245.52,1000000.00,FAIL,emergency_stuck,emergency_stuck,False,False,0,2404,0,19,242.91,137.94,347.88,22.14,22.07,ei,,,18.34,5.26,3.57,4.46,3.69,18.34,7.64,18.34,7.16,2.90921310,5,0.828442
