input_method,input_seed,input_round,input_parameter_id,input_t_lead,input_delta_T_thr,input_G_ext,input_Q_ratio,input_tau,output_D_E_sec,output_D_G_sec,weight_E,weight_G,weight_ratio,score,measured_T_free_EMV_sec,measured_T_actual_EMV_sec,measured_D_E_sec,measured_D_G_sec,measured_general_mean_travel_time_sec,stage2_on_count,stage3_on_count
Random Search,20260607,1,rs_r01_001_tl48_dt220_ge9_qr22_tau77,48,220,9,0.22,0.77,290.92,453.97,0.91,0.09,10:1,305.74,219.08016,510.0,290.91984,453.967911,145.048096,1,66
Random Search,20260607,1,rs_r01_002_tl30_dt8_ge26_qr51_tau79,30,8,26,0.51,0.79,315.92,445.16,0.91,0.09,10:1,327.67,219.08016,535.0,315.91984,445.159261,159.781651,1,16
Random Search,20260607,1,rs_r01_003_tl91_dt34_ge11_qr77_tau83,91,34,11,0.77,0.83,0.00,497.27,0.91,0.09,10:1,45.21,219.08016,,,497.271071,133.214493,1,33
Random Search,20260607,1,rs_r01_004_tl35_dt116_ge30_qr80_tau87,35,116,30,0.8,0.87,400.92,436.37,0.91,0.09,10:1,404.14,219.08016,620.0,400.91984,436.374068,157.771777,1,45
Random Search,20260607,1,rs_r01_005_tl12_dt198_ge7_qr84_tau73,12,198,7,0.84,0.73,412.92,426.08,0.91,0.09,10:1,414.12,219.08016,632.0,412.91984,426.082884,165.676329,1,88
Random Search,20260607,1,rs_r01_006_tl73_dt146_ge44_qr8_tau88,73,146,44,0.08,0.88,0.00,487.23,0.91,0.09,10:1,44.29,219.08016,,,487.227553,135.987047,1,26
Random Search,20260607,2,rs_r02_001_tl2_dt118_ge23_qr30_tau73,2,118,23,0.3,0.73,466.92,428.87,0.91,0.09,10:1,463.46,219.08016,686.0,466.91984,428.874055,163.345902,1,57
Random Search,20260607,2,rs_r02_002_tl74_dt148_ge45_qr38_tau73,74,148,45,0.38,0.73,0.00,486.66,0.91,0.09,10:1,44.24,219.08016,,,486.655992,136.724227,1,26
Random Search,20260607,2,rs_r02_003_tl38_dt33_ge24_qr83_tau90,38,33,24,0.83,0.9,0.00,494.49,0.91,0.09,10:1,44.95,219.08016,,,494.489082,132.146067,1,25
Random Search,20260607,2,rs_r02_004_tl69_dt6_ge17_qr95_tau85,69,6,17,0.95,0.85,315.92,443.96,0.91,0.09,10:1,327.56,219.08016,535.0,315.91984,443.962878,148.44052,0,15
Random Search,20260607,2,rs_r02_005_tl80_dt178_ge2_qr49_tau75,80,178,2,0.49,0.75,441.92,426.72,0.91,0.09,10:1,440.54,219.08016,661.0,441.91984,426.721772,156.754934,1,117
Random Search,20260607,2,rs_r02_006_tl82_dt158_ge16_qr6_tau78,82,158,16,0.06,0.78,395.92,437.68,0.91,0.09,10:1,399.72,219.08016,615.0,395.91984,437.681495,158.194004,1,65
Random Search,20260607,3,rs_r03_001_tl41_dt37_ge24_qr52_tau88,41,37,24,0.52,0.88,0.00,495.45,0.91,0.09,10:1,45.04,219.08016,,,495.445493,132.926346,1,26
Random Search,20260607,3,rs_r03_002_tl6_dt59_ge9_qr74_tau71,6,59,9,0.74,0.71,0.00,494.81,0.91,0.09,10:1,44.98,219.08016,,,494.806759,134.80791,1,47
Random Search,20260607,3,rs_r03_003_tl44_dt129_ge49_qr48_tau77,44,129,49,0.48,0.77,542.92,297.02,0.91,0.09,10:1,520.57,219.08016,762.0,542.91984,297.017623,174.913696,1,40
Random Search,20260607,3,rs_r03_004_tl83_dt83_ge12_qr55_tau89,83,83,12,0.55,0.89,323.92,451.12,0.91,0.09,10:1,335.48,219.08016,543.0,323.91984,451.116085,153.596929,1,64
Random Search,20260607,3,rs_r03_005_tl24_dt204_ge7_qr96_tau84,24,204,7,0.96,0.84,282.92,451.05,0.91,0.09,10:1,298.20,219.08016,502.0,282.91984,451.045871,151.705202,0,72
Random Search,20260607,3,rs_r03_006_tl100_dt73_ge16_qr56_tau88,100,73,16,0.56,0.88,0.00,488.64,0.91,0.09,10:1,44.42,219.08016,,,488.642658,132.136,1,42
Random Search,20260607,4,rs_r04_001_tl79_dt73_ge27_qr72_tau76,79,73,27,0.72,0.76,0.00,467.62,0.91,0.09,10:1,42.51,219.08016,,,467.619383,150.869848,1,40
Random Search,20260607,4,rs_r04_002_tl49_dt80_ge2_qr65_tau75,49,80,2,0.65,0.75,272.92,459.57,0.91,0.09,10:1,289.89,219.08016,492.0,272.91984,459.570959,154.484725,1,86
Random Search,20260607,4,rs_r04_003_tl102_dt25_ge35_qr32_tau88,102,25,35,0.32,0.88,0.00,501.86,0.91,0.09,10:1,45.62,219.08016,,,501.862311,123.107034,1,15
Random Search,20260607,4,rs_r04_004_tl60_dt138_ge9_qr43_tau72,60,138,9,0.43,0.72,336.92,440.72,0.91,0.09,10:1,346.36,219.08016,556.0,336.91984,440.718394,157.309481,1,75
Random Search,20260607,4,rs_r04_005_tl109_dt176_ge0_qr10_tau89,109,176,0,0.1,0.89,348.92,435.24,0.91,0.09,10:1,356.77,219.08016,568.0,348.91984,435.24451,147.11014,1,116
Random Search,20260607,4,rs_r04_006_tl106_dt160_ge15_qr11_tau84,106,160,15,0.11,0.84,293.92,435.42,0.91,0.09,10:1,306.78,219.08016,513.0,293.91984,435.42275,156.314335,1,52
Random Search,20260607,5,rs_r05_001_tl39_dt184_ge5_qr22_tau85,39,184,5,0.22,0.85,377.92,431.42,0.91,0.09,10:1,382.78,219.08016,597.0,377.91984,431.42477,165.965174,1,95
Random Search,20260607,5,rs_r05_002_tl87_dt127_ge33_qr6_tau90,87,127,33,0.06,0.9,539.92,305.26,0.91,0.09,10:1,518.59,219.08016,759.0,539.91984,305.264199,182.682075,1,49
Random Search,20260607,5,rs_r05_003_tl66_dt53_ge25_qr53_tau77,66,53,25,0.53,0.77,0.00,495.92,0.91,0.09,10:1,45.08,219.08016,,,495.916812,134.135057,1,30
Random Search,20260607,5,rs_r05_004_tl40_dt23_ge49_qr52_tau88,40,23,49,0.52,0.88,0.00,500.78,0.91,0.09,10:1,45.53,219.08016,,,500.775775,130.329341,1,14
Random Search,20260607,5,rs_r05_005_tl78_dt45_ge22_qr67_tau81,78,45,22,0.67,0.81,0.00,493.01,0.91,0.09,10:1,44.82,219.08016,,,493.013209,131.882682,1,31
Random Search,20260607,5,rs_r05_006_tl96_dt171_ge0_qr4_tau85,96,171,0,0.04,0.85,318.92,452.44,0.91,0.09,10:1,331.06,219.08016,538.0,318.91984,452.444683,155.753846,1,111
Random Search,20260607,6,rs_r06_001_tl96_dt116_ge41_qr5_tau80,96,116,41,0.05,0.8,0.00,489.23,0.91,0.09,10:1,44.48,219.08016,,,489.234666,137.6781,1,27
Random Search,20260607,6,rs_r06_002_tl82_dt34_ge42_qr63_tau77,82,34,42,0.63,0.77,0.00,499.91,0.91,0.09,10:1,45.45,219.08016,,,499.91381,135.244838,1,16
Random Search,20260607,6,rs_r06_003_tl17_dt11_ge46_qr1_tau87,17,11,46,0.01,0.87,0.00,494.04,0.91,0.09,10:1,44.91,219.08016,,,494.036261,135.903581,1,9
Random Search,20260607,6,rs_r06_004_tl56_dt82_ge28_qr8_tau76,56,82,28,0.08,0.76,500.92,309.91,0.91,0.09,10:1,483.56,219.08016,720.0,500.91984,309.914441,180.605212,1,55
Random Search,20260607,6,rs_r06_005_tl2_dt59_ge20_qr70_tau89,2,59,20,0.7,0.89,0.00,500.52,0.91,0.09,10:1,45.50,219.08016,,,500.517157,120.392097,1,31
Random Search,20260607,6,rs_r06_006_tl14_dt2_ge15_qr10_tau83,14,2,15,0.1,0.83,363.92,441.51,0.91,0.09,10:1,370.97,219.08016,583.0,363.91984,441.506169,148.620183,1,15
Random Search,20260607,7,rs_r07_001_tl17_dt197_ge6_qr50_tau76,17,197,6,0.5,0.76,0.00,487.81,0.91,0.09,10:1,44.35,219.08016,,,487.812875,136.127937,1,64
Random Search,20260607,7,rs_r07_002_tl72_dt170_ge29_qr81_tau73,72,170,29,0.81,0.73,486.92,313.22,0.91,0.09,10:1,471.13,219.08016,706.0,486.91984,313.220506,178.511241,1,51
Random Search,20260607,7,rs_r07_003_tl53_dt176_ge2_qr69_tau85,53,176,2,0.69,0.85,325.92,433.11,0.91,0.09,10:1,335.66,219.08016,545.0,325.91984,433.112231,158.321489,1,97
Random Search,20260607,7,rs_r07_004_tl54_dt30_ge31_qr64_tau75,54,30,31,0.64,0.75,0.00,499.81,0.91,0.09,10:1,45.44,219.08016,,,499.810142,132.576923,1,20
Random Search,20260607,7,rs_r07_005_tl18_dt186_ge15_qr19_tau90,18,186,15,0.19,0.9,471.92,299.55,0.91,0.09,10:1,456.25,219.08016,691.0,471.91984,299.549956,170.023121,1,74
Random Search,20260607,7,rs_r07_006_tl26_dt51_ge28_qr94_tau90,26,51,28,0.94,0.9,0.00,472.05,0.91,0.09,10:1,42.91,219.08016,,,472.052339,135.733179,0,33
Random Search,20260607,8,rs_r08_001_tl62_dt173_ge48_qr37_tau83,62,173,48,0.37,0.83,338.92,442.93,0.91,0.09,10:1,348.37,219.08016,558.0,338.91984,442.926122,150.559633,1,33
Random Search,20260607,8,rs_r08_002_tl74_dt50_ge33_qr41_tau84,74,50,33,0.41,0.84,0.00,487.84,0.91,0.09,10:1,44.35,219.08016,,,487.840837,140.383632,1,28
Random Search,20260607,8,rs_r08_003_tl40_dt196_ge41_qr62_tau90,40,196,41,0.62,0.9,411.92,334.60,0.91,0.09,10:1,404.89,219.08016,631.0,411.91984,334.601715,160.41048,1,40
Random Search,20260607,8,rs_r08_004_tl17_dt175_ge1_qr59_tau73,17,175,1,0.59,0.73,440.92,424.45,0.91,0.09,10:1,439.42,219.08016,660.0,440.91984,424.448549,163.705314,1,125
Random Search,20260607,8,rs_r08_005_tl112_dt120_ge23_qr75_tau84,112,120,23,0.75,0.84,505.92,312.16,0.91,0.09,10:1,488.31,219.08016,725.0,505.91984,312.159596,177.440976,1,61
Random Search,20260607,8,rs_r08_006_tl44_dt60_ge29_qr71_tau80,44,60,29,0.71,0.8,0.00,501.08,0.91,0.09,10:1,45.55,219.08016,,,501.083543,130.684685,1,27
Random Search,20260607,9,rs_r09_001_tl20_dt170_ge27_qr89_tau89,20,170,27,0.89,0.89,495.92,306.59,0.91,0.09,10:1,478.71,219.08016,715.0,495.91984,306.5886,179.470813,1,54
Random Search,20260607,9,rs_r09_002_tl101_dt218_ge21_qr81_tau83,101,218,21,0.81,0.83,672.92,286.11,0.91,0.09,10:1,637.76,219.08016,892.0,672.91984,286.113358,185.643617,1,76
Random Search,20260607,9,rs_r09_003_tl44_dt220_ge32_qr47_tau80,44,220,32,0.47,0.8,544.92,304.58,0.91,0.09,10:1,523.07,219.08016,764.0,544.91984,304.581503,177.390684,1,51
Random Search,20260607,9,rs_r09_004_tl110_dt11_ge15_qr62_tau71,110,11,15,0.62,0.71,380.92,436.17,0.91,0.09,10:1,385.94,219.08016,600.0,380.91984,436.167497,161.266323,1,23
Random Search,20260607,9,rs_r09_005_tl81_dt98_ge32_qr8_tau78,81,98,32,0.08,0.78,588.92,297.02,0.91,0.09,10:1,562.38,219.08016,808.0,588.91984,297.022074,174.518622,1,56
Random Search,20260607,9,rs_r09_006_tl78_dt31_ge27_qr96_tau71,78,31,27,0.96,0.71,0.00,494.94,0.91,0.09,10:1,44.99,219.08016,,,494.93615,128.318052,0,22
Random Search,20260607,10,rs_r10_001_tl27_dt56_ge2_qr52_tau87,27,56,2,0.52,0.87,0.00,487.39,0.91,0.09,10:1,44.31,219.08016,,,487.394724,136.689474,1,72
Random Search,20260607,10,rs_r10_002_tl32_dt39_ge7_qr70_tau74,32,39,7,0.7,0.74,0.00,500.78,0.91,0.09,10:1,45.53,219.08016,,,500.781976,121.644377,1,39
Random Search,20260607,10,rs_r10_003_tl38_dt207_ge10_qr72_tau70,38,207,10,0.72,0.7,334.92,449.20,0.91,0.09,10:1,345.31,219.08016,554.0,334.91984,449.198471,159.621469,1,72
Random Search,20260607,10,rs_r10_004_tl50_dt113_ge21_qr41_tau71,50,113,21,0.41,0.71,660.92,292.25,0.91,0.09,10:1,627.40,219.08016,880.0,660.91984,292.24663,181.848238,1,78
Random Search,20260607,10,rs_r10_005_tl95_dt93_ge32_qr51_tau74,95,93,32,0.51,0.74,588.92,297.02,0.91,0.09,10:1,562.38,219.08016,808.0,588.91984,297.022074,174.518622,1,56
Random Search,20260607,10,rs_r10_006_tl105_dt59_ge46_qr65_tau72,105,59,46,0.65,0.72,670.92,294.64,0.91,0.09,10:1,636.71,219.08016,890.0,670.91984,294.640655,188.683124,1,50
Random Search,20260607,11,rs_r11_001_tl35_dt153_ge5_qr49_tau89,35,153,5,0.49,0.89,406.92,435.47,0.91,0.09,10:1,409.52,219.08016,626.0,406.91984,435.473538,164.039384,1,97
Random Search,20260607,11,rs_r11_002_tl110_dt123_ge0_qr79_tau70,110,123,0,0.79,0.7,327.92,449.01,0.91,0.09,10:1,338.93,219.08016,547.0,327.91984,449.007171,156.57656,1,113
Random Search,20260607,11,rs_r11_003_tl85_dt174_ge28_qr92_tau72,85,174,28,0.92,0.72,441.92,429.03,0.91,0.09,10:1,440.75,219.08016,661.0,441.91984,429.028246,154.128763,0,52
Random Search,20260607,11,rs_r11_004_tl75_dt191_ge47_qr65_tau73,75,191,47,0.65,0.73,276.92,458.96,0.91,0.09,10:1,293.47,219.08016,496.0,276.91984,458.963298,151.827515,1,28
Random Search,20260607,11,rs_r11_005_tl2_dt162_ge10_qr47_tau87,2,162,10,0.47,0.87,437.92,429.04,0.91,0.09,10:1,437.11,219.08016,657.0,437.91984,429.036606,155.529215,1,82
Random Search,20260607,11,rs_r11_006_tl32_dt105_ge7_qr52_tau74,32,105,7,0.52,0.74,273.92,451.73,0.91,0.09,10:1,290.08,219.08016,493.0,273.91984,451.730034,151.587209,1,67
Random Search,20260607,12,rs_r12_001_tl42_dt91_ge3_qr49_tau76,42,91,3,0.49,0.76,301.92,451.45,0.91,0.09,10:1,315.51,219.08016,521.0,301.91984,451.452524,155.932563,1,84
Random Search,20260607,12,rs_r12_002_tl100_dt162_ge46_qr96_tau79,100,162,46,0.96,0.79,0.00,470.28,0.91,0.09,10:1,42.75,219.08016,,,470.282908,137.873303,0,28
Random Search,20260607,12,rs_r12_003_tl17_dt102_ge29_qr2_tau80,17,102,29,0.02,0.8,445.92,428.40,0.91,0.09,10:1,444.33,219.08016,665.0,445.91984,428.402505,161.00165,1,51
Random Search,20260607,12,rs_r12_004_tl32_dt26_ge25_qr79_tau80,32,26,25,0.79,0.8,0.00,499.75,0.91,0.09,10:1,45.43,219.08016,,,499.753065,134.734513,1,21
Random Search,20260607,12,rs_r12_005_tl2_dt3_ge37_qr91_tau89,2,3,37,0.91,0.89,412.92,345.74,0.91,0.09,10:1,406.81,219.08016,632.0,412.91984,345.744601,167.423464,0,16
Random Search,20260607,12,rs_r12_006_tl81_dt21_ge15_qr81_tau83,81,21,15,0.81,0.83,0.00,500.26,0.91,0.09,10:1,45.48,219.08016,,,500.258331,135.502959,1,25
Random Search,20260607,13,rs_r13_001_tl90_dt135_ge4_qr70_tau79,90,135,4,0.7,0.79,336.92,442.06,0.91,0.09,10:1,346.48,219.08016,556.0,336.91984,442.05582,163.398564,1,93
Random Search,20260607,13,rs_r13_002_tl37_dt164_ge40_qr48_tau90,37,164,40,0.48,0.9,328.92,438.94,0.91,0.09,10:1,338.92,219.08016,548.0,328.91984,438.937426,149.048649,1,33
Random Search,20260607,13,rs_r13_003_tl94_dt122_ge31_qr97_tau80,94,122,31,0.97,0.8,456.92,326.18,0.91,0.09,10:1,445.03,219.08016,676.0,456.91984,326.176221,178.853783,0,50
Random Search,20260607,13,rs_r13_004_tl33_dt187_ge35_qr36_tau73,33,187,35,0.36,0.73,517.92,306.00,0.91,0.09,10:1,498.65,219.08016,737.0,517.91984,305.997654,180.004757,1,51
Random Search,20260607,13,rs_r13_005_tl17_dt122_ge31_qr100_tau84,17,122,31,1.0,0.84,475.92,313.39,0.91,0.09,10:1,461.14,219.08016,695.0,475.91984,313.387215,171.286853,0,52
Random Search,20260607,13,rs_r13_006_tl78_dt51_ge41_qr69_tau83,78,51,41,0.69,0.83,0.00,498.26,0.91,0.09,10:1,45.30,219.08016,,,498.263575,132.754386,1,20
Random Search,20260607,14,rs_r14_001_tl32_dt9_ge43_qr38_tau84,32,9,43,0.38,0.84,313.92,443.15,0.91,0.09,10:1,325.67,219.08016,533.0,313.91984,443.146114,158.300546,1,17
Random Search,20260607,14,rs_r14_002_tl109_dt155_ge2_qr93_tau72,109,155,2,0.93,0.72,321.92,446.97,0.91,0.09,10:1,333.29,219.08016,541.0,321.91984,446.971766,147.557034,0,94
Random Search,20260607,14,rs_r14_003_tl10_dt215_ge18_qr12_tau75,10,215,18,0.12,0.75,412.92,433.68,0.91,0.09,10:1,414.81,219.08016,632.0,412.91984,433.679539,157.545299,1,61
Random Search,20260607,14,rs_r14_004_tl62_dt206_ge23_qr72_tau72,62,206,23,0.72,0.72,547.92,304.97,0.91,0.09,10:1,525.83,219.08016,767.0,547.91984,304.973327,181.028382,1,66
Random Search,20260607,14,rs_r14_005_tl27_dt202_ge9_qr96_tau77,27,202,9,0.96,0.77,426.92,432.37,0.91,0.09,10:1,427.42,219.08016,646.0,426.91984,432.368427,163.536913,0,82
Random Search,20260607,14,rs_r14_006_tl2_dt54_ge9_qr9_tau86,2,54,9,0.09,0.86,0.00,493.38,0.91,0.09,10:1,44.85,219.08016,,,493.381017,133.504202,1,45
Random Search,20260607,15,rs_r15_001_tl96_dt176_ge11_qr20_tau72,96,176,11,0.2,0.72,371.92,442.12,0.91,0.09,10:1,378.30,219.08016,591.0,371.91984,442.124291,162.940754,1,73
Random Search,20260607,15,rs_r15_002_tl105_dt44_ge34_qr97_tau72,105,44,34,0.97,0.72,0.00,488.89,0.91,0.09,10:1,44.44,219.08016,,,488.891691,135.341333,0,26
Random Search,20260607,15,rs_r15_003_tl110_dt106_ge45_qr45_tau75,110,106,45,0.45,0.75,589.92,298.83,0.91,0.09,10:1,563.46,219.08016,809.0,589.91984,298.828903,180.843029,1,46
Random Search,20260607,15,rs_r15_004_tl60_dt214_ge18_qr48_tau87,60,214,18,0.48,0.87,0.00,491.76,0.91,0.09,10:1,44.71,219.08016,,,491.764891,138.516043,1,43
Random Search,20260607,15,rs_r15_005_tl53_dt219_ge13_qr38_tau86,53,219,13,0.38,0.86,434.92,430.33,0.91,0.09,10:1,434.50,219.08016,654.0,434.91984,430.334338,153.619529,1,70
Random Search,20260607,15,rs_r15_006_tl39_dt152_ge48_qr91_tau85,39,152,48,0.91,0.85,0.00,496.32,0.91,0.09,10:1,45.12,219.08016,,,496.324411,126.620991,0,22
Random Search,20260607,16,rs_r16_001_tl104_dt200_ge33_qr49_tau72,104,200,33,0.49,0.72,486.92,428.06,0.91,0.09,10:1,481.57,219.08016,706.0,486.91984,428.058505,172.940514,1,46
Random Search,20260607,16,rs_r16_002_tl35_dt190_ge2_qr74_tau87,35,190,2,0.74,0.87,241.92,460.66,0.91,0.09,10:1,261.81,219.08016,461.0,241.91984,460.65996,153.386364,1,80
Random Search,20260607,16,rs_r16_003_tl37_dt105_ge47_qr11_tau70,37,105,47,0.11,0.7,0.00,496.03,0.91,0.09,10:1,45.09,219.08016,,,496.030859,131.282421,1,23
Random Search,20260607,16,rs_r16_004_tl46_dt57_ge41_qr64_tau73,46,57,41,0.64,0.73,0.00,499.96,0.91,0.09,10:1,45.45,219.08016,,,499.964271,130.473214,1,22
Random Search,20260607,16,rs_r16_005_tl52_dt157_ge4_qr3_tau81,52,157,4,0.03,0.81,352.92,435.82,0.91,0.09,10:1,360.46,219.08016,572.0,352.91984,435.818872,159.809278,1,93
Random Search,20260607,16,rs_r16_006_tl57_dt50_ge1_qr9_tau83,57,50,1,0.09,0.83,0.00,501.96,0.91,0.09,10:1,45.63,219.08016,,,501.957261,134.531532,1,63
Random Search,20260607,17,rs_r17_001_tl65_dt219_ge3_qr90_tau76,65,219,3,0.9,0.76,382.92,433.14,0.91,0.09,10:1,387.49,219.08016,602.0,382.91984,433.139757,162.564846,1,100
Random Search,20260607,17,rs_r17_002_tl17_dt48_ge49_qr42_tau82,17,48,49,0.42,0.82,0.00,503.89,0.91,0.09,10:1,45.81,219.08016,,,503.887303,120.648903,1,19
Random Search,20260607,17,rs_r17_003_tl96_dt120_ge44_qr1_tau70,96,120,44,0.01,0.7,0.00,487.23,0.91,0.09,10:1,44.29,219.08016,,,487.227553,135.987047,1,26
Random Search,20260607,17,rs_r17_004_tl36_dt40_ge9_qr69_tau89,36,40,9,0.69,0.89,0.00,500.49,0.91,0.09,10:1,45.50,219.08016,,,500.492057,122.090909,1,37
Random Search,20260607,17,rs_r17_005_tl31_dt79_ge6_qr54_tau70,31,79,6,0.54,0.7,447.92,315.24,0.91,0.09,10:1,435.86,219.08016,667.0,447.91984,315.235901,171.79899,1,98
Random Search,20260607,17,rs_r17_006_tl102_dt61_ge43_qr79_tau86,102,61,43,0.79,0.86,0.00,501.52,0.91,0.09,10:1,45.59,219.08016,,,501.519319,124.246951,1,21
Random Search,20260607,18,rs_r18_001_tl69_dt186_ge22_qr9_tau86,69,186,22,0.09,0.86,0.00,485.10,0.91,0.09,10:1,44.10,219.08016,,,485.102534,142.974811,1,38
Random Search,20260607,18,rs_r18_002_tl85_dt106_ge9_qr33_tau88,85,106,9,0.33,0.88,332.92,445.63,0.91,0.09,10:1,343.17,219.08016,552.0,332.91984,445.628265,155.852126,1,73
Random Search,20260607,18,rs_r18_003_tl61_dt172_ge23_qr49_tau81,61,172,23,0.49,0.81,541.92,306.93,0.91,0.09,10:1,520.56,219.08016,761.0,541.91984,306.933806,178.56829,1,66
Random Search,20260607,18,rs_r18_004_tl66_dt7_ge29_qr82_tau80,66,7,29,0.82,0.8,316.92,444.52,0.91,0.09,10:1,328.52,219.08016,536.0,316.91984,444.52123,159.230769,1,16
Random Search,20260607,18,rs_r18_005_tl56_dt99_ge47_qr11_tau70,56,99,47,0.11,0.7,506.92,301.51,0.91,0.09,10:1,488.25,219.08016,726.0,506.91984,301.50904,178.318526,1,41
Random Search,20260607,18,rs_r18_006_tl1_dt130_ge26_qr57_tau86,1,130,26,0.57,0.86,0.00,495.51,0.91,0.09,10:1,45.05,219.08016,,,495.50571,134.354108,1,32
Random Search,20260607,19,rs_r19_001_tl42_dt107_ge42_qr87_tau75,42,107,42,0.87,0.75,428.92,433.30,0.91,0.09,10:1,429.32,219.08016,648.0,428.91984,433.295148,154.522109,1,43
Random Search,20260607,19,rs_r19_002_tl86_dt198_ge13_qr68_tau89,86,198,13,0.68,0.89,264.92,462.21,0.91,0.09,10:1,282.86,219.08016,484.0,264.91984,462.208622,154.131799,1,55
Random Search,20260607,19,rs_r19_003_tl30_dt123_ge23_qr79_tau74,30,123,23,0.79,0.74,643.92,294.05,0.91,0.09,10:1,612.11,219.08016,863.0,643.91984,294.04556,178.720293,1,71
Random Search,20260607,19,rs_r19_004_tl50_dt125_ge9_qr43_tau76,50,125,9,0.43,0.76,290.92,453.97,0.91,0.09,10:1,305.74,219.08016,510.0,290.91984,453.967911,145.048096,1,66
Random Search,20260607,19,rs_r19_005_tl76_dt52_ge45_qr2_tau72,76,52,45,0.02,0.72,417.92,431.24,0.91,0.09,10:1,419.13,219.08016,637.0,417.91984,431.236885,151.005076,1,35
Random Search,20260607,19,rs_r19_006_tl89_dt143_ge3_qr77_tau88,89,143,3,0.77,0.88,421.92,434.52,0.91,0.09,10:1,423.07,219.08016,641.0,421.91984,434.517973,159.926871,1,109
Random Search,20260607,20,rs_r20_001_tl81_dt71_ge2_qr61_tau86,81,71,2,0.61,0.86,367.92,432.16,0.91,0.09,10:1,373.76,219.08016,587.0,367.91984,432.158444,157.638655,1,101
Random Search,20260607,20,rs_r20_002_tl36_dt116_ge3_qr17_tau89,36,116,3,0.17,0.89,368.92,435.81,0.91,0.09,10:1,375.00,219.08016,588.0,368.91984,435.813111,162.37094,1,100
Random Search,20260607,20,rs_r20_003_tl52_dt31_ge48_qr21_tau70,52,31,48,0.21,0.7,0.00,498.98,0.91,0.09,10:1,45.36,219.08016,,,498.978927,134.428152,1,14
Random Search,20260607,20,rs_r20_004_tl28_dt146_ge26_qr31_tau78,28,146,26,0.31,0.78,0.00,489.75,0.91,0.09,10:1,44.52,219.08016,,,489.75452,134.779841,1,35
Random Search,20260607,20,rs_r20_005_tl85_dt99_ge25_qr36_tau76,85,99,25,0.36,0.76,629.92,298.19,0.91,0.09,10:1,599.76,219.08016,849.0,629.91984,298.190146,187.377495,1,70
Random Search,20260607,20,rs_r20_006_tl93_dt33_ge22_qr10_tau88,93,33,22,0.1,0.88,0.00,499.01,0.91,0.09,10:1,45.36,219.08016,,,499.007587,134.422287,1,24
Random Search,20260607,21,rs_r21_001_tl85_dt87_ge29_qr70_tau70,85,87,29,0.7,0.7,499.92,312.89,0.91,0.09,10:1,482.92,219.08016,719.0,499.91984,312.892626,178.835122,1,53
Random Search,20260607,21,rs_r21_002_tl93_dt124_ge24_qr23_tau84,93,124,24,0.23,0.84,0.00,482.31,0.91,0.09,10:1,43.85,219.08016,,,482.314049,137.222772,1,38
Random Search,20260607,21,rs_r21_003_tl70_dt79_ge27_qr99_tau80,70,79,27,0.99,0.8,442.92,429.68,0.91,0.09,10:1,441.72,219.08016,662.0,442.91984,429.678327,158.913333,0,51
Random Search,20260607,21,rs_r21_004_tl108_dt199_ge49_qr85_tau86,108,199,49,0.85,0.86,658.92,294.87,0.91,0.09,10:1,625.82,219.08016,878.0,658.91984,294.867,187.368231,1,46
Random Search,20260607,21,rs_r21_005_tl101_dt44_ge36_qr52_tau75,101,44,36,0.52,0.75,0.00,501.22,0.91,0.09,10:1,45.57,219.08016,,,501.216862,129.966867,1,22
Random Search,20260607,21,rs_r21_006_tl43_dt21_ge18_qr18_tau86,43,21,18,0.18,0.86,0.00,497.60,0.91,0.09,10:1,45.24,219.08016,,,497.603876,134.828986,1,23
Random Search,20260607,22,rs_r22_001_tl35_dt119_ge44_qr88_tau73,35,119,44,0.88,0.73,546.92,300.52,0.91,0.09,10:1,524.52,219.08016,766.0,546.91984,300.515558,176.612842,1,46
Random Search,20260607,22,rs_r22_002_tl86_dt134_ge16_qr25_tau82,86,134,16,0.25,0.82,395.92,437.68,0.91,0.09,10:1,399.72,219.08016,615.0,395.91984,437.681495,158.194004,1,65
Random Search,20260607,22,rs_r22_003_tl59_dt206_ge5_qr72_tau86,59,206,5,0.72,0.86,405.92,427.30,0.91,0.09,10:1,407.86,219.08016,625.0,405.91984,427.296602,173.940895,1,94
Random Search,20260607,22,rs_r22_004_tl95_dt9_ge28_qr93_tau73,95,9,28,0.93,0.73,315.92,442.61,0.91,0.09,10:1,327.44,219.08016,535.0,315.91984,442.609388,157.034608,0,16
Random Search,20260607,22,rs_r22_005_tl11_dt64_ge47_qr11_tau89,11,64,47,0.11,0.89,533.92,307.10,0.91,0.09,10:1,513.30,219.08016,753.0,533.91984,307.097695,177.427203,1,42
Random Search,20260607,22,rs_r22_006_tl75_dt44_ge37_qr15_tau86,75,44,37,0.15,0.86,0.00,495.61,0.91,0.09,10:1,45.06,219.08016,,,495.60646,132.409742,1,23
Random Search,20260607,23,rs_r23_001_tl10_dt220_ge17_qr7_tau70,10,220,17,0.07,0.7,502.92,302.56,0.91,0.09,10:1,484.71,219.08016,722.0,502.91984,302.558666,177.614653,1,72
Random Search,20260607,23,rs_r23_002_tl20_dt139_ge3_qr10_tau85,20,139,3,0.1,0.85,437.92,430.29,0.91,0.09,10:1,437.23,219.08016,657.0,437.91984,430.290777,161.657807,1,112
Random Search,20260607,23,rs_r23_003_tl81_dt30_ge47_qr86_tau73,81,30,47,0.86,0.73,0.00,503.65,0.91,0.09,10:1,45.79,219.08016,,,503.648311,124.520124,1,14
Random Search,20260607,23,rs_r23_004_tl53_dt186_ge19_qr18_tau82,53,186,19,0.18,0.82,509.92,302.15,0.91,0.09,10:1,491.03,219.08016,729.0,509.91984,302.153677,173.898095,1,70
Random Search,20260607,23,rs_r23_005_tl29_dt207_ge30_qr54_tau82,29,207,30,0.54,0.82,474.92,304.44,0.91,0.09,10:1,459.42,219.08016,694.0,474.91984,304.442583,168.810732,1,51
Random Search,20260607,23,rs_r23_006_tl75_dt199_ge19_qr35_tau78,75,199,19,0.35,0.78,595.92,293.98,0.91,0.09,10:1,568.47,219.08016,815.0,595.91984,293.983356,180.972653,1,76
Random Search,20260607,24,rs_r24_001_tl9_dt211_ge19_qr3_tau80,9,211,19,0.03,0.8,0.00,502.63,0.91,0.09,10:1,45.69,219.08016,,,502.631643,131.268293,1,35
Random Search,20260607,24,rs_r24_002_tl81_dt53_ge0_qr95_tau79,81,53,0,0.95,0.79,0.00,498.00,0.91,0.09,10:1,45.27,219.08016,,,498.003656,122.580357,0,68
Random Search,20260607,24,rs_r24_003_tl14_dt91_ge12_qr27_tau75,14,91,12,0.27,0.75,517.92,305.13,0.91,0.09,10:1,498.57,219.08016,737.0,517.91984,305.126148,179.610847,1,86
Random Search,20260607,24,rs_r24_004_tl32_dt223_ge3_qr90_tau70,32,223,3,0.9,0.7,414.92,432.02,0.91,0.09,10:1,416.47,219.08016,634.0,414.91984,432.017054,163.351082,1,111
Random Search,20260607,24,rs_r24_005_tl28_dt224_ge11_qr77_tau88,28,224,11,0.77,0.88,392.92,435.59,0.91,0.09,10:1,396.80,219.08016,612.0,392.91984,435.594644,154.047203,1,76
Random Search,20260607,24,rs_r24_006_tl33_dt208_ge24_qr14_tau87,33,208,24,0.14,0.87,628.92,298.44,0.91,0.09,10:1,598.88,219.08016,848.0,628.91984,298.44219,184.817017,1,69
Random Search,20260607,25,rs_r25_001_tl71_dt70_ge45_qr12_tau74,71,70,45,0.12,0.74,426.92,435.20,0.91,0.09,10:1,427.67,219.08016,646.0,426.91984,435.195945,160.324232,1,37
Random Search,20260607,25,rs_r25_002_tl104_dt125_ge2_qr57_tau87,104,125,2,0.57,0.87,387.92,439.89,0.91,0.09,10:1,392.64,219.08016,607.0,387.91984,439.889852,157.064171,1,110
Random Search,20260607,25,rs_r25_003_tl108_dt131_ge17_qr80_tau73,108,131,17,0.8,0.73,492.92,308.46,0.91,0.09,10:1,476.15,219.08016,712.0,492.91984,308.46169,178.482592,1,70
Random Search,20260607,25,rs_r25_004_tl109_dt88_ge30_qr88_tau76,109,88,30,0.88,0.76,373.92,439.70,0.91,0.09,10:1,379.90,219.08016,593.0,373.91984,439.695564,161.814159,1,43
Random Search,20260607,25,rs_r25_005_tl81_dt217_ge33_qr7_tau71,81,217,33,0.07,0.71,539.92,305.26,0.91,0.09,10:1,518.59,219.08016,759.0,539.91984,305.264199,182.682075,1,49
Random Search,20260607,25,rs_r25_006_tl34_dt105_ge15_qr84_tau87,34,105,15,0.84,0.87,444.92,430.53,0.91,0.09,10:1,443.61,219.08016,664.0,444.91984,430.528613,162.019934,1,70
Random Search,20260607,26,rs_r26_001_tl24_dt212_ge49_qr91_tau70,24,212,49,0.91,0.7,697.92,293.87,0.91,0.09,10:1,661.19,219.08016,917.0,697.91984,293.8707,183.528933,0,47
Random Search,20260607,26,rs_r26_002_tl59_dt172_ge2_qr94_tau85,59,172,2,0.94,0.85,368.92,441.86,0.91,0.09,10:1,375.55,219.08016,588.0,368.91984,441.859726,150.102564,0,103
Random Search,20260607,26,rs_r26_003_tl59_dt70_ge31_qr58_tau89,59,70,31,0.58,0.89,0.00,460.28,0.91,0.09,10:1,41.84,219.08016,,,460.282015,144.934426,1,38
Random Search,20260607,26,rs_r26_004_tl11_dt208_ge9_qr99_tau74,11,208,9,0.99,0.74,442.92,433.62,0.91,0.09,10:1,442.07,219.08016,662.0,442.91984,433.615254,159.896785,0,81
Random Search,20260607,26,rs_r26_005_tl3_dt172_ge44_qr42_tau75,3,172,44,0.42,0.75,0.00,493.14,0.91,0.09,10:1,44.83,219.08016,,,493.135131,129.682451,1,23
Random Search,20260607,26,rs_r26_006_tl104_dt40_ge9_qr57_tau81,104,40,9,0.57,0.81,0.00,500.49,0.91,0.09,10:1,45.50,219.08016,,,500.492057,122.090909,1,37
Random Search,20260607,27,rs_r27_001_tl93_dt47_ge41_qr15_tau81,93,47,41,0.15,0.81,0.00,501.47,0.91,0.09,10:1,45.59,219.08016,,,501.474912,122.969512,1,19
Random Search,20260607,27,rs_r27_002_tl83_dt106_ge34_qr55_tau70,83,106,34,0.55,0.7,541.92,299.37,0.91,0.09,10:1,519.87,219.08016,761.0,541.91984,299.374014,172.672038,1,51
Random Search,20260607,27,rs_r27_003_tl7_dt128_ge1_qr61_tau71,7,128,1,0.61,0.71,454.92,429.38,0.91,0.09,10:1,452.60,219.08016,674.0,454.91984,429.375903,160.241322,1,124
Random Search,20260607,27,rs_r27_004_tl104_dt74_ge15_qr3_tau90,104,74,15,0.03,0.9,0.00,493.42,0.91,0.09,10:1,44.86,219.08016,,,493.423317,135.149584,1,42
Random Search,20260607,27,rs_r27_005_tl17_dt17_ge41_qr95_tau86,17,17,41,0.95,0.86,224.92,469.84,0.91,0.09,10:1,247.18,219.08016,444.0,224.91984,469.835206,138.783599,0,17
Random Search,20260607,27,rs_r27_006_tl35_dt25_ge35_qr41_tau81,35,25,35,0.41,0.81,0.00,500.21,0.91,0.09,10:1,45.47,219.08016,,,500.21337,133.299703,1,16
Random Search,20260607,28,rs_r28_001_tl63_dt195_ge14_qr81_tau88,63,195,14,0.81,0.88,336.92,446.87,0.91,0.09,10:1,346.92,219.08016,556.0,336.91984,446.874169,150.532957,1,60
Random Search,20260607,28,rs_r28_002_tl95_dt34_ge3_qr39_tau85,95,34,3,0.39,0.85,0.00,497.47,0.91,0.09,10:1,45.22,219.08016,,,497.473407,134.246377,1,46
Random Search,20260607,28,rs_r28_003_tl87_dt43_ge37_qr35_tau80,87,43,37,0.35,0.8,0.00,495.94,0.91,0.09,10:1,45.09,219.08016,,,495.942522,132.224138,1,23
Random Search,20260607,28,rs_r28_004_tl93_dt151_ge48_qr19_tau73,93,151,48,0.19,0.73,360.92,439.52,0.91,0.09,10:1,368.06,219.08016,580.0,360.91984,439.515306,152.460432,1,31
Random Search,20260607,28,rs_r28_005_tl61_dt125_ge40_qr50_tau85,61,125,40,0.5,0.85,475.92,424.50,0.91,0.09,10:1,471.25,219.08016,695.0,475.91984,424.498193,160.452188,1,42
Random Search,20260607,28,rs_r28_006_tl33_dt201_ge46_qr85_tau84,33,201,46,0.85,0.84,655.92,297.89,0.91,0.09,10:1,623.37,219.08016,875.0,655.91984,297.89263,188.708976,1,48
Random Search,20260607,29,rs_r29_001_tl67_dt198_ge39_qr4_tau90,67,198,39,0.04,0.9,507.92,297.55,0.91,0.09,10:1,488.80,219.08016,727.0,507.91984,297.550784,170.131054,1,46
Random Search,20260607,29,rs_r29_002_tl70_dt110_ge27_qr94_tau76,70,110,27,0.94,0.76,441.92,428.66,0.91,0.09,10:1,440.71,219.08016,661.0,441.91984,428.66213,155.825,0,50
Random Search,20260607,29,rs_r29_003_tl95_dt192_ge48_qr10_tau76,95,192,48,0.1,0.76,320.92,446.11,0.91,0.09,10:1,332.30,219.08016,540.0,320.91984,446.113077,150.677298,1,31
Random Search,20260607,29,rs_r29_004_tl91_dt95_ge7_qr23_tau82,91,95,7,0.23,0.82,356.92,437.25,0.91,0.09,10:1,364.22,219.08016,576.0,356.91984,437.24877,152.647469,1,78
Random Search,20260607,29,rs_r29_005_tl14_dt19_ge28_qr46_tau83,14,19,28,0.46,0.83,0.00,496.85,0.91,0.09,10:1,45.17,219.08016,,,496.84666,134.326648,1,19
Random Search,20260607,29,rs_r29_006_tl59_dt106_ge44_qr67_tau74,59,106,44,0.67,0.74,374.92,440.87,0.91,0.09,10:1,380.92,219.08016,594.0,374.91984,440.871827,153.226449,1,36
Random Search,20260607,30,rs_r30_001_tl62_dt19_ge10_qr63_tau73,62,19,10,0.63,0.73,0.00,498.01,0.91,0.09,10:1,45.27,219.08016,,,498.008557,135.020349,1,27
Random Search,20260607,30,rs_r30_002_tl98_dt60_ge35_qr76_tau73,98,60,35,0.76,0.73,0.00,504.00,0.91,0.09,10:1,45.82,219.08016,,,504.001663,120.640625,1,25
Random Search,20260607,30,rs_r30_003_tl3_dt209_ge37_qr47_tau83,3,209,37,0.47,0.83,464.92,424.70,0.91,0.09,10:1,461.26,219.08016,684.0,464.91984,424.698992,166.030498,1,42
Random Search,20260607,30,rs_r30_004_tl46_dt40_ge15_qr62_tau85,46,40,15,0.62,0.85,0.00,495.45,0.91,0.09,10:1,45.04,219.08016,,,495.451383,133.262857,1,37
Random Search,20260607,30,rs_r30_005_tl8_dt87_ge8_qr48_tau75,8,87,8,0.48,0.75,401.92,429.16,0.91,0.09,10:1,404.40,219.08016,621.0,401.91984,429.161187,166.414754,1,81
Random Search,20260607,30,rs_r30_006_tl29_dt171_ge34_qr89_tau83,29,171,34,0.89,0.83,498.92,306.33,0.91,0.09,10:1,481.41,219.08016,718.0,498.91984,306.331946,176.376923,1,52
Random Search,20260607,31,rs_r31_001_tl105_dt156_ge25_qr71_tau72,105,156,25,0.71,0.72,406.92,435.74,0.91,0.09,10:1,409.54,219.08016,626.0,406.91984,435.73619,157.944637,1,49
Random Search,20260607,31,rs_r31_002_tl13_dt73_ge39_qr64_tau76,13,73,39,0.64,0.76,396.92,434.05,0.91,0.09,10:1,400.30,219.08016,616.0,396.91984,434.047767,156.384354,1,38
Random Search,20260607,31,rs_r31_003_tl66_dt166_ge28_qr94_tau71,66,166,28,0.94,0.71,441.92,429.03,0.91,0.09,10:1,440.75,219.08016,661.0,441.91984,429.028246,154.128763,0,52
Random Search,20260607,31,rs_r31_004_tl46_dt87_ge37_qr74_tau72,46,87,37,0.74,0.72,669.92,295.28,0.91,0.09,10:1,635.86,219.08016,889.0,669.91984,295.282833,184.995475,1,54
Random Search,20260607,31,rs_r31_005_tl106_dt221_ge28_qr13_tau77,106,221,28,0.13,0.77,417.92,433.42,0.91,0.09,10:1,419.33,219.08016,637.0,417.91984,433.421151,159.947723,1,48
Random Search,20260607,31,rs_r31_006_tl34_dt51_ge32_qr79_tau87,34,51,32,0.79,0.87,398.92,430.71,0.91,0.09,10:1,401.81,219.08016,618.0,398.91984,430.714674,151.679054,1,40
Random Search,20260607,32,rs_r32_001_tl53_dt205_ge43_qr29_tau80,53,205,43,0.29,0.8,0.00,458.95,0.91,0.09,10:1,41.72,219.08016,,,458.94986,142.421268,1,32
Random Search,20260607,32,rs_r32_002_tl20_dt171_ge40_qr11_tau73,20,171,40,0.11,0.73,432.92,428.55,0.91,0.09,10:1,432.52,219.08016,652.0,432.91984,428.547017,148.513468,1,40
Random Search,20260607,32,rs_r32_003_tl89_dt137_ge28_qr99_tau71,89,137,28,0.99,0.71,441.92,429.03,0.91,0.09,10:1,440.75,219.08016,661.0,441.91984,429.028246,154.128763,0,52
Random Search,20260607,32,rs_r32_004_tl80_dt121_ge34_qr28_tau86,80,121,34,0.28,0.86,407.92,427.09,0.91,0.09,10:1,409.66,219.08016,627.0,407.91984,427.087278,162.188925,1,41
Random Search,20260607,32,rs_r32_005_tl68_dt50_ge26_qr96_tau73,68,50,26,0.96,0.73,0.00,490.70,0.91,0.09,10:1,44.61,219.08016,,,490.697432,131.811475,0,31
Random Search,20260607,32,rs_r32_006_tl35_dt20_ge48_qr87_tau85,35,20,48,0.87,0.85,0.00,495.54,0.91,0.09,10:1,45.05,219.08016,,,495.536858,134.464986,1,15
Random Search,20260607,33,rs_r33_001_tl91_dt45_ge20_qr71_tau72,91,45,20,0.71,0.72,0.00,495.55,0.91,0.09,10:1,45.05,219.08016,,,495.546484,133.415954,1,32
Random Search,20260607,33,rs_r33_002_tl35_dt154_ge29_qr32_tau90,35,154,29,0.32,0.9,344.92,440.31,0.91,0.09,10:1,353.59,219.08016,564.0,344.91984,440.313297,157.437276,1,43
Random Search,20260607,33,rs_r33_003_tl43_dt61_ge36_qr47_tau87,43,61,36,0.47,0.87,0.00,503.06,0.91,0.09,10:1,45.73,219.08016,,,503.062826,129.981595,1,24
Random Search,20260607,33,rs_r33_004_tl36_dt62_ge8_qr41_tau81,36,62,8,0.41,0.81,0.00,504.35,0.91,0.09,10:1,45.85,219.08016,,,504.351385,125.218069,1,47
Random Search,20260607,33,rs_r33_005_tl45_dt196_ge14_qr27_tau78,45,196,14,0.27,0.78,487.92,312.85,0.91,0.09,10:1,472.00,219.08016,707.0,487.91984,312.849607,177.586275,1,74
Random Search,20260607,33,rs_r33_006_tl97_dt54_ge15_qr88_tau77,97,54,15,0.88,0.77,0.00,505.14,0.91,0.09,10:1,45.92,219.08016,,,505.142445,120.725552,1,36
Random Search,20260607,34,rs_r34_001_tl89_dt111_ge36_qr5_tau74,89,111,36,0.05,0.74,584.92,295.39,0.91,0.09,10:1,558.60,219.08016,804.0,584.91984,295.392196,179.047882,1,51
Random Search,20260607,34,rs_r34_002_tl56_dt42_ge45_qr98_tau90,56,42,45,0.98,0.9,0.00,495.52,0.91,0.09,10:1,45.05,219.08016,,,495.517498,124.401163,0,19
Random Search,20260607,34,rs_r34_003_tl111_dt52_ge38_qr69_tau76,111,52,38,0.69,0.76,0.00,497.40,0.91,0.09,10:1,45.22,219.08016,,,497.403182,130.798834,1,23
Random Search,20260607,34,rs_r34_004_tl48_dt75_ge49_qr1_tau90,48,75,49,0.01,0.9,634.92,300.41,0.91,0.09,10:1,604.51,219.08016,854.0,634.91984,300.409012,183.25023,1,47
Random Search,20260607,34,rs_r34_005_tl105_dt150_ge21_qr58_tau70,105,150,21,0.58,0.7,672.92,286.11,0.91,0.09,10:1,637.76,219.08016,892.0,672.91984,286.113358,185.643617,1,76
Random Search,20260607,34,rs_r34_006_tl86_dt86_ge28_qr48_tau86,86,86,28,0.48,0.86,500.92,309.91,0.91,0.09,10:1,483.56,219.08016,720.0,500.91984,309.914441,180.605212,1,55
Random Search,20260607,35,rs_r35_001_tl58_dt23_ge14_qr65_tau82,58,23,14,0.65,0.82,0.00,499.75,0.91,0.09,10:1,45.43,219.08016,,,499.753065,134.734513,1,26
Random Search,20260607,35,rs_r35_002_tl23_dt104_ge36_qr10_tau89,23,104,36,0.1,0.89,0.00,491.61,0.91,0.09,10:1,44.69,219.08016,,,491.611232,135.051351,1,27
Random Search,20260607,35,rs_r35_003_tl62_dt176_ge34_qr47_tau74,62,176,34,0.47,0.74,419.92,428.10,0.91,0.09,10:1,420.66,219.08016,639.0,419.91984,428.097978,165.089577,1,43
Random Search,20260607,35,rs_r35_004_tl55_dt62_ge50_qr35_tau77,55,62,50,0.35,0.77,0.00,502.10,0.91,0.09,10:1,45.65,219.08016,,,502.100064,131.81571,1,20
Random Search,20260607,35,rs_r35_005_tl90_dt45_ge16_qr76_tau89,90,45,16,0.76,0.89,0.00,497.34,0.91,0.09,10:1,45.21,219.08016,,,497.340476,133.617391,1,36
Random Search,20260607,35,rs_r35_006_tl96_dt82_ge23_qr41_tau71,96,82,23,0.41,0.71,558.92,308.53,0.91,0.09,10:1,536.16,219.08016,778.0,558.91984,308.531166,183.553977,1,65
Random Search,20260607,36,rs_r36_001_tl10_dt188_ge49_qr36_tau90,10,188,49,0.36,0.9,0.00,495.96,0.91,0.09,10:1,45.09,219.08016,,,495.964639,130.752874,1,22
Random Search,20260607,36,rs_r36_002_tl107_dt164_ge28_qr23_tau75,107,164,28,0.23,0.75,417.92,433.42,0.91,0.09,10:1,419.33,219.08016,637.0,417.91984,433.421151,159.947723,1,48
Random Search,20260607,36,rs_r36_003_tl54_dt201_ge37_qr30_tau72,54,201,37,0.3,0.72,433.92,428.98,0.91,0.09,10:1,433.47,219.08016,653.0,433.91984,428.977933,154.901173,1,44
Random Search,20260607,36,rs_r36_004_tl0_dt189_ge1_qr46_tau86,0,189,1,0.46,0.86,406.92,436.53,0.91,0.09,10:1,409.61,219.08016,626.0,406.91984,436.529196,160.366149,1,115
Random Search,20260607,36,rs_r36_005_tl84_dt123_ge50_qr2_tau86,84,123,50,0.02,0.86,0.00,467.06,0.91,0.09,10:1,42.46,219.08016,,,467.06008,145.331868,1,25
Random Search,20260607,36,rs_r36_006_tl27_dt166_ge4_qr57_tau75,27,166,4,0.57,0.75,271.92,454.43,0.91,0.09,10:1,288.51,219.08016,491.0,271.91984,454.4345,157.195266,1,77
Random Search,20260607,37,rs_r37_001_tl89_dt71_ge7_qr71_tau79,89,71,7,0.71,0.79,368.92,431.53,0.91,0.09,10:1,374.61,219.08016,588.0,368.91984,431.527917,159.487437,1,77
Random Search,20260607,37,rs_r37_002_tl104_dt176_ge39_qr100_tau71,104,176,39,1.0,0.71,502.92,316.15,0.91,0.09,10:1,485.94,219.08016,722.0,502.91984,316.154572,172.525845,0,46
Random Search,20260607,37,rs_r37_003_tl0_dt71_ge43_qr52_tau73,0,71,43,0.52,0.73,0.00,499.64,0.91,0.09,10:1,45.42,219.08016,,,499.641903,119.879154,1,20
Random Search,20260607,37,rs_r37_004_tl52_dt127_ge11_qr97_tau87,52,127,11,0.97,0.87,500.92,309.77,0.91,0.09,10:1,483.54,219.08016,720.0,500.91984,309.774473,168.00689,0,86
Random Search,20260607,37,rs_r37_005_tl58_dt125_ge47_qr45_tau72,58,125,47,0.45,0.72,276.92,458.96,0.91,0.09,10:1,293.47,219.08016,496.0,276.91984,458.963298,151.827515,1,28
Random Search,20260607,37,rs_r37_006_tl24_dt48_ge10_qr95_tau70,24,48,10,0.95,0.7,0.00,486.71,0.91,0.09,10:1,44.25,219.08016,,,486.707061,130.353562,0,47
Random Search,20260607,38,rs_r38_001_tl20_dt134_ge46_qr78_tau80,20,134,46,0.78,0.8,497.92,304.31,0.91,0.09,10:1,480.32,219.08016,717.0,497.91984,304.311752,176.338123,1,40
Random Search,20260607,38,rs_r38_002_tl22_dt105_ge42_qr19_tau71,22,105,42,0.19,0.71,602.92,303.41,0.91,0.09,10:1,575.69,219.08016,822.0,602.91984,303.409775,187.369585,1,46
Random Search,20260607,38,rs_r38_003_tl3_dt199_ge30_qr47_tau90,3,199,30,0.47,0.9,574.92,301.86,0.91,0.09,10:1,550.10,219.08016,794.0,574.91984,301.863757,182.768872,1,57
Random Search,20260607,38,rs_r38_004_tl78_dt171_ge45_qr64_tau73,78,171,45,0.64,0.73,0.00,486.66,0.91,0.09,10:1,44.24,219.08016,,,486.655992,136.724227,1,26
Random Search,20260607,38,rs_r38_005_tl52_dt83_ge34_qr62_tau85,52,83,34,0.62,0.85,515.92,306.47,0.91,0.09,10:1,496.88,219.08016,735.0,515.91984,306.469319,169.970874,1,48
Random Search,20260607,38,rs_r38_006_tl74_dt113_ge26_qr44_tau80,74,113,26,0.44,0.8,483.92,310.18,0.91,0.09,10:1,468.13,219.08016,703.0,483.91984,310.184604,175.52924,1,55
Random Search,20260607,39,rs_r39_001_tl64_dt207_ge15_qr82_tau75,64,207,15,0.82,0.75,283.92,455.78,0.91,0.09,10:1,299.54,219.08016,503.0,283.91984,455.780726,145.880081,1,52
Random Search,20260607,39,rs_r39_002_tl96_dt54_ge35_qr38_tau87,96,54,35,0.38,0.87,0.00,500.30,0.91,0.09,10:1,45.48,219.08016,,,500.300844,131.119403,1,25
Random Search,20260607,39,rs_r39_003_tl68_dt58_ge13_qr72_tau83,68,58,13,0.72,0.83,0.00,505.08,0.91,0.09,10:1,45.92,219.08016,,,505.079545,120.766562,1,39
Random Search,20260607,39,rs_r39_004_tl108_dt5_ge49_qr40_tau85,108,5,49,0.4,0.85,0.00,489.60,0.91,0.09,10:1,44.51,219.08016,,,489.60295,133.262735,1,8
Random Search,20260607,39,rs_r39_005_tl48_dt211_ge24_qr31_tau74,48,211,24,0.31,0.74,0.00,488.08,0.91,0.09,10:1,44.37,219.08016,,,488.080444,134.081152,1,37
Random Search,20260607,39,rs_r39_006_tl15_dt182_ge39_qr10_tau76,15,182,39,0.1,0.76,0.00,464.26,0.91,0.09,10:1,42.21,219.08016,,,464.258221,143.880086,1,32
Random Search,20260607,40,rs_r40_001_tl24_dt43_ge32_qr48_tau90,24,43,32,0.48,0.9,0.00,492.28,0.91,0.09,10:1,44.75,219.08016,,,492.277863,135.843407,1,27
Random Search,20260607,40,rs_r40_002_tl35_dt37_ge1_qr52_tau74,35,37,1,0.52,0.74,0.00,504.08,0.91,0.09,10:1,45.83,219.08016,,,504.080992,123.221875,1,47
Random Search,20260607,40,rs_r40_003_tl104_dt45_ge13_qr60_tau70,104,45,13,0.6,0.7,0.00,499.39,0.91,0.09,10:1,45.40,219.08016,,,499.385816,134.364706,1,38
Random Search,20260607,40,rs_r40_004_tl47_dt70_ge34_qr94_tau87,47,70,34,0.94,0.87,469.92,425.92,0.91,0.09,10:1,465.92,219.08016,689.0,469.91984,425.92113,158.522095,0,45
Random Search,20260607,40,rs_r40_005_tl28_dt196_ge30_qr20_tau72,28,196,30,0.2,0.72,381.92,437.89,0.91,0.09,10:1,387.01,219.08016,601.0,381.91984,437.887752,159.659011,1,44
Random Search,20260607,40,rs_r40_006_tl71_dt196_ge40_qr46_tau76,71,196,40,0.46,0.76,475.92,424.50,0.91,0.09,10:1,471.25,219.08016,695.0,475.91984,424.498193,160.452188,1,42
Random Search,20260607,41,rs_r41_001_tl31_dt54_ge10_qr46_tau77,31,54,10,0.46,0.77,0.00,498.32,0.91,0.09,10:1,45.30,219.08016,,,498.315177,130.482353,1,43
Random Search,20260607,41,rs_r41_002_tl109_dt206_ge0_qr99_tau70,109,206,0,0.99,0.7,327.92,439.41,0.91,0.09,10:1,338.06,219.08016,547.0,327.91984,439.407964,156.226381,0,114
Random Search,20260607,41,rs_r41_003_tl5_dt118_ge48_qr45_tau86,5,118,48,0.45,0.86,347.92,435.96,0.91,0.09,10:1,355.92,219.08016,567.0,347.91984,435.957733,152.660211,1,33
Random Search,20260607,41,rs_r41_004_tl97_dt43_ge18_qr5_tau72,97,43,18,0.05,0.72,0.00,495.91,0.91,0.09,10:1,45.08,219.08016,,,495.906808,133.331429,1,36
Random Search,20260607,41,rs_r41_005_tl74_dt141_ge7_qr58_tau83,74,141,7,0.58,0.83,459.92,312.87,0.91,0.09,10:1,446.55,219.08016,679.0,459.91984,312.87276,166.464718,1,94
Random Search,20260607,41,rs_r41_006_tl28_dt49_ge38_qr44_tau72,28,49,38,0.44,0.72,0.00,490.15,0.91,0.09,10:1,44.56,219.08016,,,490.15123,135.970509,1,26
Random Search,20260607,42,rs_r42_001_tl65_dt6_ge15_qr97_tau81,65,6,15,0.97,0.81,315.92,443.96,0.91,0.09,10:1,327.56,219.08016,535.0,315.91984,443.962878,148.44052,0,15
Random Search,20260607,42,rs_r42_002_tl60_dt16_ge50_qr65_tau80,60,16,50,0.65,0.8,0.00,498.65,0.91,0.09,10:1,45.33,219.08016,,,498.647922,134.681287,1,12
Random Search,20260607,42,rs_r42_003_tl17_dt48_ge39_qr33_tau83,17,48,39,0.33,0.83,0.00,496.23,0.91,0.09,10:1,45.11,219.08016,,,496.233706,129.014493,1,21
Random Search,20260607,42,rs_r42_004_tl47_dt102_ge47_qr55_tau89,47,102,47,0.55,0.89,0.00,497.55,0.91,0.09,10:1,45.23,219.08016,,,497.545377,131.399417,1,23
Random Search,20260607,42,rs_r42_005_tl57_dt159_ge1_qr82_tau87,57,159,1,0.82,0.87,418.92,428.31,0.91,0.09,10:1,419.77,219.08016,638.0,418.91984,428.308931,162.585526,1,117
Random Search,20260607,42,rs_r42_006_tl17_dt187_ge31_qr83_tau82,17,187,31,0.83,0.82,469.92,311.64,0.91,0.09,10:1,455.53,219.08016,689.0,469.91984,311.642026,171.742063,1,50
Random Search,20260607,43,rs_r43_001_tl111_dt8_ge8_qr38_tau87,111,8,8,0.38,0.87,315.92,445.65,0.91,0.09,10:1,327.71,219.08016,535.0,315.91984,445.652245,160.294118,1,20
Random Search,20260607,43,rs_r43_002_tl83_dt104_ge19_qr73_tau88,83,104,19,0.73,0.88,425.92,339.33,0.91,0.09,10:1,418.05,219.08016,645.0,425.91984,339.327433,172.367965,1,60
Random Search,20260607,43,rs_r43_003_tl20_dt184_ge31_qr86_tau73,20,184,31,0.86,0.73,0.00,490.55,0.91,0.09,10:1,44.60,219.08016,,,490.547959,136.47185,1,31
Random Search,20260607,43,rs_r43_004_tl29_dt138_ge26_qr51_tau77,29,138,26,0.51,0.77,0.00,489.75,0.91,0.09,10:1,44.52,219.08016,,,489.75452,134.779841,1,35
Random Search,20260607,43,rs_r43_005_tl26_dt131_ge27_qr37_tau75,26,131,27,0.37,0.75,502.92,304.25,0.91,0.09,10:1,484.86,219.08016,722.0,502.91984,304.248723,176.950287,1,56
Random Search,20260607,43,rs_r43_006_tl100_dt200_ge16_qr99_tau87,100,200,16,0.99,0.87,620.92,297.91,0.91,0.09,10:1,591.56,219.08016,840.0,620.91984,297.908505,181.328125,0,85
Random Search,20260607,44,rs_r44_001_tl56_dt6_ge41_qr60_tau88,56,6,41,0.6,0.88,0.00,488.87,0.91,0.09,10:1,44.44,219.08016,,,488.868602,131.549333,1,8
Random Search,20260607,44,rs_r44_002_tl101_dt102_ge19_qr27_tau71,101,102,19,0.27,0.71,440.92,431.35,0.91,0.09,10:1,440.05,219.08016,660.0,440.91984,431.353546,159.983278,1,64
Random Search,20260607,44,rs_r44_003_tl96_dt94_ge14_qr74_tau70,96,94,14,0.74,0.7,472.92,314.27,0.91,0.09,10:1,458.50,219.08016,692.0,472.91984,314.265982,170.705295,1,74
Random Search,20260607,44,rs_r44_004_tl99_dt55_ge24_qr44_tau90,99,55,24,0.44,0.9,0.00,499.42,0.91,0.09,10:1,45.40,219.08016,,,499.416085,132.393491,1,30
Random Search,20260607,44,rs_r44_005_tl63_dt136_ge37_qr58_tau72,63,136,37,0.58,0.72,540.92,296.04,0.91,0.09,10:1,518.66,219.08016,760.0,540.91984,296.044883,171.035782,1,48
Random Search,20260607,44,rs_r44_006_tl19_dt208_ge35_qr2_tau87,19,208,35,0.02,0.87,0.00,486.74,0.91,0.09,10:1,44.25,219.08016,,,486.744959,133.282723,1,28
Random Search,20260607,45,rs_r45_001_tl82_dt136_ge11_qr9_tau83,82,136,11,0.09,0.83,458.92,430.72,0.91,0.09,10:1,456.36,219.08016,678.0,458.91984,430.723891,167.092105,1,80
Random Search,20260607,45,rs_r45_002_tl96_dt85_ge44_qr74_tau85,96,85,44,0.74,0.85,374.92,440.87,0.91,0.09,10:1,380.92,219.08016,594.0,374.91984,440.871827,153.226449,1,36
Random Search,20260607,45,rs_r45_003_tl108_dt32_ge19_qr72_tau78,108,32,19,0.72,0.78,0.00,500.24,0.91,0.09,10:1,45.48,219.08016,,,500.235647,136.510324,1,25
Random Search,20260607,45,rs_r45_004_tl26_dt50_ge17_qr84_tau78,26,50,17,0.84,0.78,0.00,489.81,0.91,0.09,10:1,44.53,219.08016,,,489.81025,132.354839,1,40
Random Search,20260607,45,rs_r45_005_tl72_dt163_ge1_qr82_tau74,72,163,1,0.82,0.74,308.92,452.24,0.91,0.09,10:1,321.95,219.08016,528.0,308.91984,452.235317,151.493204,1,95
Random Search,20260607,45,rs_r45_006_tl45_dt112_ge26_qr40_tau77,45,112,26,0.4,0.77,0.00,489.38,0.91,0.09,10:1,44.49,219.08016,,,489.382526,134.994681,1,35
Random Search,20260607,46,rs_r46_001_tl109_dt119_ge50_qr46_tau86,109,119,50,0.46,0.86,0.00,467.06,0.91,0.09,10:1,42.46,219.08016,,,467.06008,145.331868,1,25
Random Search,20260607,46,rs_r46_002_tl86_dt181_ge30_qr35_tau76,86,181,30,0.35,0.76,474.92,429.46,0.91,0.09,10:1,470.79,219.08016,694.0,474.91984,429.455794,172.537338,1,48
Random Search,20260607,46,rs_r46_003_tl52_dt122_ge1_qr44_tau82,52,122,1,0.44,0.82,386.92,437.20,0.91,0.09,10:1,391.49,219.08016,606.0,386.91984,437.19864,161.47986,1,116
Random Search,20260607,46,rs_r46_004_tl36_dt108_ge2_qr77_tau78,36,108,2,0.77,0.78,344.92,426.31,0.91,0.09,10:1,352.32,219.08016,564.0,344.91984,426.309669,166.98546,1,97
Random Search,20260607,46,rs_r46_005_tl23_dt37_ge38_qr22_tau87,23,37,38,0.22,0.87,0.00,493.76,0.91,0.09,10:1,44.89,219.08016,,,493.755671,134.31768,1,21
Random Search,20260607,46,rs_r46_006_tl55_dt86_ge30_qr5_tau75,55,86,30,0.05,0.75,513.92,303.82,0.91,0.09,10:1,494.82,219.08016,733.0,513.91984,303.821189,179.626301,1,53
Random Search,20260607,47,rs_r47_001_tl72_dt200_ge26_qr98_tau70,72,200,26,0.98,0.7,0.00,486.26,0.91,0.09,10:1,44.21,219.08016,,,486.263775,135.518041,0,35
Random Search,20260607,47,rs_r47_002_tl101_dt63_ge12_qr5_tau78,101,63,12,0.05,0.78,0.00,497.64,0.91,0.09,10:1,45.24,219.08016,,,497.642131,133.450581,1,43
Random Search,20260607,47,rs_r47_003_tl11_dt141_ge34_qr9_tau70,11,141,34,0.09,0.7,414.92,431.39,0.91,0.09,10:1,416.42,219.08016,634.0,414.91984,431.387836,165.845771,1,44
Random Search,20260607,47,rs_r47_004_tl44_dt12_ge4_qr43_tau76,44,12,4,0.43,0.76,0.00,498.72,0.91,0.09,10:1,45.34,219.08016,,,498.723675,135.090643,1,22
Random Search,20260607,47,rs_r47_005_tl73_dt62_ge18_qr43_tau88,73,62,18,0.43,0.88,0.00,471.25,0.91,0.09,10:1,42.84,219.08016,,,471.251844,147.249443,1,51
Random Search,20260607,47,rs_r47_006_tl85_dt9_ge13_qr68_tau82,85,9,13,0.68,0.82,316.92,445.71,0.91,0.09,10:1,328.63,219.08016,536.0,316.91984,445.711954,155.205556,1,20
Random Search,20260607,48,rs_r48_001_tl112_dt94_ge43_qr24_tau72,112,94,43,0.24,0.72,0.00,483.97,0.91,0.09,10:1,44.00,219.08016,,,483.96842,138.937811,1,27
Random Search,20260607,48,rs_r48_002_tl39_dt62_ge5_qr60_tau77,39,62,5,0.6,0.77,0.00,467.45,0.91,0.09,10:1,42.50,219.08016,,,467.452324,149.12959,1,77
Random Search,20260607,48,rs_r48_003_tl91_dt177_ge38_qr33_tau71,91,177,38,0.33,0.71,414.92,436.67,0.91,0.09,10:1,416.90,219.08016,634.0,414.91984,436.666006,165.846154,1,41
Random Search,20260607,48,rs_r48_004_tl12_dt55_ge4_qr53_tau88,12,55,4,0.53,0.88,0.00,504.90,0.91,0.09,10:1,45.90,219.08016,,,504.904369,122.132492,1,51
Random Search,20260607,48,rs_r48_005_tl60_dt11_ge10_qr44_tau84,60,11,10,0.44,0.84,313.92,446.66,0.91,0.09,10:1,325.99,219.08016,533.0,313.91984,446.662656,154.98324,1,22
Random Search,20260607,48,rs_r48_006_tl44_dt100_ge44_qr1_tau85,44,100,44,0.01,0.85,578.92,295.22,0.91,0.09,10:1,553.13,219.08016,798.0,578.91984,295.216779,173.625698,1,48
Random Search,20260607,49,rs_r49_001_tl69_dt214_ge1_qr20_tau83,69,214,1,0.2,0.83,321.92,449.97,0.91,0.09,10:1,333.56,219.08016,541.0,321.91984,449.965648,150.619962,1,101
Random Search,20260607,49,rs_r49_002_tl53_dt94_ge30_qr46_tau70,53,94,30,0.46,0.7,323.92,448.52,0.91,0.09,10:1,335.25,219.08016,543.0,323.91984,448.522593,149.431298,1,41
Random Search,20260607,49,rs_r49_003_tl70_dt21_ge22_qr54_tau75,70,21,22,0.54,0.75,0.00,497.62,0.91,0.09,10:1,45.24,219.08016,,,497.620458,134.901449,1,21
Random Search,20260607,49,rs_r49_004_tl8_dt200_ge17_qr20_tau75,8,200,17,0.2,0.75,549.92,298.35,0.91,0.09,10:1,527.05,219.08016,769.0,549.91984,298.349617,180.43814,1,73
Random Search,20260607,49,rs_r49_005_tl17_dt137_ge34_qr22_tau84,17,137,34,0.22,0.84,401.92,427.92,0.91,0.09,10:1,404.28,219.08016,621.0,401.91984,427.920643,153.960133,1,40
Random Search,20260607,49,rs_r49_006_tl76_dt54_ge10_qr23_tau70,76,54,10,0.23,0.7,0.00,498.32,0.91,0.09,10:1,45.30,219.08016,,,498.315177,130.482353,1,43
Random Search,20260607,50,rs_r50_001_tl90_dt112_ge41_qr43_tau77,90,112,41,0.43,0.77,0.00,489.23,0.91,0.09,10:1,44.48,219.08016,,,489.234666,137.6781,1,27
Random Search,20260607,50,rs_r50_002_tl38_dt207_ge19_qr7_tau74,38,207,19,0.07,0.74,477.92,311.72,0.91,0.09,10:1,462.81,219.08016,697.0,477.91984,311.724854,177.120352,1,64
Random Search,20260607,50,rs_r50_003_tl43_dt141_ge31_qr32_tau76,43,141,31,0.32,0.76,448.92,428.67,0.91,0.09,10:1,447.08,219.08016,668.0,448.91984,428.674157,157.985099,1,47
Random Search,20260607,50,rs_r50_004_tl100_dt11_ge27_qr29_tau86,100,11,27,0.29,0.86,0.00,494.04,0.91,0.09,10:1,44.91,219.08016,,,494.036261,135.903581,1,10
Random Search,20260607,50,rs_r50_005_tl104_dt93_ge41_qr43_tau75,104,93,41,0.43,0.75,0.00,489.35,0.91,0.09,10:1,44.49,219.08016,,,489.354555,137.913158,1,26
Random Search,20260607,50,rs_r50_006_tl82_dt109_ge10_qr76_tau77,82,109,10,0.76,0.77,290.92,456.77,0.91,0.09,10:1,306.00,219.08016,510.0,290.91984,456.768114,152.092555,1,64
CMA-ES,20260607,1,cma_r01_001_tl31_dt23_ge1_qr76_tau84,31,23,1,0.76,0.84,255.92,459.51,0.91,0.09,10:1,274.43,219.08016,475.0,255.91984,459.511175,152.505155,1,51
CMA-ES,20260607,1,cma_r01_002_tl57_dt148_ge20_qr0_tau90,57,148,20,0.0,0.9,589.92,297.29,0.91,0.09,10:1,563.32,219.08016,809.0,589.91984,297.285848,184.558097,1,75
CMA-ES,20260607,1,cma_r01_003_tl34_dt186_ge8_qr64_tau71,34,186,8,0.64,0.71,364.92,437.07,0.91,0.09,10:1,371.48,219.08016,584.0,364.91984,437.067012,159.733449,1,77
CMA-ES,20260607,1,cma_r01_004_tl43_dt162_ge39_qr53_tau72,43,162,39,0.53,0.72,554.92,301.54,0.91,0.09,10:1,531.89,219.08016,774.0,554.91984,301.544213,182.300935,1,46
CMA-ES,20260607,1,cma_r01_005_tl25_dt198_ge25_qr60_tau87,25,198,25,0.6,0.87,619.92,302.46,0.91,0.09,10:1,591.06,219.08016,839.0,619.91984,302.456021,189.079597,1,66
CMA-ES,20260607,1,cma_r01_006_tl88_dt180_ge43_qr0_tau75,88,180,43,0.0,0.75,0.00,458.95,0.91,0.09,10:1,41.72,219.08016,,,458.94986,142.421268,1,32
CMA-ES,20260607,2,cma_r02_001_tl29_dt75_ge13_qr61_tau76,29,75,13,0.61,0.76,0.00,491.52,0.91,0.09,10:1,44.68,219.08016,,,491.521672,134.512064,1,49
CMA-ES,20260607,2,cma_r02_002_tl42_dt85_ge5_qr58_tau76,42,85,5,0.58,0.76,595.92,296.30,0.91,0.09,10:1,568.68,219.08016,815.0,595.91984,296.302843,185.142077,1,121
CMA-ES,20260607,2,cma_r02_003_tl88_dt99_ge24_qr77_tau87,88,99,24,0.77,0.87,496.92,306.20,0.91,0.09,10:1,479.58,219.08016,716.0,496.91984,306.197049,178.049904,1,58
CMA-ES,20260607,2,cma_r02_004_tl44_dt104_ge10_qr67_tau70,44,104,10,0.67,0.7,344.92,440.22,0.91,0.09,10:1,353.58,219.08016,564.0,344.91984,440.217087,161.916519,1,70
CMA-ES,20260607,2,cma_r02_005_tl34_dt20_ge0_qr28_tau84,34,20,0,0.28,0.84,273.92,456.45,0.91,0.09,10:1,290.51,219.08016,493.0,273.91984,456.451048,151.333333,1,50
CMA-ES,20260607,2,cma_r02_006_tl85_dt0_ge11_qr33_tau85,85,0,11,0.33,0.85,458.92,430.72,0.91,0.09,10:1,456.36,219.08016,678.0,458.91984,430.723891,167.092105,1,80
CMA-ES,20260607,3,cma_r03_001_tl43_dt115_ge15_qr45_tau70,43,115,15,0.45,0.7,563.92,299.54,0.91,0.09,10:1,539.89,219.08016,783.0,563.91984,299.539553,182.053023,1,82
CMA-ES,20260607,3,cma_r03_002_tl42_dt5_ge1_qr98_tau82,42,5,1,0.98,0.82,0.00,487.16,0.91,0.09,10:1,44.29,219.08016,,,487.157367,136.015464,0,18
CMA-ES,20260607,3,cma_r03_003_tl28_dt12_ge20_qr27_tau83,28,12,20,0.27,0.83,0.00,498.30,0.91,0.09,10:1,45.30,219.08016,,,498.297652,134.766764,1,14
CMA-ES,20260607,3,cma_r03_004_tl75_dt94_ge5_qr61_tau77,75,94,5,0.61,0.77,438.92,323.06,0.91,0.09,10:1,428.39,219.08016,658.0,438.91984,323.059754,175.68,1,94
CMA-ES,20260607,3,cma_r03_005_tl9_dt22_ge9_qr70_tau85,9,22,9,0.7,0.85,0.00,496.03,0.91,0.09,10:1,45.09,219.08016,,,496.031053,133.86119,1,31
CMA-ES,20260607,3,cma_r03_006_tl16_dt30_ge6_qr2_tau78,16,30,6,0.02,0.78,0.00,497.37,0.91,0.09,10:1,45.22,219.08016,,,497.367551,135.546243,1,36
CMA-ES,20260607,4,cma_r04_001_tl2_dt27_ge8_qr36_tau74,2,27,8,0.36,0.74,238.92,457.90,0.91,0.09,10:1,258.83,219.08016,458.0,238.91984,457.897371,149.414286,1,41
CMA-ES,20260607,4,cma_r04_002_tl92_dt160_ge1_qr48_tau72,92,160,1,0.48,0.72,308.92,453.31,0.91,0.09,10:1,322.05,219.08016,528.0,308.91984,453.306115,154.643969,1,102
CMA-ES,20260607,4,cma_r04_003_tl18_dt138_ge1_qr68_tau81,18,138,1,0.68,0.81,384.92,438.69,0.91,0.09,10:1,389.81,219.08016,604.0,384.91984,438.68993,155.254902,1,114
CMA-ES,20260607,4,cma_r04_004_tl84_dt88_ge1_qr70_tau78,84,88,1,0.7,0.78,391.92,428.34,0.91,0.09,10:1,395.23,219.08016,611.0,391.91984,428.338062,169.245955,1,114
CMA-ES,20260607,4,cma_r04_005_tl75_dt30_ge15_qr64_tau75,75,30,15,0.64,0.75,0.00,501.76,0.91,0.09,10:1,45.61,219.08016,,,501.764215,133.418675,1,26
CMA-ES,20260607,4,cma_r04_006_tl72_dt56_ge1_qr54_tau74,72,56,1,0.54,0.74,0.00,501.24,0.91,0.09,10:1,45.57,219.08016,,,501.238049,132.670659,1,64
CMA-ES,20260607,5,cma_r05_001_tl96_dt65_ge9_qr58_tau71,96,65,9,0.58,0.71,0.00,460.61,0.91,0.09,10:1,41.87,219.08016,,,460.605984,149.193483,1,72
CMA-ES,20260607,5,cma_r05_002_tl7_dt67_ge14_qr69_tau74,7,67,14,0.69,0.74,0.00,474.95,0.91,0.09,10:1,43.18,219.08016,,,474.946687,146.668981,1,51
CMA-ES,20260607,5,cma_r05_003_tl31_dt104_ge24_qr42_tau75,31,104,24,0.42,0.75,462.92,320.37,0.91,0.09,10:1,449.96,219.08016,682.0,462.91984,320.372078,173.156883,1,54
CMA-ES,20260607,5,cma_r05_004_tl38_dt171_ge0_qr46_tau76,38,171,0,0.46,0.76,439.92,436.54,0.91,0.09,10:1,439.61,219.08016,659.0,439.91984,436.536552,160.945392,1,128
CMA-ES,20260607,5,cma_r05_005_tl8_dt4_ge10_qr34_tau76,8,4,10,0.34,0.76,0.00,491.39,0.91,0.09,10:1,44.67,219.08016,,,491.38895,132.611413,1,11
CMA-ES,20260607,5,cma_r05_006_tl4_dt147_ge16_qr76_tau70,4,147,16,0.76,0.7,0.00,495.15,0.91,0.09,10:1,45.01,219.08016,,,495.150255,135.810585,1,42
CMA-ES,20260607,6,cma_r06_001_tl21_dt105_ge1_qr53_tau75,21,105,1,0.53,0.75,330.92,447.88,0.91,0.09,10:1,341.55,219.08016,550.0,330.91984,447.879554,151.429924,1,97
CMA-ES,20260607,6,cma_r06_002_tl55_dt120_ge3_qr30_tau76,55,120,3,0.3,0.76,337.92,447.50,0.91,0.09,10:1,347.88,219.08016,557.0,337.91984,447.501983,155.871028,1,92
CMA-ES,20260607,6,cma_r06_003_tl35_dt136_ge15_qr53_tau76,35,136,15,0.53,0.76,486.92,311.53,0.91,0.09,10:1,470.98,219.08016,706.0,486.91984,311.529305,176.239492,1,71
CMA-ES,20260607,6,cma_r06_004_tl24_dt185_ge14_qr57_tau78,24,185,14,0.57,0.78,484.92,311.74,0.91,0.09,10:1,469.18,219.08016,704.0,484.91984,311.7416,172.112426,1,77
CMA-ES,20260607,6,cma_r06_005_tl47_dt131_ge2_qr35_tau84,47,131,2,0.35,0.84,429.92,431.21,0.91,0.09,10:1,430.04,219.08016,649.0,429.91984,431.20805,157.909091,1,111
CMA-ES,20260607,6,cma_r06_006_tl20_dt76_ge9_qr51_tau76,20,76,9,0.51,0.76,0.00,490.28,0.91,0.09,10:1,44.57,219.08016,,,490.283154,134.091398,1,53
CMA-ES,20260607,7,cma_r07_001_tl30_dt201_ge0_qr73_tau74,30,201,0,0.73,0.74,203.92,455.54,0.91,0.09,10:1,226.79,219.08016,423.0,203.91984,455.540548,149.174349,1,83
CMA-ES,20260607,7,cma_r07_002_tl24_dt112_ge16_qr43_tau75,24,112,16,0.43,0.75,474.92,426.92,0.91,0.09,10:1,470.56,219.08016,694.0,474.91984,426.91962,161.515498,1,69
CMA-ES,20260607,7,cma_r07_003_tl22_dt82_ge2_qr46_tau74,22,82,2,0.46,0.74,319.92,449.10,0.91,0.09,10:1,331.66,219.08016,539.0,319.91984,449.101585,149.845124,1,94
CMA-ES,20260607,7,cma_r07_004_tl15_dt106_ge6_qr26_tau70,15,106,6,0.26,0.7,0.00,486.58,0.91,0.09,10:1,44.23,219.08016,,,486.580119,140.514139,1,65
CMA-ES,20260607,7,cma_r07_005_tl20_dt92_ge0_qr54_tau76,20,92,0,0.54,0.76,406.92,434.21,0.91,0.09,10:1,409.40,219.08016,626.0,406.91984,434.21208,165.546689,1,122
CMA-ES,20260607,7,cma_r07_006_tl67_dt74_ge3_qr36_tau82,67,74,3,0.36,0.82,329.92,433.83,0.91,0.09,10:1,339.37,219.08016,549.0,329.91984,433.826694,154.303754,1,88
CMA-ES,20260607,8,cma_r08_001_tl27_dt187_ge0_qr84_tau72,27,187,0,0.84,0.72,389.92,438.19,0.91,0.09,10:1,394.31,219.08016,609.0,389.91984,438.189791,155.699288,1,119
CMA-ES,20260607,8,cma_r08_002_tl40_dt222_ge9_qr68_tau76,40,222,9,0.68,0.76,560.92,305.05,0.91,0.09,10:1,537.66,219.08016,780.0,560.91984,305.054017,185.150094,1,101
CMA-ES,20260607,8,cma_r08_003_tl32_dt122_ge4_qr67_tau77,32,122,4,0.67,0.77,306.92,453.75,0.91,0.09,10:1,320.27,219.08016,526.0,306.91984,453.74564,157.158915,1,81
CMA-ES,20260607,8,cma_r08_004_tl57_dt179_ge11_qr98_tau74,57,179,11,0.98,0.74,552.92,298.14,0.91,0.09,10:1,529.76,219.08016,772.0,552.91984,298.143684,183.366913,0,93
CMA-ES,20260607,8,cma_r08_005_tl50_dt160_ge5_qr98_tau70,50,160,5,0.98,0.7,361.92,444.53,0.91,0.09,10:1,369.43,219.08016,581.0,361.91984,444.528538,151.17963,0,91
CMA-ES,20260607,8,cma_r08_006_tl6_dt175_ge0_qr82_tau79,6,175,0,0.82,0.79,407.92,435.61,0.91,0.09,10:1,410.44,219.08016,627.0,407.91984,435.611809,157.374784,1,123
CMA-ES,20260607,9,cma_r09_001_tl32_dt198_ge6_qr82_tau71,32,198,6,0.82,0.71,478.92,318.71,0.91,0.09,10:1,464.35,219.08016,698.0,478.91984,318.705842,180.34127,1,100
CMA-ES,20260607,9,cma_r09_002_tl28_dt117_ge15_qr73_tau75,28,117,15,0.73,0.75,407.92,435.73,0.91,0.09,10:1,410.45,219.08016,627.0,407.91984,435.731849,158.535406,1,65
CMA-ES,20260607,9,cma_r09_003_tl19_dt188_ge0_qr79_tau75,19,188,0,0.79,0.75,450.92,429.81,0.91,0.09,10:1,449.00,219.08016,670.0,450.91984,429.80648,159.284526,1,131
CMA-ES,20260607,9,cma_r09_004_tl57_dt139_ge4_qr84_tau71,57,139,4,0.84,0.71,389.92,437.40,0.91,0.09,10:1,394.24,219.08016,609.0,389.91984,437.404558,160.670175,1,96
CMA-ES,20260607,9,cma_r09_005_tl65_dt154_ge12_qr75_tau75,65,154,12,0.75,0.75,390.92,440.22,0.91,0.09,10:1,395.40,219.08016,610.0,390.91984,440.216518,155.218638,1,72
CMA-ES,20260607,9,cma_r09_006_tl19_dt158_ge10_qr82_tau74,19,158,10,0.82,0.74,439.92,317.65,0.91,0.09,10:1,428.80,219.08016,659.0,439.91984,317.648225,172.79797,1,80
CMA-ES,20260607,10,cma_r10_001_tl51_dt155_ge0_qr98_tau70,51,155,0,0.98,0.7,343.92,440.66,0.91,0.09,10:1,352.71,219.08016,563.0,343.91984,440.661559,162.380783,0,113
CMA-ES,20260607,10,cma_r10_002_tl38_dt151_ge0_qr81_tau71,38,151,0,0.81,0.71,439.92,436.54,0.91,0.09,10:1,439.61,219.08016,659.0,439.91984,436.536552,160.945392,1,128
CMA-ES,20260607,10,cma_r10_003_tl79_dt212_ge15_qr91_tau73,79,212,15,0.91,0.73,293.92,454.07,0.91,0.09,10:1,308.48,219.08016,513.0,293.91984,454.065439,154.203156,0,55
CMA-ES,20260607,10,cma_r10_004_tl62_dt149_ge8_qr91_tau70,62,149,8,0.91,0.7,343.92,443.90,0.91,0.09,10:1,353.01,219.08016,563.0,343.91984,443.899638,150.137037,0,77
CMA-ES,20260607,10,cma_r10_005_tl33_dt140_ge6_qr78_tau73,33,140,6,0.78,0.73,418.92,336.08,0.91,0.09,10:1,411.39,219.08016,638.0,418.91984,336.079692,172.451128,1,95
CMA-ES,20260607,10,cma_r10_006_tl37_dt127_ge18_qr61_tau71,37,127,18,0.61,0.71,553.92,303.92,0.91,0.09,10:1,531.19,219.08016,773.0,553.91984,303.919184,185.888993,1,75
CMA-ES,20260607,11,cma_r11_001_tl60_dt139_ge20_qr96_tau73,60,139,20,0.96,0.73,551.92,297.08,0.91,0.09,10:1,528.75,219.08016,771.0,551.91984,297.084157,176.06729,0,72
CMA-ES,20260607,11,cma_r11_002_tl90_dt194_ge21_qr82_tau71,90,194,21,0.82,0.71,672.92,286.11,0.91,0.09,10:1,637.76,219.08016,892.0,672.91984,286.113358,185.643617,1,76
CMA-ES,20260607,11,cma_r11_003_tl112_dt216_ge14_qr100_tau75,112,216,14,1.0,0.75,310.92,437.37,0.91,0.09,10:1,322.42,219.08016,530.0,310.91984,437.37067,160.521968,0,60
CMA-ES,20260607,11,cma_r11_004_tl31_dt168_ge0_qr87_tau72,31,168,0,0.87,0.72,0.00,503.03,0.91,0.09,10:1,45.73,219.08016,,,503.030406,130.929664,1,77
CMA-ES,20260607,11,cma_r11_005_tl69_dt182_ge10_qr80_tau76,69,182,10,0.8,0.76,328.92,446.38,0.91,0.09,10:1,339.60,219.08016,548.0,328.91984,446.37844,164.261905,1,67
CMA-ES,20260607,11,cma_r11_006_tl93_dt197_ge1_qr84_tau75,93,197,1,0.84,0.75,308.92,453.31,0.91,0.09,10:1,322.05,219.08016,528.0,308.91984,453.306115,154.643969,1,102
CMA-ES,20260607,12,cma_r12_001_tl90_dt215_ge0_qr98_tau79,90,215,0,0.98,0.79,317.92,437.30,0.91,0.09,10:1,328.77,219.08016,537.0,317.91984,437.302846,148.324324,0,108
CMA-ES,20260607,12,cma_r12_002_tl86_dt219_ge18_qr92_tau71,86,219,18,0.92,0.71,0.00,488.87,0.91,0.09,10:1,44.44,219.08016,,,488.867299,132.968085,0,43
CMA-ES,20260607,12,cma_r12_003_tl107_dt187_ge6_qr95_tau79,107,187,6,0.95,0.79,395.92,435.55,0.91,0.09,10:1,399.52,219.08016,615.0,395.91984,435.553242,164.560272,0,91
CMA-ES,20260607,12,cma_r12_004_tl103_dt223_ge2_qr84_tau77,103,223,2,0.84,0.77,331.92,437.99,0.91,0.09,10:1,341.56,219.08016,551.0,331.91984,437.988467,163.55095,1,95
CMA-ES,20260607,12,cma_r12_005_tl61_dt176_ge3_qr73_tau80,61,176,3,0.73,0.8,382.92,433.14,0.91,0.09,10:1,387.49,219.08016,602.0,382.91984,433.139757,162.564846,1,100
CMA-ES,20260607,12,cma_r12_006_tl75_dt194_ge16_qr91_tau74,75,194,16,0.91,0.74,611.92,292.70,0.91,0.09,10:1,582.90,219.08016,831.0,611.91984,292.696101,179.704277,0,84
CMA-ES,20260607,13,cma_r13_001_tl90_dt224_ge0_qr95_tau76,90,224,0,0.95,0.76,317.92,437.30,0.91,0.09,10:1,328.77,219.08016,537.0,317.91984,437.302846,148.324324,0,108
CMA-ES,20260607,13,cma_r13_002_tl54_dt168_ge1_qr84_tau72,54,168,1,0.84,0.72,365.92,438.86,0.91,0.09,10:1,372.55,219.08016,585.0,365.91984,438.857998,160.39539,1,112
CMA-ES,20260607,13,cma_r13_003_tl108_dt186_ge1_qr79_tau75,108,186,1,0.79,0.75,430.92,428.97,0.91,0.09,10:1,430.74,219.08016,650.0,430.91984,428.969698,168.08867,1,121
CMA-ES,20260607,13,cma_r13_004_tl88_dt206_ge2_qr93_tau72,88,206,2,0.93,0.72,321.92,446.97,0.91,0.09,10:1,333.29,219.08016,541.0,321.91984,446.971766,147.557034,0,94
CMA-ES,20260607,13,cma_r13_005_tl70_dt200_ge15_qr100_tau79,70,200,15,1.0,0.79,295.92,454.10,0.91,0.09,10:1,310.30,219.08016,515.0,295.91984,454.104372,154.212598,0,55
CMA-ES,20260607,13,cma_r13_006_tl85_dt155_ge1_qr75_tau79,85,155,1,0.75,0.79,349.92,444.88,0.91,0.09,10:1,358.55,219.08016,569.0,349.91984,444.876478,148.429104,1,105
CMA-ES,20260607,14,cma_r14_001_tl84_dt214_ge1_qr57_tau82,84,214,1,0.57,0.82,349.92,444.88,0.91,0.09,10:1,358.55,219.08016,569.0,349.91984,444.876478,148.429104,1,105
CMA-ES,20260607,14,cma_r14_002_tl51_dt185_ge3_qr59_tau86,51,185,3,0.59,0.86,406.92,436.62,0.91,0.09,10:1,409.62,219.08016,626.0,406.91984,436.619078,163.965577,1,107
CMA-ES,20260607,14,cma_r14_003_tl79_dt205_ge10_qr90_tau82,79,205,10,0.9,0.82,328.92,446.38,0.91,0.09,10:1,339.60,219.08016,548.0,328.91984,446.37844,164.261905,1,67
CMA-ES,20260607,14,cma_r14_004_tl21_dt166_ge5_qr88_tau74,21,166,5,0.88,0.74,506.92,310.83,0.91,0.09,10:1,489.09,219.08016,726.0,506.91984,310.833035,180.082126,1,111
CMA-ES,20260607,14,cma_r14_005_tl109_dt220_ge6_qr80_tau77,109,220,6,0.8,0.77,380.92,440.15,0.91,0.09,10:1,386.30,219.08016,600.0,380.91984,440.15429,156.153169,1,88
CMA-ES,20260607,14,cma_r14_006_tl80_dt189_ge8_qr91_tau72,80,189,8,0.91,0.72,406.92,427.45,0.91,0.09,10:1,408.79,219.08016,626.0,406.91984,427.448773,165.944715,0,85
CMA-ES,20260607,15,cma_r15_001_tl101_dt207_ge11_qr99_tau84,101,207,11,0.99,0.84,457.92,316.78,0.91,0.09,10:1,445.09,219.08016,677.0,457.91984,316.780536,172.330986,0,81
CMA-ES,20260607,15,cma_r15_002_tl66_dt151_ge16_qr90_tau82,66,151,16,0.9,0.82,395.92,437.68,0.91,0.09,10:1,399.72,219.08016,615.0,395.91984,437.681495,158.194004,1,65
CMA-ES,20260607,15,cma_r15_003_tl87_dt223_ge10_qr53_tau90,87,223,10,0.53,0.9,328.92,450.07,0.91,0.09,10:1,339.93,219.08016,548.0,328.91984,450.065965,154.278095,1,70
CMA-ES,20260607,15,cma_r15_004_tl68_dt212_ge3_qr60_tau84,68,212,3,0.6,0.84,404.92,430.36,0.91,0.09,10:1,407.23,219.08016,624.0,404.91984,430.364314,154.109428,1,108
CMA-ES,20260607,15,cma_r15_005_tl84_dt219_ge10_qr67_tau88,84,219,10,0.67,0.88,328.92,446.38,0.91,0.09,10:1,339.60,219.08016,548.0,328.91984,446.37844,164.261905,1,67
CMA-ES,20260607,15,cma_r15_006_tl84_dt224_ge2_qr67_tau84,84,224,2,0.67,0.84,405.92,431.52,0.91,0.09,10:1,408.25,219.08016,625.0,405.91984,431.52156,156.573109,1,113
CMA-ES,20260607,16,cma_r16_001_tl81_dt140_ge0_qr61_tau90,81,140,0,0.61,0.9,301.92,454.43,0.91,0.09,10:1,315.78,219.08016,521.0,301.91984,454.427632,156.420744,1,102
CMA-ES,20260607,16,cma_r16_002_tl95_dt212_ge11_qr70_tau90,95,212,11,0.7,0.9,458.92,430.72,0.91,0.09,10:1,456.36,219.08016,678.0,458.91984,430.723891,167.092105,1,80
CMA-ES,20260607,16,cma_r16_003_tl69_dt197_ge12_qr43_tau90,69,197,12,0.43,0.9,388.92,440.80,0.91,0.09,10:1,393.64,219.08016,608.0,388.91984,440.801731,154.839928,1,72
CMA-ES,20260607,16,cma_r16_004_tl78_dt209_ge1_qr63_tau83,78,209,1,0.63,0.83,349.92,444.88,0.91,0.09,10:1,358.55,219.08016,569.0,349.91984,444.876478,148.429104,1,105
CMA-ES,20260607,16,cma_r16_005_tl72_dt224_ge9_qr36_tau87,72,224,9,0.36,0.87,308.92,452.22,0.91,0.09,10:1,321.95,219.08016,528.0,308.91984,452.223937,149.629126,1,68
CMA-ES,20260607,16,cma_r16_006_tl103_dt224_ge15_qr6_tau86,103,224,15,0.06,0.86,293.92,435.42,0.91,0.09,10:1,306.78,219.08016,513.0,293.91984,435.42275,156.314335,1,52
CMA-ES,20260607,17,cma_r17_001_tl106_dt179_ge8_qr11_tau90,106,179,8,0.11,0.9,308.92,442.10,0.91,0.09,10:1,321.03,219.08016,528.0,308.91984,442.100558,157.723327,1,73
CMA-ES,20260607,17,cma_r17_002_tl73_dt193_ge8_qr26_tau90,73,193,8,0.26,0.9,422.92,435.11,0.91,0.09,10:1,424.03,219.08016,642.0,422.91984,435.10593,159.418089,1,86
CMA-ES,20260607,17,cma_r17_003_tl105_dt214_ge0_qr6_tau81,105,214,0,0.06,0.81,348.92,435.24,0.91,0.09,10:1,356.77,219.08016,568.0,348.91984,435.24451,147.11014,1,116
CMA-ES,20260607,17,cma_r17_004_tl83_dt224_ge15_qr0_tau90,83,224,15,0.0,0.9,373.92,434.92,0.91,0.09,10:1,379.47,219.08016,593.0,373.91984,434.923759,167.153457,1,61
CMA-ES,20260607,17,cma_r17_005_tl97_dt202_ge8_qr1_tau89,97,202,8,0.01,0.89,322.92,436.70,0.91,0.09,10:1,333.26,219.08016,542.0,322.91984,436.696067,155.489583,1,72
CMA-ES,20260607,17,cma_r17_006_tl103_dt165_ge4_qr52_tau86,103,165,4,0.52,0.86,285.92,453.85,0.91,0.09,10:1,301.19,219.08016,505.0,285.91984,453.84527,151.780392,1,86
CMA-ES,20260607,18,cma_r18_001_tl97_dt197_ge12_qr33_tau88,97,197,12,0.33,0.88,398.92,439.89,0.91,0.09,10:1,402.64,219.08016,618.0,398.91984,439.890282,156.817052,1,72
CMA-ES,20260607,18,cma_r18_002_tl102_dt86_ge2_qr21_tau86,102,86,2,0.21,0.86,0.00,501.24,0.91,0.09,10:1,45.57,219.08016,,,501.23667,133.247761,1,73
CMA-ES,20260607,18,cma_r18_003_tl79_dt135_ge6_qr90_tau82,79,135,6,0.9,0.82,424.92,434.00,0.91,0.09,10:1,425.75,219.08016,644.0,424.91984,433.997128,162.834459,1,96
CMA-ES,20260607,18,cma_r18_004_tl89_dt132_ge8_qr25_tau90,89,132,8,0.25,0.9,422.92,435.11,0.91,0.09,10:1,424.03,219.08016,642.0,422.91984,435.10593,159.418089,1,86
CMA-ES,20260607,18,cma_r18_005_tl80_dt186_ge3_qr78_tau90,80,186,3,0.78,0.9,483.92,309.44,0.91,0.09,10:1,468.06,219.08016,703.0,483.91984,309.439826,171.63859,1,120
CMA-ES,20260607,18,cma_r18_006_tl71_dt161_ge5_qr54_tau87,71,161,5,0.54,0.87,388.92,435.25,0.91,0.09,10:1,393.13,219.08016,608.0,388.91984,435.253005,162.682051,1,93
CMA-ES,20260607,19,cma_r19_001_tl82_dt118_ge0_qr69_tau86,82,118,0,0.69,0.86,363.92,436.61,0.91,0.09,10:1,370.53,219.08016,583.0,363.91984,436.612616,164.712821,1,115
CMA-ES,20260607,19,cma_r19_002_tl94_dt210_ge2_qr49_tau90,94,210,2,0.49,0.9,405.92,431.52,0.91,0.09,10:1,408.25,219.08016,625.0,405.91984,431.52156,156.573109,1,113
CMA-ES,20260607,19,cma_r19_003_tl71_dt102_ge13_qr73_tau87,71,102,13,0.73,0.87,255.92,456.72,0.91,0.09,10:1,274.17,219.08016,475.0,255.91984,456.716,149.822938,1,55
CMA-ES,20260607,19,cma_r19_004_tl85_dt130_ge4_qr35_tau90,85,130,4,0.35,0.9,441.92,321.27,0.91,0.09,10:1,430.95,219.08016,661.0,441.91984,321.266549,171.12963,1,107
CMA-ES,20260607,19,cma_r19_005_tl109_dt224_ge9_qr51_tau90,109,224,9,0.51,0.9,308.92,452.22,0.91,0.09,10:1,321.95,219.08016,528.0,308.91984,452.223937,149.629126,1,68
CMA-ES,20260607,19,cma_r19_006_tl68_dt164_ge14_qr69_tau79,68,164,14,0.69,0.79,300.92,451.38,0.91,0.09,10:1,314.60,219.08016,520.0,300.91984,451.375995,151.60735,1,56
CMA-ES,20260607,20,cma_r20_001_tl91_dt158_ge9_qr91_tau85,91,158,9,0.91,0.85,346.92,429.84,0.91,0.09,10:1,354.46,219.08016,566.0,346.91984,429.83979,158.475,0,73
CMA-ES,20260607,20,cma_r20_002_tl81_dt157_ge19_qr75_tau80,81,157,19,0.75,0.8,595.92,293.98,0.91,0.09,10:1,568.47,219.08016,815.0,595.91984,293.983356,180.972653,1,76
CMA-ES,20260607,20,cma_r20_003_tl77_dt90_ge14_qr42_tau82,77,90,14,0.42,0.82,472.92,314.27,0.91,0.09,10:1,458.50,219.08016,692.0,472.91984,314.265982,170.705295,1,74
CMA-ES,20260607,20,cma_r20_004_tl84_dt144_ge3_qr58_tau82,84,144,3,0.58,0.82,421.92,434.52,0.91,0.09,10:1,423.07,219.08016,641.0,421.91984,434.517973,159.926871,1,109
CMA-ES,20260607,20,cma_r20_005_tl71_dt194_ge13_qr98_tau81,71,194,13,0.98,0.81,404.92,434.31,0.91,0.09,10:1,407.59,219.08016,624.0,404.91984,434.313155,162.160959,0,71
CMA-ES,20260607,20,cma_r20_006_tl106_dt186_ge24_qr91_tau79,106,186,24,0.91,0.79,666.92,295.60,0.91,0.09,10:1,633.16,219.08016,886.0,666.91984,295.603889,190.035939,0,74
CMA-ES,20260607,21,cma_r21_001_tl84_dt167_ge7_qr89_tau82,84,167,7,0.89,0.82,459.92,312.87,0.91,0.09,10:1,446.55,219.08016,679.0,459.91984,312.87276,166.464718,1,94
CMA-ES,20260607,21,cma_r21_002_tl85_dt208_ge5_qr83_tau78,85,208,5,0.83,0.78,452.92,430.66,0.91,0.09,10:1,450.90,219.08016,672.0,452.91984,430.658609,162.506645,1,101
CMA-ES,20260607,21,cma_r21_003_tl65_dt160_ge5_qr70_tau74,65,160,5,0.7,0.74,425.92,431.62,0.91,0.09,10:1,426.44,219.08016,645.0,425.91984,431.615757,148.897436,1,101
CMA-ES,20260607,21,cma_r21_004_tl89_dt161_ge0_qr94_tau87,89,161,0,0.94,0.87,333.92,436.93,0.91,0.09,10:1,343.28,219.08016,553.0,333.91984,436.931653,155.318021,0,114
CMA-ES,20260607,21,cma_r21_005_tl74_dt179_ge1_qr100_tau81,74,179,1,1.0,0.81,329.92,440.12,0.91,0.09,10:1,339.94,219.08016,549.0,329.91984,440.118522,157.663669,0,105
CMA-ES,20260607,21,cma_r21_006_tl50_dt132_ge11_qr92_tau84,50,132,11,0.92,0.84,372.92,441.75,0.91,0.09,10:1,379.18,219.08016,592.0,372.91984,441.752522,153.227687,0,69
CMA-ES,20260607,22,cma_r22_001_tl72_dt144_ge0_qr80_tau80,72,144,0,0.8,0.8,375.92,440.22,0.91,0.09,10:1,381.77,219.08016,595.0,375.91984,440.22302,165.571681,1,118
CMA-ES,20260607,22,cma_r22_002_tl105_dt197_ge1_qr99_tau83,105,197,1,0.99,0.83,399.92,424.09,0.91,0.09,10:1,402.12,219.08016,619.0,399.91984,424.091635,162.915994,0,115
CMA-ES,20260607,22,cma_r22_003_tl47_dt108_ge1_qr78_tau81,47,108,1,0.78,0.81,303.92,448.90,0.91,0.09,10:1,317.10,219.08016,523.0,303.91984,448.902425,158.557656,1,95
CMA-ES,20260607,22,cma_r22_004_tl78_dt138_ge2_qr94_tau81,78,138,2,0.94,0.81,379.92,435.96,0.91,0.09,10:1,385.01,219.08016,599.0,379.91984,435.961056,155.329289,0,105
CMA-ES,20260607,22,cma_r22_005_tl103_dt168_ge7_qr74_tau86,103,168,7,0.74,0.86,380.92,438.27,0.91,0.09,10:1,386.13,219.08016,600.0,380.91984,438.268942,154.793226,1,86
CMA-ES,20260607,22,cma_r22_006_tl103_dt187_ge6_qr99_tau83,103,187,6,0.99,0.83,395.92,435.55,0.91,0.09,10:1,399.52,219.08016,615.0,395.91984,435.553242,164.560272,0,91
CMA-ES,20260607,23,cma_r23_001_tl88_dt175_ge2_qr43_tau89,88,175,2,0.43,0.89,405.92,431.52,0.91,0.09,10:1,408.25,219.08016,625.0,405.91984,431.52156,156.573109,1,113
CMA-ES,20260607,23,cma_r23_002_tl50_dt132_ge0_qr97_tau85,50,132,0,0.97,0.85,307.92,450.51,0.91,0.09,10:1,320.88,219.08016,527.0,307.91984,450.513369,154.668582,0,105
CMA-ES,20260607,23,cma_r23_003_tl34_dt101_ge1_qr18_tau84,34,101,1,0.18,0.84,430.92,327.97,0.91,0.09,10:1,421.56,219.08016,650.0,430.91984,327.9705,171.636936,1,120
CMA-ES,20260607,23,cma_r23_004_tl66_dt155_ge11_qr8_tau88,66,155,11,0.08,0.88,458.92,430.72,0.91,0.09,10:1,456.36,219.08016,678.0,458.91984,430.723891,167.092105,1,80
CMA-ES,20260607,23,cma_r23_005_tl61_dt122_ge0_qr100_tau85,61,122,0,1.0,0.85,310.92,450.66,0.91,0.09,10:1,323.62,219.08016,530.0,310.91984,450.660615,152.491329,0,106
CMA-ES,20260607,23,cma_r23_006_tl65_dt120_ge3_qr69_tau84,65,120,3,0.69,0.84,369.92,435.43,0.91,0.09,10:1,375.88,219.08016,589.0,369.91984,435.432014,163.645161,1,103
CMA-ES,20260607,24,cma_r24_001_tl44_dt97_ge4_qr90_tau90,44,97,4,0.9,0.9,325.92,448.39,0.91,0.09,10:1,337.05,219.08016,545.0,325.91984,448.385962,159.296435,1,88
CMA-ES,20260607,24,cma_r24_002_tl41_dt96_ge4_qr67_tau86,41,96,4,0.67,0.86,502.92,308.00,0.91,0.09,10:1,485.20,219.08016,722.0,502.91984,308.002793,178.56027,1,112
CMA-ES,20260607,24,cma_r24_003_tl26_dt102_ge0_qr100_tau83,26,102,0,1.0,0.83,0.00,487.88,0.91,0.09,10:1,44.35,219.08016,,,487.878605,134.28836,0,87
CMA-ES,20260607,24,cma_r24_004_tl54_dt188_ge1_qr89_tau84,54,188,1,0.89,0.84,365.92,438.86,0.91,0.09,10:1,372.55,219.08016,585.0,365.91984,438.857998,160.39539,1,112
CMA-ES,20260607,24,cma_r24_005_tl84_dt171_ge12_qr95_tau87,84,171,12,0.95,0.87,307.92,454.35,0.91,0.09,10:1,321.23,219.08016,527.0,307.91984,454.352613,154.430528,0,60
CMA-ES,20260607,24,cma_r24_006_tl48_dt122_ge4_qr77_tau83,48,122,4,0.77,0.83,362.92,424.27,0.91,0.09,10:1,368.50,219.08016,582.0,362.91984,424.265568,163.856452,1,91
CMA-ES,20260607,25,cma_r25_001_tl88_dt199_ge13_qr99_tau89,88,199,13,0.99,0.89,330.92,441.04,0.91,0.09,10:1,340.93,219.08016,550.0,330.91984,441.037579,155.568592,0,61
CMA-ES,20260607,25,cma_r25_002_tl94_dt217_ge2_qr100_tau87,94,217,2,1.0,0.87,321.92,446.97,0.91,0.09,10:1,333.29,219.08016,541.0,321.91984,446.971766,147.557034,0,94
CMA-ES,20260607,25,cma_r25_003_tl62_dt153_ge12_qr86_tau90,62,153,12,0.86,0.9,427.92,331.80,0.91,0.09,10:1,419.18,219.08016,647.0,427.91984,331.803095,171.618644,1,69
CMA-ES,20260607,25,cma_r25_004_tl64_dt148_ge5_qr91_tau89,64,148,5,0.91,0.89,318.92,452.02,0.91,0.09,10:1,331.02,219.08016,538.0,318.91984,452.022864,153.76834,0,82
CMA-ES,20260607,25,cma_r25_005_tl56_dt169_ge5_qr100_tau90,56,169,5,1.0,0.9,297.92,451.47,0.91,0.09,10:1,311.88,219.08016,517.0,297.91984,451.468362,153.65251,0,82
CMA-ES,20260607,25,cma_r25_006_tl79_dt170_ge24_qr100_tau89,79,170,24,1.0,0.89,621.92,296.06,0.91,0.09,10:1,592.30,219.08016,841.0,621.91984,296.060313,180.903934,0,70
CMA-ES,20260607,26,cma_r26_001_tl74_dt183_ge6_qr100_tau87,74,183,6,1.0,0.87,302.92,452.68,0.91,0.09,10:1,316.53,219.08016,522.0,302.91984,452.676997,149.396078,0,77
CMA-ES,20260607,26,cma_r26_002_tl61_dt178_ge15_qr60_tau85,61,178,15,0.6,0.85,283.92,455.78,0.91,0.09,10:1,299.54,219.08016,503.0,283.91984,455.780726,145.880081,1,52
CMA-ES,20260607,26,cma_r26_003_tl59_dt159_ge12_qr94_tau90,59,159,12,0.94,0.9,365.92,443.16,0.91,0.09,10:1,372.94,219.08016,585.0,365.91984,443.160736,154.948812,0,69
CMA-ES,20260607,26,cma_r26_004_tl85_dt223_ge12_qr100_tau89,85,223,12,1.0,0.89,307.92,454.35,0.91,0.09,10:1,321.23,219.08016,527.0,307.91984,454.352613,154.430528,0,60
CMA-ES,20260607,26,cma_r26_005_tl69_dt218_ge4_qr97_tau86,69,218,4,0.97,0.86,401.92,432.85,0.91,0.09,10:1,404.73,219.08016,621.0,401.91984,432.85205,157.898625,0,100
CMA-ES,20260607,26,cma_r26_006_tl56_dt138_ge1_qr97_tau86,56,138,1,0.97,0.86,304.92,436.00,0.91,0.09,10:1,316.84,219.08016,524.0,304.91984,435.997302,156.558875,0,93
CMA-ES,20260607,27,cma_r27_001_tl91_dt218_ge0_qr96_tau86,91,218,0,0.96,0.86,317.92,437.30,0.91,0.09,10:1,328.77,219.08016,537.0,317.91984,437.302846,148.324324,0,108
CMA-ES,20260607,27,cma_r27_002_tl54_dt188_ge1_qr34_tau83,54,188,1,0.34,0.83,365.92,438.86,0.91,0.09,10:1,372.55,219.08016,585.0,365.91984,438.857998,160.39539,1,112
CMA-ES,20260607,27,cma_r27_003_tl73_dt183_ge18_qr97_tau87,73,183,18,0.97,0.87,0.00,488.87,0.91,0.09,10:1,44.44,219.08016,,,488.867299,132.968085,0,43
CMA-ES,20260607,27,cma_r27_004_tl36_dt108_ge22_qr46_tau88,36,108,22,0.46,0.88,440.92,427.35,0.91,0.09,10:1,439.69,219.08016,660.0,440.91984,427.345301,162.552459,1,59
CMA-ES,20260607,27,cma_r27_005_tl71_dt145_ge8_qr76_tau87,71,145,8,0.76,0.87,422.92,435.11,0.91,0.09,10:1,424.03,219.08016,642.0,422.91984,435.10593,159.418089,1,86
CMA-ES,20260607,27,cma_r27_006_tl54_dt168_ge7_qr68_tau87,54,168,7,0.68,0.87,423.92,434.36,0.91,0.09,10:1,424.87,219.08016,643.0,423.91984,434.359446,165.932546,1,91
CMA-ES,20260607,28,cma_r28_001_tl50_dt145_ge3_qr48_tau79,50,145,3,0.48,0.79,283.92,460.08,0.91,0.09,10:1,299.93,219.08016,503.0,283.91984,460.084434,157.042857,1,84
CMA-ES,20260607,28,cma_r28_002_tl59_dt163_ge0_qr76_tau86,59,163,0,0.76,0.86,282.92,442.24,0.91,0.09,10:1,297.40,219.08016,502.0,282.91984,442.24106,156.749091,1,100
CMA-ES,20260607,28,cma_r28_003_tl54_dt192_ge0_qr86_tau76,54,192,0,0.86,0.76,322.92,448.28,0.91,0.09,10:1,334.32,219.08016,542.0,322.91984,448.282017,152.592803,1,107
CMA-ES,20260607,28,cma_r28_004_tl89_dt155_ge0_qr53_tau84,89,155,0,0.53,0.84,284.92,455.22,0.91,0.09,10:1,300.40,219.08016,504.0,284.91984,455.220535,152.284585,1,102
CMA-ES,20260607,28,cma_r28_005_tl78_dt192_ge0_qr100_tau90,78,192,0,1.0,0.9,303.92,455.54,0.91,0.09,10:1,317.70,219.08016,523.0,303.91984,455.538424,142.671343,0,106
CMA-ES,20260607,28,cma_r28_006_tl111_dt215_ge2_qr78_tau89,111,215,2,0.78,0.89,331.92,437.99,0.91,0.09,10:1,341.56,219.08016,551.0,331.91984,437.988467,163.55095,1,95
CMA-ES,20260607,29,cma_r29_001_tl28_dt96_ge1_qr65_tau80,28,96,1,0.65,0.8,305.92,449.64,0.91,0.09,10:1,318.99,219.08016,525.0,305.91984,449.639051,152.383588,1,97
CMA-ES,20260607,29,cma_r29_002_tl47_dt114_ge4_qr77_tau78,47,114,4,0.77,0.78,341.92,438.48,0.91,0.09,10:1,350.70,219.08016,561.0,341.91984,438.484095,160.022847,1,89
CMA-ES,20260607,29,cma_r29_003_tl65_dt186_ge12_qr98_tau87,65,186,12,0.98,0.87,365.92,443.16,0.91,0.09,10:1,372.94,219.08016,585.0,365.91984,443.160736,154.948812,0,69
CMA-ES,20260607,29,cma_r29_004_tl58_dt183_ge1_qr57_tau84,58,183,1,0.57,0.84,418.92,428.31,0.91,0.09,10:1,419.77,219.08016,638.0,418.91984,428.308931,162.585526,1,117
CMA-ES,20260607,29,cma_r29_005_tl81_dt183_ge2_qr52_tau86,81,183,2,0.52,0.86,425.92,427.91,0.91,0.09,10:1,426.10,219.08016,645.0,425.91984,427.910497,157.089404,1,116
CMA-ES,20260607,29,cma_r29_006_tl46_dt122_ge0_qr81_tau83,46,122,0,0.81,0.83,283.92,455.62,0.91,0.09,10:1,299.53,219.08016,503.0,283.91984,455.622631,152.162651,1,101
CMA-ES,20260607,30,cma_r30_001_tl32_dt107_ge0_qr73_tau82,32,107,0,0.73,0.82,415.92,433.37,0.91,0.09,10:1,417.51,219.08016,635.0,415.91984,433.372413,161.563452,1,124
CMA-ES,20260607,30,cma_r30_002_tl40_dt146_ge2_qr99_tau76,40,146,2,0.99,0.76,438.92,428.93,0.91,0.09,10:1,438.01,219.08016,658.0,438.91984,428.927853,159.357143,0,115
CMA-ES,20260607,30,cma_r30_003_tl7_dt94_ge11_qr80_tau85,7,94,11,0.8,0.85,423.92,431.42,0.91,0.09,10:1,424.60,219.08016,643.0,423.91984,431.41869,159.454545,1,75
CMA-ES,20260607,30,cma_r30_004_tl41_dt163_ge11_qr85_tau74,41,163,11,0.85,0.74,356.92,435.67,0.91,0.09,10:1,364.08,219.08016,576.0,356.91984,435.673992,158.716007,1,71
CMA-ES,20260607,30,cma_r30_005_tl57_dt125_ge5_qr49_tau82,57,125,5,0.49,0.82,330.92,438.14,0.91,0.09,10:1,340.67,219.08016,550.0,330.91984,438.143464,152.891419,1,79
CMA-ES,20260607,30,cma_r30_006_tl15_dt83_ge8_qr95_tau79,15,83,8,0.95,0.79,0.00,496.27,0.91,0.09,10:1,45.12,219.08016,,,496.268635,128.735632,0,52
CMA-ES,20260607,31,cma_r31_001_tl66_dt209_ge10_qr71_tau88,66,209,10,0.71,0.88,328.92,446.38,0.91,0.09,10:1,339.60,219.08016,548.0,328.91984,446.37844,164.261905,1,67
CMA-ES,20260607,31,cma_r31_002_tl60_dt126_ge10_qr27_tau82,60,126,10,0.27,0.82,354.92,445.33,0.91,0.09,10:1,363.14,219.08016,574.0,354.91984,445.334017,164.0,1,70
CMA-ES,20260607,31,cma_r31_003_tl46_dt69_ge4_qr47_tau72,46,69,4,0.47,0.72,392.92,435.16,0.91,0.09,10:1,396.76,219.08016,612.0,392.91984,435.155736,155.438356,1,95
CMA-ES,20260607,31,cma_r31_004_tl61_dt130_ge16_qr55_tau81,61,130,16,0.55,0.81,395.92,437.68,0.91,0.09,10:1,399.72,219.08016,615.0,395.91984,437.681495,158.194004,1,65
CMA-ES,20260607,31,cma_r31_005_tl63_dt159_ge17_qr72_tau80,63,159,17,0.72,0.8,437.92,324.69,0.91,0.09,10:1,427.63,219.08016,657.0,437.91984,324.689266,170.776739,1,67
CMA-ES,20260607,31,cma_r31_006_tl68_dt149_ge4_qr75_tau87,68,149,4,0.75,0.87,316.92,451.18,0.91,0.09,10:1,329.13,219.08016,536.0,316.91984,451.183647,157.06705,1,82
CMA-ES,20260607,32,cma_r32_001_tl59_dt218_ge1_qr96_tau82,59,218,1,0.96,0.82,387.92,440.08,0.91,0.09,10:1,392.66,219.08016,607.0,387.91984,440.084954,159.180036,0,117
CMA-ES,20260607,32,cma_r32_002_tl77_dt186_ge3_qr51_tau90,77,186,3,0.51,0.9,483.92,309.44,0.91,0.09,10:1,468.06,219.08016,703.0,483.91984,309.439826,171.63859,1,120
CMA-ES,20260607,32,cma_r32_003_tl75_dt148_ge5_qr65_tau83,75,148,5,0.65,0.83,329.92,437.79,0.91,0.09,10:1,339.73,219.08016,549.0,329.91984,437.789605,164.200348,1,89
CMA-ES,20260607,32,cma_r32_004_tl80_dt155_ge7_qr70_tau84,80,155,7,0.7,0.84,459.92,312.87,0.91,0.09,10:1,446.55,219.08016,679.0,459.91984,312.87276,166.464718,1,94
CMA-ES,20260607,32,cma_r32_005_tl56_dt172_ge3_qr83_tau78,56,172,3,0.83,0.78,337.92,447.73,0.91,0.09,10:1,347.90,219.08016,557.0,337.91984,447.732157,154.165414,1,95
CMA-ES,20260607,32,cma_r32_006_tl37_dt165_ge4_qr98_tau83,37,165,4,0.98,0.83,393.92,437.38,0.91,0.09,10:1,397.87,219.08016,613.0,393.91984,437.377805,160.65614,0,97
CMA-ES,20260607,33,cma_r33_001_tl63_dt140_ge0_qr96_tau78,63,140,0,0.96,0.78,328.92,445.93,0.91,0.09,10:1,339.56,219.08016,548.0,328.91984,445.927679,151.598499,0,107
CMA-ES,20260607,33,cma_r33_002_tl56_dt104_ge10_qr51_tau79,56,104,10,0.51,0.79,395.92,437.15,0.91,0.09,10:1,399.67,219.08016,615.0,395.91984,437.151415,165.994792,1,76
CMA-ES,20260607,33,cma_r33_003_tl65_dt148_ge4_qr77_tau83,65,148,4,0.77,0.83,316.92,451.18,0.91,0.09,10:1,329.13,219.08016,536.0,316.91984,451.183647,157.06705,1,82
CMA-ES,20260607,33,cma_r33_004_tl57_dt116_ge1_qr83_tau82,57,116,1,0.83,0.82,409.92,430.69,0.91,0.09,10:1,411.81,219.08016,629.0,409.91984,430.693283,165.845771,1,117
CMA-ES,20260607,33,cma_r33_005_tl61_dt147_ge0_qr100_tau80,61,147,0,1.0,0.8,402.92,425.85,0.91,0.09,10:1,405.00,219.08016,622.0,402.91984,425.847704,164.171799,0,124
CMA-ES,20260607,33,cma_r33_006_tl41_dt139_ge3_qr75_tau77,41,139,3,0.75,0.77,299.92,450.50,0.91,0.09,10:1,313.61,219.08016,519.0,299.91984,450.504422,156.641075,1,90
CMA-ES,20260607,34,cma_r34_001_tl47_dt163_ge5_qr94_tau74,47,163,5,0.94,0.74,406.92,436.87,0.91,0.09,10:1,409.64,219.08016,626.0,406.91984,436.869407,158.446181,0,97
CMA-ES,20260607,34,cma_r34_002_tl45_dt176_ge2_qr99_tau78,45,176,2,0.99,0.78,290.92,447.87,0.91,0.09,10:1,305.19,219.08016,510.0,290.91984,447.871834,151.924099,0,89
CMA-ES,20260607,34,cma_r34_003_tl61_dt149_ge6_qr74_tau77,61,149,6,0.74,0.77,288.92,453.18,0.91,0.09,10:1,303.85,219.08016,508.0,288.91984,453.18074,150.978389,1,74
CMA-ES,20260607,34,cma_r34_004_tl38_dt119_ge5_qr69_tau75,38,119,5,0.69,0.75,344.92,439.01,0.91,0.09,10:1,353.47,219.08016,564.0,344.91984,439.008582,160.883392,1,87
CMA-ES,20260607,34,cma_r34_005_tl30_dt146_ge1_qr94_tau72,30,146,1,0.94,0.72,392.92,429.84,0.91,0.09,10:1,396.28,219.08016,612.0,392.91984,429.843308,158.263333,0,114
CMA-ES,20260607,34,cma_r34_006_tl54_dt152_ge4_qr83_tau77,54,152,4,0.83,0.77,352.92,435.82,0.91,0.09,10:1,360.46,219.08016,572.0,352.91984,435.818872,159.809278,1,93
CMA-ES,20260607,35,cma_r35_001_tl70_dt203_ge8_qr77_tau79,70,203,8,0.77,0.79,398.92,433.88,0.91,0.09,10:1,402.10,219.08016,618.0,398.91984,433.883217,156.940678,1,87
CMA-ES,20260607,35,cma_r35_002_tl54_dt140_ge3_qr94_tau73,54,140,3,0.94,0.73,304.92,450.23,0.91,0.09,10:1,318.13,219.08016,524.0,304.91984,450.22847,150.380309,0,87
CMA-ES,20260607,35,cma_r35_003_tl52_dt162_ge4_qr89_tau81,52,162,4,0.89,0.81,352.92,435.82,0.91,0.09,10:1,360.46,219.08016,572.0,352.91984,435.818872,159.809278,1,93
CMA-ES,20260607,35,cma_r35_004_tl62_dt150_ge8_qr61_tau78,62,150,8,0.61,0.78,330.92,447.33,0.91,0.09,10:1,341.50,219.08016,550.0,330.91984,447.327477,154.517757,1,75
CMA-ES,20260607,35,cma_r35_005_tl32_dt96_ge6_qr78_tau78,32,96,6,0.78,0.78,304.92,451.88,0.91,0.09,10:1,318.28,219.08016,524.0,304.91984,451.882002,153.373308,1,76
CMA-ES,20260607,35,cma_r35_006_tl50_dt160_ge3_qr97_tau77,50,160,3,0.97,0.77,308.92,446.79,0.91,0.09,10:1,321.45,219.08016,528.0,308.91984,446.789635,148.893939,0,89
CMA-ES,20260607,36,cma_r36_001_tl49_dt94_ge7_qr88_tau72,49,94,7,0.88,0.72,485.92,428.72,0.91,0.09,10:1,480.72,219.08016,705.0,485.91984,428.716977,169.433657,1,100
CMA-ES,20260607,36,cma_r36_002_tl51_dt147_ge6_qr95_tau72,51,147,6,0.95,0.72,356.92,440.12,0.91,0.09,10:1,364.48,219.08016,576.0,356.91984,440.118338,155.351986,0,85
CMA-ES,20260607,36,cma_r36_003_tl28_dt111_ge1_qr82_tau74,28,111,1,0.82,0.74,304.92,439.24,0.91,0.09,10:1,317.13,219.08016,524.0,304.91984,439.244509,162.17284,1,95
CMA-ES,20260607,36,cma_r36_004_tl44_dt133_ge0_qr99_tau79,44,133,0,0.99,0.79,417.92,431.23,0.91,0.09,10:1,419.13,219.08016,637.0,417.91984,431.233997,162.955,0,129
CMA-ES,20260607,36,cma_r36_005_tl46_dt134_ge0_qr99_tau72,46,134,0,0.99,0.72,403.92,430.31,0.91,0.09,10:1,406.32,219.08016,623.0,403.91984,430.308495,157.40201,0,123
CMA-ES,20260607,36,cma_r36_006_tl38_dt106_ge9_qr99_tau74,38,106,9,0.99,0.74,353.92,429.88,0.91,0.09,10:1,360.83,219.08016,573.0,353.91984,429.884985,161.710483,0,73
CMA-ES,20260607,37,cma_r37_001_tl36_dt114_ge2_qr64_tau72,36,114,2,0.64,0.72,344.92,426.31,0.91,0.09,10:1,352.32,219.08016,564.0,344.91984,426.309669,166.98546,1,97
CMA-ES,20260607,37,cma_r37_002_tl37_dt120_ge5_qr76_tau80,37,120,5,0.76,0.8,344.92,439.01,0.91,0.09,10:1,353.47,219.08016,564.0,344.91984,439.008582,160.883392,1,87
CMA-ES,20260607,37,cma_r37_003_tl30_dt110_ge4_qr96_tau74,30,110,4,0.96,0.74,514.92,305.85,0.91,0.09,10:1,495.91,219.08016,734.0,514.91984,305.854411,179.491429,0,115
CMA-ES,20260607,37,cma_r37_004_tl18_dt94_ge3_qr92_tau72,18,94,3,0.92,0.72,455.92,429.24,0.91,0.09,10:1,453.49,219.08016,675.0,455.91984,429.237601,165.276316,0,111
CMA-ES,20260607,37,cma_r37_005_tl35_dt130_ge4_qr79_tau75,35,130,4,0.79,0.75,539.92,302.58,0.91,0.09,10:1,518.34,219.08016,759.0,539.91984,302.581362,179.287736,1,123
CMA-ES,20260607,37,cma_r37_006_tl20_dt81_ge1_qr69_tau70,20,81,1,0.69,0.7,485.92,325.02,0.91,0.09,10:1,471.29,219.08016,705.0,485.91984,325.021865,174.380468,1,125
CMA-ES,20260607,38,cma_r38_001_tl37_dt91_ge3_qr46_tau74,37,91,3,0.46,0.74,291.92,448.94,0.91,0.09,10:1,306.19,219.08016,511.0,291.91984,448.938524,152.393536,1,87
CMA-ES,20260607,38,cma_r38_002_tl33_dt128_ge7_qr70_tau79,33,128,7,0.7,0.79,406.92,440.13,0.91,0.09,10:1,409.94,219.08016,626.0,406.91984,440.1261,159.908772,1,88
CMA-ES,20260607,38,cma_r38_003_tl50_dt126_ge1_qr80_tau72,50,126,1,0.8,0.72,290.92,448.43,0.91,0.09,10:1,305.24,219.08016,510.0,290.91984,448.426706,150.24381,1,95
CMA-ES,20260607,38,cma_r38_004_tl38_dt121_ge0_qr81_tau75,38,121,0,0.81,0.75,319.92,439.73,0.91,0.09,10:1,330.81,219.08016,539.0,319.91984,439.734358,159.030249,1,105
CMA-ES,20260607,38,cma_r38_005_tl24_dt106_ge4_qr60_tau73,24,106,4,0.6,0.73,436.92,431.52,0.91,0.09,10:1,436.43,219.08016,656.0,436.91984,431.518659,162.238333,1,105
CMA-ES,20260607,38,cma_r38_006_tl18_dt85_ge0_qr72_tau72,18,85,0,0.72,0.72,0.00,490.93,0.91,0.09,10:1,44.63,219.08016,,,490.927201,135.918699,1,81
CMA-ES,20260607,39,cma_r39_001_tl45_dt100_ge3_qr54_tau75,45,100,3,0.54,0.75,285.92,449.62,0.91,0.09,10:1,300.80,219.08016,505.0,285.91984,449.619046,152.732824,1,80
CMA-ES,20260607,39,cma_r39_002_tl35_dt95_ge0_qr74_tau72,35,95,0,0.74,0.72,305.92,455.03,0.91,0.09,10:1,319.48,219.08016,525.0,305.91984,455.033898,151.431953,1,100
CMA-ES,20260607,39,cma_r39_003_tl63_dt118_ge7_qr63_tau74,63,118,7,0.63,0.74,264.92,464.84,0.91,0.09,10:1,283.09,219.08016,484.0,264.91984,464.840419,153.384289,1,69
CMA-ES,20260607,39,cma_r39_004_tl61_dt135_ge3_qr67_tau76,61,135,3,0.67,0.76,426.92,427.65,0.91,0.09,10:1,426.99,219.08016,646.0,426.91984,427.651259,158.480992,1,108
CMA-ES,20260607,39,cma_r39_005_tl31_dt91_ge0_qr77_tau70,31,91,0,0.77,0.7,324.92,431.43,0.91,0.09,10:1,334.60,219.08016,544.0,324.91984,431.426015,160.060201,1,109
CMA-ES,20260607,39,cma_r39_006_tl55_dt98_ge5_qr66_tau74,55,98,5,0.66,0.74,359.92,426.72,0.91,0.09,10:1,365.99,219.08016,579.0,359.91984,426.718933,161.932897,1,89
CMA-ES,20260607,40,cma_r40_001_tl61_dt100_ge10_qr64_tau70,61,100,10,0.64,0.7,307.92,454.21,0.91,0.09,10:1,321.22,219.08016,527.0,307.91984,454.205255,152.682353,1,67
CMA-ES,20260607,40,cma_r40_002_tl48_dt94_ge7_qr48_tau81,48,94,7,0.48,0.81,485.92,428.72,0.91,0.09,10:1,480.72,219.08016,705.0,485.91984,428.716977,169.433657,1,100
CMA-ES,20260607,40,cma_r40_003_tl71_dt130_ge6_qr54_tau78,71,130,6,0.54,0.78,334.92,434.67,0.91,0.09,10:1,343.99,219.08016,554.0,334.91984,434.668798,165.521151,1,82
CMA-ES,20260607,40,cma_r40_004_tl54_dt86_ge13_qr23_tau78,54,86,13,0.23,0.78,376.92,437.42,0.91,0.09,10:1,382.42,219.08016,596.0,376.91984,437.416283,156.476021,1,65
CMA-ES,20260607,40,cma_r40_005_tl46_dt91_ge2_qr74_tau73,46,91,2,0.74,0.73,529.92,313.99,0.91,0.09,10:1,510.29,219.08016,749.0,529.91984,313.99259,178.848397,1,135
CMA-ES,20260607,40,cma_r40_006_tl53_dt104_ge5_qr69_tau71,53,104,5,0.69,0.71,376.92,438.15,0.91,0.09,10:1,382.49,219.08016,596.0,376.91984,438.146526,156.124126,1,91
CMA-ES,20260607,41,cma_r41_001_tl69_dt112_ge13_qr42_tau74,69,112,13,0.42,0.74,0.00,495.82,0.91,0.09,10:1,45.07,219.08016,,,495.820484,134.831429,1,46
CMA-ES,20260607,41,cma_r41_002_tl74_dt140_ge7_qr45_tau79,74,140,7,0.45,0.79,459.92,312.87,0.91,0.09,10:1,446.55,219.08016,679.0,459.91984,312.87276,166.464718,1,94
CMA-ES,20260607,41,cma_r41_003_tl106_dt160_ge10_qr54_tau72,106,160,10,0.54,0.72,314.92,450.77,0.91,0.09,10:1,327.27,219.08016,534.0,314.91984,450.769132,159.058601,1,67
CMA-ES,20260607,41,cma_r41_004_tl55_dt120_ge3_qr48_tau70,55,120,3,0.48,0.7,361.92,442.89,0.91,0.09,10:1,369.28,219.08016,581.0,361.91984,442.894741,157.0,1,97
CMA-ES,20260607,41,cma_r41_005_tl75_dt128_ge14_qr63_tau78,75,128,14,0.63,0.78,472.92,427.95,0.91,0.09,10:1,468.83,219.08016,692.0,472.91984,427.948604,162.481967,1,75
CMA-ES,20260607,41,cma_r41_006_tl65_dt133_ge6_qr68_tau79,65,133,6,0.68,0.79,288.92,453.18,0.91,0.09,10:1,303.85,219.08016,508.0,288.91984,453.18074,150.978389,1,74
CMA-ES,20260607,42,cma_r42_001_tl82_dt122_ge1_qr18_tau79,82,122,1,0.18,0.79,354.92,429.57,0.91,0.09,10:1,361.71,219.08016,574.0,354.91984,429.572435,162.780528,1,102
CMA-ES,20260607,42,cma_r42_002_tl91_dt149_ge8_qr51_tau78,91,149,8,0.51,0.78,296.92,453.81,0.91,0.09,10:1,311.18,219.08016,516.0,296.91984,453.806175,147.821218,1,70
CMA-ES,20260607,42,cma_r42_003_tl65_dt109_ge11_qr59_tau77,65,109,11,0.59,0.77,366.92,442.20,0.91,0.09,10:1,373.76,219.08016,586.0,366.91984,442.204991,160.276173,1,70
CMA-ES,20260607,42,cma_r42_004_tl45_dt111_ge13_qr70_tau76,45,111,13,0.7,0.76,428.92,433.76,0.91,0.09,10:1,429.36,219.08016,648.0,428.91984,433.758608,157.354344,1,73
CMA-ES,20260607,42,cma_r42_005_tl97_dt183_ge2_qr52_tau81,97,183,2,0.52,0.81,405.92,431.52,0.91,0.09,10:1,408.25,219.08016,625.0,405.91984,431.52156,156.573109,1,113
CMA-ES,20260607,42,cma_r42_006_tl99_dt170_ge11_qr30_tau81,99,170,11,0.3,0.81,458.92,430.72,0.91,0.09,10:1,456.36,219.08016,678.0,458.91984,430.723891,167.092105,1,80
CMA-ES,20260607,43,cma_r43_001_tl86_dt106_ge12_qr8_tau76,86,106,12,0.08,0.76,512.92,311.24,0.91,0.09,10:1,494.59,219.08016,732.0,512.91984,311.237218,175.206025,1,86
CMA-ES,20260607,43,cma_r43_002_tl90_dt137_ge5_qr60_tau82,90,137,5,0.6,0.82,423.92,434.69,0.91,0.09,10:1,424.90,219.08016,643.0,423.91984,434.694165,153.197935,1,97
CMA-ES,20260607,43,cma_r43_003_tl108_dt179_ge5_qr28_tau81,108,179,5,0.28,0.81,430.92,327.49,0.91,0.09,10:1,421.52,219.08016,650.0,430.91984,327.486629,167.685263,1,96
CMA-ES,20260607,43,cma_r43_004_tl90_dt104_ge15_qr44_tau73,90,104,15,0.44,0.73,463.92,319.21,0.91,0.09,10:1,450.76,219.08016,683.0,463.91984,319.213807,175.421954,1,71
CMA-ES,20260607,43,cma_r43_005_tl99_dt131_ge2_qr36_tau74,99,131,2,0.36,0.74,441.92,426.72,0.91,0.09,10:1,440.54,219.08016,661.0,441.91984,426.721772,156.754934,1,117
CMA-ES,20260607,43,cma_r43_006_tl85_dt124_ge15_qr45_tau73,85,124,15,0.45,0.73,368.92,439.94,0.91,0.09,10:1,375.38,219.08016,588.0,368.91984,439.938745,162.656637,1,60
CMA-ES,20260607,44,cma_r44_001_tl69_dt109_ge8_qr47_tau75,69,109,8,0.47,0.75,395.92,435.61,0.91,0.09,10:1,399.53,219.08016,615.0,395.91984,435.610133,163.088737,1,79
CMA-ES,20260607,44,cma_r44_002_tl87_dt154_ge8_qr56_tau76,87,154,8,0.56,0.76,296.92,453.81,0.91,0.09,10:1,311.18,219.08016,516.0,296.91984,453.806175,147.821218,1,70
CMA-ES,20260607,44,cma_r44_003_tl83_dt155_ge17_qr51_tau77,83,155,17,0.51,0.77,437.92,324.69,0.91,0.09,10:1,427.63,219.08016,657.0,437.91984,324.689266,170.776739,1,67
CMA-ES,20260607,44,cma_r44_004_tl78_dt130_ge23_qr34_tau80,78,130,23,0.34,0.8,505.92,312.16,0.91,0.09,10:1,488.31,219.08016,725.0,505.91984,312.159596,177.440976,1,61
CMA-ES,20260607,44,cma_r44_005_tl111_dt125_ge19_qr3_tau82,111,125,19,0.03,0.82,595.92,293.98,0.91,0.09,10:1,568.47,219.08016,815.0,595.91984,293.983356,180.972653,1,76
CMA-ES,20260607,44,cma_r44_006_tl75_dt132_ge7_qr62_tau75,75,132,7,0.62,0.75,318.92,446.64,0.91,0.09,10:1,330.53,219.08016,538.0,318.91984,446.644374,155.451493,1,72
CMA-ES,20260607,45,cma_r45_001_tl75_dt123_ge8_qr54_tau73,75,123,8,0.54,0.73,392.92,360.80,0.91,0.09,10:1,390.00,219.08016,612.0,392.91984,360.802546,175.689017,1,83
CMA-ES,20260607,45,cma_r45_002_tl91_dt155_ge4_qr50_tau78,91,155,4,0.5,0.78,359.92,440.64,0.91,0.09,10:1,367.26,219.08016,579.0,359.91984,440.635158,168.60354,1,94
CMA-ES,20260607,45,cma_r45_003_tl81_dt155_ge11_qr65_tau78,81,155,11,0.65,0.78,458.92,430.72,0.91,0.09,10:1,456.36,219.08016,678.0,458.91984,430.723891,167.092105,1,80
CMA-ES,20260607,45,cma_r45_004_tl73_dt121_ge10_qr52_tau75,73,121,10,0.52,0.75,576.92,296.12,0.91,0.09,10:1,551.39,219.08016,796.0,576.91984,296.117608,177.596475,1,100
CMA-ES,20260607,45,cma_r45_005_tl84_dt131_ge2_qr58_tau80,84,131,2,0.58,0.8,441.92,426.72,0.91,0.09,10:1,440.54,219.08016,661.0,441.91984,426.721772,156.754934,1,117
CMA-ES,20260607,45,cma_r45_006_tl72_dt154_ge7_qr70_tau72,72,154,7,0.7,0.72,386.92,439.80,0.91,0.09,10:1,391.73,219.08016,606.0,386.91984,439.803471,159.421708,1,82
CMA-ES,20260607,46,cma_r46_001_tl88_dt157_ge7_qr44_tau76,88,157,7,0.44,0.76,459.92,312.87,0.91,0.09,10:1,446.55,219.08016,679.0,459.91984,312.87276,166.464718,1,94
CMA-ES,20260607,46,cma_r46_002_tl84_dt167_ge7_qr76_tau74,84,167,7,0.76,0.74,356.92,444.82,0.91,0.09,10:1,364.91,219.08016,576.0,356.91984,444.819281,153.114603,1,79
CMA-ES,20260607,46,cma_r46_003_tl68_dt121_ge5_qr58_tau76,68,121,5,0.58,0.76,312.92,441.76,0.91,0.09,10:1,324.63,219.08016,532.0,312.91984,441.757372,156.310345,1,77
CMA-ES,20260607,46,cma_r46_004_tl84_dt167_ge2_qr57_tau74,84,167,2,0.57,0.74,405.92,431.52,0.91,0.09,10:1,408.25,219.08016,625.0,405.91984,431.52156,156.573109,1,113
CMA-ES,20260607,46,cma_r46_005_tl80_dt132_ge2_qr31_tau76,80,132,2,0.31,0.76,441.92,426.72,0.91,0.09,10:1,440.54,219.08016,661.0,441.91984,426.721772,156.754934,1,117
CMA-ES,20260607,46,cma_r46_006_tl75_dt147_ge1_qr42_tau75,75,147,1,0.42,0.75,369.92,442.16,0.91,0.09,10:1,376.49,219.08016,589.0,369.91984,442.159477,156.323636,1,107
CMA-ES,20260607,47,cma_r47_001_tl92_dt161_ge7_qr63_tau75,92,161,7,0.63,0.75,459.92,312.87,0.91,0.09,10:1,446.55,219.08016,679.0,459.91984,312.87276,166.464718,1,94
CMA-ES,20260607,47,cma_r47_002_tl95_dt154_ge3_qr39_tau77,95,154,3,0.39,0.77,336.92,440.01,0.91,0.09,10:1,346.29,219.08016,556.0,336.91984,440.011122,156.942549,1,95
CMA-ES,20260607,47,cma_r47_003_tl81_dt140_ge4_qr51_tau76,81,140,4,0.51,0.76,421.92,433.88,0.91,0.09,10:1,423.01,219.08016,641.0,421.91984,433.883523,159.910017,1,104
CMA-ES,20260607,47,cma_r47_004_tl84_dt143_ge8_qr53_tau74,84,143,8,0.53,0.74,382.92,362.52,0.91,0.09,10:1,381.06,219.08016,602.0,382.91984,362.516284,160.669868,1,80
CMA-ES,20260607,47,cma_r47_005_tl80_dt128_ge5_qr65_tau76,80,128,5,0.65,0.76,447.92,431.24,0.91,0.09,10:1,446.40,219.08016,667.0,447.91984,431.242064,162.423588,1,103
CMA-ES,20260607,47,cma_r47_006_tl71_dt135_ge3_qr60_tau72,71,135,3,0.6,0.72,307.92,434.35,0.91,0.09,10:1,319.41,219.08016,527.0,307.91984,434.346133,155.585911,1,91
CMA-ES,20260607,48,cma_r48_001_tl71_dt141_ge1_qr59_tau74,71,141,1,0.59,0.74,308.92,452.24,0.91,0.09,10:1,321.95,219.08016,528.0,308.91984,452.235317,151.493204,1,95
CMA-ES,20260607,48,cma_r48_002_tl81_dt137_ge6_qr50_tau73,81,137,6,0.5,0.73,464.92,433.42,0.91,0.09,10:1,462.06,219.08016,684.0,464.91984,433.42426,163.45576,1,103
CMA-ES,20260607,48,cma_r48_003_tl92_dt144_ge3_qr44_tau78,92,144,3,0.44,0.78,421.92,434.52,0.91,0.09,10:1,423.07,219.08016,641.0,421.91984,434.517973,159.926871,1,109
CMA-ES,20260607,48,cma_r48_004_tl75_dt130_ge5_qr55_tau75,75,130,5,0.55,0.75,361.92,444.60,0.91,0.09,10:1,369.44,219.08016,581.0,361.91984,444.599586,156.022018,1,89
CMA-ES,20260607,48,cma_r48_005_tl77_dt145_ge0_qr43_tau78,77,145,0,0.43,0.78,301.92,454.43,0.91,0.09,10:1,315.78,219.08016,521.0,301.91984,454.427632,156.420744,1,102
CMA-ES,20260607,48,cma_r48_006_tl77_dt138_ge4_qr62_tau72,77,138,4,0.62,0.72,441.92,321.27,0.91,0.09,10:1,430.95,219.08016,661.0,441.91984,321.266549,171.12963,1,107
CMA-ES,20260607,49,cma_r49_001_tl82_dt158_ge0_qr55_tau78,82,158,0,0.55,0.78,304.92,441.72,0.91,0.09,10:1,317.36,219.08016,524.0,304.91984,441.720295,155.027273,1,109
CMA-ES,20260607,49,cma_r49_002_tl84_dt170_ge1_qr46_tau76,84,170,1,0.46,0.76,349.92,444.88,0.91,0.09,10:1,358.55,219.08016,569.0,349.91984,444.876478,148.429104,1,105
CMA-ES,20260607,49,cma_r49_003_tl86_dt154_ge5_qr45_tau75,86,154,5,0.45,0.75,452.92,430.66,0.91,0.09,10:1,450.90,219.08016,672.0,452.91984,430.658609,162.506645,1,101
CMA-ES,20260607,49,cma_r49_004_tl86_dt124_ge1_qr17_tau77,86,124,1,0.17,0.77,332.92,447.00,0.91,0.09,10:1,343.29,219.08016,552.0,332.91984,446.996637,154.059813,1,106
CMA-ES,20260607,49,cma_r49_005_tl91_dt138_ge1_qr28_tau80,91,138,1,0.28,0.8,349.92,444.88,0.91,0.09,10:1,358.55,219.08016,569.0,349.91984,444.876478,148.429104,1,105
CMA-ES,20260607,49,cma_r49_006_tl77_dt136_ge4_qr44_tau79,77,136,4,0.44,0.79,441.92,321.27,0.91,0.09,10:1,430.95,219.08016,661.0,441.91984,321.266549,171.12963,1,107
CMA-ES,20260607,50,cma_r50_001_tl81_dt150_ge5_qr49_tau79,81,150,5,0.49,0.79,452.92,430.66,0.91,0.09,10:1,450.90,219.08016,672.0,452.91984,430.658609,162.506645,1,101
CMA-ES,20260607,50,cma_r50_002_tl67_dt164_ge1_qr62_tau76,67,164,1,0.62,0.76,309.92,445.69,0.91,0.09,10:1,322.26,219.08016,529.0,309.91984,445.690185,152.136194,1,95
CMA-ES,20260607,50,cma_r50_003_tl69_dt115_ge1_qr63_tau74,69,115,1,0.63,0.74,447.92,431.23,0.91,0.09,10:1,446.40,219.08016,667.0,447.91984,431.230974,162.388333,1,128
CMA-ES,20260607,50,cma_r50_004_tl82_dt146_ge0_qr43_tau77,82,146,0,0.43,0.77,301.92,454.43,0.91,0.09,10:1,315.78,219.08016,521.0,301.91984,454.427632,156.420744,1,102
CMA-ES,20260607,50,cma_r50_005_tl89_dt170_ge5_qr66_tau76,89,170,5,0.66,0.76,452.92,430.66,0.91,0.09,10:1,450.90,219.08016,672.0,452.91984,430.658609,162.506645,1,101
CMA-ES,20260607,50,cma_r50_006_tl90_dt163_ge1_qr51_tau79,90,163,1,0.51,0.79,308.92,453.31,0.91,0.09,10:1,322.05,219.08016,528.0,308.91984,453.306115,154.643969,1,102
BO,20260607,1,bo_r01_001_tl50_dt212_ge40_qr62_tau90,50,212,40,0.62,0.9,475.92,424.50,0.91,0.09,10:1,471.25,219.08016,695.0,475.91984,424.498193,160.452188,1,42
BO,20260607,1,bo_r01_002_tl80_dt143_ge18_qr17_tau79,80,143,18,0.17,0.79,443.92,431.35,0.91,0.09,10:1,442.78,219.08016,663.0,443.91984,431.352653,161.505843,1,64
BO,20260607,1,bo_r01_003_tl56_dt74_ge28_qr32_tau74,56,74,28,0.32,0.74,500.92,309.91,0.91,0.09,10:1,483.56,219.08016,720.0,500.91984,309.914441,180.605212,1,55
BO,20260607,1,bo_r01_004_tl78_dt142_ge10_qr0_tau80,78,142,10,0.0,0.8,328.92,446.38,0.91,0.09,10:1,339.60,219.08016,548.0,328.91984,446.37844,164.261905,1,67
BO,20260607,1,bo_r01_005_tl105_dt126_ge33_qr23_tau89,105,126,33,0.23,0.89,486.92,428.06,0.91,0.09,10:1,481.57,219.08016,706.0,486.91984,428.058505,172.940514,1,46
BO,20260607,1,bo_r01_006_tl105_dt71_ge21_qr60_tau80,105,71,21,0.6,0.8,0.00,481.19,0.91,0.09,10:1,43.74,219.08016,,,481.189711,143.024331,1,39
BO,20260607,2,bo_r02_001_tl29_dt79_ge10_qr71_tau82,29,79,10,0.71,0.82,439.92,428.65,0.91,0.09,10:1,438.90,219.08016,659.0,439.91984,428.647333,161.761513,1,82
BO,20260607,2,bo_r02_002_tl61_dt51_ge26_qr29_tau78,61,51,26,0.29,0.78,0.00,498.60,0.91,0.09,10:1,45.33,219.08016,,,498.600406,131.205882,1,28
BO,20260607,2,bo_r02_003_tl7_dt0_ge15_qr73_tau70,7,0,15,0.73,0.7,456.92,434.63,0.91,0.09,10:1,454.89,219.08016,676.0,456.91984,434.634951,166.971572,1,73
BO,20260607,2,bo_r02_004_tl45_dt222_ge5_qr68_tau73,45,222,5,0.68,0.73,350.92,437.38,0.91,0.09,10:1,358.78,219.08016,570.0,350.91984,437.376017,165.089005,1,87
BO,20260607,2,bo_r02_005_tl75_dt123_ge26_qr40_tau78,75,123,26,0.4,0.78,504.92,315.16,0.91,0.09,10:1,487.67,219.08016,724.0,504.91984,315.161462,177.318627,1,57
BO,20260607,2,bo_r02_006_tl108_dt47_ge23_qr15_tau70,108,47,23,0.15,0.7,0.00,496.77,0.91,0.09,10:1,45.16,219.08016,,,496.769445,132.505747,1,28
BO,20260607,3,bo_r03_001_tl22_dt31_ge1_qr54_tau72,22,31,1,0.54,0.72,0.00,504.37,0.91,0.09,10:1,45.85,219.08016,,,504.365159,125.906832,1,47
BO,20260607,3,bo_r03_002_tl55_dt52_ge38_qr75_tau71,55,52,38,0.75,0.71,0.00,497.40,0.91,0.09,10:1,45.22,219.08016,,,497.403182,130.798834,1,23
BO,20260607,3,bo_r03_003_tl1_dt76_ge49_qr33_tau80,1,76,49,0.33,0.8,0.00,504.14,0.91,0.09,10:1,45.83,219.08016,,,504.13723,121.905956,1,19
BO,20260607,3,bo_r03_004_tl27_dt38_ge13_qr63_tau70,27,38,13,0.63,0.7,0.00,502.05,0.91,0.09,10:1,45.64,219.08016,,,502.046622,122.245399,1,31
BO,20260607,3,bo_r03_005_tl65_dt18_ge27_qr88_tau89,65,18,27,0.88,0.89,0.00,497.26,0.91,0.09,10:1,45.21,219.08016,,,497.260956,134.47851,1,19
BO,20260607,3,bo_r03_006_tl40_dt213_ge31_qr40_tau70,40,213,31,0.4,0.7,650.92,295.86,0.91,0.09,10:1,618.64,219.08016,870.0,650.91984,295.862872,183.234062,1,59
BO,20260607,4,bo_r04_001_tl3_dt71_ge44_qr30_tau88,3,71,44,0.3,0.88,0.00,498.85,0.91,0.09,10:1,45.35,219.08016,,,498.848616,119.705706,1,20
BO,20260607,4,bo_r04_002_tl31_dt28_ge30_qr19_tau81,31,28,30,0.19,0.81,0.00,499.75,0.91,0.09,10:1,45.43,219.08016,,,499.753065,134.734513,1,20
BO,20260607,4,bo_r04_003_tl68_dt207_ge1_qr84_tau82,68,207,1,0.84,0.82,309.92,445.69,0.91,0.09,10:1,322.26,219.08016,529.0,309.91984,445.690185,152.136194,1,95
BO,20260607,4,bo_r04_004_tl67_dt190_ge15_qr77_tau75,67,190,15,0.77,0.75,283.92,455.78,0.91,0.09,10:1,299.54,219.08016,503.0,283.91984,455.780726,145.880081,1,52
BO,20260607,4,bo_r04_005_tl11_dt176_ge20_qr90_tau78,11,176,20,0.9,0.78,440.92,428.86,0.91,0.09,10:1,439.82,219.08016,660.0,440.91984,428.863561,160.67053,1,59
BO,20260607,4,bo_r04_006_tl56_dt15_ge36_qr99_tau75,56,15,36,0.99,0.75,223.92,470.90,0.91,0.09,10:1,246.37,219.08016,443.0,223.91984,470.903995,140.331808,0,17
BO,20260607,5,bo_r05_001_tl50_dt39_ge28_qr38_tau70,50,39,28,0.38,0.7,0.00,495.92,0.91,0.09,10:1,45.08,219.08016,,,495.923211,133.33711,1,25
BO,20260607,5,bo_r05_002_tl59_dt170_ge9_qr25_tau77,59,170,9,0.25,0.77,336.92,440.72,0.91,0.09,10:1,346.36,219.08016,556.0,336.91984,440.718394,157.309481,1,75
BO,20260607,5,bo_r05_003_tl86_dt37_ge15_qr94_tau90,86,37,15,0.94,0.9,0.00,494.84,0.91,0.09,10:1,44.99,219.08016,,,494.84256,126.59366,0,30
BO,20260607,5,bo_r05_004_tl67_dt40_ge43_qr75_tau74,67,40,43,0.75,0.74,0.00,498.11,0.91,0.09,10:1,45.28,219.08016,,,498.113907,133.848397,1,17
BO,20260607,5,bo_r05_005_tl20_dt219_ge38_qr92_tau78,20,219,38,0.92,0.78,437.92,316.65,0.91,0.09,10:1,426.90,219.08016,657.0,437.91984,316.650962,163.460825,0,44
BO,20260607,5,bo_r05_006_tl98_dt149_ge21_qr12_tau76,98,149,21,0.12,0.76,672.92,286.11,0.91,0.09,10:1,637.76,219.08016,892.0,672.91984,286.113358,185.643617,1,76
BO,20260607,6,bo_r06_001_tl37_dt28_ge3_qr1_tau72,37,28,3,0.01,0.72,0.00,500.32,0.91,0.09,10:1,45.48,219.08016,,,500.317303,133.620178,1,40
BO,20260607,6,bo_r06_002_tl102_dt145_ge40_qr25_tau77,102,145,40,0.25,0.77,475.92,424.50,0.91,0.09,10:1,471.25,219.08016,695.0,475.91984,424.498193,160.452188,1,42
BO,20260607,6,bo_r06_003_tl11_dt134_ge17_qr24_tau80,11,134,17,0.24,0.8,0.00,496.74,0.91,0.09,10:1,45.16,219.08016,,,496.743242,135.207386,1,42
BO,20260607,6,bo_r06_004_tl22_dt213_ge0_qr82_tau77,22,213,0,0.82,0.77,313.92,437.10,0.91,0.09,10:1,325.12,219.08016,533.0,313.91984,437.095707,165.156794,1,105
BO,20260607,6,bo_r06_005_tl67_dt81_ge39_qr81_tau85,67,81,39,0.81,0.85,337.92,440.29,0.91,0.09,10:1,347.23,219.08016,557.0,337.91984,440.289788,145.612022,1,37
BO,20260607,6,bo_r06_006_tl17_dt9_ge0_qr89_tau86,17,9,0,0.89,0.86,327.92,444.20,0.91,0.09,10:1,338.49,219.08016,547.0,327.91984,444.19748,156.689338,1,33
BO,20260607,7,bo_r07_001_tl58_dt81_ge42_qr4_tau82,58,81,42,0.04,0.82,679.92,295.37,0.91,0.09,10:1,644.96,219.08016,899.0,679.91984,295.371788,189.155296,1,49
BO,20260607,7,bo_r07_002_tl12_dt115_ge48_qr61_tau70,12,115,48,0.61,0.7,710.92,299.31,0.91,0.09,10:1,673.50,219.08016,930.0,710.91984,299.311833,193.073807,1,49
BO,20260607,7,bo_r07_003_tl73_dt176_ge11_qr55_tau84,73,176,11,0.55,0.84,458.92,430.72,0.91,0.09,10:1,456.36,219.08016,678.0,458.91984,430.723891,167.092105,1,80
BO,20260607,7,bo_r07_004_tl26_dt15_ge37_qr40_tau84,26,15,37,0.4,0.84,0.00,498.65,0.91,0.09,10:1,45.33,219.08016,,,498.647922,134.681287,1,13
BO,20260607,7,bo_r07_005_tl106_dt115_ge29_qr23_tau87,106,115,29,0.23,0.87,660.92,293.70,0.91,0.09,10:1,627.54,219.08016,880.0,660.91984,293.702061,184.146606,1,64
BO,20260607,7,bo_r07_006_tl34_dt110_ge15_qr88_tau86,34,110,15,0.88,0.86,444.92,430.53,0.91,0.09,10:1,443.61,219.08016,664.0,444.91984,430.528613,162.019934,1,70
BO,20260607,8,bo_r08_001_tl103_dt74_ge32_qr38_tau71,103,74,32,0.38,0.71,0.00,481.99,0.91,0.09,10:1,43.82,219.08016,,,481.991861,145.708029,1,32
BO,20260607,8,bo_r08_002_tl12_dt66_ge2_qr31_tau79,12,66,2,0.31,0.79,301.92,455.01,0.91,0.09,10:1,315.84,219.08016,521.0,301.91984,455.014088,150.849206,1,82
BO,20260607,8,bo_r08_003_tl52_dt209_ge43_qr9_tau88,52,209,43,0.09,0.88,0.00,458.95,0.91,0.09,10:1,41.72,219.08016,,,458.94986,142.421268,1,32
BO,20260607,8,bo_r08_004_tl53_dt156_ge33_qr38_tau86,53,156,33,0.38,0.86,399.92,429.99,0.91,0.09,10:1,402.65,219.08016,619.0,399.91984,429.99472,159.26412,1,42
BO,20260607,8,bo_r08_005_tl23_dt153_ge44_qr17_tau73,23,153,44,0.17,0.73,0.00,470.64,0.91,0.09,10:1,42.79,219.08016,,,470.637309,141.80543,1,29
BO,20260607,8,bo_r08_006_tl17_dt76_ge27_qr36_tau87,17,76,27,0.36,0.87,0.00,470.32,0.91,0.09,10:1,42.76,219.08016,,,470.317079,149.201754,1,41
BO,20260607,9,bo_r09_001_tl106_dt21_ge32_qr45_tau74,106,21,32,0.45,0.74,0.00,496.87,0.91,0.09,10:1,45.17,219.08016,,,496.86829,134.395415,1,16
BO,20260607,9,bo_r09_002_tl105_dt75_ge12_qr84_tau87,105,75,12,0.84,0.87,513.92,303.99,0.91,0.09,10:1,494.83,219.08016,733.0,513.91984,303.985084,178.329535,1,84
BO,20260607,9,bo_r09_003_tl42_dt159_ge27_qr57_tau83,42,159,27,0.57,0.83,484.92,317.29,0.91,0.09,10:1,469.68,219.08016,704.0,484.91984,317.289219,177.582341,1,54
BO,20260607,9,bo_r09_004_tl102_dt211_ge3_qr0_tau84,102,211,3,0.0,0.84,322.92,433.20,0.91,0.09,10:1,332.95,219.08016,542.0,322.91984,433.204133,162.56229,1,98
BO,20260607,9,bo_r09_005_tl34_dt45_ge45_qr95_tau90,34,45,45,0.95,0.9,0.00,495.52,0.91,0.09,10:1,45.05,219.08016,,,495.517498,124.401163,0,19
BO,20260607,9,bo_r09_006_tl32_dt111_ge6_qr52_tau83,32,111,6,0.52,0.83,291.92,445.97,0.91,0.09,10:1,305.92,219.08016,511.0,291.91984,445.968692,156.696858,1,76
BO,20260607,10,bo_r10_001_tl78_dt33_ge41_qr96_tau79,78,33,41,0.96,0.79,0.00,495.45,0.91,0.09,10:1,45.04,219.08016,,,495.446232,129.946023,0,18
BO,20260607,10,bo_r10_002_tl33_dt142_ge15_qr0_tau74,33,142,15,0.0,0.74,459.92,429.21,0.91,0.09,10:1,457.13,219.08016,679.0,459.91984,429.20769,163.782895,1,70
BO,20260607,10,bo_r10_003_tl111_dt95_ge35_qr42_tau87,111,95,35,0.42,0.87,352.92,446.38,0.91,0.09,10:1,361.42,219.08016,572.0,352.91984,446.378356,152.119403,1,38
BO,20260607,10,bo_r10_004_tl66_dt53_ge41_qr27_tau85,66,53,41,0.27,0.85,0.00,498.33,0.91,0.09,10:1,45.30,219.08016,,,498.325053,131.706745,1,21
BO,20260607,10,bo_r10_005_tl85_dt211_ge25_qr2_tau81,85,211,25,0.02,0.81,406.92,435.74,0.91,0.09,10:1,409.54,219.08016,626.0,406.91984,435.73619,157.944637,1,49
BO,20260607,10,bo_r10_006_tl92_dt188_ge2_qr19_tau88,92,188,2,0.19,0.88,405.92,431.52,0.91,0.09,10:1,408.25,219.08016,625.0,405.91984,431.52156,156.573109,1,113
BO,20260607,11,bo_r11_001_tl40_dt0_ge36_qr100_tau79,40,0,36,1.0,0.79,459.92,427.07,0.91,0.09,10:1,456.93,219.08016,679.0,459.91984,427.073733,148.974916,0,44
BO,20260607,11,bo_r11_002_tl36_dt6_ge36_qr89_tau81,36,6,36,0.89,0.81,313.92,445.64,0.91,0.09,10:1,325.89,219.08016,533.0,313.91984,445.637099,150.566604,1,14
BO,20260607,11,bo_r11_003_tl61_dt6_ge35_qr100_tau77,61,6,35,1.0,0.77,315.92,443.96,0.91,0.09,10:1,327.56,219.08016,535.0,315.91984,443.962878,148.44052,0,15
BO,20260607,11,bo_r11_004_tl50_dt15_ge37_qr97_tau77,50,15,37,0.97,0.77,223.92,470.90,0.91,0.09,10:1,246.37,219.08016,443.0,223.91984,470.903995,140.331808,0,17
BO,20260607,11,bo_r11_005_tl49_dt6_ge34_qr95_tau80,49,6,34,0.95,0.8,315.92,443.96,0.91,0.09,10:1,327.56,219.08016,535.0,315.91984,443.962878,148.44052,0,15
BO,20260607,11,bo_r11_006_tl48_dt32_ge38_qr100_tau79,48,32,38,1.0,0.79,0.00,500.29,0.91,0.09,10:1,45.48,219.08016,,,500.291558,117.984756,0,18
BO,20260607,12,bo_r12_001_tl51_dt22_ge37_qr88_tau75,51,22,37,0.88,0.75,0.00,496.85,0.91,0.09,10:1,45.17,219.08016,,,496.845218,134.2,1,16
BO,20260607,12,bo_r12_002_tl56_dt26_ge36_qr85_tau78,56,26,36,0.85,0.78,0.00,498.94,0.91,0.09,10:1,45.36,219.08016,,,498.937877,134.249267,1,16
BO,20260607,12,bo_r12_003_tl47_dt21_ge37_qr95_tau76,47,21,37,0.95,0.76,270.92,457.66,0.91,0.09,10:1,287.90,219.08016,490.0,270.91984,457.657106,150.220859,0,21
BO,20260607,12,bo_r12_004_tl37_dt28_ge37_qr91_tau76,37,28,37,0.91,0.76,0.00,499.79,0.91,0.09,10:1,45.44,219.08016,,,499.789948,119.90303,0,17
BO,20260607,12,bo_r12_005_tl65_dt23_ge37_qr99_tau77,65,23,37,0.99,0.77,0.00,495.01,0.91,0.09,10:1,45.00,219.08016,,,495.009786,128.131054,0,17
BO,20260607,12,bo_r12_006_tl36_dt26_ge35_qr87_tau74,36,26,35,0.87,0.74,0.00,500.24,0.91,0.09,10:1,45.48,219.08016,,,500.235606,135.254438,1,17
BO,20260607,13,bo_r13_001_tl106_dt15_ge36_qr97_tau80,106,15,36,0.97,0.8,223.92,470.90,0.91,0.09,10:1,246.37,219.08016,443.0,223.91984,470.903995,140.331808,0,17
BO,20260607,13,bo_r13_002_tl37_dt133_ge6_qr44_tau79,37,133,6,0.44,0.79,418.92,336.08,0.91,0.09,10:1,411.39,219.08016,638.0,418.91984,336.079692,172.451128,1,95
BO,20260607,13,bo_r13_003_tl35_dt93_ge3_qr53_tau81,35,93,3,0.53,0.81,294.92,454.76,0.91,0.09,10:1,309.45,219.08016,514.0,294.91984,454.762053,154.664032,1,83
BO,20260607,13,bo_r13_004_tl29_dt89_ge4_qr48_tau82,29,89,4,0.48,0.82,309.92,454.42,0.91,0.09,10:1,323.06,219.08016,529.0,309.91984,454.420632,155.189453,1,86
BO,20260607,13,bo_r13_005_tl4_dt93_ge2_qr48_tau84,4,93,2,0.48,0.84,0.00,498.67,0.91,0.09,10:1,45.33,219.08016,,,498.669579,131.441176,1,64
BO,20260607,13,bo_r13_006_tl35_dt130_ge7_qr56_tau81,35,130,7,0.56,0.81,392.92,429.76,0.91,0.09,10:1,396.27,219.08016,612.0,392.91984,429.760741,164.253707,1,87
BO,20260607,14,bo_r14_001_tl55_dt7_ge37_qr94_tau77,55,7,37,0.94,0.77,317.92,444.77,0.91,0.09,10:1,329.45,219.08016,537.0,317.91984,444.772712,149.588454,0,15
BO,20260607,14,bo_r14_002_tl55_dt26_ge40_qr93_tau77,55,26,40,0.93,0.77,223.92,461.52,0.91,0.09,10:1,245.52,219.08016,443.0,223.91984,461.523848,148.703158,0,22
BO,20260607,14,bo_r14_003_tl54_dt30_ge38_qr99_tau78,54,30,38,0.99,0.78,0.00,500.92,0.91,0.09,10:1,45.54,219.08016,,,500.922274,121.698171,0,18
BO,20260607,14,bo_r14_004_tl52_dt13_ge39_qr99_tau75,52,13,39,0.99,0.75,0.00,489.29,0.91,0.09,10:1,44.48,219.08016,,,489.293486,134.072386,0,10
BO,20260607,14,bo_r14_005_tl54_dt5_ge40_qr100_tau70,54,5,40,1.0,0.7,377.92,440.89,0.91,0.09,10:1,383.64,219.08016,597.0,377.91984,440.888189,155.056058,0,15
BO,20260607,14,bo_r14_006_tl56_dt35_ge38_qr100_tau72,56,35,38,1.0,0.72,0.00,490.26,0.91,0.09,10:1,44.57,219.08016,,,490.262279,137.652406,0,22
BO,20260607,15,bo_r15_001_tl92_dt24_ge42_qr85_tau79,92,24,42,0.85,0.79,0.00,499.75,0.91,0.09,10:1,45.43,219.08016,,,499.753065,134.734513,1,15
BO,20260607,15,bo_r15_002_tl42_dt23_ge42_qr90_tau78,42,23,42,0.9,0.78,0.00,499.75,0.91,0.09,10:1,45.43,219.08016,,,499.753065,134.734513,1,14
BO,20260607,15,bo_r15_003_tl54_dt28_ge42_qr99_tau80,54,28,42,0.99,0.8,224.92,461.38,0.91,0.09,10:1,246.42,219.08016,444.0,224.91984,461.379393,146.578059,0,22
BO,20260607,15,bo_r15_004_tl46_dt28_ge42_qr93_tau73,46,28,42,0.93,0.73,224.92,461.38,0.91,0.09,10:1,246.42,219.08016,444.0,224.91984,461.379393,146.578059,0,22
BO,20260607,15,bo_r15_005_tl60_dt23_ge41_qr97_tau79,60,23,41,0.97,0.79,268.92,456.40,0.91,0.09,10:1,285.96,219.08016,488.0,268.91984,456.403109,150.434343,0,21
BO,20260607,15,bo_r15_006_tl52_dt21_ge42_qr100_tau71,52,21,42,1.0,0.71,263.92,458.12,0.91,0.09,10:1,281.57,219.08016,483.0,263.91984,458.124194,151.522449,0,22
BO,20260607,16,bo_r16_001_tl42_dt34_ge40_qr94_tau77,42,34,40,0.94,0.77,0.00,490.64,0.91,0.09,10:1,44.60,219.08016,,,490.639561,135.22973,0,20
BO,20260607,16,bo_r16_002_tl44_dt35_ge40_qr83_tau71,44,35,40,0.83,0.71,0.00,502.44,0.91,0.09,10:1,45.68,219.08016,,,502.435505,125.981651,1,17
BO,20260607,16,bo_r16_003_tl65_dt40_ge40_qr100_tau78,65,40,40,1.0,0.78,0.00,489.35,0.91,0.09,10:1,44.49,219.08016,,,489.345857,133.069892,0,24
BO,20260607,16,bo_r16_004_tl55_dt36_ge41_qr80_tau73,55,36,41,0.8,0.73,0.00,496.63,0.91,0.09,10:1,45.15,219.08016,,,496.629209,131.884726,1,17
BO,20260607,16,bo_r16_005_tl38_dt30_ge40_qr100_tau74,38,30,40,1.0,0.74,0.00,499.73,0.91,0.09,10:1,45.43,219.08016,,,499.731075,133.035503,0,17
BO,20260607,16,bo_r16_006_tl62_dt32_ge41_qr85_tau76,62,32,41,0.85,0.76,0.00,502.81,0.91,0.09,10:1,45.71,219.08016,,,502.814089,124.329231,1,16
BO,20260607,17,bo_r17_001_tl41_dt33_ge40_qr92_tau71,41,33,40,0.92,0.71,0.00,490.34,0.91,0.09,10:1,44.58,219.08016,,,490.338881,135.344086,0,19
BO,20260607,17,bo_r17_002_tl48_dt36_ge40_qr81_tau77,48,36,40,0.81,0.77,0.00,502.50,0.91,0.09,10:1,45.68,219.08016,,,502.499767,127.11315,1,19
BO,20260607,17,bo_r17_003_tl55_dt37_ge41_qr100_tau79,55,37,41,1.0,0.79,0.00,499.89,0.91,0.09,10:1,45.44,219.08016,,,499.892378,126.198198,0,19
BO,20260607,17,bo_r17_004_tl47_dt32_ge40_qr87_tau76,47,32,40,0.87,0.76,0.00,500.24,0.91,0.09,10:1,45.48,219.08016,,,500.235466,135.008876,1,16
BO,20260607,17,bo_r17_005_tl32_dt39_ge40_qr88_tau73,32,39,40,0.88,0.73,0.00,502.50,0.91,0.09,10:1,45.68,219.08016,,,502.499767,127.11315,1,19
BO,20260607,17,bo_r17_006_tl56_dt39_ge41_qr95_tau75,56,39,41,0.95,0.75,0.00,493.72,0.91,0.09,10:1,44.88,219.08016,,,493.719793,126.525714,0,19
BO,20260607,18,bo_r18_001_tl48_dt36_ge40_qr100_tau72,48,36,40,1.0,0.72,0.00,491.08,0.91,0.09,10:1,44.64,219.08016,,,491.076208,135.571816,0,20
BO,20260607,18,bo_r18_002_tl29_dt38_ge40_qr89_tau78,29,38,40,0.89,0.78,0.00,502.50,0.91,0.09,10:1,45.68,219.08016,,,502.499767,127.11315,1,19
BO,20260607,18,bo_r18_003_tl51_dt38_ge41_qr96_tau76,51,38,41,0.96,0.76,0.00,493.72,0.91,0.09,10:1,44.88,219.08016,,,493.719793,126.525714,0,19
BO,20260607,18,bo_r18_004_tl55_dt33_ge40_qr79_tau77,55,33,40,0.79,0.77,0.00,498.54,0.91,0.09,10:1,45.32,219.08016,,,498.53965,134.035088,1,16
BO,20260607,18,bo_r18_005_tl38_dt32_ge41_qr99_tau74,38,32,41,0.99,0.74,0.00,495.78,0.91,0.09,10:1,45.07,219.08016,,,495.777318,129.814815,0,18
BO,20260607,18,bo_r18_006_tl61_dt41_ge40_qr88_tau78,61,41,40,0.88,0.78,0.00,496.97,0.91,0.09,10:1,45.18,219.08016,,,496.974629,132.014493,1,21
BO,20260607,19,bo_r19_001_tl38_dt35_ge40_qr95_tau79,38,35,40,0.95,0.79,0.00,490.65,0.91,0.09,10:1,44.60,219.08016,,,490.65326,135.318919,0,20
BO,20260607,19,bo_r19_002_tl49_dt35_ge40_qr96_tau78,49,35,40,0.96,0.78,0.00,490.65,0.91,0.09,10:1,44.60,219.08016,,,490.65326,135.318919,0,20
BO,20260607,19,bo_r19_003_tl55_dt36_ge40_qr86_tau70,55,36,40,0.86,0.7,0.00,502.50,0.91,0.09,10:1,45.68,219.08016,,,502.499767,127.11315,1,19
BO,20260607,19,bo_r19_004_tl96_dt36_ge40_qr100_tau80,96,36,40,1.0,0.8,0.00,491.08,0.91,0.09,10:1,44.64,219.08016,,,491.076208,135.571816,0,20
BO,20260607,19,bo_r19_005_tl100_dt34_ge40_qr88_tau80,100,34,40,0.88,0.8,0.00,502.44,0.91,0.09,10:1,45.68,219.08016,,,502.435505,125.981651,1,17
BO,20260607,19,bo_r19_006_tl45_dt43_ge41_qr92_tau74,45,43,41,0.92,0.74,0.00,494.01,0.91,0.09,10:1,44.91,219.08016,,,494.013053,127.688571,0,22
BO,20260607,20,bo_r20_001_tl50_dt37_ge40_qr83_tau79,50,37,40,0.83,0.79,0.00,502.50,0.91,0.09,10:1,45.68,219.08016,,,502.499767,127.11315,1,19
BO,20260607,20,bo_r20_002_tl63_dt38_ge40_qr91_tau74,63,38,40,0.91,0.74,0.00,490.49,0.91,0.09,10:1,44.59,219.08016,,,490.490746,134.564865,0,21
BO,20260607,20,bo_r20_003_tl54_dt34_ge40_qr79_tau72,54,34,40,0.79,0.72,0.00,502.44,0.91,0.09,10:1,45.68,219.08016,,,502.435505,125.981651,1,17
BO,20260607,20,bo_r20_004_tl56_dt32_ge40_qr89_tau77,56,32,40,0.89,0.77,0.00,500.24,0.91,0.09,10:1,45.48,219.08016,,,500.235466,135.008876,1,16
BO,20260607,20,bo_r20_005_tl52_dt32_ge40_qr100_tau72,52,32,40,1.0,0.72,0.00,490.82,0.91,0.09,10:1,44.62,219.08016,,,490.818786,135.803235,0,19
BO,20260607,20,bo_r20_006_tl32_dt33_ge40_qr76_tau72,32,33,40,0.76,0.72,0.00,498.54,0.91,0.09,10:1,45.32,219.08016,,,498.53965,134.035088,1,16
BO,20260607,21,bo_r21_001_tl51_dt34_ge40_qr97_tau73,51,34,40,0.97,0.73,0.00,490.64,0.91,0.09,10:1,44.60,219.08016,,,490.639561,135.22973,0,20
BO,20260607,21,bo_r21_002_tl23_dt33_ge40_qr92_tau76,23,33,40,0.92,0.76,0.00,490.34,0.91,0.09,10:1,44.58,219.08016,,,490.338881,135.344086,0,19
BO,20260607,21,bo_r21_003_tl62_dt34_ge40_qr98_tau81,62,34,40,0.98,0.81,0.00,490.64,0.91,0.09,10:1,44.60,219.08016,,,490.639561,135.22973,0,20
BO,20260607,21,bo_r21_004_tl55_dt37_ge39_qr93_tau73,55,37,39,0.93,0.73,0.00,491.20,0.91,0.09,10:1,44.65,219.08016,,,491.195004,137.104839,0,23
BO,20260607,21,bo_r21_005_tl55_dt39_ge39_qr100_tau74,55,39,39,1.0,0.74,0.00,491.12,0.91,0.09,10:1,44.65,219.08016,,,491.1189,136.800539,0,22
BO,20260607,21,bo_r21_006_tl31_dt35_ge39_qr86_tau73,31,35,39,0.86,0.73,0.00,501.53,0.91,0.09,10:1,45.59,219.08016,,,501.534199,135.850746,1,17
BO,20260607,22,bo_r22_001_tl48_dt35_ge40_qr98_tau81,48,35,40,0.98,0.81,0.00,490.65,0.91,0.09,10:1,44.60,219.08016,,,490.65326,135.318919,0,20
BO,20260607,22,bo_r22_002_tl59_dt39_ge40_qr93_tau73,59,39,40,0.93,0.73,0.00,489.63,0.91,0.09,10:1,44.51,219.08016,,,489.627335,133.983871,0,21
BO,20260607,22,bo_r22_003_tl48_dt41_ge41_qr90_tau77,48,41,41,0.9,0.77,0.00,501.54,0.91,0.09,10:1,45.59,219.08016,,,501.535115,123.234756,1,19
BO,20260607,22,bo_r22_004_tl59_dt32_ge41_qr100_tau79,59,32,41,1.0,0.79,0.00,495.78,0.91,0.09,10:1,45.07,219.08016,,,495.777318,129.814815,0,18
BO,20260607,22,bo_r22_005_tl43_dt36_ge42_qr92_tau72,43,36,42,0.92,0.72,0.00,499.77,0.91,0.09,10:1,45.43,219.08016,,,499.768193,126.36036,0,18
BO,20260607,22,bo_r22_006_tl55_dt37_ge39_qr84_tau72,55,37,39,0.84,0.72,0.00,502.80,0.91,0.09,10:1,45.71,219.08016,,,502.80293,124.009231,1,17
BO,20260607,23,bo_r23_001_tl34_dt34_ge41_qr89_tau80,34,34,41,0.89,0.8,0.00,500.36,0.91,0.09,10:1,45.49,219.08016,,,500.355306,135.529586,1,16
BO,20260607,23,bo_r23_002_tl50_dt40_ge40_qr96_tau73,50,40,40,0.96,0.73,0.00,489.35,0.91,0.09,10:1,44.49,219.08016,,,489.345857,133.069892,0,24
BO,20260607,23,bo_r23_003_tl37_dt41_ge41_qr99_tau73,37,41,41,0.99,0.73,0.00,494.01,0.91,0.09,10:1,44.91,219.08016,,,494.013053,127.688571,0,22
BO,20260607,23,bo_r23_004_tl44_dt39_ge41_qr81_tau75,44,39,41,0.81,0.75,0.00,496.63,0.91,0.09,10:1,45.15,219.08016,,,496.629209,131.884726,1,17
BO,20260607,23,bo_r23_005_tl66_dt42_ge40_qr87_tau74,66,42,40,0.87,0.74,0.00,498.04,0.91,0.09,10:1,45.28,219.08016,,,498.036841,131.836257,1,21
BO,20260607,23,bo_r23_006_tl51_dt30_ge40_qr88_tau73,51,30,40,0.88,0.73,0.00,503.69,0.91,0.09,10:1,45.79,219.08016,,,503.686991,124.662539,1,16
BO,20260607,24,bo_r24_001_tl40_dt37_ge41_qr96_tau79,40,37,41,0.96,0.79,0.00,499.89,0.91,0.09,10:1,45.44,219.08016,,,499.892378,126.198198,0,19
BO,20260607,24,bo_r24_002_tl58_dt34_ge41_qr93_tau80,58,34,41,0.93,0.8,0.00,499.89,0.91,0.09,10:1,45.44,219.08016,,,499.892378,126.198198,0,17
BO,20260607,24,bo_r24_003_tl112_dt35_ge40_qr80_tau81,112,35,40,0.8,0.81,0.00,502.44,0.91,0.09,10:1,45.68,219.08016,,,502.435505,125.981651,1,17
BO,20260607,24,bo_r24_004_tl66_dt39_ge41_qr87_tau77,66,39,41,0.87,0.77,0.00,496.63,0.91,0.09,10:1,45.15,219.08016,,,496.629209,131.884726,1,17
BO,20260607,24,bo_r24_005_tl56_dt42_ge41_qr100_tau76,56,42,41,1.0,0.76,0.00,494.01,0.91,0.09,10:1,44.91,219.08016,,,494.013053,127.688571,0,22
BO,20260607,24,bo_r24_006_tl39_dt30_ge40_qr97_tau75,39,30,40,0.97,0.75,0.00,499.73,0.91,0.09,10:1,45.43,219.08016,,,499.731075,133.035503,0,17
BO,20260607,25,bo_r25_001_tl40_dt34_ge40_qr85_tau73,40,34,40,0.85,0.73,0.00,502.44,0.91,0.09,10:1,45.68,219.08016,,,502.435505,125.981651,1,17
BO,20260607,25,bo_r25_002_tl33_dt34_ge41_qr95_tau72,33,34,41,0.95,0.72,0.00,499.89,0.91,0.09,10:1,45.44,219.08016,,,499.892378,126.198198,0,17
BO,20260607,25,bo_r25_003_tl101_dt36_ge41_qr94_tau86,101,36,41,0.94,0.86,0.00,499.89,0.91,0.09,10:1,45.44,219.08016,,,499.892378,126.198198,0,19
BO,20260607,25,bo_r25_004_tl57_dt40_ge41_qr95_tau78,57,40,41,0.95,0.78,0.00,493.86,0.91,0.09,10:1,44.90,219.08016,,,493.862869,126.937322,0,19
BO,20260607,25,bo_r25_005_tl47_dt31_ge40_qr100_tau77,47,31,40,1.0,0.77,0.00,491.89,0.91,0.09,10:1,44.72,219.08016,,,491.894209,135.627717,0,19
BO,20260607,25,bo_r25_006_tl54_dt41_ge41_qr91_tau75,54,41,41,0.91,0.75,0.00,494.01,0.91,0.09,10:1,44.91,219.08016,,,494.013053,127.688571,0,22
BO,20260607,26,bo_r26_001_tl59_dt37_ge40_qr95_tau74,59,37,40,0.95,0.74,0.00,490.62,0.91,0.09,10:1,44.60,219.08016,,,490.620815,135.118598,0,21
BO,20260607,26,bo_r26_002_tl48_dt36_ge41_qr100_tau78,48,36,41,1.0,0.78,0.00,499.89,0.91,0.09,10:1,45.44,219.08016,,,499.892378,126.198198,0,19
BO,20260607,26,bo_r26_003_tl49_dt38_ge40_qr94_tau80,49,38,40,0.94,0.8,0.00,490.49,0.91,0.09,10:1,44.59,219.08016,,,490.490746,134.564865,0,21
BO,20260607,26,bo_r26_004_tl71_dt37_ge42_qr96_tau76,71,37,42,0.96,0.76,0.00,499.77,0.91,0.09,10:1,45.43,219.08016,,,499.768193,126.36036,0,18
BO,20260607,26,bo_r26_005_tl58_dt40_ge42_qr96_tau79,58,40,42,0.96,0.79,0.00,493.87,0.91,0.09,10:1,44.90,219.08016,,,493.87402,127.148571,0,21
BO,20260607,26,bo_r26_006_tl49_dt35_ge39_qr87_tau74,49,35,39,0.87,0.74,0.00,501.53,0.91,0.09,10:1,45.59,219.08016,,,501.534199,135.850746,1,17
BO,20260607,27,bo_r27_001_tl53_dt34_ge40_qr87_tau70,53,34,40,0.87,0.7,0.00,502.44,0.91,0.09,10:1,45.68,219.08016,,,502.435505,125.981651,1,17
BO,20260607,27,bo_r27_002_tl53_dt36_ge41_qr100_tau77,53,36,41,1.0,0.77,0.00,499.89,0.91,0.09,10:1,45.44,219.08016,,,499.892378,126.198198,0,19
BO,20260607,27,bo_r27_003_tl61_dt32_ge40_qr91_tau71,61,32,40,0.91,0.71,0.00,490.82,0.91,0.09,10:1,44.62,219.08016,,,490.818786,135.803235,0,19
BO,20260607,27,bo_r27_004_tl63_dt38_ge40_qr84_tau77,63,38,40,0.84,0.77,0.00,502.50,0.91,0.09,10:1,45.68,219.08016,,,502.499767,127.11315,1,19
BO,20260607,27,bo_r27_005_tl10_dt38_ge41_qr83_tau79,10,38,41,0.83,0.79,0.00,496.63,0.91,0.09,10:1,45.15,219.08016,,,496.631372,131.887608,1,17
BO,20260607,27,bo_r27_006_tl44_dt41_ge40_qr100_tau73,44,41,40,1.0,0.73,0.00,489.71,0.91,0.09,10:1,44.52,219.08016,,,489.705116,130.675676,0,24
BO,20260607,28,bo_r28_001_tl40_dt36_ge40_qr97_tau71,40,36,40,0.97,0.71,0.00,491.08,0.91,0.09,10:1,44.64,219.08016,,,491.076208,135.571816,0,20
BO,20260607,28,bo_r28_002_tl55_dt37_ge40_qr100_tau75,55,37,40,1.0,0.75,0.00,490.62,0.91,0.09,10:1,44.60,219.08016,,,490.620815,135.118598,0,21
BO,20260607,28,bo_r28_003_tl72_dt33_ge40_qr100_tau71,72,33,40,1.0,0.71,0.00,490.34,0.91,0.09,10:1,44.58,219.08016,,,490.338881,135.344086,0,19
BO,20260607,28,bo_r28_004_tl65_dt32_ge40_qr100_tau72,65,32,40,1.0,0.72,0.00,490.82,0.91,0.09,10:1,44.62,219.08016,,,490.818786,135.803235,0,19
BO,20260607,28,bo_r28_005_tl112_dt34_ge41_qr97_tau82,112,34,41,0.97,0.82,0.00,499.89,0.91,0.09,10:1,45.44,219.08016,,,499.892378,126.198198,0,17
BO,20260607,28,bo_r28_006_tl50_dt30_ge40_qr89_tau77,50,30,40,0.89,0.77,0.00,503.69,0.91,0.09,10:1,45.79,219.08016,,,503.686991,124.662539,1,16
BO,20260607,29,bo_r29_001_tl51_dt36_ge40_qr92_tau74,51,36,40,0.92,0.74,0.00,491.08,0.91,0.09,10:1,44.64,219.08016,,,491.076208,135.571816,0,20
BO,20260607,29,bo_r29_002_tl51_dt34_ge40_qr87_tau82,51,34,40,0.87,0.82,0.00,502.44,0.91,0.09,10:1,45.68,219.08016,,,502.435505,125.981651,1,17
BO,20260607,29,bo_r29_003_tl35_dt38_ge40_qr100_tau72,35,38,40,1.0,0.72,0.00,490.49,0.91,0.09,10:1,44.59,219.08016,,,490.490746,134.564865,0,21
BO,20260607,29,bo_r29_004_tl42_dt38_ge40_qr100_tau79,42,38,40,1.0,0.79,0.00,490.49,0.91,0.09,10:1,44.59,219.08016,,,490.490746,134.564865,0,21
BO,20260607,29,bo_r29_005_tl41_dt39_ge40_qr89_tau74,41,39,40,0.89,0.74,0.00,502.50,0.91,0.09,10:1,45.68,219.08016,,,502.499767,127.11315,1,19
BO,20260607,29,bo_r29_006_tl53_dt43_ge41_qr100_tau77,53,43,41,1.0,0.77,0.00,494.01,0.91,0.09,10:1,44.91,219.08016,,,494.013053,127.688571,0,22
BO,20260607,30,bo_r30_001_tl43_dt35_ge40_qr97_tau79,43,35,40,0.97,0.79,0.00,490.65,0.91,0.09,10:1,44.60,219.08016,,,490.65326,135.318919,0,20
BO,20260607,30,bo_r30_002_tl49_dt32_ge40_qr87_tau77,49,32,40,0.87,0.77,0.00,500.24,0.91,0.09,10:1,45.48,219.08016,,,500.235466,135.008876,1,16
BO,20260607,30,bo_r30_003_tl50_dt31_ge40_qr97_tau79,50,31,40,0.97,0.79,0.00,491.89,0.91,0.09,10:1,44.72,219.08016,,,491.894209,135.627717,0,19
BO,20260607,30,bo_r30_004_tl112_dt35_ge41_qr94_tau83,112,35,41,0.94,0.83,0.00,499.84,0.91,0.09,10:1,45.44,219.08016,,,499.840726,125.978979,0,17
BO,20260607,30,bo_r30_005_tl40_dt32_ge41_qr100_tau71,40,32,41,1.0,0.71,0.00,495.78,0.91,0.09,10:1,45.07,219.08016,,,495.777318,129.814815,0,18
BO,20260607,30,bo_r30_006_tl58_dt42_ge41_qr90_tau73,58,42,41,0.9,0.73,0.00,500.71,0.91,0.09,10:1,45.52,219.08016,,,500.713792,127.328313,1,19
BO,20260607,31,bo_r31_001_tl48_dt33_ge40_qr100_tau79,48,33,40,1.0,0.79,0.00,490.34,0.91,0.09,10:1,44.58,219.08016,,,490.338881,135.344086,0,19
BO,20260607,31,bo_r31_002_tl111_dt36_ge40_qr89_tau76,111,36,40,0.89,0.76,0.00,502.50,0.91,0.09,10:1,45.68,219.08016,,,502.499767,127.11315,1,19
BO,20260607,31,bo_r31_003_tl64_dt39_ge40_qr88_tau80,64,39,40,0.88,0.8,0.00,502.50,0.91,0.09,10:1,45.68,219.08016,,,502.499767,127.11315,1,19
BO,20260607,31,bo_r31_004_tl66_dt40_ge41_qr88_tau73,66,40,41,0.88,0.73,0.00,500.37,0.91,0.09,10:1,45.49,219.08016,,,500.367032,123.141994,1,19
BO,20260607,31,bo_r31_005_tl37_dt41_ge41_qr85_tau72,37,41,41,0.85,0.72,0.00,501.54,0.91,0.09,10:1,45.59,219.08016,,,501.535115,123.234756,1,19
BO,20260607,31,bo_r31_006_tl47_dt42_ge40_qr91_tau76,47,42,40,0.91,0.76,0.00,489.71,0.91,0.09,10:1,44.52,219.08016,,,489.705116,130.675676,0,24
BO,20260607,32,bo_r32_001_tl60_dt35_ge40_qr100_tau73,60,35,40,1.0,0.73,0.00,490.65,0.91,0.09,10:1,44.60,219.08016,,,490.65326,135.318919,0,20
BO,20260607,32,bo_r32_002_tl52_dt37_ge40_qr94_tau74,52,37,40,0.94,0.74,0.00,490.62,0.91,0.09,10:1,44.60,219.08016,,,490.620815,135.118598,0,21
BO,20260607,32,bo_r32_003_tl44_dt33_ge40_qr100_tau81,44,33,40,1.0,0.81,0.00,490.34,0.91,0.09,10:1,44.58,219.08016,,,490.338881,135.344086,0,19
BO,20260607,32,bo_r32_004_tl57_dt31_ge40_qr85_tau77,57,31,40,0.85,0.77,0.00,500.24,0.91,0.09,10:1,45.48,219.08016,,,500.235466,135.008876,1,16
BO,20260607,32,bo_r32_005_tl50_dt40_ge40_qr70_tau71,50,40,40,0.7,0.71,0.00,498.56,0.91,0.09,10:1,45.32,219.08016,,,498.564915,132.55132,1,19
BO,20260607,32,bo_r32_006_tl55_dt36_ge39_qr97_tau80,55,36,39,0.97,0.8,0.00,490.80,0.91,0.09,10:1,44.62,219.08016,,,490.804653,136.909091,0,23
BO,20260607,33,bo_r33_001_tl60_dt34_ge40_qr90_tau75,60,34,40,0.9,0.75,0.00,502.44,0.91,0.09,10:1,45.68,219.08016,,,502.435505,125.981651,1,17
BO,20260607,33,bo_r33_002_tl33_dt37_ge40_qr100_tau73,33,37,40,1.0,0.73,0.00,490.62,0.91,0.09,10:1,44.60,219.08016,,,490.620815,135.118598,0,21
BO,20260607,33,bo_r33_003_tl41_dt38_ge40_qr92_tau73,41,38,40,0.92,0.73,0.00,490.49,0.91,0.09,10:1,44.59,219.08016,,,490.490746,134.564865,0,21
BO,20260607,33,bo_r33_004_tl54_dt38_ge41_qr94_tau75,54,38,41,0.94,0.75,0.00,493.72,0.91,0.09,10:1,44.88,219.08016,,,493.719793,126.525714,0,19
BO,20260607,33,bo_r33_005_tl88_dt37_ge41_qr91_tau85,88,37,41,0.91,0.85,0.00,499.89,0.91,0.09,10:1,45.44,219.08016,,,499.892378,126.198198,0,19
BO,20260607,33,bo_r33_006_tl49_dt39_ge41_qr87_tau75,49,39,41,0.87,0.75,0.00,496.63,0.91,0.09,10:1,45.15,219.08016,,,496.629209,131.884726,1,17
BO,20260607,34,bo_r34_001_tl57_dt35_ge41_qr94_tau80,57,35,41,0.94,0.8,0.00,499.84,0.91,0.09,10:1,45.44,219.08016,,,499.840726,125.978979,0,17
BO,20260607,34,bo_r34_002_tl47_dt34_ge41_qr99_tau75,47,34,41,0.99,0.75,0.00,499.89,0.91,0.09,10:1,45.44,219.08016,,,499.892378,126.198198,0,17
BO,20260607,34,bo_r34_003_tl96_dt36_ge41_qr93_tau77,96,36,41,0.93,0.77,0.00,499.89,0.91,0.09,10:1,45.44,219.08016,,,499.892378,126.198198,0,19
BO,20260607,34,bo_r34_004_tl59_dt35_ge41_qr81_tau89,59,35,41,0.81,0.89,0.00,499.17,0.91,0.09,10:1,45.38,219.08016,,,499.173151,133.529412,1,16
BO,20260607,34,bo_r34_005_tl17_dt44_ge41_qr100_tau78,17,44,41,1.0,0.78,0.00,494.01,0.91,0.09,10:1,44.91,219.08016,,,494.013053,127.688571,0,22
BO,20260607,34,bo_r34_006_tl74_dt34_ge42_qr88_tau80,74,34,42,0.88,0.8,0.00,499.91,0.91,0.09,10:1,45.45,219.08016,,,499.91381,135.244838,1,16
BO,20260607,35,bo_r35_001_tl24_dt37_ge40_qr86_tau88,24,37,40,0.86,0.88,0.00,499.96,0.91,0.09,10:1,45.45,219.08016,,,499.957631,133.58284,1,16
BO,20260607,35,bo_r35_002_tl41_dt36_ge41_qr90_tau77,41,36,41,0.9,0.77,0.00,496.63,0.91,0.09,10:1,45.15,219.08016,,,496.629209,131.884726,1,17
BO,20260607,35,bo_r35_003_tl55_dt35_ge41_qr100_tau77,55,35,41,1.0,0.77,0.00,499.84,0.91,0.09,10:1,45.44,219.08016,,,499.840726,125.978979,0,17
BO,20260607,35,bo_r35_004_tl62_dt37_ge40_qr79_tau71,62,37,40,0.79,0.71,0.00,502.50,0.91,0.09,10:1,45.68,219.08016,,,502.499767,127.11315,1,19
BO,20260607,35,bo_r35_005_tl69_dt41_ge40_qr100_tau73,69,41,40,1.0,0.73,0.00,489.71,0.91,0.09,10:1,44.52,219.08016,,,489.705116,130.675676,0,24
BO,20260607,35,bo_r35_006_tl32_dt35_ge42_qr100_tau77,32,35,42,1.0,0.77,0.00,499.77,0.91,0.09,10:1,45.43,219.08016,,,499.768193,126.36036,0,17
BO,20260607,36,bo_r36_001_tl65_dt34_ge40_qr86_tau77,65,34,40,0.86,0.77,0.00,502.44,0.91,0.09,10:1,45.68,219.08016,,,502.435505,125.981651,1,17
BO,20260607,36,bo_r36_002_tl64_dt37_ge40_qr99_tau74,64,37,40,0.99,0.74,0.00,490.62,0.91,0.09,10:1,44.60,219.08016,,,490.620815,135.118598,0,21
BO,20260607,36,bo_r36_003_tl49_dt32_ge40_qr91_tau78,49,32,40,0.91,0.78,0.00,490.82,0.91,0.09,10:1,44.62,219.08016,,,490.818786,135.803235,0,19
BO,20260607,36,bo_r36_004_tl57_dt37_ge41_qr82_tau79,57,37,41,0.82,0.79,0.00,496.63,0.91,0.09,10:1,45.15,219.08016,,,496.629209,131.884726,1,17
BO,20260607,36,bo_r36_005_tl42_dt41_ge40_qr97_tau75,42,41,40,0.97,0.75,0.00,489.71,0.91,0.09,10:1,44.52,219.08016,,,489.705116,130.675676,0,24
BO,20260607,36,bo_r36_006_tl56_dt40_ge41_qr87_tau72,56,40,41,0.87,0.72,0.00,500.37,0.91,0.09,10:1,45.49,219.08016,,,500.367032,123.141994,1,19
BO,20260607,37,bo_r37_001_tl54_dt38_ge41_qr98_tau71,54,38,41,0.98,0.71,0.00,493.72,0.91,0.09,10:1,44.88,219.08016,,,493.719793,126.525714,0,19
BO,20260607,37,bo_r37_002_tl43_dt37_ge41_qr85_tau75,43,37,41,0.85,0.75,0.00,496.63,0.91,0.09,10:1,45.15,219.08016,,,496.629209,131.884726,1,17
BO,20260607,37,bo_r37_003_tl48_dt40_ge41_qr92_tau73,48,40,41,0.92,0.73,0.00,493.86,0.91,0.09,10:1,44.90,219.08016,,,493.862869,126.937322,0,19
BO,20260607,37,bo_r37_004_tl47_dt31_ge40_qr100_tau76,47,31,40,1.0,0.76,0.00,491.89,0.91,0.09,10:1,44.72,219.08016,,,491.894209,135.627717,0,19
BO,20260607,37,bo_r37_005_tl72_dt37_ge42_qr98_tau82,72,37,42,0.98,0.82,0.00,499.77,0.91,0.09,10:1,45.43,219.08016,,,499.768193,126.36036,0,18
BO,20260607,37,bo_r37_006_tl51_dt38_ge39_qr100_tau78,51,38,39,1.0,0.78,0.00,491.46,0.91,0.09,10:1,44.68,219.08016,,,491.463702,136.77027,0,22
BO,20260607,38,bo_r38_001_tl59_dt35_ge40_qr100_tau76,59,35,40,1.0,0.76,0.00,490.65,0.91,0.09,10:1,44.60,219.08016,,,490.65326,135.318919,0,20
BO,20260607,38,bo_r38_002_tl59_dt37_ge41_qr95_tau78,59,37,41,0.95,0.78,0.00,499.89,0.91,0.09,10:1,45.44,219.08016,,,499.892378,126.198198,0,19
BO,20260607,38,bo_r38_003_tl101_dt35_ge40_qr100_tau79,101,35,40,1.0,0.79,0.00,490.65,0.91,0.09,10:1,44.60,219.08016,,,490.65326,135.318919,0,20
BO,20260607,38,bo_r38_004_tl51_dt41_ge41_qr97_tau75,51,41,41,0.97,0.75,0.00,494.01,0.91,0.09,10:1,44.91,219.08016,,,494.013053,127.688571,0,22
BO,20260607,38,bo_r38_005_tl99_dt32_ge40_qr91_tau78,99,32,40,0.91,0.78,0.00,490.82,0.91,0.09,10:1,44.62,219.08016,,,490.818786,135.803235,0,19
BO,20260607,38,bo_r38_006_tl39_dt42_ge41_qr100_tau76,39,42,41,1.0,0.76,0.00,494.01,0.91,0.09,10:1,44.91,219.08016,,,494.013053,127.688571,0,22
BO,20260607,39,bo_r39_001_tl38_dt35_ge40_qr95_tau78,38,35,40,0.95,0.78,0.00,490.65,0.91,0.09,10:1,44.60,219.08016,,,490.65326,135.318919,0,20
BO,20260607,39,bo_r39_002_tl25_dt39_ge41_qr94_tau70,25,39,41,0.94,0.7,0.00,493.72,0.91,0.09,10:1,44.88,219.08016,,,493.719793,126.525714,0,19
BO,20260607,39,bo_r39_003_tl47_dt37_ge41_qr84_tau72,47,37,41,0.84,0.72,0.00,496.63,0.91,0.09,10:1,45.15,219.08016,,,496.629209,131.884726,1,17
BO,20260607,39,bo_r39_004_tl40_dt31_ge40_qr90_tau77,40,31,40,0.9,0.77,0.00,500.24,0.91,0.09,10:1,45.48,219.08016,,,500.235466,135.008876,1,16
BO,20260607,39,bo_r39_005_tl51_dt31_ge40_qr100_tau74,51,31,40,1.0,0.74,0.00,491.89,0.91,0.09,10:1,44.72,219.08016,,,491.894209,135.627717,0,19
BO,20260607,39,bo_r39_006_tl49_dt42_ge41_qr99_tau70,49,42,41,0.99,0.7,0.00,494.01,0.91,0.09,10:1,44.91,219.08016,,,494.013053,127.688571,0,22
BO,20260607,40,bo_r40_001_tl60_dt36_ge40_qr86_tau76,60,36,40,0.86,0.76,0.00,502.50,0.91,0.09,10:1,45.68,219.08016,,,502.499767,127.11315,1,19
BO,20260607,40,bo_r40_002_tl54_dt32_ge40_qr97_tau75,54,32,40,0.97,0.75,0.00,490.82,0.91,0.09,10:1,44.62,219.08016,,,490.818786,135.803235,0,19
BO,20260607,40,bo_r40_003_tl58_dt34_ge41_qr91_tau77,58,34,41,0.91,0.77,0.00,499.89,0.91,0.09,10:1,45.44,219.08016,,,499.892378,126.198198,0,17
BO,20260607,40,bo_r40_004_tl101_dt33_ge40_qr92_tau79,101,33,40,0.92,0.79,0.00,490.34,0.91,0.09,10:1,44.58,219.08016,,,490.338881,135.344086,0,19
BO,20260607,40,bo_r40_005_tl46_dt39_ge42_qr97_tau71,46,39,42,0.97,0.71,0.00,495.97,0.91,0.09,10:1,45.09,219.08016,,,495.968139,126.347826,0,19
BO,20260607,40,bo_r40_006_tl58_dt44_ge40_qr100_tau76,58,44,40,1.0,0.76,0.00,489.71,0.91,0.09,10:1,44.52,219.08016,,,489.705116,130.675676,0,24
BO,20260607,41,bo_r41_001_tl71_dt36_ge40_qr100_tau77,71,36,40,1.0,0.77,0.00,491.08,0.91,0.09,10:1,44.64,219.08016,,,491.076208,135.571816,0,20
BO,20260607,41,bo_r41_002_tl101_dt33_ge41_qr86_tau81,101,33,41,0.86,0.81,0.00,498.95,0.91,0.09,10:1,45.36,219.08016,,,498.953734,134.281525,1,16
BO,20260607,41,bo_r41_003_tl43_dt37_ge42_qr98_tau78,43,37,42,0.98,0.78,0.00,499.77,0.91,0.09,10:1,45.43,219.08016,,,499.768193,126.36036,0,18
BO,20260607,41,bo_r41_004_tl58_dt43_ge41_qr92_tau77,58,43,41,0.92,0.77,0.00,494.01,0.91,0.09,10:1,44.91,219.08016,,,494.013053,127.688571,0,22
BO,20260607,41,bo_r41_005_tl82_dt35_ge39_qr97_tau73,82,35,39,0.97,0.73,0.00,491.18,0.91,0.09,10:1,44.65,219.08016,,,491.182787,137.16442,0,20
BO,20260607,41,bo_r41_006_tl38_dt40_ge39_qr85_tau74,38,40,39,0.85,0.74,0.00,498.85,0.91,0.09,10:1,45.35,219.08016,,,498.845508,136.251462,1,19
BO,20260607,42,bo_r42_001_tl49_dt36_ge40_qr100_tau70,49,36,40,1.0,0.7,0.00,491.08,0.91,0.09,10:1,44.64,219.08016,,,491.076208,135.571816,0,20
BO,20260607,42,bo_r42_002_tl56_dt39_ge41_qr83_tau79,56,39,41,0.83,0.79,0.00,496.63,0.91,0.09,10:1,45.15,219.08016,,,496.629209,131.884726,1,17
BO,20260607,42,bo_r42_003_tl63_dt41_ge40_qr91_tau76,63,41,40,0.91,0.76,0.00,489.71,0.91,0.09,10:1,44.52,219.08016,,,489.705116,130.675676,0,24
BO,20260607,42,bo_r42_004_tl59_dt43_ge41_qr100_tau77,59,43,41,1.0,0.77,0.00,494.01,0.91,0.09,10:1,44.91,219.08016,,,494.013053,127.688571,0,22
BO,20260607,42,bo_r42_005_tl64_dt42_ge41_qr85_tau72,64,42,41,0.85,0.72,0.00,500.71,0.91,0.09,10:1,45.52,219.08016,,,500.713792,127.328313,1,19
BO,20260607,42,bo_r42_006_tl46_dt39_ge39_qr83_tau75,46,39,39,0.83,0.75,0.00,502.80,0.91,0.09,10:1,45.71,219.08016,,,502.80293,124.009231,1,17
BO,20260607,43,bo_r43_001_tl58_dt37_ge41_qr100_tau72,58,37,41,1.0,0.72,0.00,499.89,0.91,0.09,10:1,45.44,219.08016,,,499.892378,126.198198,0,19
BO,20260607,43,bo_r43_002_tl67_dt32_ge40_qr79_tau74,67,32,40,0.79,0.74,0.00,500.24,0.91,0.09,10:1,45.48,219.08016,,,500.235466,135.008876,1,16
BO,20260607,43,bo_r43_003_tl36_dt43_ge41_qr98_tau70,36,43,41,0.98,0.7,0.00,494.01,0.91,0.09,10:1,44.91,219.08016,,,494.013053,127.688571,0,22
BO,20260607,43,bo_r43_004_tl43_dt39_ge42_qr96_tau76,43,39,42,0.96,0.76,0.00,495.97,0.91,0.09,10:1,45.09,219.08016,,,495.968139,126.347826,0,19
BO,20260607,43,bo_r43_005_tl54_dt37_ge39_qr94_tau70,54,37,39,0.94,0.7,0.00,491.20,0.91,0.09,10:1,44.65,219.08016,,,491.195004,137.104839,0,23
BO,20260607,43,bo_r43_006_tl66_dt40_ge39_qr89_tau77,66,40,39,0.89,0.77,0.00,498.85,0.91,0.09,10:1,45.35,219.08016,,,498.845508,136.251462,1,19
BO,20260607,44,bo_r44_001_tl50_dt36_ge40_qr90_tau72,50,36,40,0.9,0.72,0.00,502.50,0.91,0.09,10:1,45.68,219.08016,,,502.499767,127.11315,1,19
BO,20260607,44,bo_r44_002_tl55_dt37_ge41_qr95_tau70,55,37,41,0.95,0.7,0.00,499.89,0.91,0.09,10:1,45.44,219.08016,,,499.892378,126.198198,0,19
BO,20260607,44,bo_r44_003_tl28_dt32_ge40_qr84_tau70,28,32,40,0.84,0.7,0.00,500.24,0.91,0.09,10:1,45.48,219.08016,,,500.235466,135.008876,1,16
BO,20260607,44,bo_r44_004_tl40_dt31_ge40_qr100_tau70,40,31,40,1.0,0.7,0.00,491.89,0.91,0.09,10:1,44.72,219.08016,,,491.894209,135.627717,0,19
BO,20260607,44,bo_r44_005_tl47_dt31_ge40_qr96_tau77,47,31,40,0.96,0.77,0.00,491.89,0.91,0.09,10:1,44.72,219.08016,,,491.894209,135.627717,0,19
BO,20260607,44,bo_r44_006_tl42_dt32_ge41_qr93_tau72,42,32,41,0.93,0.72,0.00,495.78,0.91,0.09,10:1,45.07,219.08016,,,495.777318,129.814815,0,18
BO,20260607,45,bo_r45_001_tl34_dt35_ge40_qr100_tau73,34,35,40,1.0,0.73,0.00,490.65,0.91,0.09,10:1,44.60,219.08016,,,490.65326,135.318919,0,20
BO,20260607,45,bo_r45_002_tl59_dt33_ge40_qr93_tau76,59,33,40,0.93,0.76,0.00,490.34,0.91,0.09,10:1,44.58,219.08016,,,490.338881,135.344086,0,19
BO,20260607,45,bo_r45_003_tl58_dt38_ge40_qr100_tau81,58,38,40,1.0,0.81,0.00,490.49,0.91,0.09,10:1,44.59,219.08016,,,490.490746,134.564865,0,21
BO,20260607,45,bo_r45_004_tl67_dt38_ge40_qr99_tau75,67,38,40,0.99,0.75,0.00,490.49,0.91,0.09,10:1,44.59,219.08016,,,490.490746,134.564865,0,21
BO,20260607,45,bo_r45_005_tl41_dt34_ge41_qr98_tau74,41,34,41,0.98,0.74,0.00,499.89,0.91,0.09,10:1,45.44,219.08016,,,499.892378,126.198198,0,17
BO,20260607,45,bo_r45_006_tl58_dt39_ge41_qr90_tau82,58,39,41,0.9,0.82,0.00,496.63,0.91,0.09,10:1,45.15,219.08016,,,496.629209,131.884726,1,17
BO,20260607,46,bo_r46_001_tl52_dt37_ge40_qr95_tau80,52,37,40,0.95,0.8,0.00,490.62,0.91,0.09,10:1,44.60,219.08016,,,490.620815,135.118598,0,21
BO,20260607,46,bo_r46_002_tl64_dt39_ge41_qr100_tau79,64,39,41,1.0,0.79,0.00,493.72,0.91,0.09,10:1,44.88,219.08016,,,493.719793,126.525714,0,19
BO,20260607,46,bo_r46_003_tl35_dt41_ge41_qr100_tau76,35,41,41,1.0,0.76,0.00,494.01,0.91,0.09,10:1,44.91,219.08016,,,494.013053,127.688571,0,22
BO,20260607,46,bo_r46_004_tl97_dt42_ge41_qr100_tau81,97,42,41,1.0,0.81,0.00,494.01,0.91,0.09,10:1,44.91,219.08016,,,494.013053,127.688571,0,22
BO,20260607,46,bo_r46_005_tl19_dt38_ge40_qr58_tau83,19,38,40,0.58,0.83,0.00,502.50,0.91,0.09,10:1,45.68,219.08016,,,502.499767,127.11315,1,19
BO,20260607,46,bo_r46_006_tl43_dt34_ge39_qr91_tau75,43,34,39,0.91,0.75,0.00,491.50,0.91,0.09,10:1,44.68,219.08016,,,491.495637,137.021622,0,20
BO,20260607,47,bo_r47_001_tl42_dt34_ge40_qr80_tau73,42,34,40,0.8,0.73,0.00,502.44,0.91,0.09,10:1,45.68,219.08016,,,502.435505,125.981651,1,17
BO,20260607,47,bo_r47_002_tl66_dt34_ge41_qr90_tau77,66,34,41,0.9,0.77,0.00,500.36,0.91,0.09,10:1,45.49,219.08016,,,500.355306,135.529586,1,16
BO,20260607,47,bo_r47_003_tl36_dt41_ge41_qr93_tau75,36,41,41,0.93,0.75,0.00,494.01,0.91,0.09,10:1,44.91,219.08016,,,494.013053,127.688571,0,22
BO,20260607,47,bo_r47_004_tl57_dt32_ge41_qr92_tau76,57,32,41,0.92,0.76,0.00,495.78,0.91,0.09,10:1,45.07,219.08016,,,495.777318,129.814815,0,18
BO,20260607,47,bo_r47_005_tl56_dt43_ge40_qr93_tau79,56,43,40,0.93,0.79,0.00,489.71,0.91,0.09,10:1,44.52,219.08016,,,489.705116,130.675676,0,24
BO,20260607,47,bo_r47_006_tl47_dt40_ge39_qr97_tau76,47,40,39,0.97,0.76,0.00,488.37,0.91,0.09,10:1,44.40,219.08016,,,488.370945,134.848806,0,25
BO,20260607,48,bo_r48_001_tl42_dt34_ge40_qr94_tau80,42,34,40,0.94,0.8,0.00,490.64,0.91,0.09,10:1,44.60,219.08016,,,490.639561,135.22973,0,20
BO,20260607,48,bo_r48_002_tl59_dt34_ge40_qr93_tau77,59,34,40,0.93,0.77,0.00,490.64,0.91,0.09,10:1,44.60,219.08016,,,490.639561,135.22973,0,20
BO,20260607,48,bo_r48_003_tl47_dt36_ge40_qr100_tau79,47,36,40,1.0,0.79,0.00,491.08,0.91,0.09,10:1,44.64,219.08016,,,491.076208,135.571816,0,20
BO,20260607,48,bo_r48_004_tl58_dt32_ge40_qr91_tau72,58,32,40,0.91,0.72,0.00,490.82,0.91,0.09,10:1,44.62,219.08016,,,490.818786,135.803235,0,19
BO,20260607,48,bo_r48_005_tl66_dt39_ge41_qr100_tau71,66,39,41,1.0,0.71,0.00,493.72,0.91,0.09,10:1,44.88,219.08016,,,493.719793,126.525714,0,19
BO,20260607,48,bo_r48_006_tl48_dt41_ge40_qr95_tau76,48,41,40,0.95,0.76,0.00,489.71,0.91,0.09,10:1,44.52,219.08016,,,489.705116,130.675676,0,24
BO,20260607,49,bo_r49_001_tl44_dt36_ge40_qr93_tau75,44,36,40,0.93,0.75,0.00,491.08,0.91,0.09,10:1,44.64,219.08016,,,491.076208,135.571816,0,20
BO,20260607,49,bo_r49_002_tl108_dt37_ge40_qr88_tau79,108,37,40,0.88,0.79,0.00,502.50,0.91,0.09,10:1,45.68,219.08016,,,502.499767,127.11315,1,19
BO,20260607,49,bo_r49_003_tl60_dt32_ge40_qr99_tau75,60,32,40,0.99,0.75,0.00,490.82,0.91,0.09,10:1,44.62,219.08016,,,490.818786,135.803235,0,19
BO,20260607,49,bo_r49_004_tl52_dt30_ge40_qr81_tau71,52,30,40,0.81,0.71,0.00,503.69,0.91,0.09,10:1,45.79,219.08016,,,503.686991,124.662539,1,16
BO,20260607,49,bo_r49_005_tl30_dt37_ge39_qr91_tau75,30,37,39,0.91,0.75,0.00,491.20,0.91,0.09,10:1,44.65,219.08016,,,491.195004,137.104839,0,23
BO,20260607,49,bo_r49_006_tl65_dt38_ge39_qr90_tau79,65,38,39,0.9,0.79,0.00,502.80,0.91,0.09,10:1,45.71,219.08016,,,502.80293,124.009231,1,17
BO,20260607,50,bo_r50_001_tl47_dt32_ge40_qr94_tau76,47,32,40,0.94,0.76,0.00,490.82,0.91,0.09,10:1,44.62,219.08016,,,490.818786,135.803235,0,19
BO,20260607,50,bo_r50_002_tl58_dt38_ge41_qr100_tau74,58,38,41,1.0,0.74,0.00,493.72,0.91,0.09,10:1,44.88,219.08016,,,493.719793,126.525714,0,19
BO,20260607,50,bo_r50_003_tl50_dt39_ge41_qr90_tau76,50,39,41,0.9,0.76,0.00,496.63,0.91,0.09,10:1,45.15,219.08016,,,496.629209,131.884726,1,17
BO,20260607,50,bo_r50_004_tl53_dt41_ge40_qr97_tau80,53,41,40,0.97,0.8,0.00,489.71,0.91,0.09,10:1,44.52,219.08016,,,489.705116,130.675676,0,24
BO,20260607,50,bo_r50_005_tl62_dt42_ge40_qr95_tau73,62,42,40,0.95,0.73,0.00,489.71,0.91,0.09,10:1,44.52,219.08016,,,489.705116,130.675676,0,24
BO,20260607,50,bo_r50_006_tl49_dt38_ge42_qr100_tau75,49,38,42,1.0,0.75,0.00,495.97,0.91,0.09,10:1,45.09,219.08016,,,495.968139,126.347826,0,19
