method,seed,round,round_theta_index,theta_per_round,parameter_id,t_lead,delta_T_thr,G_ext,Q_ratio,tau,delay_A,delay_N,score,best_so_far,penalty,final_status,failure_reason,termination_reason,emergency_arrived,emergency_teleport,background_teleported,signal_event_count,stage2_hold_count,stage3_preemption_count,surrogate_mean,surrogate_ci_low,surrogate_ci_high,acquisition,essi_acquisition,essi_1,essi_2,essi_3,essi_4,essi_5,essi_6,essi_max,essi_mean,essi_log_max,dominant_essi_subspace,spatial_activation_score
Random Search,20260607,1,1,6,rs_r01_001_tl48_dt220_ge9_qr22_tau77,48,220,9,0.22,0.77,288.92,87.55,270.61,270.61,0.00,PASS,,recovery_detected,True,False,0,663,1,69,,,,,,,,,,,,,,,,
Random Search,20260607,1,2,6,rs_r01_002_tl30_dt8_ge26_qr51_tau79,30,8,26,0.51,0.79,170.92,83.30,162.95,162.95,0.00,PASS,,recovery_detected,True,False,0,3626,0,19,,,,,,,,,,,,,,,,
Random Search,20260607,1,3,6,rs_r01_003_tl91_dt34_ge11_qr77_tau83,91,34,11,0.77,0.83,113.92,73.61,110.26,110.26,0.00,PASS,,recovery_detected,True,False,0,1607,0,37,,,,,,,,,,,,,,,,
Random Search,20260607,1,4,6,rs_r01_004_tl118_dt71_ge29_qr60_tau90,118,71,29,0.6,0.9,179.92,78.88,170.73,110.26,0.00,PASS,,recovery_detected,True,False,0,743,0,31,,,,,,,,,,,,,,,,
Random Search,20260607,1,5,6,rs_r01_005_tl107_dt138_ge6_qr99_tau73,107,138,6,0.99,0.73,381.92,99.74,356.27,110.26,0.00,PASS,,recovery_detected,True,False,0,856,0,91,,,,,,,,,,,,,,,,
Random Search,20260607,1,6,6,rs_r01_006_tl84_dt237_ge7_qr73_tau88,84,237,7,0.73,0.88,377.92,92.01,351.93,110.26,0.00,PASS,,recovery_detected,True,False,0,839,0,87,,,,,,,,,,,,,,,,
Random Search,20260607,2,1,6,rs_r02_001_tl88_dt16_ge37_qr2_tau84,88,16,37,0.02,0.84,138.92,83.54,133.89,110.26,0.00,PASS,,recovery_detected,True,False,0,2561,1,18,,,,,,,,,,,,,,,,
Random Search,20260607,2,2,6,rs_r02_002_tl46_dt60_ge6_qr74_tau88,46,60,6,0.74,0.88,234.92,97.77,222.45,110.26,0.00,PASS,,recovery_detected,True,False,0,1016,0,68,,,,,,,,,,,,,,,,
Random Search,20260607,2,3,6,rs_r02_003_tl91_dt77_ge6_qr38_tau74,91,77,6,0.38,0.74,280.92,90.14,263.58,110.26,0.00,PASS,,recovery_detected,True,False,0,943,0,76,,,,,,,,,,,,,,,,
Random Search,20260607,2,4,6,rs_r02_004_tl48_dt166_ge41_qr69_tau70,48,166,41,0.69,0.7,241.92,77.60,226.98,110.26,0.00,PASS,,recovery_detected,True,False,0,238,0,32,,,,,,,,,,,,,,,,
Random Search,20260607,2,5,6,rs_r02_005_tl35_dt206_ge47_qr60_tau90,35,206,47,0.6,0.9,196.92,81.91,186.46,110.26,0.00,PASS,,recovery_detected,True,False,0,253,0,27,,,,,,,,,,,,,,,,
Random Search,20260607,2,6,6,rs_r02_006_tl89_dt204_ge2_qr49_tau75,89,204,2,0.49,0.75,327.92,102.55,307.43,110.26,0.00,PASS,,recovery_detected,True,False,0,793,0,105,,,,,,,,,,,,,,,,
Random Search,20260607,3,1,6,rs_r03_001_tl82_dt158_ge16_qr6_tau78,82,158,16,0.06,0.78,355.92,86.19,331.40,110.26,0.00,PASS,,recovery_detected,True,False,0,388,1,61,,,,,,,,,,,,,,,,
Random Search,20260607,3,2,6,rs_r03_002_tl41_dt37_ge24_qr52_tau88,41,37,24,0.52,0.88,139.92,86.36,135.05,110.26,0.00,PASS,,recovery_detected,True,False,0,1620,0,32,,,,,,,,,,,,,,,,
Random Search,20260607,3,3,6,rs_r03_003_tl6_dt59_ge9_qr74_tau71,6,59,9,0.74,0.71,137.92,74.69,132.17,110.26,0.00,PASS,,recovery_detected,True,False,0,1244,0,45,,,,,,,,,,,,,,,,
Random Search,20260607,3,4,6,rs_r03_004_tl44_dt244_ge32_qr98_tau82,44,244,32,0.98,0.82,178.92,77.38,169.69,110.26,0.00,PASS,,recovery_detected,True,False,0,212,0,33,,,,,,,,,,,,,,,,
Random Search,20260607,3,5,6,rs_r03_005_tl29_dt166_ge20_qr24_tau83,29,166,20,0.24,0.83,142.92,90.70,138.17,110.26,0.00,PASS,,recovery_detected,True,False,0,364,1,35,,,,,,,,,,,,,,,,
Random Search,20260607,3,6,6,rs_r03_006_tl76_dt49_ge7_qr96_tau84,76,49,7,0.96,0.84,249.92,97.43,236.06,110.26,0.00,PASS,,recovery_detected,True,False,0,1404,0,64,,,,,,,,,,,,,,,,
Random Search,20260607,4,1,6,rs_r04_001_tl100_dt73_ge16_qr56_tau88,100,73,16,0.56,0.88,390.92,83.20,362.95,110.26,0.00,PASS,,recovery_detected,True,False,0,1047,0,62,,,,,,,,,,,,,,,,
Random Search,20260607,4,2,6,rs_r04_002_tl79_dt73_ge27_qr72_tau76,79,73,27,0.72,0.76,280.92,90.41,263.60,110.26,0.00,PASS,,recovery_timeout,True,False,0,931,0,38,,,,,,,,,,,,,,,,
Random Search,20260607,4,3,6,rs_r04_003_tl49_dt80_ge2_qr65_tau75,49,80,2,0.65,0.75,314.92,93.65,294.80,110.26,0.00,PASS,,recovery_detected,True,False,0,1265,0,96,,,,,,,,,,,,,,,,
Random Search,20260607,4,4,6,rs_r04_004_tl102_dt25_ge35_qr32_tau88,102,25,35,0.32,0.88,138.92,77.81,133.36,110.26,0.00,PASS,,recovery_detected,True,False,0,2267,0,19,,,,,,,,,,,,,,,,
Random Search,20260607,4,5,6,rs_r04_005_tl60_dt232_ge34_qr18_tau80,60,232,34,0.18,0.8,319.92,88.95,298.92,110.26,0.00,PASS,,recovery_detected,True,False,0,266,1,39,,,,,,,,,,,,,,,,
Random Search,20260607,4,6,6,rs_r04_006_tl11_dt218_ge44_qr0_tau72,11,218,44,0.0,0.72,195.92,82.57,185.61,110.26,0.00,PASS,,recovery_detected,True,False,0,616,1,27,,,,,,,,,,,,,,,,
Random Search,20260607,5,1,6,rs_r05_001_tl76_dt212_ge40_qr30_tau72,76,212,40,0.3,0.72,329.92,98.27,308.86,110.26,0.00,PASS,,recovery_detected,True,False,0,276,1,37,,,,,,,,,,,,,,,,
Random Search,20260607,5,2,6,rs_r05_002_tl122_dt114_ge19_qr92_tau72,122,114,19,0.92,0.72,394.92,86.14,366.85,110.26,0.00,PASS,,recovery_detected,True,False,0,667,0,63,,,,,,,,,,,,,,,,
Random Search,20260607,5,3,6,rs_r05_003_tl22_dt124_ge43_qr63_tau86,22,124,43,0.63,0.86,256.92,80.52,240.88,110.26,0.00,PASS,,recovery_detected,True,False,0,259,0,29,,,,,,,,,,,,,,,,
Random Search,20260607,5,4,6,rs_r05_004_tl6_dt161_ge33_qr26_tau82,6,161,33,0.26,0.82,167.92,91.80,161.00,110.26,0.00,PASS,,recovery_detected,True,False,0,784,1,32,,,,,,,,,,,,,,,,
Random Search,20260607,5,5,6,rs_r05_005_tl53_dt56_ge20_qr11_tau83,53,56,20,0.11,0.83,166.92,82.85,159.28,110.26,0.00,PASS,,recovery_detected,True,False,0,687,1,40,,,,,,,,,,,,,,,,
Random Search,20260607,5,6,6,rs_r05_006_tl75_dt157_ge11_qr44_tau86,75,157,11,0.44,0.86,320.92,82.28,299.23,110.26,0.00,PASS,,recovery_detected,True,False,0,575,0,67,,,,,,,,,,,,,,,,
Random Search,20260607,6,1,6,rs_r06_001_tl46_dt192_ge42_qr0_tau71,46,192,42,0.0,0.71,296.92,81.08,277.30,110.26,0.00,PASS,,recovery_detected,True,False,0,376,1,36,,,,,,,,,,,,,,,,
Random Search,20260607,6,2,6,rs_r06_002_tl111_dt123_ge48_qr58_tau90,111,123,48,0.58,0.9,303.92,80.26,283.59,110.26,0.00,PASS,,recovery_detected,True,False,0,366,0,32,,,,,,,,,,,,,,,,
Random Search,20260607,6,3,6,rs_r06_003_tl5_dt81_ge41_qr17_tau85,5,81,41,0.17,0.85,150.92,94.01,145.75,110.26,0.00,PASS,,recovery_detected,True,False,0,825,1,23,,,,,,,,,,,,,,,,
Random Search,20260607,6,4,6,rs_r06_004_tl28_dt35_ge2_qr93_tau70,28,35,2,0.93,0.7,137.92,77.20,132.40,110.26,0.00,PASS,,recovery_detected,True,False,0,1753,0,49,,,,,,,,,,,,,,,,
Random Search,20260607,6,5,6,rs_r06_005_tl68_dt113_ge20_qr57_tau72,68,113,20,0.57,0.72,273.92,97.81,257.91,110.26,0.00,PASS,,recovery_detected,True,False,0,363,0,51,,,,,,,,,,,,,,,,
Random Search,20260607,6,6,6,rs_r06_006_tl27_dt5_ge14_qr40_tau87,27,5,14,0.4,0.87,266.92,79.29,249.86,110.26,0.00,PASS,,recovery_detected,True,False,0,4848,0,20,,,,,,,,,,,,,,,,
Random Search,20260607,7,1,6,rs_r07_001_tl76_dt228_ge7_qr1_tau77,76,228,7,0.01,0.77,366.92,83.15,341.12,110.26,0.00,PASS,,recovery_detected,True,False,0,916,1,81,,,,,,,,,,,,,,,,
Random Search,20260607,7,2,6,rs_r07_002_tl10_dt107_ge8_qr98_tau73,10,107,8,0.98,0.73,297.92,103.02,280.20,110.26,0.00,PASS,,recovery_detected,True,False,0,1124,0,71,,,,,,,,,,,,,,,,
Random Search,20260607,7,3,6,rs_r07_003_tl50_dt49_ge36_qr85_tau84,50,49,36,0.85,0.84,194.92,75.02,184.02,110.26,0.00,PASS,,recovery_detected,True,False,0,1167,0,30,,,,,,,,,,,,,,,,
Random Search,20260607,7,4,6,rs_r07_004_tl81_dt31_ge26_qr88_tau71,81,31,26,0.88,0.71,137.92,88.13,133.39,110.26,0.00,PASS,,recovery_detected,True,False,0,1834,0,28,,,,,,,,,,,,,,,,
Random Search,20260607,7,5,6,rs_r07_005_tl69_dt127_ge27_qr15_tau85,69,127,27,0.15,0.85,288.92,84.66,270.35,110.26,0.00,PASS,,recovery_detected,True,False,0,305,1,43,,,,,,,,,,,,,,,,
Random Search,20260607,7,6,6,rs_r07_006_tl64_dt47_ge9_qr93_tau77,64,47,9,0.93,0.77,291.92,103.02,274.75,110.26,0.00,PASS,,recovery_detected,True,False,0,1845,0,61,,,,,,,,,,,,,,,,
Random Search,20260607,8,1,6,rs_r08_001_tl19_dt205_ge50_qr83_tau76,19,205,50,0.83,0.76,313.92,75.36,292.23,110.26,0.00,PASS,,recovery_detected,True,False,0,290,0,31,,,,,,,,,,,,,,,,
Random Search,20260607,8,2,6,rs_r08_002_tl116_dt237_ge12_qr57_tau90,116,237,12,0.57,0.9,352.92,89.36,328.96,110.26,0.00,PASS,,recovery_detected,True,False,0,470,0,68,,,,,,,,,,,,,,,,
Random Search,20260607,8,3,6,rs_r08_003_tl62_dt173_ge48_qr37_tau83,62,173,48,0.37,0.83,303.92,80.26,283.59,110.26,0.00,PASS,,recovery_detected,True,False,0,366,0,32,,,,,,,,,,,,,,,,
Random Search,20260607,8,4,6,rs_r08_004_tl74_dt50_ge33_qr41_tau84,74,50,33,0.41,0.84,238.92,75.86,224.10,110.26,0.00,PASS,,recovery_detected,True,False,0,1265,0,31,,,,,,,,,,,,,,,,
Random Search,20260607,8,5,6,rs_r08_005_tl40_dt196_ge41_qr62_tau90,40,196,41,0.62,0.9,241.92,77.60,226.98,110.26,0.00,PASS,,recovery_detected,True,False,0,238,0,32,,,,,,,,,,,,,,,,
Random Search,20260607,8,6,6,rs_r08_006_tl17_dt241_ge43_qr2_tau84,17,241,43,0.02,0.84,90.92,84.55,90.34,90.34,0.00,PASS,,recovery_detected,True,False,0,187,1,24,,,,,,,,,,,,,,,,
Random Search,20260607,9,1,6,rs_r09_001_tl12_dt225_ge30_qr46_tau88,12,225,30,0.46,0.88,144.92,79.72,138.99,90.34,0.00,PASS,,recovery_detected,True,False,0,567,0,27,,,,,,,,,,,,,,,,
Random Search,20260607,9,2,6,rs_r09_002_tl90_dt113_ge22_qr30_tau84,90,113,22,0.3,0.84,170.92,84.52,163.07,90.34,0.00,PASS,,recovery_detected,True,False,0,226,1,38,,,,,,,,,,,,,,,,
Random Search,20260607,9,3,6,rs_r09_003_tl71_dt81_ge10_qr85_tau83,71,81,10,0.85,0.83,441.92,94.90,410.37,90.34,0.00,PASS,,recovery_detected,True,False,0,867,0,87,,,,,,,,,,,,,,,,
Random Search,20260607,9,4,6,rs_r09_004_tl113_dt238_ge44_qr78_tau80,113,238,44,0.78,0.8,248.92,80.57,233.62,90.34,0.00,PASS,,recovery_detected,True,False,0,173,0,29,,,,,,,,,,,,,,,,
Random Search,20260607,9,5,6,rs_r09_005_tl81_dt108_ge22_qr65_tau81,81,108,22,0.65,0.81,307.92,97.10,288.75,90.34,0.00,PASS,,recovery_detected,True,False,0,368,0,49,,,,,,,,,,,,,,,,
Random Search,20260607,9,6,6,rs_r09_006_tl40_dt220_ge2_qr31_tau85,40,220,2,0.31,0.85,258.92,89.98,243.56,90.34,0.00,PASS,,recovery_detected,True,False,0,987,0,87,,,,,,,,,,,,,,,,
Random Search,20260607,10,1,6,rs_r10_001_tl6_dt162_ge24_qr64_tau72,6,162,24,0.64,0.72,289.92,82.66,271.08,90.34,0.00,PASS,,recovery_detected,True,False,0,904,0,46,,,,,,,,,,,,,,,,
Random Search,20260607,10,2,6,rs_r10_002_tl32_dt156_ge7_qr55_tau71,32,156,7,0.55,0.71,284.92,88.22,267.04,90.34,0.00,PASS,,recovery_detected,True,False,0,934,0,73,,,,,,,,,,,,,,,,
Random Search,20260607,10,3,6,rs_r10_003_tl27_dt56_ge2_qr52_tau87,27,56,2,0.52,0.87,290.92,90.46,272.70,90.34,0.00,PASS,,recovery_detected,True,False,0,1689,0,87,,,,,,,,,,,,,,,,
Random Search,20260607,10,4,6,rs_r10_004_tl32_dt39_ge7_qr70_tau74,32,39,7,0.7,0.74,197.92,77.95,187.01,90.34,0.00,PASS,,recovery_detected,True,False,0,1787,0,54,,,,,,,,,,,,,,,,
Random Search,20260607,10,5,6,rs_r10_005_tl38_dt207_ge10_qr72_tau70,38,207,10,0.72,0.7,363.92,90.76,339.09,90.34,0.00,PASS,,recovery_detected,True,False,0,670,0,76,,,,,,,,,,,,,,,,
Random Search,20260607,10,6,6,rs_r10_006_tl50_dt113_ge21_qr41_tau71,50,113,21,0.41,0.71,413.92,85.83,384.09,90.34,0.00,PASS,,recovery_detected,True,False,0,559,0,60,,,,,,,,,,,,,,,,
Random Search,20260607,11,1,6,rs_r11_001_tl95_dt93_ge32_qr51_tau74,95,93,32,0.51,0.74,316.92,91.59,296.44,90.34,0.00,PASS,,recovery_detected,True,False,0,272,0,40,,,,,,,,,,,,,,,,
Random Search,20260607,11,2,6,rs_r11_002_tl121_dt211_ge14_qr93_tau86,121,211,14,0.93,0.86,319.92,82.27,298.32,90.34,0.00,PASS,,recovery_detected,True,False,0,574,0,61,,,,,,,,,,,,,,,,
Random Search,20260607,11,3,6,rs_r11_003_tl97_dt180_ge5_qr35_tau89,97,180,5,0.35,0.89,290.92,100.47,273.61,90.34,0.00,PASS,,recovery_detected,True,False,0,657,0,83,,,,,,,,,,,,,,,,
Random Search,20260607,11,4,6,rs_r11_004_tl10_dt98_ge38_qr61_tau70,10,98,38,0.61,0.7,142.92,71.92,136.47,90.34,0.00,PASS,,recovery_detected,True,False,0,560,0,24,,,,,,,,,,,,,,,,
Random Search,20260607,11,5,6,rs_r11_005_tl79_dt183_ge0_qr85_tau84,79,183,0,0.85,0.84,222.92,89.47,210.79,90.34,0.00,PASS,,recovery_detected,True,False,0,679,0,97,,,,,,,,,,,,,,,,
Random Search,20260607,11,6,6,rs_r11_006_tl92_dt203_ge5_qr75_tau86,92,203,5,0.75,0.86,290.92,100.47,273.61,90.34,0.00,PASS,,recovery_detected,True,False,0,658,0,83,,,,,,,,,,,,,,,,
Random Search,20260607,12,1,6,rs_r12_001_tl14_dt5_ge40_qr20_tau81,14,5,40,0.2,0.81,161.92,93.25,155.68,90.34,0.00,PASS,,recovery_detected,True,False,0,3229,1,18,,,,,,,,,,,,,,,,
Random Search,20260607,12,2,6,rs_r12_002_tl68_dt65_ge26_qr14_tau83,68,65,26,0.14,0.83,262.92,85.43,246.78,90.34,0.00,PASS,,recovery_detected,True,False,0,606,1,43,,,,,,,,,,,,,,,,
Random Search,20260607,12,3,6,rs_r12_003_tl91_dt242_ge8_qr42_tau81,91,242,8,0.42,0.81,316.92,89.86,296.28,90.34,0.00,PASS,,recovery_detected,True,False,0,557,0,76,,,,,,,,,,,,,,,,
Random Search,20260607,12,4,6,rs_r12_004_tl6_dt98_ge12_qr100_tau90,6,98,12,1.0,0.9,157.92,81.52,150.97,90.34,0.00,PASS,,recovery_detected,True,False,0,832,0,47,,,,,,,,,,,,,,,,
Random Search,20260607,12,5,6,rs_r12_005_tl92_dt218_ge48_qr37_tau74,92,218,48,0.37,0.74,303.92,80.26,283.59,90.34,0.00,PASS,,recovery_detected,True,False,0,366,0,32,,,,,,,,,,,,,,,,
Random Search,20260607,12,6,6,rs_r12_006_tl51_dt117_ge1_qr40_tau78,51,117,1,0.4,0.78,308.92,91.39,289.14,90.34,0.00,PASS,,recovery_detected,True,False,0,1059,0,102,,,,,,,,,,,,,,,,
Random Search,20260607,13,1,6,rs_r13_001_tl13_dt102_ge39_qr42_tau70,13,102,39,0.42,0.7,354.92,89.92,330.83,90.34,0.00,PASS,,recovery_detected,True,False,0,471,0,37,,,,,,,,,,,,,,,,
Random Search,20260607,13,2,6,rs_r13_002_tl1_dt149_ge45_qr76_tau90,1,149,45,0.76,0.9,139.92,91.71,135.54,90.34,0.00,PASS,,recovery_detected,True,False,0,620,0,25,,,,,,,,,,,,,,,,
Random Search,20260607,13,3,6,rs_r13_003_tl10_dt62_ge40_qr52_tau86,10,62,40,0.52,0.86,189.92,76.81,179.64,90.34,0.00,PASS,,recovery_detected,True,False,0,1091,0,29,,,,,,,,,,,,,,,,
Random Search,20260607,13,4,6,rs_r13_004_tl121_dt19_ge35_qr37_tau79,121,19,35,0.37,0.79,144.92,79.19,138.94,90.34,0.00,PASS,,recovery_detected,True,False,0,2722,0,19,,,,,,,,,,,,,,,,
Random Search,20260607,13,5,6,rs_r13_005_tl82_dt160_ge24_qr83_tau85,82,160,24,0.83,0.85,316.92,76.38,295.05,90.34,0.00,PASS,,recovery_detected,True,False,0,371,0,46,,,,,,,,,,,,,,,,
Random Search,20260607,13,6,6,rs_r13_006_tl62_dt195_ge20_qr33_tau87,62,195,20,0.33,0.87,286.92,89.78,269.00,90.34,0.00,PASS,,recovery_detected,True,False,0,480,0,47,,,,,,,,,,,,,,,,
Random Search,20260607,14,1,6,rs_r14_001_tl108_dt73_ge7_qr17_tau85,108,73,7,0.17,0.85,364.92,98.65,340.71,90.34,0.00,PASS,,recovery_detected,True,False,0,1120,1,84,,,,,,,,,,,,,,,,
Random Search,20260607,14,2,6,rs_r14_002_tl62_dt200_ge28_qr78_tau76,62,200,28,0.78,0.76,290.92,74.86,271.28,90.34,0.00,PASS,,recovery_detected,True,False,0,351,0,40,,,,,,,,,,,,,,,,
Random Search,20260607,14,3,6,rs_r14_003_tl118_dt166_ge34_qr52_tau78,118,166,34,0.52,0.78,364.92,87.44,339.69,90.34,0.00,PASS,,recovery_detected,True,False,0,310,0,42,,,,,,,,,,,,,,,,
Random Search,20260607,14,4,6,rs_r14_004_tl4_dt172_ge19_qr58_tau89,4,172,19,0.58,0.89,240.92,88.86,227.10,90.34,0.00,PASS,,recovery_detected,True,False,0,868,0,46,,,,,,,,,,,,,,,,
Random Search,20260607,14,5,6,rs_r14_005_tl5_dt225_ge46_qr11_tau72,5,225,46,0.11,0.72,165.92,91.82,159.18,90.34,0.00,PASS,,recovery_detected,True,False,0,366,1,26,,,,,,,,,,,,,,,,
Random Search,20260607,14,6,6,rs_r14_006_tl118_dt215_ge18_qr12_tau75,118,215,18,0.12,0.75,393.92,84.25,365.77,90.34,0.00,PASS,,recovery_detected,True,False,0,547,1,61,,,,,,,,,,,,,,,,
Random Search,20260607,15,1,6,rs_r15_001_tl62_dt206_ge23_qr72_tau72,62,206,23,0.72,0.72,193.92,77.51,183.34,90.34,0.00,PASS,,recovery_detected,True,False,0,283,0,37,,,,,,,,,,,,,,,,
Random Search,20260607,15,2,6,rs_r15_002_tl27_dt202_ge9_qr96_tau77,27,202,9,0.96,0.77,332.92,96.31,311.41,90.34,0.00,PASS,,recovery_detected,True,False,0,776,0,73,,,,,,,,,,,,,,,,
Random Search,20260607,15,3,6,rs_r15_003_tl120_dt5_ge13_qr18_tau72,120,5,13,0.18,0.72,160.92,93.17,154.76,90.34,0.00,PASS,,recovery_detected,True,False,0,3230,1,20,,,,,,,,,,,,,,,,
Random Search,20260607,15,4,6,rs_r15_004_tl113_dt244_ge32_qr96_tau75,113,244,32,0.96,0.75,264.92,95.88,249.55,90.34,0.00,PASS,,recovery_detected,True,False,0,292,0,36,,,,,,,,,,,,,,,,
Random Search,20260607,15,5,6,rs_r15_005_tl20_dt207_ge48_qr9_tau75,20,207,48,0.09,0.75,188.92,83.55,179.34,90.34,0.00,PASS,,recovery_detected,True,False,0,226,1,27,,,,,,,,,,,,,,,,
Random Search,20260607,15,6,6,rs_r15_006_tl68_dt217_ge48_qr89_tau72,68,217,48,0.89,0.72,303.92,80.26,283.59,90.34,0.00,PASS,,recovery_detected,True,False,0,366,0,32,,,,,,,,,,,,,,,,
Random Search,20260607,16,1,6,rs_r16_001_tl110_dt106_ge45_qr45_tau75,110,106,45,0.45,0.75,192.92,77.83,182.46,90.34,0.00,PASS,,recovery_detected,True,False,0,272,0,27,,,,,,,,,,,,,,,,
Random Search,20260607,16,2,6,rs_r16_002_tl60_dt214_ge18_qr48_tau87,60,214,18,0.48,0.87,404.92,82.18,375.58,90.34,0.00,PASS,,recovery_detected,True,False,0,431,0,63,,,,,,,,,,,,,,,,
Random Search,20260607,16,3,6,rs_r16_003_tl53_dt219_ge13_qr38_tau86,53,219,13,0.38,0.86,309.92,89.75,289.90,90.34,0.00,PASS,,recovery_detected,True,False,0,583,0,62,,,,,,,,,,,,,,,,
Random Search,20260607,16,4,6,rs_r16_004_tl39_dt243_ge38_qr97_tau85,39,243,38,0.97,0.85,274.92,87.44,257.88,90.34,0.00,PASS,,recovery_detected,True,False,0,331,0,36,,,,,,,,,,,,,,,,
Random Search,20260607,16,5,6,rs_r16_005_tl104_dt200_ge33_qr49_tau72,104,200,33,0.49,0.72,286.92,89.91,269.01,90.34,0.00,PASS,,recovery_detected,True,False,0,335,0,35,,,,,,,,,,,,,,,,
Random Search,20260607,16,6,6,rs_r16_006_tl35_dt190_ge2_qr74_tau87,35,190,2,0.74,0.87,258.92,89.98,243.56,90.34,0.00,PASS,,recovery_detected,True,False,0,976,0,87,,,,,,,,,,,,,,,,
Random Search,20260607,17,1,6,rs_r17_001_tl37_dt105_ge47_qr11_tau70,37,105,47,0.11,0.7,270.92,82.38,253.78,90.34,0.00,PASS,,recovery_detected,True,False,0,202,1,29,,,,,,,,,,,,,,,,
Random Search,20260607,17,2,6,rs_r17_002_tl46_dt57_ge41_qr64_tau73,46,57,41,0.64,0.73,171.92,78.19,163.40,90.34,0.00,PASS,,recovery_detected,True,False,0,784,0,27,,,,,,,,,,,,,,,,
Random Search,20260607,17,3,6,rs_r17_003_tl52_dt157_ge4_qr3_tau81,52,157,4,0.03,0.81,379.92,88.15,353.40,90.34,0.00,PASS,,recovery_detected,True,False,0,958,1,101,,,,,,,,,,,,,,,,
Random Search,20260607,17,4,6,rs_r17_004_tl57_dt50_ge1_qr9_tau83,57,50,1,0.09,0.83,280.92,101.85,264.64,90.34,0.00,PASS,,recovery_detected,True,False,0,1873,1,87,,,,,,,,,,,,,,,,
Random Search,20260607,17,5,6,rs_r17_005_tl65_dt219_ge3_qr90_tau76,65,219,3,0.9,0.76,309.92,87.06,289.66,90.34,0.00,PASS,,recovery_detected,True,False,0,941,0,92,,,,,,,,,,,,,,,,
Random Search,20260607,17,6,6,rs_r17_006_tl17_dt48_ge49_qr42_tau82,17,48,49,0.42,0.82,187.92,88.30,178.86,90.34,0.00,PASS,,recovery_detected,True,False,0,1014,0,23,,,,,,,,,,,,,,,,
Random Search,20260607,18,1,6,rs_r18_001_tl96_dt120_ge44_qr1_tau70,96,120,44,0.01,0.7,306.92,86.00,286.84,90.34,0.00,PASS,,recovery_detected,True,False,0,395,1,31,,,,,,,,,,,,,,,,
Random Search,20260607,18,2,6,rs_r18_002_tl36_dt40_ge9_qr69_tau89,36,40,9,0.69,0.89,233.92,76.38,219.60,90.34,0.00,PASS,,recovery_detected,True,False,0,1786,0,53,,,,,,,,,,,,,,,,
Random Search,20260607,18,3,6,rs_r18_003_tl31_dt79_ge6_qr54_tau70,31,79,6,0.54,0.7,253.92,94.41,239.42,90.34,0.00,PASS,,recovery_detected,True,False,0,867,0,69,,,,,,,,,,,,,,,,
Random Search,20260607,18,4,6,rs_r18_004_tl102_dt61_ge43_qr79_tau86,102,61,43,0.79,0.86,256.92,75.75,240.45,90.34,0.00,PASS,,recovery_detected,True,False,0,806,0,29,,,,,,,,,,,,,,,,
Random Search,20260607,18,5,6,rs_r18_005_tl69_dt186_ge22_qr9_tau86,69,186,22,0.09,0.86,170.92,84.52,163.07,90.34,0.00,PASS,,recovery_detected,True,False,0,226,1,38,,,,,,,,,,,,,,,,
Random Search,20260607,18,6,6,rs_r18_006_tl85_dt106_ge9_qr33_tau88,85,106,9,0.33,0.88,326.92,88.67,305.26,90.34,0.00,PASS,,recovery_detected,True,False,0,689,0,73,,,,,,,,,,,,,,,,
Random Search,20260607,19,1,6,rs_r19_001_tl61_dt172_ge23_qr49_tau81,61,172,23,0.49,0.81,193.92,77.51,183.34,90.34,0.00,PASS,,recovery_detected,True,False,0,283,0,37,,,,,,,,,,,,,,,,
Random Search,20260607,19,2,6,rs_r19_002_tl66_dt7_ge29_qr82_tau80,66,7,29,0.82,0.8,181.92,80.09,172.66,90.34,0.00,PASS,,recovery_detected,True,False,0,3613,0,18,,,,,,,,,,,,,,,,
Random Search,20260607,19,3,6,rs_r19_003_tl56_dt99_ge47_qr11_tau70,56,99,47,0.11,0.7,234.92,83.21,221.13,90.34,0.00,PASS,,recovery_detected,True,False,0,222,1,28,,,,,,,,,,,,,,,,
Random Search,20260607,19,4,6,rs_r19_004_tl1_dt130_ge26_qr57_tau86,1,130,26,0.57,0.86,289.92,86.95,271.47,90.34,0.00,PASS,,recovery_detected,True,False,0,1253,0,43,,,,,,,,,,,,,,,,
Random Search,20260607,19,5,6,rs_r19_005_tl42_dt107_ge42_qr87_tau75,42,107,42,0.87,0.75,207.92,80.20,196.31,90.34,0.00,PASS,,recovery_detected,True,False,0,199,0,29,,,,,,,,,,,,,,,,
Random Search,20260607,19,6,6,rs_r19_006_tl86_dt198_ge13_qr68_tau89,86,198,13,0.68,0.89,274.92,91.92,258.28,90.34,0.00,PASS,,recovery_detected,True,False,0,391,0,60,,,,,,,,,,,,,,,,
Random Search,20260607,20,1,6,rs_r20_001_tl30_dt123_ge23_qr79_tau74,30,123,23,0.79,0.74,189.92,75.89,179.55,90.34,0.00,PASS,,recovery_detected,True,False,0,359,0,37,,,,,,,,,,,,,,,,
Random Search,20260607,20,2,6,rs_r20_002_tl50_dt232_ge31_qr19_tau80,50,232,31,0.19,0.8,317.92,98.46,297.97,90.34,0.00,PASS,,recovery_detected,True,False,0,312,1,40,,,,,,,,,,,,,,,,
Random Search,20260607,20,3,6,rs_r20_003_tl27_dt153_ge13_qr91_tau70,27,153,13,0.91,0.7,204.92,96.22,195.04,90.34,0.00,PASS,,recovery_detected,True,False,0,396,0,51,,,,,,,,,,,,,,,,
Random Search,20260607,20,4,6,rs_r20_004_tl8_dt179_ge35_qr6_tau89,8,179,35,0.06,0.89,336.92,90.23,314.49,90.34,0.00,PASS,,recovery_detected,True,False,0,738,1,41,,,,,,,,,,,,,,,,
Random Search,20260607,20,5,6,rs_r20_005_tl91_dt147_ge40_qr35_tau71,91,147,40,0.35,0.71,297.92,84.08,278.48,90.34,0.00,PASS,,recovery_detected,True,False,0,195,0,35,,,,,,,,,,,,,,,,
Random Search,20260607,20,6,6,rs_r20_006_tl61_dt132_ge18_qr58_tau71,61,132,18,0.58,0.71,404.92,82.18,375.58,90.34,0.00,PASS,,recovery_detected,True,False,0,432,0,63,,,,,,,,,,,,,,,,
Random Search,20260607,21,1,6,rs_r21_001_tl17_dt210_ge38_qr52_tau73,17,210,38,0.52,0.73,160.92,83.80,153.91,90.34,0.00,PASS,,recovery_detected,True,False,0,496,0,27,,,,,,,,,,,,,,,,
Random Search,20260607,21,2,6,rs_r21_002_tl119_dt193_ge10_qr3_tau77,119,193,10,0.03,0.77,371.92,84.88,345.83,90.34,0.00,PASS,,recovery_detected,True,False,0,702,1,79,,,,,,,,,,,,,,,,
Random Search,20260607,21,3,6,rs_r21_003_tl73_dt105_ge15_qr34_tau82,73,105,15,0.34,0.82,330.92,87.38,308.78,90.34,0.00,PASS,,recovery_detected,True,False,0,489,0,61,,,,,,,,,,,,,,,,
Random Search,20260607,21,4,6,rs_r21_004_tl51_dt72_ge12_qr93_tau74,51,72,12,0.93,0.74,356.92,88.84,332.55,90.34,0.00,PASS,,recovery_detected,True,False,0,983,0,71,,,,,,,,,,,,,,,,
Random Search,20260607,21,5,6,rs_r21_005_tl114_dt90_ge5_qr74_tau80,114,90,5,0.74,0.8,385.92,97.84,359.73,90.34,0.00,PASS,,recovery_detected,True,False,0,912,0,97,,,,,,,,,,,,,,,,
Random Search,20260607,21,6,6,rs_r21_006_tl107_dt119_ge35_qr1_tau85,107,119,35,0.01,0.85,190.92,91.92,181.92,90.34,0.00,PASS,,recovery_detected,True,False,0,224,1,31,,,,,,,,,,,,,,,,
Random Search,20260607,22,1,6,rs_r22_001_tl49_dt46_ge29_qr70_tau79,49,46,29,0.7,0.79,161.92,77.91,154.28,90.34,0.00,PASS,,recovery_detected,True,False,0,1560,0,28,,,,,,,,,,,,,,,,
Random Search,20260607,22,2,6,rs_r22_002_tl54_dt231_ge49_qr41_tau86,54,231,49,0.41,0.86,302.92,79.03,282.57,90.34,0.00,PASS,,recovery_detected,True,False,0,347,0,31,,,,,,,,,,,,,,,,
Random Search,20260607,22,3,6,rs_r22_003_tl119_dt203_ge11_qr73_tau83,119,203,11,0.73,0.83,320.92,82.28,299.23,90.34,0.00,PASS,,recovery_detected,True,False,0,575,0,67,,,,,,,,,,,,,,,,
Random Search,20260607,22,4,6,rs_r22_004_tl21_dt87_ge5_qr36_tau74,21,87,5,0.36,0.74,330.92,103.86,310.28,90.34,0.00,PASS,,recovery_detected,True,False,0,1459,0,80,,,,,,,,,,,,,,,,
Random Search,20260607,22,5,6,rs_r22_005_tl113_dt183_ge33_qr35_tau84,113,183,33,0.35,0.84,286.92,89.91,269.01,90.34,0.00,PASS,,recovery_detected,True,False,0,335,0,35,,,,,,,,,,,,,,,,
Random Search,20260607,22,6,6,rs_r22_006_tl88_dt207_ge44_qr12_tau86,88,207,44,0.12,0.86,306.92,86.00,286.84,90.34,0.00,PASS,,recovery_detected,True,False,0,395,1,31,,,,,,,,,,,,,,,,
Random Search,20260607,23,1,6,rs_r23_001_tl32_dt51_ge24_qr59_tau72,32,51,24,0.59,0.72,149.92,79.67,143.53,90.34,0.00,PASS,,recovery_detected,True,False,0,1183,0,29,,,,,,,,,,,,,,,,
Random Search,20260607,23,2,6,rs_r23_002_tl118_dt211_ge36_qr67_tau71,118,211,36,0.67,0.71,288.92,84.10,270.30,90.34,0.00,PASS,,recovery_detected,True,False,0,368,0,34,,,,,,,,,,,,,,,,
Random Search,20260607,23,3,6,rs_r23_003_tl57_dt187_ge6_qr11_tau78,57,187,6,0.11,0.78,414.92,96.50,385.97,90.34,0.00,PASS,,recovery_detected,True,False,0,858,1,97,,,,,,,,,,,,,,,,
Random Search,20260607,23,4,6,rs_r23_004_tl94_dt22_ge39_qr75_tau75,94,22,39,0.75,0.75,145.92,75.50,139.52,90.34,0.00,PASS,,recovery_detected,True,False,0,2544,0,17,,,,,,,,,,,,,,,,
Random Search,20260607,23,5,6,rs_r23_005_tl74_dt31_ge46_qr67_tau72,74,31,46,0.67,0.72,137.92,85.26,133.13,90.34,0.00,PASS,,recovery_detected,True,False,0,1881,0,18,,,,,,,,,,,,,,,,
Random Search,20260607,23,6,6,rs_r23_006_tl110_dt70_ge3_qr3_tau75,110,70,3,0.03,0.75,327.92,83.96,305.74,90.34,0.00,PASS,,recovery_detected,True,False,0,1223,1,92,,,,,,,,,,,,,,,,
Random Search,20260607,24,1,6,rs_r24_001_tl69_dt13_ge5_qr61_tau90,69,13,5,0.61,0.9,146.92,80.25,140.86,90.34,0.00,PASS,,recovery_detected,True,False,0,3073,0,28,,,,,,,,,,,,,,,,
Random Search,20260607,24,2,6,rs_r24_002_tl15_dt189_ge43_qr12_tau83,15,189,43,0.12,0.83,251.92,79.27,236.22,90.34,0.00,PASS,,recovery_detected,True,False,0,586,1,30,,,,,,,,,,,,,,,,
Random Search,20260607,24,3,6,rs_r24_003_tl93_dt79_ge9_qr49_tau77,93,79,9,0.49,0.77,274.92,89.25,258.04,90.34,0.00,PASS,,recovery_detected,True,False,0,660,0,66,,,,,,,,,,,,,,,,
Random Search,20260607,24,4,6,rs_r24_004_tl103_dt122_ge27_qr50_tau88,103,122,27,0.5,0.88,222.92,77.46,209.70,90.34,0.00,PASS,,recovery_detected,True,False,0,278,0,38,,,,,,,,,,,,,,,,
Random Search,20260607,24,5,6,rs_r24_005_tl99_dt76_ge17_qr34_tau72,99,76,17,0.34,0.72,288.92,90.93,270.92,90.34,0.00,PASS,,recovery_detected,True,False,0,478,0,55,,,,,,,,,,,,,,,,
Random Search,20260607,24,6,6,rs_r24_006_tl105_dt77_ge1_qr43_tau90,105,77,1,0.43,0.9,256.92,90.45,241.79,90.34,0.00,PASS,,recovery_detected,True,False,0,1154,0,90,,,,,,,,,,,,,,,,
Random Search,20260607,25,1,6,rs_r25_001_tl26_dt0_ge47_qr37_tau73,26,0,47,0.37,0.73,198.92,81.83,188.28,90.34,0.00,PASS,,recovery_detected,True,False,0,237,0,26,,,,,,,,,,,,,,,,
Random Search,20260607,25,2,6,rs_r25_002_tl45_dt51_ge13_qr20_tau78,45,51,13,0.2,0.78,271.92,93.29,255.68,90.34,0.00,PASS,,recovery_detected,True,False,0,1332,1,54,,,,,,,,,,,,,,,,
Random Search,20260607,25,3,6,rs_r25_003_tl111_dt15_ge45_qr1_tau77,111,15,45,0.01,0.77,137.92,83.00,132.93,90.34,0.00,PASS,,recovery_detected,True,False,0,2591,1,18,,,,,,,,,,,,,,,,
Random Search,20260607,25,4,6,rs_r25_004_tl112_dt47_ge38_qr73_tau78,112,47,38,0.73,0.78,151.92,87.73,146.08,90.34,0.00,PASS,,recovery_detected,True,False,0,1269,0,24,,,,,,,,,,,,,,,,
Random Search,20260607,25,5,6,rs_r25_005_tl104_dt99_ge7_qr69_tau87,104,99,7,0.69,0.87,279.92,91.43,262.78,90.34,0.00,PASS,,recovery_detected,True,False,0,710,0,72,,,,,,,,,,,,,,,,
Random Search,20260607,25,6,6,rs_r25_006_tl35_dt181_ge6_qr17_tau85,35,181,6,0.17,0.85,375.92,95.58,350.43,90.34,0.00,PASS,,recovery_detected,True,False,0,1035,1,90,,,,,,,,,,,,,,,,
Random Search,20260607,26,1,6,rs_r26_001_tl4_dt114_ge49_qr71_tau86,4,114,49,0.71,0.86,116.92,83.08,113.84,90.34,0.00,PASS,,recovery_detected,True,False,0,375,0,20,,,,,,,,,,,,,,,,
Random Search,20260607,26,2,6,rs_r26_002_tl34_dt160_ge6_qr44_tau85,34,160,6,0.44,0.85,278.92,95.84,262.28,90.34,0.00,PASS,,recovery_detected,True,False,0,821,0,78,,,,,,,,,,,,,,,,
Random Search,20260607,26,3,6,rs_r26_003_tl88_dt217_ge12_qr81_tau86,88,217,12,0.81,0.86,352.92,89.36,328.96,90.34,0.00,PASS,,recovery_detected,True,False,0,470,0,68,,,,,,,,,,,,,,,,
Random Search,20260607,26,4,6,rs_r26_004_tl7_dt10_ge17_qr52_tau77,7,10,17,0.52,0.77,161.92,83.15,154.76,90.34,0.00,PASS,,recovery_detected,True,False,0,3284,0,19,,,,,,,,,,,,,,,,
Random Search,20260607,26,5,6,rs_r26_005_tl116_dt243_ge42_qr68_tau76,116,243,42,0.68,0.76,281.92,79.19,263.49,90.34,0.00,PASS,,recovery_detected,True,False,0,366,0,31,,,,,,,,,,,,,,,,
Random Search,20260607,26,6,6,rs_r26_006_tl106_dt198_ge45_qr1_tau84,106,198,45,0.01,0.84,232.92,85.13,219.48,90.34,0.00,PASS,,recovery_detected,True,False,0,335,1,29,,,,,,,,,,,,,,,,
Random Search,20260607,27,1,6,rs_r27_001_tl86_dt11_ge47_qr62_tau84,86,11,47,0.62,0.84,161.92,86.17,155.03,90.34,0.00,PASS,,recovery_detected,True,False,0,3274,0,17,,,,,,,,,,,,,,,,
Random Search,20260607,27,2,6,rs_r27_002_tl35_dt127_ge29_qr77_tau72,35,127,29,0.77,0.72,257.92,77.48,241.52,90.34,0.00,PASS,,recovery_detected,True,False,0,366,0,39,,,,,,,,,,,,,,,,
Random Search,20260607,27,3,6,rs_r27_003_tl104_dt39_ge49_qr16_tau70,104,39,49,0.16,0.7,114.92,97.33,113.32,90.34,0.00,PASS,,recovery_detected,True,False,0,1314,1,18,,,,,,,,,,,,,,,,
Random Search,20260607,27,4,6,rs_r27_004_tl86_dt178_ge21_qr95_tau75,86,178,21,0.95,0.75,373.92,85.87,347.73,90.34,0.00,PASS,,recovery_detected,True,False,0,341,0,57,,,,,,,,,,,,,,,,
Random Search,20260607,27,5,6,rs_r27_005_tl104_dt40_ge9_qr57_tau81,104,40,9,0.57,0.81,233.92,76.38,219.60,90.34,0.00,PASS,,recovery_detected,True,False,0,1786,0,53,,,,,,,,,,,,,,,,
Random Search,20260607,27,6,6,rs_r27_006_tl93_dt47_ge41_qr15_tau81,93,47,41,0.15,0.81,159.92,89.59,153.53,90.34,0.00,PASS,,recovery_detected,True,False,0,1072,1,24,,,,,,,,,,,,,,,,
Random Search,20260607,28,1,6,rs_r28_001_tl83_dt106_ge34_qr55_tau70,83,106,34,0.55,0.7,264.92,93.66,249.35,90.34,0.00,PASS,,recovery_detected,True,False,0,366,0,34,,,,,,,,,,,,,,,,
Random Search,20260607,28,2,6,rs_r28_002_tl7_dt238_ge32_qr2_tau85,7,238,32,0.02,0.85,269.92,95.68,254.08,90.34,0.00,PASS,,recovery_detected,True,False,0,802,1,38,,,,,,,,,,,,,,,,
Random Search,20260607,28,3,6,rs_r28_003_tl4_dt236_ge18_qr31_tau70,4,236,18,0.31,0.7,286.92,82.77,268.36,90.34,0.00,PASS,,recovery_detected,True,False,0,882,0,52,,,,,,,,,,,,,,,,
Random Search,20260607,28,4,6,rs_r28_004_tl83_dt35_ge4_qr82_tau86,83,35,4,0.82,0.86,137.92,75.84,132.28,90.34,0.00,PASS,,recovery_detected,True,False,0,1670,0,47,,,,,,,,,,,,,,,,
Random Search,20260607,28,5,6,rs_r28_005_tl35_dt25_ge35_qr41_tau81,35,25,35,0.41,0.81,138.92,77.81,133.36,90.34,0.00,PASS,,recovery_detected,True,False,0,2267,0,19,,,,,,,,,,,,,,,,
Random Search,20260607,28,6,6,rs_r28_006_tl63_dt195_ge14_qr81_tau88,63,195,14,0.81,0.88,334.92,84.64,312.17,90.34,0.00,PASS,,recovery_detected,True,False,0,470,0,62,,,,,,,,,,,,,,,,
Random Search,20260607,29,1,6,rs_r29_001_tl95_dt34_ge3_qr39_tau85,95,34,3,0.39,0.85,153.92,75.34,146.78,90.34,0.00,PASS,,recovery_detected,True,False,0,1961,0,48,,,,,,,,,,,,,,,,
Random Search,20260607,29,2,6,rs_r29_002_tl87_dt43_ge37_qr35_tau80,87,43,37,0.35,0.8,208.92,81.53,197.34,90.34,0.00,PASS,,recovery_detected,True,False,0,1527,0,32,,,,,,,,,,,,,,,,
Random Search,20260607,29,3,6,rs_r29_003_tl93_dt151_ge48_qr19_tau73,93,151,48,0.19,0.73,274.92,82.51,257.43,90.34,0.00,PASS,,recovery_detected,True,False,0,248,1,30,,,,,,,,,,,,,,,,
Random Search,20260607,29,4,6,rs_r29_004_tl61_dt125_ge40_qr50_tau85,61,125,40,0.5,0.85,282.92,88.83,265.28,90.34,0.00,PASS,,recovery_detected,True,False,0,287,0,33,,,,,,,,,,,,,,,,
Random Search,20260607,29,5,6,rs_r29_005_tl33_dt201_ge46_qr85_tau84,33,201,46,0.85,0.84,214.92,81.40,202.78,90.34,0.00,PASS,,recovery_detected,True,False,0,253,0,28,,,,,,,,,,,,,,,,
Random Search,20260607,29,6,6,rs_r29_006_tl67_dt198_ge39_qr4_tau90,67,198,39,0.04,0.9,319.92,93.22,299.31,90.34,0.00,PASS,,recovery_detected,True,False,0,340,1,38,,,,,,,,,,,,,,,,
Random Search,20260607,30,1,6,rs_r30_001_tl70_dt241_ge27_qr55_tau76,70,241,27,0.55,0.76,226.92,75.03,213.11,90.34,0.00,PASS,,recovery_detected,True,False,0,340,0,39,,,,,,,,,,,,,,,,
Random Search,20260607,30,2,6,rs_r30_002_tl95_dt192_ge48_qr10_tau76,95,192,48,0.1,0.76,274.92,82.51,257.43,90.34,0.00,PASS,,recovery_detected,True,False,0,248,1,30,,,,,,,,,,,,,,,,
Random Search,20260607,30,3,6,rs_r30_003_tl91_dt95_ge7_qr23_tau82,91,95,7,0.23,0.82,348.92,101.84,326.46,90.34,0.00,PASS,,recovery_detected,True,False,0,791,1,84,,,,,,,,,,,,,,,,
Random Search,20260607,30,4,6,rs_r30_004_tl14_dt19_ge28_qr46_tau83,14,19,28,0.46,0.83,144.92,77.87,138.82,90.34,0.00,PASS,,recovery_detected,True,False,0,2746,0,20,,,,,,,,,,,,,,,,
Random Search,20260607,30,5,6,rs_r30_005_tl59_dt106_ge44_qr67_tau74,59,106,44,0.67,0.74,248.92,75.42,233.15,90.34,0.00,PASS,,recovery_detected,True,False,0,291,0,32,,,,,,,,,,,,,,,,
Random Search,20260607,30,6,6,rs_r30_006_tl62_dt19_ge10_qr63_tau73,62,19,10,0.63,0.73,145.92,78.41,139.78,90.34,0.00,PASS,,recovery_detected,True,False,0,2742,0,29,,,,,,,,,,,,,,,,
Random Search,20260607,31,1,6,rs_r31_001_tl98_dt60_ge35_qr76_tau73,98,60,35,0.76,0.73,221.92,88.05,209.75,90.34,0.00,PASS,,recovery_detected,True,False,0,470,0,33,,,,,,,,,,,,,,,,
Random Search,20260607,31,2,6,rs_r31_002_tl3_dt209_ge37_qr47_tau83,3,209,37,0.47,0.83,257.92,87.92,242.47,90.34,0.00,PASS,,recovery_detected,True,False,0,634,0,32,,,,,,,,,,,,,,,,
Random Search,20260607,31,3,6,rs_r31_003_tl46_dt40_ge15_qr62_tau85,46,40,15,0.62,0.85,213.92,77.10,201.48,90.34,0.00,PASS,,recovery_detected,True,False,0,1562,0,42,,,,,,,,,,,,,,,,
Random Search,20260607,31,4,6,rs_r31_004_tl8_dt87_ge8_qr48_tau75,8,87,8,0.48,0.75,270.92,81.69,253.72,90.34,0.00,PASS,,recovery_detected,True,False,0,1261,0,67,,,,,,,,,,,,,,,,
Random Search,20260607,31,5,6,rs_r31_005_tl29_dt171_ge34_qr89_tau83,29,171,34,0.89,0.83,195.92,78.72,185.26,90.34,0.00,PASS,,recovery_detected,True,False,0,231,0,31,,,,,,,,,,,,,,,,
Random Search,20260607,31,6,6,rs_r31_006_tl105_dt156_ge25_qr71_tau72,105,156,25,0.71,0.72,356.92,80.96,331.83,90.34,0.00,PASS,,recovery_detected,True,False,0,373,0,48,,,,,,,,,,,,,,,,
Random Search,20260607,32,1,6,rs_r32_001_tl13_dt73_ge39_qr64_tau76,13,73,39,0.64,0.76,108.92,87.68,106.99,90.34,0.00,PASS,,recovery_timeout,True,False,0,541,0,22,,,,,,,,,,,,,,,,
Random Search,20260607,32,2,6,rs_r32_002_tl66_dt166_ge28_qr94_tau71,66,166,28,0.94,0.71,290.92,74.86,271.28,90.34,0.00,PASS,,recovery_detected,True,False,0,351,0,40,,,,,,,,,,,,,,,,
Random Search,20260607,32,3,6,rs_r32_003_tl46_dt87_ge37_qr74_tau72,46,87,37,0.74,0.72,271.92,86.38,255.05,90.34,0.00,PASS,,recovery_detected,True,False,0,393,0,33,,,,,,,,,,,,,,,,
Random Search,20260607,32,4,6,rs_r32_004_tl106_dt236_ge28_qr13_tau77,106,236,28,0.13,0.77,145.92,86.88,140.55,90.34,0.00,PASS,,recovery_detected,True,False,0,390,1,30,,,,,,,,,,,,,,,,
Random Search,20260607,32,5,6,rs_r32_005_tl34_dt241_ge12_qr65_tau89,34,241,12,0.65,0.89,302.92,87.70,283.35,90.34,0.00,PASS,,recovery_detected,True,False,0,523,0,62,,,,,,,,,,,,,,,,
Random Search,20260607,32,6,6,rs_r32_006_tl68_dt107_ge43_qr29_tau80,68,107,43,0.29,0.8,287.92,85.90,269.55,90.34,0.00,PASS,,recovery_detected,True,False,0,313,1,32,,,,,,,,,,,,,,,,
Random Search,20260607,33,1,6,rs_r33_001_tl116_dt41_ge42_qr80_tau72,116,41,42,0.8,0.72,110.92,82.66,108.35,90.34,0.00,PASS,,recovery_detected,True,False,0,1311,0,20,,,,,,,,,,,,,,,,
Random Search,20260607,33,2,6,rs_r33_002_tl15_dt179_ge34_qr56_tau71,15,179,34,0.56,0.71,177.92,79.26,168.95,90.34,0.00,PASS,,recovery_detected,True,False,0,619,0,29,,,,,,,,,,,,,,,,
Random Search,20260607,33,3,6,rs_r33_003_tl80_dt121_ge34_qr28_tau86,80,121,34,0.28,0.86,319.92,88.95,298.92,90.34,0.00,PASS,,recovery_detected,True,False,0,266,1,39,,,,,,,,,,,,,,,,
Random Search,20260607,33,4,6,rs_r33_004_tl68_dt50_ge26_qr96_tau73,68,50,26,0.96,0.73,193.92,78.75,183.45,90.34,0.00,PASS,,recovery_detected,True,False,0,1089,0,32,,,,,,,,,,,,,,,,
Random Search,20260607,33,5,6,rs_r33_005_tl35_dt20_ge48_qr87_tau85,35,20,48,0.87,0.85,145.92,77.22,139.67,90.34,0.00,PASS,,recovery_detected,True,False,0,2704,0,17,,,,,,,,,,,,,,,,
Random Search,20260607,33,6,6,rs_r33_006_tl91_dt45_ge20_qr71_tau72,91,45,20,0.71,0.72,297.92,92.38,279.23,90.34,0.00,PASS,,recovery_detected,True,False,0,1937,0,45,,,,,,,,,,,,,,,,
Random Search,20260607,34,1,6,rs_r34_001_tl35_dt154_ge29_qr32_tau90,35,154,29,0.32,0.9,257.92,77.48,241.52,90.34,0.00,PASS,,recovery_detected,True,False,0,366,0,39,,,,,,,,,,,,,,,,
Random Search,20260607,34,2,6,rs_r34_002_tl43_dt61_ge36_qr47_tau87,43,61,36,0.47,0.87,300.92,95.89,282.28,90.34,0.00,PASS,,recovery_detected,True,False,0,863,0,37,,,,,,,,,,,,,,,,
Random Search,20260607,34,3,6,rs_r34_003_tl36_dt62_ge8_qr41_tau81,36,62,8,0.41,0.81,291.92,95.62,274.07,90.34,0.00,PASS,,recovery_detected,True,False,0,1184,0,70,,,,,,,,,,,,,,,,
Random Search,20260607,34,4,6,rs_r34_004_tl45_dt196_ge14_qr27_tau78,45,196,14,0.27,0.78,377.92,92.57,351.98,90.34,0.00,PASS,,recovery_detected,True,False,0,590,1,68,,,,,,,,,,,,,,,,
Random Search,20260607,34,5,6,rs_r34_005_tl97_dt238_ge13_qr30_tau77,97,238,13,0.3,0.77,247.92,91.44,233.69,90.34,0.00,PASS,,recovery_detected,True,False,0,477,1,53,,,,,,,,,,,,,,,,
Random Search,20260607,34,6,6,rs_r34_006_tl89_dt111_ge36_qr5_tau74,89,111,36,0.05,0.74,256.92,100.64,242.71,90.34,0.00,PASS,,recovery_detected,True,False,0,273,1,34,,,,,,,,,,,,,,,,
Random Search,20260607,35,1,6,rs_r35_001_tl56_dt232_ge10_qr91_tau90,56,232,10,0.91,0.9,368.92,84.26,343.04,90.34,0.00,PASS,,recovery_detected,True,False,0,576,0,75,,,,,,,,,,,,,,,,
Random Search,20260607,35,2,6,rs_r35_002_tl111_dt52_ge38_qr69_tau76,111,52,38,0.69,0.76,165.92,83.12,158.39,90.34,0.00,PASS,,recovery_detected,True,False,0,961,0,27,,,,,,,,,,,,,,,,
Random Search,20260607,35,3,6,rs_r35_003_tl48_dt75_ge49_qr1_tau90,48,75,49,0.01,0.9,195.92,81.37,185.51,90.34,0.00,PASS,,recovery_detected,True,False,0,294,1,27,,,,,,,,,,,,,,,,
Random Search,20260607,35,4,6,rs_r35_004_tl105_dt150_ge21_qr58_tau70,105,150,21,0.58,0.7,373.92,85.87,347.73,90.34,0.00,PASS,,recovery_detected,True,False,0,341,0,57,,,,,,,,,,,,,,,,
Random Search,20260607,35,5,6,rs_r35_005_tl86_dt86_ge28_qr48_tau86,86,86,28,0.48,0.86,315.92,80.77,294.54,90.34,0.00,PASS,,recovery_detected,True,False,0,538,0,41,,,,,,,,,,,,,,,,
Random Search,20260607,35,6,6,rs_r35_006_tl58_dt235_ge5_qr28_tau86,58,235,5,0.28,0.86,306.92,106.99,288.74,90.34,0.00,PASS,,recovery_detected,True,False,0,859,1,83,,,,,,,,,,,,,,,,
Random Search,20260607,36,1,6,rs_r36_001_tl50_dt47_ge26_qr73_tau72,50,47,26,0.73,0.72,187.92,81.79,178.27,90.34,0.00,PASS,,recovery_detected,True,False,0,1136,0,33,,,,,,,,,,,,,,,,
Random Search,20260607,36,2,6,rs_r36_002_tl78_dt125_ge44_qr68_tau81,78,125,44,0.68,0.81,369.92,82.38,343.78,90.34,0.00,PASS,,recovery_detected,True,False,0,364,0,37,,,,,,,,,,,,,,,,
Random Search,20260607,36,3,6,rs_r36_003_tl17_dt111_ge15_qr35_tau77,17,111,15,0.35,0.77,283.92,78.50,265.25,90.34,0.00,PASS,,recovery_detected,True,False,0,821,0,55,,,,,,,,,,,,,,,,
Random Search,20260607,36,4,6,rs_r36_004_tl90_dt225_ge11_qr33_tau89,90,225,11,0.33,0.89,320.92,82.28,299.23,90.34,0.00,PASS,,recovery_detected,True,False,0,575,0,67,,,,,,,,,,,,,,,,
Random Search,20260607,36,5,6,rs_r36_005_tl79_dt192_ge20_qr47_tau80,79,192,20,0.47,0.8,342.92,89.40,319.87,90.34,0.00,PASS,,recovery_detected,True,False,0,359,0,56,,,,,,,,,,,,,,,,
Random Search,20260607,36,6,6,rs_r36_006_tl5_dt21_ge47_qr98_tau79,5,21,47,0.98,0.79,158.92,75.64,151.35,90.34,0.00,PASS,,recovery_detected,True,False,0,2696,0,17,,,,,,,,,,,,,,,,
Random Search,20260607,37,1,6,rs_r37_001_tl85_dt202_ge40_qr82_tau84,85,202,40,0.82,0.84,311.92,84.76,291.27,90.34,0.00,PASS,,recovery_detected,True,False,0,375,0,35,,,,,,,,,,,,,,,,
Random Search,20260607,37,2,6,rs_r37_002_tl23_dt43_ge27_qr100_tau88,23,43,27,1.0,0.88,171.92,82.34,163.78,90.34,0.00,PASS,,recovery_detected,True,False,0,1461,0,32,,,,,,,,,,,,,,,,
Random Search,20260607,37,3,6,rs_r37_003_tl30_dt16_ge0_qr94_tau70,30,16,0,0.94,0.7,157.92,86.72,151.45,90.34,0.00,PASS,,recovery_detected,True,False,0,2907,0,40,,,,,,,,,,,,,,,,
Random Search,20260607,37,4,6,rs_r37_004_tl46_dt133_ge42_qr61_tau70,46,133,42,0.61,0.7,281.92,79.19,263.49,90.34,0.00,PASS,,recovery_detected,True,False,0,366,0,31,,,,,,,,,,,,,,,,
Random Search,20260607,37,5,6,rs_r37_005_tl67_dt55_ge41_qr9_tau84,67,55,41,0.09,0.84,147.92,91.26,142.77,90.34,0.00,PASS,,recovery_detected,True,False,0,922,1,25,,,,,,,,,,,,,,,,
Random Search,20260607,37,6,6,rs_r37_006_tl113_dt41_ge44_qr35_tau73,113,41,44,0.35,0.73,239.92,82.06,225.57,90.34,0.00,PASS,,recovery_detected,True,False,0,1416,0,29,,,,,,,,,,,,,,,,
Random Search,20260607,38,1,6,rs_r38_001_tl113_dt142_ge44_qr37_tau89,113,142,44,0.37,0.89,248.92,80.57,233.62,90.34,0.00,PASS,,recovery_detected,True,False,0,173,0,29,,,,,,,,,,,,,,,,
Random Search,20260607,38,2,6,rs_r38_002_tl100_dt217_ge2_qr0_tau78,100,217,2,0.0,0.78,330.92,101.97,310.11,90.34,0.00,PASS,,recovery_detected,True,False,0,971,1,100,,,,,,,,,,,,,,,,
Random Search,20260607,38,3,6,rs_r38_003_tl86_dt104_ge7_qr52_tau85,86,104,7,0.52,0.85,325.92,91.35,304.60,90.34,0.00,PASS,,recovery_detected,True,False,0,867,0,79,,,,,,,,,,,,,,,,
Random Search,20260607,38,4,6,rs_r38_004_tl115_dt45_ge48_qr71_tau84,115,45,48,0.71,0.84,127.92,90.57,124.52,90.34,0.00,PASS,,recovery_detected,True,False,0,1215,0,19,,,,,,,,,,,,,,,,
Random Search,20260607,38,5,6,rs_r38_005_tl62_dt224_ge47_qr45_tau72,62,224,47,0.45,0.72,258.92,82.01,242.84,90.34,0.00,PASS,,recovery_detected,True,False,0,185,0,29,,,,,,,,,,,,,,,,
Random Search,20260607,38,6,6,rs_r38_006_tl24_dt48_ge10_qr95_tau70,24,48,10,0.95,0.7,187.92,84.29,178.50,90.34,0.00,PASS,,recovery_detected,True,False,0,1578,0,49,,,,,,,,,,,,,,,,
Random Search,20260607,39,1,6,rs_r39_001_tl117_dt41_ge33_qr93_tau89,117,41,33,0.93,0.89,110.92,81.92,108.28,90.34,0.00,PASS,,recovery_detected,True,False,0,1401,0,25,,,,,,,,,,,,,,,,
Random Search,20260607,39,2,6,rs_r39_002_tl93_dt83_ge11_qr52_tau74,93,83,11,0.52,0.74,382.92,98.80,357.09,90.34,0.00,PASS,,recovery_detected,True,False,0,801,0,73,,,,,,,,,,,,,,,,
Random Search,20260607,39,3,6,rs_r39_003_tl107_dt11_ge1_qr99_tau85,107,11,1,0.99,0.85,160.92,85.95,154.10,90.34,0.00,PASS,,recovery_detected,True,False,0,3239,0,30,,,,,,,,,,,,,,,,
Random Search,20260607,39,4,6,rs_r39_004_tl121_dt94_ge41_qr78_tau86,121,94,41,0.78,0.86,137.92,77.60,132.44,90.34,0.00,PASS,,recovery_detected,True,False,0,236,0,26,,,,,,,,,,,,,,,,
Random Search,20260607,39,5,6,rs_r39_005_tl98_dt24_ge26_qr41_tau87,98,24,26,0.41,0.87,167.92,75.98,159.56,90.34,0.00,PASS,,recovery_detected,True,False,0,2714,0,27,,,,,,,,,,,,,,,,
Random Search,20260607,39,6,6,rs_r39_006_tl62_dt186_ge30_qr74_tau84,62,186,30,0.74,0.84,286.92,75.40,267.69,90.34,0.00,PASS,,recovery_detected,True,False,0,292,0,40,,,,,,,,,,,,,,,,
Random Search,20260607,40,1,6,rs_r40_001_tl53_dt89_ge20_qr64_tau77,53,89,20,0.64,0.77,350.92,93.20,327.49,90.34,0.00,PASS,,recovery_detected,True,False,0,637,0,54,,,,,,,,,,,,,,,,
Random Search,20260607,40,2,6,rs_r40_002_tl82_dt45_ge48_qr27_tau87,82,45,48,0.27,0.87,95.92,90.97,95.47,90.34,0.00,PASS,,recovery_detected,True,False,0,955,1,20,,,,,,,,,,,,,,,,
Random Search,20260607,40,3,6,rs_r40_003_tl38_dt142_ge34_qr29_tau76,38,142,34,0.29,0.76,302.92,84.76,283.09,90.34,0.00,PASS,,recovery_detected,True,False,0,370,1,38,,,,,,,,,,,,,,,,
Random Search,20260607,40,4,6,rs_r40_004_tl72_dt111_ge1_qr98_tau80,72,111,1,0.98,0.8,371.92,98.85,347.10,90.34,0.00,PASS,,recovery_detected,True,False,0,1087,0,119,,,,,,,,,,,,,,,,
Random Search,20260607,40,5,6,rs_r40_005_tl63_dt97_ge24_qr31_tau74,63,97,24,0.31,0.74,314.92,79.04,293.48,90.34,0.00,PASS,,recovery_detected,True,False,0,479,0,46,,,,,,,,,,,,,,,,
Random Search,20260607,40,6,6,rs_r40_006_tl15_dt182_ge39_qr10_tau76,15,182,39,0.1,0.76,177.92,80.36,169.05,90.34,0.00,PASS,,recovery_detected,True,False,0,419,1,30,,,,,,,,,,,,,,,,
Random Search,20260607,41,1,6,rs_r41_001_tl24_dt43_ge32_qr48_tau90,24,43,32,0.48,0.9,109.92,82.94,107.47,90.34,0.00,PASS,,recovery_detected,True,False,0,1371,0,26,,,,,,,,,,,,,,,,
Random Search,20260607,41,2,6,rs_r41_002_tl35_dt37_ge1_qr52_tau74,35,37,1,0.52,0.74,168.92,76.38,160.51,90.34,0.00,PASS,,recovery_detected,True,False,0,1746,0,61,,,,,,,,,,,,,,,,
Random Search,20260607,41,3,6,rs_r41_003_tl104_dt45_ge13_qr60_tau70,104,45,13,0.6,0.7,237.92,97.12,225.12,90.34,0.00,PASS,,recovery_detected,True,False,0,1376,0,47,,,,,,,,,,,,,,,,
Random Search,20260607,41,4,6,rs_r41_004_tl47_dt70_ge34_qr94_tau87,47,70,34,0.94,0.87,204.92,74.47,193.06,90.34,0.00,PASS,,recovery_detected,True,False,0,668,0,29,,,,,,,,,,,,,,,,
Random Search,20260607,41,5,6,rs_r41_005_tl28_dt196_ge30_qr20_tau72,28,196,30,0.2,0.72,319.92,84.81,298.55,90.34,0.00,PASS,,recovery_detected,True,False,0,462,1,41,,,,,,,,,,,,,,,,
Random Search,20260607,41,6,6,rs_r41_006_tl71_dt196_ge40_qr46_tau76,71,196,40,0.46,0.76,311.92,84.76,291.27,90.34,0.00,PASS,,recovery_detected,True,False,0,375,0,35,,,,,,,,,,,,,,,,
Random Search,20260607,42,1,6,rs_r42_001_tl31_dt54_ge10_qr46_tau77,31,54,10,0.46,0.77,177.92,87.52,169.70,90.34,0.00,PASS,,recovery_detected,True,False,0,1234,0,50,,,,,,,,,,,,,,,,
Random Search,20260607,42,2,6,rs_r42_002_tl109_dt206_ge0_qr99_tau70,109,206,0,0.99,0.7,286.92,94.08,269.39,90.34,0.00,PASS,,recovery_detected,True,False,0,980,0,107,,,,,,,,,,,,,,,,
Random Search,20260607,42,3,6,rs_r42_003_tl5_dt118_ge48_qr45_tau86,5,118,48,0.45,0.86,146.92,90.84,141.82,90.34,0.00,PASS,,recovery_detected,True,False,0,453,0,25,,,,,,,,,,,,,,,,
Random Search,20260607,42,4,6,rs_r42_004_tl97_dt43_ge18_qr5_tau72,97,43,18,0.05,0.72,274.92,102.06,259.21,90.34,0.00,PASS,,recovery_detected,True,False,0,1862,1,47,,,,,,,,,,,,,,,,
Random Search,20260607,42,5,6,rs_r42_005_tl74_dt141_ge7_qr58_tau83,74,141,7,0.58,0.83,352.92,92.03,329.20,90.34,0.00,PASS,,recovery_detected,True,False,0,792,0,81,,,,,,,,,,,,,,,,
Random Search,20260607,42,6,6,rs_r42_006_tl28_dt49_ge38_qr44_tau72,28,49,38,0.44,0.72,151.92,87.73,146.08,90.34,0.00,PASS,,recovery_detected,True,False,0,1282,0,24,,,,,,,,,,,,,,,,
Random Search,20260607,43,1,6,rs_r43_001_tl65_dt6_ge15_qr97_tau81,65,6,15,0.97,0.81,181.92,95.17,174.03,90.34,0.00,PASS,,recovery_detected,True,False,0,4138,0,20,,,,,,,,,,,,,,,,
Random Search,20260607,43,2,6,rs_r43_002_tl60_dt16_ge50_qr65_tau80,60,16,50,0.65,0.8,144.92,79.76,139.00,90.34,0.00,PASS,,recovery_detected,True,False,0,2859,0,17,,,,,,,,,,,,,,,,
Random Search,20260607,43,3,6,rs_r43_003_tl17_dt48_ge39_qr33_tau83,17,48,39,0.33,0.83,225.92,86.48,213.24,90.34,0.00,PASS,,recovery_detected,True,False,0,1197,0,30,,,,,,,,,,,,,,,,
Random Search,20260607,43,4,6,rs_r43_004_tl47_dt230_ge25_qr95_tau83,47,230,25,0.95,0.83,332.92,80.37,309.96,90.34,0.00,PASS,,recovery_detected,True,False,0,379,0,46,,,,,,,,,,,,,,,,
Random Search,20260607,43,5,6,rs_r43_005_tl121_dt158_ge28_qr79_tau70,121,158,28,0.79,0.7,298.92,78.16,278.85,90.34,0.00,PASS,,recovery_detected,True,False,0,291,0,42,,,,,,,,,,,,,,,,
Random Search,20260607,43,6,6,rs_r43_006_tl82_dt241_ge35_qr17_tau85,82,241,35,0.17,0.85,287.92,90.46,269.97,90.34,0.00,PASS,,recovery_detected,True,False,0,398,1,38,,,,,,,,,,,,,,,,
Random Search,20260607,44,1,6,rs_r44_001_tl83_dt98_ge2_qr16_tau79,83,98,2,0.16,0.79,403.92,90.38,375.42,90.34,0.00,PASS,,recovery_detected,True,False,0,1159,1,114,,,,,,,,,,,,,,,,
Random Search,20260607,44,2,6,rs_r44_002_tl70_dt167_ge26_qr39_tau88,70,167,26,0.39,0.88,202.92,77.82,191.55,90.34,0.00,PASS,,recovery_detected,True,False,0,289,0,36,,,,,,,,,,,,,,,,
Random Search,20260607,44,3,6,rs_r44_003_tl75_dt41_ge46_qr63_tau73,75,41,46,0.63,0.73,124.92,85.89,121.37,90.34,0.00,PASS,,recovery_detected,True,False,0,1275,0,20,,,,,,,,,,,,,,,,
Random Search,20260607,44,4,6,rs_r44_004_tl29_dt138_ge26_qr51_tau77,29,138,26,0.51,0.77,214.92,84.39,203.05,90.34,0.00,PASS,,recovery_detected,True,False,0,443,0,40,,,,,,,,,,,,,,,,
Random Search,20260607,44,5,6,rs_r44_005_tl26_dt235_ge32_qr54_tau79,26,235,32,0.54,0.79,262.92,84.10,246.66,90.34,0.00,PASS,,recovery_detected,True,False,0,431,0,36,,,,,,,,,,,,,,,,
Random Search,20260607,44,6,6,rs_r44_006_tl21_dt200_ge50_qr33_tau87,21,200,50,0.33,0.87,313.92,75.36,292.23,90.34,0.00,PASS,,recovery_detected,True,False,0,290,0,31,,,,,,,,,,,,,,,,
Random Search,20260607,45,1,6,rs_r45_001_tl56_dt6_ge41_qr60_tau88,56,6,41,0.6,0.88,180.92,92.55,172.89,90.34,0.00,PASS,,recovery_detected,True,False,0,4137,0,18,,,,,,,,,,,,,,,,
Random Search,20260607,45,2,6,rs_r45_002_tl101_dt102_ge19_qr27_tau71,101,102,19,0.27,0.71,285.92,99.51,268.97,90.34,0.00,PASS,,recovery_detected,True,False,0,436,1,51,,,,,,,,,,,,,,,,
Random Search,20260607,45,3,6,rs_r45_003_tl122_dt192_ge23_qr29_tau88,122,192,23,0.29,0.88,178.92,84.32,170.32,90.34,0.00,PASS,,recovery_detected,True,False,0,425,1,39,,,,,,,,,,,,,,,,
Random Search,20260607,45,4,6,rs_r45_004_tl105_dt182_ge0_qr99_tau76,105,182,0,0.99,0.76,273.92,94.26,257.59,90.34,0.00,PASS,,recovery_detected,True,False,0,867,0,102,,,,,,,,,,,,,,,,
Random Search,20260607,45,5,6,rs_r45_005_tl48_dt88_ge40_qr63_tau87,48,88,40,0.63,0.87,312.92,81.79,291.91,90.34,0.00,PASS,,recovery_detected,True,False,0,405,0,35,,,,,,,,,,,,,,,,
Random Search,20260607,45,6,6,rs_r45_006_tl74_dt117_ge4_qr19_tau87,74,117,4,0.19,0.87,299.92,93.59,281.16,90.34,0.00,PASS,,recovery_detected,True,False,0,797,1,85,,,,,,,,,,,,,,,,
Random Search,20260607,46,1,6,rs_r46_001_tl2_dt201_ge34_qr82_tau87,2,201,34,0.82,0.87,193.92,79.70,183.54,90.34,0.00,PASS,,recovery_detected,True,False,0,633,0,30,,,,,,,,,,,,,,,,
Random Search,20260607,46,2,6,rs_r46_002_tl23_dt19_ge27_qr96_tau80,23,19,27,0.96,0.8,172.92,79.75,164.45,90.34,0.00,PASS,,recovery_detected,True,False,0,2902,0,23,,,,,,,,,,,,,,,,
Random Search,20260607,46,3,6,rs_r46_003_tl88_dt148_ge43_qr85_tau85,88,148,43,0.85,0.85,272.92,80.52,255.43,90.34,0.00,PASS,,recovery_detected,True,False,0,251,0,33,,,,,,,,,,,,,,,,
Random Search,20260607,46,4,6,rs_r46_004_tl108_dt32_ge19_qr72_tau78,108,32,19,0.72,0.78,137.92,86.93,133.28,90.34,0.00,PASS,,recovery_detected,True,False,0,1733,0,31,,,,,,,,,,,,,,,,
Random Search,20260607,46,5,6,rs_r46_005_tl26_dt50_ge17_qr84_tau78,26,50,17,0.84,0.78,191.92,76.36,181.41,90.34,0.00,PASS,,recovery_detected,True,False,0,1481,0,40,,,,,,,,,,,,,,,,
Random Search,20260607,46,6,6,rs_r46_006_tl72_dt163_ge1_qr82_tau74,72,163,1,0.82,0.74,413.92,90.30,384.50,90.34,0.00,PASS,,recovery_detected,True,False,0,1289,0,124,,,,,,,,,,,,,,,,
Random Search,20260607,47,1,6,rs_r47_001_tl45_dt112_ge26_qr40_tau77,45,112,26,0.4,0.77,298.92,76.57,278.71,90.34,0.00,PASS,,recovery_detected,True,False,0,429,0,44,,,,,,,,,,,,,,,,
Random Search,20260607,47,2,6,rs_r47_002_tl109_dt119_ge50_qr46_tau86,109,119,50,0.46,0.86,400.92,78.81,371.64,90.34,0.00,PASS,,recovery_detected,True,False,0,220,0,34,,,,,,,,,,,,,,,,
Random Search,20260607,47,3,6,rs_r47_003_tl86_dt181_ge30_qr35_tau76,86,181,30,0.35,0.76,286.92,75.40,267.69,90.34,0.00,PASS,,recovery_detected,True,False,0,292,0,40,,,,,,,,,,,,,,,,
Random Search,20260607,47,4,6,rs_r47_004_tl52_dt122_ge1_qr44_tau82,52,122,1,0.44,0.82,308.92,91.39,289.14,90.34,0.00,PASS,,recovery_detected,True,False,0,1059,0,102,,,,,,,,,,,,,,,,
Random Search,20260607,47,5,6,rs_r47_005_tl36_dt108_ge2_qr77_tau78,36,108,2,0.77,0.78,302.92,92.28,283.77,90.34,0.00,PASS,,recovery_detected,True,False,0,1143,0,93,,,,,,,,,,,,,,,,
Random Search,20260607,47,6,6,rs_r47_006_tl23_dt37_ge38_qr22_tau87,23,37,38,0.22,0.87,114.92,91.04,112.75,90.34,0.00,PASS,,recovery_detected,True,False,0,1561,1,21,,,,,,,,,,,,,,,,
Random Search,20260607,48,1,6,rs_r48_001_tl55_dt86_ge30_qr5_tau75,55,86,30,0.05,0.75,154.92,85.90,148.65,90.34,0.00,PASS,,recovery_detected,True,False,0,287,1,32,,,,,,,,,,,,,,,,
Random Search,20260607,48,2,6,rs_r48_002_tl72_dt200_ge26_qr98_tau70,72,200,26,0.98,0.7,202.92,77.82,191.55,90.34,0.00,PASS,,recovery_detected,True,False,0,289,0,36,,,,,,,,,,,,,,,,
Random Search,20260607,48,3,6,rs_r48_003_tl101_dt63_ge12_qr5_tau78,101,63,12,0.05,0.78,325.92,103.26,305.68,90.34,0.00,PASS,,recovery_detected,True,False,0,1065,1,61,,,,,,,,,,,,,,,,
Random Search,20260607,48,4,6,rs_r48_004_tl11_dt141_ge34_qr9_tau70,11,141,34,0.09,0.7,289.92,91.21,271.86,90.34,0.00,PASS,,recovery_detected,True,False,0,509,1,36,,,,,,,,,,,,,,,,
Random Search,20260607,48,5,6,rs_r48_005_tl115_dt89_ge3_qr8_tau80,115,89,3,0.08,0.8,190.92,93.02,182.02,90.34,0.00,PASS,,recovery_detected,True,False,0,842,1,72,,,,,,,,,,,,,,,,
Random Search,20260607,48,6,6,rs_r48_006_tl25_dt146_ge15_qr36_tau80,25,146,15,0.36,0.8,189.92,92.48,181.06,90.34,0.00,PASS,,recovery_detected,True,False,0,470,0,47,,,,,,,,,,,,,,,,
Random Search,20260607,49,1,6,rs_r49_001_tl73_dt170_ge2_qr26_tau87,73,170,2,0.26,0.87,238.92,95.06,225.84,90.34,0.00,PASS,,recovery_detected,True,False,0,661,1,86,,,,,,,,,,,,,,,,
Random Search,20260607,49,2,6,rs_r49_002_tl49_dt224_ge23_qr86_tau76,49,224,23,0.86,0.76,266.92,79.61,249.89,90.34,0.00,PASS,,recovery_detected,True,False,0,417,0,46,,,,,,,,,,,,,,,,
Random Search,20260607,49,3,6,rs_r49_003_tl11_dt79_ge15_qr11_tau85,11,79,15,0.11,0.85,146.92,86.78,141.45,90.34,0.00,PASS,,recovery_detected,True,False,0,815,1,39,,,,,,,,,,,,,,,,
Random Search,20260607,49,4,6,rs_r49_004_tl30_dt183_ge44_qr76_tau78,30,183,44,0.76,0.78,192.92,82.00,182.84,90.34,0.00,PASS,,recovery_detected,True,False,0,273,0,25,,,,,,,,,,,,,,,,
Random Search,20260607,49,5,6,rs_r49_005_tl6_dt24_ge13_qr8_tau83,6,24,13,0.08,0.83,138.92,82.14,133.76,90.34,0.00,PASS,,recovery_detected,True,False,0,2554,1,29,,,,,,,,,,,,,,,,
Random Search,20260607,49,6,6,rs_r49_006_tl105_dt144_ge30_qr5_tau75,105,144,30,0.05,0.75,174.92,86.47,166.88,90.34,0.00,PASS,,recovery_detected,True,False,0,238,1,31,,,,,,,,,,,,,,,,
Random Search,20260607,50,1,6,rs_r50_001_tl44_dt117_ge22_qr50_tau70,44,117,22,0.5,0.7,310.92,93.00,291.11,90.34,0.00,PASS,,recovery_detected,True,False,0,425,0,51,,,,,,,,,,,,,,,,
Random Search,20260607,50,2,6,rs_r50_002_tl116_dt126_ge34_qr2_tau75,116,126,34,0.02,0.75,319.92,88.95,298.92,90.34,0.00,PASS,,recovery_detected,True,False,0,266,1,39,,,,,,,,,,,,,,,,
Random Search,20260607,50,3,6,rs_r50_003_tl95_dt111_ge26_qr47_tau85,95,111,26,0.47,0.85,324.92,78.56,302.52,90.34,0.00,PASS,,recovery_detected,True,False,0,482,0,44,,,,,,,,,,,,,,,,
Random Search,20260607,50,4,6,rs_r50_004_tl46_dt2_ge35_qr10_tau81,46,2,35,0.1,0.81,262.92,86.61,246.89,90.34,0.00,PASS,,recovery_detected,True,False,0,4586,1,17,,,,,,,,,,,,,,,,
Random Search,20260607,50,5,6,rs_r50_005_tl54_dt42_ge4_qr100_tau78,54,42,4,1.0,0.78,170.92,89.93,163.56,90.34,0.00,PASS,,recovery_detected,True,False,0,1896,0,53,,,,,,,,,,,,,,,,
Random Search,20260607,50,6,6,rs_r50_006_tl20_dt194_ge10_qr17_tau87,20,194,10,0.17,0.87,397.92,90.01,369.93,90.34,0.00,PASS,,recovery_detected,True,False,0,1195,1,81,,,,,,,,,,,,,,,,
CMA-ES,20260607,1,1,6,cma_r01_001_tl34_dt25_ge1_qr76_tau84,34,25,1,0.76,0.84,158.92,73.97,151.20,151.20,0.00,PASS,,recovery_detected,True,False,0,2599,0,46,,,,,,,,,,,,,,,,
CMA-ES,20260607,1,2,6,cma_r01_002_tl62_dt161_ge20_qr0_tau90,62,161,20,0.0,0.9,495.92,92.10,459.21,151.20,0.00,PASS,,recovery_detected,True,False,0,587,1,69,,,,,,,,,,,,,,,,
CMA-ES,20260607,1,3,6,cma_r01_003_tl37_dt202_ge8_qr64_tau71,37,202,8,0.64,0.71,281.92,90.01,264.47,151.20,0.00,PASS,,recovery_detected,True,False,0,715,0,70,,,,,,,,,,,,,,,,
CMA-ES,20260607,1,4,6,cma_r01_004_tl46_dt177_ge39_qr53_tau72,46,177,39,0.53,0.72,274.92,81.03,257.29,151.20,0.00,PASS,,recovery_detected,True,False,0,245,0,32,,,,,,,,,,,,,,,,
CMA-ES,20260607,1,5,6,cma_r01_005_tl27_dt216_ge25_qr60_tau87,27,216,25,0.6,0.87,181.92,77.39,172.42,151.20,0.00,PASS,,recovery_detected,True,False,0,429,0,37,,,,,,,,,,,,,,,,
CMA-ES,20260607,1,6,6,cma_r01_006_tl96_dt196_ge43_qr0_tau75,96,196,43,0.0,0.75,217.92,82.47,205.61,151.20,0.00,PASS,,recovery_detected,True,False,0,273,1,29,,,,,,,,,,,,,,,,
CMA-ES,20260607,2,1,6,cma_r02_001_tl52_dt120_ge13_qr79_tau82,52,120,13,0.79,0.82,309.92,89.75,289.90,151.20,0.00,PASS,,recovery_detected,True,False,0,579,0,62,,,,,,,,,,,,,,,,
CMA-ES,20260607,2,2,6,cma_r02_002_tl10_dt50_ge12_qr90_tau84,10,50,12,0.9,0.84,182.92,80.87,173.64,151.20,0.00,PASS,,recovery_detected,True,False,0,1437,0,44,,,,,,,,,,,,,,,,
CMA-ES,20260607,2,3,6,cma_r02_003_tl40_dt105_ge31_qr13_tau78,40,105,31,0.13,0.78,194.92,91.82,185.55,151.20,0.00,PASS,,recovery_detected,True,False,0,313,1,32,,,,,,,,,,,,,,,,
CMA-ES,20260607,2,4,6,cma_r02_004_tl24_dt167_ge17_qr99_tau82,24,167,17,0.99,0.82,297.92,90.00,279.02,151.20,0.00,PASS,,recovery_detected,True,False,0,678,0,54,,,,,,,,,,,,,,,,
CMA-ES,20260607,2,5,6,cma_r02_005_tl60_dt6_ge11_qr71_tau81,60,6,11,0.71,0.81,181.92,95.17,174.03,151.20,0.00,PASS,,recovery_detected,True,False,0,4138,0,20,,,,,,,,,,,,,,,,
CMA-ES,20260607,2,6,6,cma_r02_006_tl52_dt1_ge20_qr49_tau72,52,1,20,0.49,0.72,264.92,89.58,248.98,151.20,0.00,PASS,,recovery_detected,True,False,0,4656,0,18,,,,,,,,,,,,,,,,
CMA-ES,20260607,3,1,6,cma_r03_001_tl31_dt95_ge24_qr58_tau86,31,95,24,0.58,0.86,307.92,81.40,287.33,151.20,0.00,PASS,,recovery_detected,True,False,0,717,0,44,,,,,,,,,,,,,,,,
CMA-ES,20260607,3,2,6,cma_r03_002_tl53_dt99_ge28_qr75_tau87,53,99,28,0.75,0.87,215.92,75.22,203.13,151.20,0.00,PASS,,recovery_detected,True,False,0,299,0,36,,,,,,,,,,,,,,,,
CMA-ES,20260607,3,3,6,cma_r03_003_tl58_dt5_ge9_qr81_tau81,58,5,9,0.81,0.81,264.92,81.74,248.27,151.20,0.00,PASS,,recovery_detected,True,False,0,4853,0,21,,,,,,,,,,,,,,,,
CMA-ES,20260607,3,4,6,cma_r03_004_tl2_dt119_ge9_qr88_tau86,2,119,9,0.88,0.86,232.92,77.37,218.78,151.20,0.00,PASS,,recovery_detected,True,False,0,847,0,57,,,,,,,,,,,,,,,,
CMA-ES,20260607,3,5,6,cma_r03_005_tl76_dt23_ge28_qr99_tau82,76,23,28,0.99,0.82,177.92,75.87,168.64,151.20,0.00,PASS,,recovery_detected,True,False,0,2762,0,24,,,,,,,,,,,,,,,,
CMA-ES,20260607,3,6,6,cma_r03_006_tl64_dt60_ge28_qr19_tau80,64,60,28,0.19,0.8,157.92,84.31,151.23,151.20,0.00,PASS,,recovery_detected,True,False,0,731,1,29,,,,,,,,,,,,,,,,
CMA-ES,20260607,4,1,6,cma_r04_001_tl45_dt81_ge19_qr79_tau78,45,81,19,0.79,0.78,380.92,93.97,354.83,151.20,0.00,PASS,,recovery_detected,True,False,0,733,0,58,,,,,,,,,,,,,,,,
CMA-ES,20260607,4,2,6,cma_r04_002_tl61_dt142_ge49_qr59_tau76,61,142,49,0.59,0.76,302.92,79.03,282.57,151.20,0.00,PASS,,recovery_detected,True,False,0,347,0,31,,,,,,,,,,,,,,,,
CMA-ES,20260607,4,3,6,cma_r04_003_tl30_dt9_ge30_qr21_tau82,30,9,30,0.21,0.82,145.92,82.38,140.14,140.14,0.00,PASS,,recovery_detected,True,False,0,3030,1,17,,,,,,,,,,,,,,,,
CMA-ES,20260607,4,4,6,cma_r04_004_tl53_dt95_ge29_qr47_tau86,53,95,29,0.47,0.86,266.92,80.06,249.93,140.14,0.00,PASS,,recovery_detected,True,False,0,608,0,38,,,,,,,,,,,,,,,,
CMA-ES,20260607,4,5,6,cma_r04_005_tl35_dt74_ge29_qr84_tau90,35,74,29,0.84,0.9,283.92,85.81,265.91,140.14,0.00,PASS,,recovery_detected,True,False,0,527,0,39,,,,,,,,,,,,,,,,
CMA-ES,20260607,4,6,6,cma_r04_006_tl65_dt70_ge27_qr69_tau82,65,70,27,0.69,0.82,344.92,84.99,321.29,140.14,0.00,PASS,,recovery_detected,True,False,0,940,0,45,,,,,,,,,,,,,,,,
CMA-ES,20260607,5,1,6,cma_r05_001_tl115_dt27_ge37_qr12_tau85,115,27,37,0.12,0.85,113.92,80.47,110.88,110.88,0.00,PASS,,recovery_detected,True,False,0,1713,1,19,,,,,,,,,,,,,,,,
CMA-ES,20260607,5,2,6,cma_r05_002_tl20_dt0_ge30_qr24_tau78,20,0,30,0.24,0.78,268.92,85.66,252.26,110.88,0.00,PASS,,recovery_detected,True,False,0,408,1,40,,,,,,,,,,,,,,,,
CMA-ES,20260607,5,3,6,cma_r05_003_tl31_dt77_ge29_qr0_tau80,31,77,29,0.0,0.8,188.92,83.82,179.37,110.88,0.00,PASS,,recovery_detected,True,False,0,497,1,36,,,,,,,,,,,,,,,,
CMA-ES,20260607,5,4,6,cma_r05_004_tl48_dt120_ge42_qr55_tau81,48,120,42,0.55,0.81,281.92,79.19,263.49,110.88,0.00,PASS,,recovery_detected,True,False,0,366,0,31,,,,,,,,,,,,,,,,
CMA-ES,20260607,5,5,6,cma_r05_005_tl24_dt1_ge17_qr76_tau88,24,1,17,0.76,0.88,264.92,89.58,248.98,110.88,0.00,PASS,,recovery_detected,True,False,0,4656,0,18,,,,,,,,,,,,,,,,
CMA-ES,20260607,5,6,6,cma_r05_006_tl13_dt21_ge50_qr14_tau76,13,21,50,0.14,0.76,138.92,84.58,133.98,110.88,0.00,PASS,,recovery_detected,True,False,0,2529,1,17,,,,,,,,,,,,,,,,
CMA-ES,20260607,6,1,6,cma_r06_001_tl61_dt24_ge28_qr36_tau88,61,24,28,0.36,0.88,177.92,82.54,169.25,110.88,0.00,PASS,,recovery_detected,True,False,0,2699,0,26,,,,,,,,,,,,,,,,
CMA-ES,20260607,6,2,6,cma_r06_002_tl58_dt63_ge49_qr39_tau86,58,63,49,0.39,0.86,210.92,76.36,198.69,110.88,0.00,PASS,,recovery_detected,True,False,0,714,0,28,,,,,,,,,,,,,,,,
CMA-ES,20260607,6,3,6,cma_r06_003_tl88_dt0_ge37_qr4_tau80,88,0,37,0.04,0.8,304.92,96.08,285.93,110.88,0.00,PASS,,recovery_detected,True,False,0,250,1,36,,,,,,,,,,,,,,,,
CMA-ES,20260607,6,4,6,cma_r06_004_tl78_dt9_ge36_qr14_tau82,78,9,36,0.14,0.82,145.92,82.38,140.14,110.88,0.00,PASS,,recovery_detected,True,False,0,3030,1,17,,,,,,,,,,,,,,,,
CMA-ES,20260607,6,5,6,cma_r06_005_tl38_dt2_ge48_qr8_tau86,38,2,48,0.08,0.86,262.92,86.61,246.89,110.88,0.00,PASS,,recovery_detected,True,False,0,4586,1,17,,,,,,,,,,,,,,,,
CMA-ES,20260607,6,6,6,cma_r06_006_tl66_dt19_ge29_qr36_tau83,66,19,29,0.36,0.83,143.92,76.96,137.83,110.88,0.00,PASS,,recovery_detected,True,False,0,2735,0,20,,,,,,,,,,,,,,,,
CMA-ES,20260607,7,1,6,cma_r07_001_tl117_dt25_ge19_qr17_tau75,117,25,19,0.17,0.75,93.92,79.96,92.65,92.65,0.00,PASS,,recovery_detected,True,False,0,1947,1,29,,,,,,,,,,,,,,,,
CMA-ES,20260607,7,2,6,cma_r07_002_tl94_dt5_ge32_qr14_tau88,94,5,32,0.14,0.88,161.92,93.25,155.68,92.65,0.00,PASS,,recovery_detected,True,False,0,3229,1,18,,,,,,,,,,,,,,,,
CMA-ES,20260607,7,3,6,cma_r07_003_tl55_dt40_ge24_qr28_tau86,55,40,24,0.28,0.86,169.92,87.97,162.47,92.65,0.00,PASS,,recovery_detected,True,False,0,1555,1,29,,,,,,,,,,,,,,,,
CMA-ES,20260607,7,4,6,cma_r07_004_tl61_dt87_ge16_qr70_tau85,61,87,16,0.7,0.85,248.92,99.46,235.33,92.65,0.00,PASS,,recovery_detected,True,False,0,646,0,52,,,,,,,,,,,,,,,,
CMA-ES,20260607,7,5,6,cma_r07_005_tl51_dt19_ge20_qr29_tau83,51,19,20,0.29,0.83,145.92,90.16,140.85,92.65,0.00,PASS,,recovery_detected,True,False,0,2772,1,20,,,,,,,,,,,,,,,,
CMA-ES,20260607,7,6,6,cma_r07_006_tl36_dt1_ge49_qr22_tau81,36,1,49,0.22,0.81,262.92,100.32,248.14,92.65,0.00,PASS,,recovery_detected,True,False,0,4598,1,17,,,,,,,,,,,,,,,,
CMA-ES,20260607,8,1,6,cma_r08_001_tl118_dt53_ge17_qr1_tau75,118,53,17,0.01,0.75,230.92,87.42,217.87,92.65,0.00,PASS,,recovery_detected,True,False,0,1156,1,46,,,,,,,,,,,,,,,,
CMA-ES,20260607,8,2,6,cma_r08_002_tl100_dt4_ge28_qr4_tau79,100,4,28,0.04,0.79,173.92,99.41,167.15,92.65,0.00,PASS,,recovery_detected,True,False,0,4119,1,18,,,,,,,,,,,,,,,,
CMA-ES,20260607,8,3,6,cma_r08_003_tl75_dt0_ge24_qr11_tau81,75,0,24,0.11,0.81,278.92,91.27,261.86,92.65,0.00,PASS,,recovery_detected,True,False,0,303,1,44,,,,,,,,,,,,,,,,
CMA-ES,20260607,8,4,6,cma_r08_004_tl121_dt13_ge38_qr25_tau75,121,13,38,0.25,0.75,158.92,85.95,152.29,92.65,0.00,PASS,,recovery_detected,True,False,0,2942,1,17,,,,,,,,,,,,,,,,
CMA-ES,20260607,8,5,6,cma_r08_005_tl105_dt71_ge32_qr26_tau74,105,71,32,0.26,0.74,277.92,83.99,260.29,92.65,0.00,PASS,,recovery_detected,True,False,0,687,1,40,,,,,,,,,,,,,,,,
CMA-ES,20260607,8,6,6,cma_r08_006_tl100_dt38_ge6_qr8_tau76,100,38,6,0.08,0.76,141.92,85.48,136.79,92.65,0.00,PASS,,recovery_detected,True,False,0,1816,1,42,,,,,,,,,,,,,,,,
CMA-ES,20260607,9,1,6,cma_r09_001_tl121_dt43_ge26_qr7_tau73,121,43,26,0.07,0.73,109.92,82.30,107.41,92.65,0.00,PASS,,recovery_detected,True,False,0,1125,1,30,,,,,,,,,,,,,,,,
CMA-ES,20260607,9,2,6,cma_r09_002_tl88_dt22_ge16_qr17_tau76,88,22,16,0.17,0.76,144.92,83.85,139.37,92.65,0.00,PASS,,recovery_detected,True,False,0,2724,1,26,,,,,,,,,,,,,,,,
CMA-ES,20260607,9,3,6,cma_r09_003_tl100_dt89_ge9_qr7_tau74,100,89,9,0.07,0.74,279.92,97.48,263.33,92.65,0.00,PASS,,recovery_detected,True,False,0,947,1,67,,,,,,,,,,,,,,,,
CMA-ES,20260607,9,4,6,cma_r09_004_tl118_dt31_ge28_qr18_tau74,118,31,28,0.18,0.74,144.92,88.45,139.79,92.65,0.00,PASS,,recovery_detected,True,False,0,2433,1,24,,,,,,,,,,,,,,,,
CMA-ES,20260607,9,5,6,cma_r09_005_tl104_dt18_ge38_qr15_tau78,104,18,38,0.15,0.78,164.92,92.87,158.37,92.65,0.00,PASS,,recovery_detected,True,False,0,2995,1,20,,,,,,,,,,,,,,,,
CMA-ES,20260607,9,6,6,cma_r09_006_tl100_dt4_ge14_qr1_tau74,100,4,14,0.01,0.74,173.92,99.41,167.15,92.65,0.00,PASS,,recovery_detected,True,False,0,4109,1,20,,,,,,,,,,,,,,,,
CMA-ES,20260607,10,1,6,cma_r10_001_tl122_dt15_ge50_qr1_tau73,122,15,50,0.01,0.73,137.92,83.00,132.93,92.65,0.00,PASS,,recovery_detected,True,False,0,2591,1,18,,,,,,,,,,,,,,,,
CMA-ES,20260607,10,2,6,cma_r10_002_tl101_dt35_ge39_qr0_tau80,101,35,39,0.0,0.8,115.92,93.78,113.91,92.65,0.00,PASS,,recovery_detected,True,False,0,1515,1,21,,,,,,,,,,,,,,,,
CMA-ES,20260607,10,3,6,cma_r10_003_tl101_dt107_ge34_qr14_tau75,101,107,34,0.14,0.75,301.92,92.18,282.85,92.65,0.00,PASS,,recovery_detected,True,False,0,368,1,38,,,,,,,,,,,,,,,,
CMA-ES,20260607,10,4,6,cma_r10_004_tl118_dt45_ge30_qr0_tau74,118,45,30,0.0,0.74,177.92,92.31,170.14,92.65,0.00,PASS,,recovery_detected,True,False,0,1103,1,30,,,,,,,,,,,,,,,,
CMA-ES,20260607,10,5,6,cma_r10_005_tl90_dt54_ge28_qr26_tau77,90,54,28,0.26,0.77,222.92,89.43,210.78,92.65,0.00,PASS,,recovery_detected,True,False,0,799,1,37,,,,,,,,,,,,,,,,
CMA-ES,20260607,10,6,6,cma_r10_006_tl109_dt87_ge14_qr29_tau81,109,87,14,0.29,0.81,291.92,89.18,273.49,92.65,0.00,PASS,,recovery_detected,True,False,0,511,1,58,,,,,,,,,,,,,,,,
CMA-ES,20260607,11,1,6,cma_r11_001_tl83_dt106_ge39_qr0_tau79,83,106,39,0.0,0.79,186.92,89.55,178.07,92.65,0.00,PASS,,recovery_detected,True,False,0,167,1,29,,,,,,,,,,,,,,,,
CMA-ES,20260607,11,2,6,cma_r11_002_tl93_dt43_ge44_qr0_tau77,93,43,44,0.0,0.77,114.92,91.51,112.79,92.65,0.00,PASS,,recovery_detected,True,False,0,1020,1,22,,,,,,,,,,,,,,,,
CMA-ES,20260607,11,3,6,cma_r11_003_tl120_dt2_ge36_qr17_tau83,120,2,36,0.17,0.83,262.92,86.61,246.89,92.65,0.00,PASS,,recovery_detected,True,False,0,4586,1,17,,,,,,,,,,,,,,,,
CMA-ES,20260607,11,4,6,cma_r11_004_tl106_dt11_ge16_qr23_tau77,106,11,16,0.23,0.77,146.92,81.48,140.97,92.65,0.00,PASS,,recovery_detected,True,False,0,3022,1,18,,,,,,,,,,,,,,,,
CMA-ES,20260607,11,5,6,cma_r11_005_tl88_dt20_ge43_qr7_tau82,88,20,43,0.07,0.82,91.92,81.03,90.93,90.93,0.00,PASS,,recovery_detected,True,False,0,2211,1,17,,,,,,,,,,,,,,,,
CMA-ES,20260607,11,6,6,cma_r11_006_tl97_dt9_ge47_qr2_tau82,97,9,47,0.02,0.82,145.92,82.38,140.14,90.93,0.00,PASS,,recovery_detected,True,False,0,3030,1,17,,,,,,,,,,,,,,,,
CMA-ES,20260607,12,1,6,cma_r12_001_tl94_dt11_ge35_qr3_tau79,94,11,35,0.03,0.79,146.92,81.48,140.97,90.93,0.00,PASS,,recovery_detected,True,False,0,3021,1,17,,,,,,,,,,,,,,,,
CMA-ES,20260607,12,2,6,cma_r12_002_tl121_dt44_ge35_qr5_tau83,121,44,35,0.05,0.83,165.92,88.95,158.92,90.93,0.00,PASS,,recovery_detected,True,False,0,1105,1,28,,,,,,,,,,,,,,,,
CMA-ES,20260607,12,3,6,cma_r12_003_tl85_dt21_ge50_qr21_tau80,85,21,50,0.21,0.8,138.92,84.58,133.98,90.93,0.00,PASS,,recovery_detected,True,False,0,2529,1,17,,,,,,,,,,,,,,,,
CMA-ES,20260607,12,4,6,cma_r12_004_tl95_dt32_ge42_qr1_tau81,95,32,42,0.01,0.81,138.92,96.63,135.08,90.93,0.00,PASS,,recovery_detected,True,False,0,1803,1,19,,,,,,,,,,,,,,,,
CMA-ES,20260607,12,5,6,cma_r12_005_tl60_dt3_ge37_qr25_tau83,60,3,37,0.25,0.83,181.92,85.83,173.18,90.93,0.00,PASS,,recovery_detected,True,False,0,4220,1,17,,,,,,,,,,,,,,,,
CMA-ES,20260607,12,6,6,cma_r12_006_tl105_dt26_ge32_qr6_tau83,105,26,32,0.06,0.83,92.92,82.29,91.95,90.93,0.00,PASS,,recovery_detected,True,False,0,1925,1,18,,,,,,,,,,,,,,,,
CMA-ES,20260607,13,1,6,cma_r13_001_tl105_dt17_ge37_qr10_tau80,105,17,37,0.1,0.8,137.92,92.55,133.80,90.93,0.00,PASS,,recovery_detected,True,False,0,2472,1,18,,,,,,,,,,,,,,,,
CMA-ES,20260607,13,2,6,cma_r13_002_tl89_dt17_ge21_qr20_tau78,89,17,21,0.2,0.78,145.92,93.00,141.11,90.93,0.00,PASS,,recovery_detected,True,False,0,2906,1,21,,,,,,,,,,,,,,,,
CMA-ES,20260607,13,3,6,cma_r13_003_tl81_dt28_ge38_qr0_tau80,81,28,38,0.0,0.8,90.92,90.80,90.91,90.91,0.00,PASS,,recovery_detected,True,False,0,1684,1,17,,,,,,,,,,,,,,,,
CMA-ES,20260607,13,4,6,cma_r13_004_tl109_dt14_ge39_qr13_tau76,109,14,39,0.13,0.76,137.92,83.28,132.95,90.91,0.00,PASS,,recovery_detected,True,False,0,2653,1,18,,,,,,,,,,,,,,,,
CMA-ES,20260607,13,5,6,cma_r13_005_tl105_dt79_ge34_qr19_tau82,105,79,34,0.19,0.82,253.92,84.31,238.50,90.91,0.00,PASS,,recovery_detected,True,False,0,388,1,34,,,,,,,,,,,,,,,,
CMA-ES,20260607,13,6,6,cma_r13_006_tl110_dt22_ge49_qr6_tau82,110,22,49,0.06,0.82,93.92,81.51,92.79,90.91,0.00,PASS,,recovery_detected,True,False,0,2083,1,17,,,,,,,,,,,,,,,,
CMA-ES,20260607,14,1,6,cma_r14_001_tl61_dt34_ge50_qr2_tau85,61,34,50,0.02,0.85,114.92,92.43,112.88,90.91,0.00,PASS,,recovery_detected,True,False,0,1504,1,16,,,,,,,,,,,,,,,,
CMA-ES,20260607,14,2,6,cma_r14_002_tl47_dt20_ge46_qr17_tau84,47,20,46,0.17,0.84,91.92,81.03,90.93,90.91,0.00,PASS,,recovery_detected,True,False,0,2211,1,17,,,,,,,,,,,,,,,,
CMA-ES,20260607,14,3,6,cma_r14_003_tl80_dt17_ge47_qr8_tau82,80,17,47,0.08,0.82,137.92,92.55,133.80,90.91,0.00,PASS,,recovery_detected,True,False,0,2472,1,18,,,,,,,,,,,,,,,,
CMA-ES,20260607,14,4,6,cma_r14_004_tl65_dt33_ge24_qr5_tau79,65,33,24,0.05,0.79,159.92,88.09,153.39,90.91,0.00,PASS,,recovery_detected,True,False,0,1833,1,28,,,,,,,,,,,,,,,,
CMA-ES,20260607,14,5,6,cma_r14_005_tl122_dt44_ge50_qr1_tau80,122,44,50,0.01,0.8,96.92,91.80,96.45,90.91,0.00,PASS,,recovery_detected,True,False,0,973,1,19,,,,,,,,,,,,,,,,
CMA-ES,20260607,14,6,6,cma_r14_006_tl112_dt37_ge32_qr0_tau79,112,37,32,0.0,0.79,137.92,94.60,133.98,90.91,0.00,PASS,,recovery_detected,True,False,0,1637,1,27,,,,,,,,,,,,,,,,
CMA-ES,20260607,15,1,6,cma_r15_001_tl70_dt31_ge49_qr1_tau81,70,31,49,0.01,0.81,91.92,89.03,91.66,90.91,0.00,PASS,,recovery_detected,True,False,0,1542,1,17,,,,,,,,,,,,,,,,
CMA-ES,20260607,15,2,6,cma_r15_002_tl47_dt45_ge40_qr10_tau81,47,45,40,0.1,0.81,127.92,93.66,124.81,90.91,0.00,PASS,,recovery_detected,True,False,0,1016,1,23,,,,,,,,,,,,,,,,
CMA-ES,20260607,15,3,6,cma_r15_003_tl49_dt19_ge38_qr10_tau84,49,19,38,0.1,0.84,137.92,93.11,133.85,90.91,0.00,PASS,,recovery_detected,True,False,0,2629,1,17,,,,,,,,,,,,,,,,
CMA-ES,20260607,15,4,6,cma_r15_004_tl60_dt15_ge50_qr24_tau85,60,15,50,0.24,0.85,137.92,83.00,132.93,90.91,0.00,PASS,,recovery_detected,True,False,0,2591,1,18,,,,,,,,,,,,,,,,
CMA-ES,20260607,15,5,6,cma_r15_005_tl36_dt7_ge39_qr2_tau83,36,7,39,0.02,0.83,163.92,84.28,156.68,90.91,0.00,PASS,,recovery_detected,True,False,0,3189,1,18,,,,,,,,,,,,,,,,
CMA-ES,20260607,15,6,6,cma_r15_006_tl72_dt15_ge50_qr15_tau84,72,15,50,0.15,0.84,137.92,83.00,132.93,90.91,0.00,PASS,,recovery_detected,True,False,0,2591,1,18,,,,,,,,,,,,,,,,
CMA-ES,20260607,16,1,6,cma_r16_001_tl45_dt71_ge50_qr0_tau82,45,71,50,0.0,0.82,172.92,82.03,164.66,90.91,0.00,PASS,,recovery_detected,True,False,0,460,1,27,,,,,,,,,,,,,,,,
CMA-ES,20260607,16,2,6,cma_r16_002_tl69_dt33_ge41_qr10_tau81,69,33,41,0.1,0.81,112.92,96.70,111.45,90.91,0.00,PASS,,recovery_detected,True,False,0,1677,1,17,,,,,,,,,,,,,,,,
CMA-ES,20260607,16,3,6,cma_r16_003_tl58_dt9_ge43_qr13_tau84,58,9,43,0.13,0.84,145.92,82.38,140.14,90.91,0.00,PASS,,recovery_detected,True,False,0,3030,1,17,,,,,,,,,,,,,,,,
CMA-ES,20260607,16,4,6,cma_r16_004_tl66_dt48_ge48_qr6_tau81,66,48,48,0.06,0.81,157.92,91.96,151.92,90.91,0.00,PASS,,recovery_detected,True,False,0,1086,1,24,,,,,,,,,,,,,,,,
CMA-ES,20260607,16,5,6,cma_r16_005_tl43_dt23_ge44_qr17_tau85,43,23,44,0.17,0.85,166.92,84.01,159.38,90.91,0.00,PASS,,recovery_detected,True,False,0,2791,1,20,,,,,,,,,,,,,,,,
CMA-ES,20260607,16,6,6,cma_r16_006_tl17_dt19_ge38_qr20_tau82,17,19,38,0.2,0.82,137.92,93.11,133.85,90.91,0.00,PASS,,recovery_detected,True,False,0,2629,1,17,,,,,,,,,,,,,,,,
CMA-ES,20260607,17,1,6,cma_r17_001_tl46_dt45_ge37_qr26_tau83,46,45,37,0.26,0.83,144.92,89.38,139.87,90.91,0.00,PASS,,recovery_detected,True,False,0,1238,1,24,,,,,,,,,,,,,,,,
CMA-ES,20260607,17,2,6,cma_r17_002_tl38_dt36_ge42_qr7_tau82,38,36,42,0.07,0.82,111.92,93.51,110.25,90.91,0.00,PASS,,recovery_detected,True,False,0,1463,1,18,,,,,,,,,,,,,,,,
CMA-ES,20260607,17,3,6,cma_r17_003_tl74_dt13_ge32_qr20_tau85,74,13,32,0.2,0.85,158.92,85.95,152.29,90.91,0.00,PASS,,recovery_detected,True,False,0,2942,1,17,,,,,,,,,,,,,,,,
CMA-ES,20260607,17,4,6,cma_r17_004_tl35_dt9_ge39_qr20_tau82,35,9,39,0.2,0.82,145.92,82.38,140.14,90.91,0.00,PASS,,recovery_detected,True,False,0,3030,1,17,,,,,,,,,,,,,,,,
CMA-ES,20260607,17,5,6,cma_r17_005_tl32_dt23_ge33_qr17_tau83,32,23,33,0.17,0.83,143.92,82.88,138.37,90.91,0.00,PASS,,recovery_detected,True,False,0,2730,1,19,,,,,,,,,,,,,,,,
CMA-ES,20260607,17,6,6,cma_r17_006_tl44_dt83_ge36_qr14_tau82,44,83,36,0.14,0.82,199.92,81.97,189.20,90.91,0.00,PASS,,recovery_detected,True,False,0,381,1,31,,,,,,,,,,,,,,,,
CMA-ES,20260607,18,1,6,cma_r18_001_tl39_dt30_ge42_qr16_tau81,39,30,42,0.16,0.81,94.92,87.54,94.25,90.91,0.00,PASS,,recovery_detected,True,False,0,1623,1,17,,,,,,,,,,,,,,,,
CMA-ES,20260607,18,2,6,cma_r18_002_tl38_dt38_ge30_qr4_tau80,38,38,30,0.04,0.8,137.92,104.50,134.88,90.91,0.00,PASS,,recovery_detected,True,False,0,1559,1,29,,,,,,,,,,,,,,,,
CMA-ES,20260607,18,3,6,cma_r18_003_tl12_dt16_ge32_qr32_tau83,12,16,32,0.32,0.83,144.92,79.73,138.99,90.91,0.00,PASS,,recovery_detected,True,False,0,2867,0,18,,,,,,,,,,,,,,,,
CMA-ES,20260607,18,4,6,cma_r18_004_tl54_dt22_ge37_qr14_tau81,54,22,37,0.14,0.81,93.92,81.51,92.79,90.91,0.00,PASS,,recovery_detected,True,False,0,2083,1,17,,,,,,,,,,,,,,,,
CMA-ES,20260607,18,5,6,cma_r18_005_tl24_dt21_ge50_qr7_tau88,24,21,50,0.07,0.88,138.92,84.58,133.98,90.91,0.00,PASS,,recovery_detected,True,False,0,2529,1,17,,,,,,,,,,,,,,,,
CMA-ES,20260607,18,6,6,cma_r18_006_tl36_dt27_ge35_qr27_tau82,36,27,35,0.27,0.82,94.92,81.63,93.71,90.91,0.00,PASS,,recovery_detected,True,False,0,1727,1,18,,,,,,,,,,,,,,,,
CMA-ES,20260607,19,1,6,cma_r19_001_tl36_dt2_ge42_qr24_tau81,36,2,42,0.24,0.81,262.92,86.61,246.89,90.91,0.00,PASS,,recovery_detected,True,False,0,4586,1,17,,,,,,,,,,,,,,,,
CMA-ES,20260607,19,2,6,cma_r19_002_tl49_dt21_ge34_qr26_tau79,49,21,34,0.26,0.79,138.92,84.58,133.98,90.91,0.00,PASS,,recovery_detected,True,False,0,2529,1,17,,,,,,,,,,,,,,,,
CMA-ES,20260607,19,3,6,cma_r19_003_tl31_dt13_ge40_qr7_tau82,31,13,40,0.07,0.82,158.92,85.95,152.29,90.91,0.00,PASS,,recovery_detected,True,False,0,2942,1,17,,,,,,,,,,,,,,,,
CMA-ES,20260607,19,4,6,cma_r19_004_tl59_dt11_ge39_qr13_tau80,59,11,39,0.13,0.8,146.92,81.48,140.97,90.91,0.00,PASS,,recovery_detected,True,False,0,3021,1,17,,,,,,,,,,,,,,,,
CMA-ES,20260607,19,5,6,cma_r19_005_tl50_dt26_ge27_qr23_tau78,50,26,27,0.23,0.78,137.92,83.88,133.01,90.91,0.00,PASS,,recovery_detected,True,False,0,2268,1,23,,,,,,,,,,,,,,,,
CMA-ES,20260607,19,6,6,cma_r19_006_tl26_dt32_ge37_qr20_tau85,26,32,37,0.2,0.85,114.92,96.11,113.21,90.91,0.00,PASS,,recovery_detected,True,False,0,1703,1,20,,,,,,,,,,,,,,,,
CMA-ES,20260607,20,1,6,cma_r20_001_tl29_dt17_ge30_qr31_tau81,29,17,30,0.31,0.81,158.92,85.06,152.20,90.91,0.00,PASS,,recovery_detected,True,False,0,2807,0,19,,,,,,,,,,,,,,,,
CMA-ES,20260607,20,2,6,cma_r20_002_tl27_dt43_ge28_qr23_tau84,27,43,28,0.23,0.84,145.92,89.67,140.81,90.91,0.00,PASS,,recovery_detected,True,False,0,1525,1,28,,,,,,,,,,,,,,,,
CMA-ES,20260607,20,3,6,cma_r20_003_tl38_dt41_ge34_qr5_tau84,38,41,34,0.05,0.84,127.92,97.51,125.16,90.91,0.00,PASS,,recovery_detected,True,False,0,1294,1,28,,,,,,,,,,,,,,,,
CMA-ES,20260607,20,4,6,cma_r20_004_tl27_dt37_ge31_qr12_tau81,27,37,31,0.12,0.81,137.92,90.24,133.59,90.91,0.00,PASS,,recovery_detected,True,False,0,1833,1,25,,,,,,,,,,,,,,,,
CMA-ES,20260607,20,5,6,cma_r20_005_tl19_dt35_ge30_qr35_tau82,19,35,30,0.35,0.82,138.92,84.00,133.93,90.91,0.00,PASS,,recovery_detected,True,False,0,1733,0,25,,,,,,,,,,,,,,,,
CMA-ES,20260607,20,6,6,cma_r20_006_tl20_dt25_ge22_qr42_tau85,20,25,22,0.42,0.85,157.92,77.50,150.61,90.91,0.00,PASS,,recovery_detected,True,False,0,2303,0,27,,,,,,,,,,,,,,,,
CMA-ES,20260607,21,1,6,cma_r21_001_tl34_dt35_ge32_qr14_tau83,34,35,32,0.14,0.83,224.92,92.17,212.85,90.91,0.00,PASS,,recovery_detected,True,False,0,1594,1,33,,,,,,,,,,,,,,,,
CMA-ES,20260607,21,2,6,cma_r21_002_tl10_dt32_ge37_qr21_tau85,10,32,37,0.21,0.85,114.92,96.11,113.21,90.91,0.00,PASS,,recovery_detected,True,False,0,1703,1,20,,,,,,,,,,,,,,,,
CMA-ES,20260607,21,3,6,cma_r21_003_tl1_dt36_ge30_qr26_tau85,1,36,30,0.26,0.85,92.92,88.13,92.48,90.91,0.00,PASS,,recovery_detected,True,False,0,1616,1,20,,,,,,,,,,,,,,,,
CMA-ES,20260607,21,4,6,cma_r21_004_tl37_dt52_ge35_qr15_tau82,37,52,35,0.15,0.82,166.92,88.22,159.77,90.91,0.00,PASS,,recovery_detected,True,False,0,892,1,29,,,,,,,,,,,,,,,,
CMA-ES,20260607,21,5,6,cma_r21_005_tl22_dt36_ge34_qr22_tau83,22,36,34,0.22,0.83,92.92,89.32,92.59,90.91,0.00,PASS,,recovery_detected,True,False,0,1611,1,19,,,,,,,,,,,,,,,,
CMA-ES,20260607,21,6,6,cma_r21_006_tl26_dt42_ge26_qr12_tau80,26,42,26,0.12,0.8,108.92,89.09,107.12,90.91,0.00,PASS,,recovery_detected,True,False,0,1514,1,27,,,,,,,,,,,,,,,,
CMA-ES,20260607,22,1,6,cma_r22_001_tl3_dt32_ge30_qr28_tau86,3,32,30,0.28,0.86,94.92,88.26,94.31,90.91,0.00,PASS,,recovery_detected,True,False,0,1647,1,20,,,,,,,,,,,,,,,,
CMA-ES,20260607,22,2,6,cma_r22_002_tl8_dt35_ge23_qr29_tau84,8,35,23,0.29,0.84,144.92,88.12,139.76,90.91,0.00,PASS,,recovery_detected,True,False,0,1876,1,29,,,,,,,,,,,,,,,,
CMA-ES,20260607,22,3,6,cma_r22_003_tl7_dt24_ge38_qr26_tau86,7,24,38,0.26,0.86,165.92,83.46,158.42,90.91,0.00,PASS,,recovery_detected,True,False,0,2739,1,20,,,,,,,,,,,,,,,,
CMA-ES,20260607,22,4,6,cma_r22_004_tl11_dt36_ge33_qr26_tau86,11,36,33,0.26,0.86,91.92,88.09,91.57,90.91,0.00,PASS,,recovery_detected,True,False,0,1603,1,19,,,,,,,,,,,,,,,,
CMA-ES,20260607,22,5,6,cma_r22_005_tl35_dt28_ge29_qr26_tau84,35,28,29,0.26,0.84,94.92,90.10,94.48,90.91,0.00,PASS,,recovery_detected,True,False,0,1725,1,19,,,,,,,,,,,,,,,,
CMA-ES,20260607,22,6,6,cma_r22_006_tl10_dt30_ge25_qr34_tau84,10,30,25,0.34,0.84,144.92,84.09,139.39,90.91,0.00,PASS,,recovery_detected,True,False,0,2268,0,27,,,,,,,,,,,,,,,,
CMA-ES,20260607,23,1,6,cma_r23_001_tl49_dt31_ge40_qr12_tau85,49,31,40,0.12,0.85,137.92,92.66,133.81,90.91,0.00,PASS,,recovery_detected,True,False,0,1876,1,19,,,,,,,,,,,,,,,,
CMA-ES,20260607,23,2,6,cma_r23_002_tl14_dt38_ge30_qr24_tau89,14,38,30,0.24,0.89,108.92,91.85,107.37,90.91,0.00,PASS,,recovery_detected,True,False,0,1574,1,27,,,,,,,,,,,,,,,,
CMA-ES,20260607,23,3,6,cma_r23_003_tl45_dt18_ge29_qr20_tau81,45,18,29,0.2,0.81,144.92,91.02,140.02,90.91,0.00,PASS,,recovery_detected,True,False,0,2895,1,19,,,,,,,,,,,,,,,,
CMA-ES,20260607,23,4,6,cma_r23_004_tl55_dt24_ge37_qr3_tau81,55,24,37,0.03,0.81,144.92,83.38,139.33,90.91,0.00,PASS,,recovery_detected,True,False,0,2715,1,19,,,,,,,,,,,,,,,,
CMA-ES,20260607,23,5,6,cma_r23_005_tl11_dt46_ge30_qr25_tau89,11,46,30,0.25,0.89,163.92,86.92,156.92,90.91,0.00,PASS,,recovery_detected,True,False,0,1342,1,30,,,,,,,,,,,,,,,,
CMA-ES,20260607,23,6,6,cma_r23_006_tl21_dt39_ge33_qr19_tau85,21,39,33,0.19,0.85,94.92,91.38,94.60,90.91,0.00,PASS,,recovery_detected,True,False,0,1525,1,20,,,,,,,,,,,,,,,,
CMA-ES,20260607,24,1,6,cma_r24_001_tl26_dt33_ge38_qr10_tau83,26,33,38,0.1,0.83,115.92,103.93,114.83,90.91,0.00,PASS,,recovery_timeout,True,False,0,1700,1,20,,,,,,,,,,,,,,,,
CMA-ES,20260607,24,2,6,cma_r24_002_tl40_dt38_ge38_qr15_tau87,40,38,38,0.15,0.87,136.92,98.97,133.47,90.91,0.00,PASS,,recovery_detected,True,False,0,1549,1,24,,,,,,,,,,,,,,,,
CMA-ES,20260607,24,3,6,cma_r24_003_tl8_dt41_ge37_qr22_tau87,8,41,37,0.22,0.87,127.92,96.94,125.10,90.91,0.00,PASS,,recovery_detected,True,False,0,1662,1,23,,,,,,,,,,,,,,,,
CMA-ES,20260607,24,4,6,cma_r24_004_tl23_dt57_ge29_qr14_tau86,23,57,29,0.14,0.86,90.92,86.78,90.54,90.54,0.00,PASS,,recovery_detected,True,False,0,702,1,25,,,,,,,,,,,,,,,,
CMA-ES,20260607,24,5,6,cma_r24_005_tl38_dt29_ge28_qr30_tau86,38,29,28,0.3,0.86,145.92,88.39,140.69,90.54,0.00,PASS,,recovery_detected,True,False,0,2431,1,24,,,,,,,,,,,,,,,,
CMA-ES,20260607,24,6,6,cma_r24_006_tl1_dt31_ge32_qr34_tau87,1,31,32,0.34,0.87,139.92,85.29,134.95,90.54,0.00,PASS,,recovery_detected,True,False,0,1858,0,24,,,,,,,,,,,,,,,,
CMA-ES,20260607,25,1,6,cma_r25_001_tl26_dt41_ge37_qr15_tau86,26,41,37,0.15,0.86,127.92,96.94,125.10,90.54,0.00,PASS,,recovery_detected,True,False,0,1662,1,23,,,,,,,,,,,,,,,,
CMA-ES,20260607,25,2,6,cma_r25_002_tl17_dt52_ge39_qr7_tau87,17,52,39,0.07,0.87,159.92,92.59,153.80,90.54,0.00,PASS,,recovery_detected,True,False,0,1305,1,25,,,,,,,,,,,,,,,,
CMA-ES,20260607,25,3,6,cma_r25_003_tl29_dt40_ge33_qr13_tau84,29,40,33,0.13,0.84,185.92,95.59,177.71,90.54,0.00,PASS,,recovery_detected,True,False,0,1622,1,30,,,,,,,,,,,,,,,,
CMA-ES,20260607,25,4,6,cma_r25_004_tl7_dt49_ge35_qr18_tau85,7,49,35,0.18,0.85,159.92,91.85,153.73,90.54,0.00,PASS,,recovery_detected,True,False,0,1481,1,27,,,,,,,,,,,,,,,,
CMA-ES,20260607,25,5,6,cma_r25_005_tl16_dt41_ge37_qr12_tau83,16,41,37,0.12,0.83,127.92,96.94,125.10,90.54,0.00,PASS,,recovery_detected,True,False,0,1662,1,23,,,,,,,,,,,,,,,,
CMA-ES,20260607,25,6,6,cma_r25_006_tl29_dt33_ge35_qr25_tau86,29,33,35,0.25,0.86,91.92,89.77,91.72,90.54,0.00,PASS,,recovery_detected,True,False,0,1569,1,19,,,,,,,,,,,,,,,,
CMA-ES,20260607,26,1,6,cma_r26_001_tl28_dt30_ge34_qr28_tau87,28,30,34,0.28,0.87,94.92,87.48,94.24,90.54,0.00,PASS,,recovery_detected,True,False,0,1645,1,19,,,,,,,,,,,,,,,,
CMA-ES,20260607,26,2,6,cma_r26_002_tl5_dt36_ge35_qr27_tau90,5,36,35,0.27,0.9,91.92,89.27,91.68,90.54,0.00,PASS,,recovery_detected,True,False,0,1559,1,19,,,,,,,,,,,,,,,,
CMA-ES,20260607,26,3,6,cma_r26_003_tl34_dt42_ge37_qr14_tau86,34,42,37,0.14,0.86,187.92,99.03,179.84,90.54,0.00,PASS,,recovery_detected,True,False,0,1405,1,28,,,,,,,,,,,,,,,,
CMA-ES,20260607,26,4,6,cma_r26_004_tl38_dt29_ge38_qr28_tau88,38,29,38,0.28,0.88,145.92,90.16,140.85,90.54,0.00,PASS,,recovery_detected,True,False,0,2470,1,20,,,,,,,,,,,,,,,,
CMA-ES,20260607,26,5,6,cma_r26_005_tl30_dt32_ge36_qr33_tau86,30,32,36,0.33,0.86,158.92,82.83,152.00,90.54,0.00,PASS,,recovery_detected,True,False,0,2290,0,23,,,,,,,,,,,,,,,,
CMA-ES,20260607,26,6,6,cma_r26_006_tl22_dt35_ge32_qr23_tau85,22,35,32,0.23,0.85,137.92,88.74,133.45,90.54,0.00,PASS,,recovery_detected,True,False,0,1883,1,25,,,,,,,,,,,,,,,,
CMA-ES,20260607,27,1,6,cma_r27_001_tl7_dt29_ge40_qr45_tau90,7,29,40,0.45,0.9,111.92,81.79,109.18,90.54,0.00,PASS,,recovery_detected,True,False,0,1710,0,19,,,,,,,,,,,,,,,,
CMA-ES,20260607,27,2,6,cma_r27_002_tl26_dt28_ge29_qr32_tau86,26,28,29,0.32,0.86,145.92,84.50,140.34,90.54,0.00,PASS,,recovery_detected,True,False,0,2341,0,22,,,,,,,,,,,,,,,,
CMA-ES,20260607,27,3,6,cma_r27_003_tl10_dt35_ge39_qr24_tau90,10,35,39,0.24,0.9,114.92,91.23,112.77,90.54,0.00,PASS,,recovery_detected,True,False,0,1604,1,20,,,,,,,,,,,,,,,,
CMA-ES,20260607,27,4,6,cma_r27_004_tl15_dt44_ge33_qr7_tau86,15,44,33,0.07,0.86,159.92,90.65,153.62,90.54,0.00,PASS,,recovery_detected,True,False,0,1470,1,28,,,,,,,,,,,,,,,,
CMA-ES,20260607,27,5,6,cma_r27_005_tl12_dt43_ge36_qr26_tau88,12,43,36,0.26,0.88,96.92,92.47,96.52,90.54,0.00,PASS,,recovery_detected,True,False,0,1239,1,21,,,,,,,,,,,,,,,,
CMA-ES,20260607,27,6,6,cma_r27_006_tl14_dt32_ge35_qr27_tau87,14,32,35,0.27,0.87,91.92,89.77,91.72,90.54,0.00,PASS,,recovery_detected,True,False,0,1572,1,19,,,,,,,,,,,,,,,,
CMA-ES,20260607,28,1,6,cma_r28_001_tl8_dt53_ge28_qr23_tau87,8,53,28,0.23,0.87,91.92,91.73,91.90,90.54,0.00,PASS,,recovery_detected,True,False,0,1322,1,22,,,,,,,,,,,,,,,,
CMA-ES,20260607,28,2,6,cma_r28_002_tl5_dt42_ge36_qr24_tau87,5,42,36,0.24,0.87,164.92,89.38,158.05,90.54,0.00,PASS,,recovery_detected,True,False,0,1640,1,28,,,,,,,,,,,,,,,,
CMA-ES,20260607,28,3,6,cma_r28_003_tl0_dt47_ge30_qr32_tau89,0,47,30,0.32,0.89,142.92,86.86,137.82,90.54,0.00,PASS,,recovery_detected,True,False,0,1362,0,26,,,,,,,,,,,,,,,,
CMA-ES,20260607,28,4,6,cma_r28_004_tl18_dt34_ge33_qr21_tau86,18,34,33,0.21,0.86,91.92,87.90,91.55,90.54,0.00,PASS,,recovery_detected,True,False,0,1612,1,19,,,,,,,,,,,,,,,,
CMA-ES,20260607,28,5,6,cma_r28_005_tl5_dt28_ge41_qr29_tau87,5,28,41,0.29,0.87,90.92,91.64,90.99,90.54,0.00,PASS,,recovery_detected,True,False,0,1680,1,17,,,,,,,,,,,,,,,,
CMA-ES,20260607,28,6,6,cma_r28_006_tl26_dt17_ge42_qr27_tau86,26,17,42,0.27,0.86,137.92,92.55,133.80,90.54,0.00,PASS,,recovery_detected,True,False,0,2472,1,18,,,,,,,,,,,,,,,,
CMA-ES,20260607,29,1,6,cma_r29_001_tl3_dt29_ge44_qr28_tau89,3,29,44,0.28,0.89,145.92,91.52,140.97,90.54,0.00,PASS,,recovery_detected,True,False,0,2455,1,19,,,,,,,,,,,,,,,,
CMA-ES,20260607,29,2,6,cma_r29_002_tl1_dt23_ge41_qr35_tau88,1,23,41,0.35,0.88,146.92,76.89,140.55,90.54,0.00,PASS,,recovery_detected,True,False,0,2560,0,17,,,,,,,,,,,,,,,,
CMA-ES,20260607,29,3,6,cma_r29_003_tl3_dt30_ge30_qr36_tau88,3,30,30,0.36,0.88,145.92,83.52,140.25,90.54,0.00,PASS,,recovery_detected,True,False,0,1959,0,24,,,,,,,,,,,,,,,,
CMA-ES,20260607,29,4,6,cma_r29_004_tl9_dt39_ge38_qr22_tau86,9,39,38,0.22,0.86,115.92,91.17,113.67,90.54,0.00,PASS,,recovery_detected,True,False,0,1538,1,21,,,,,,,,,,,,,,,,
CMA-ES,20260607,29,5,6,cma_r29_005_tl14_dt34_ge37_qr18_tau85,14,34,37,0.18,0.85,114.92,90.95,112.74,90.54,0.00,PASS,,recovery_detected,True,False,0,1675,1,20,,,,,,,,,,,,,,,,
CMA-ES,20260607,29,6,6,cma_r29_006_tl3_dt29_ge39_qr28_tau89,3,29,39,0.28,0.89,145.92,91.55,140.98,90.54,0.00,PASS,,recovery_detected,True,False,0,2154,1,20,,,,,,,,,,,,,,,,
CMA-ES,20260607,30,1,6,cma_r30_001_tl13_dt37_ge35_qr22_tau86,13,37,35,0.22,0.86,91.92,89.76,91.72,90.54,0.00,PASS,,recovery_detected,True,False,0,1557,1,19,,,,,,,,,,,,,,,,
CMA-ES,20260607,30,2,6,cma_r30_002_tl0_dt34_ge38_qr29_tau86,0,34,38,0.29,0.86,164.92,89.97,158.11,90.54,0.00,PASS,,recovery_detected,True,False,0,1927,1,22,,,,,,,,,,,,,,,,
CMA-ES,20260607,30,3,6,cma_r30_003_tl16_dt48_ge34_qr18_tau88,16,48,34,0.18,0.88,158.92,91.55,152.79,90.54,0.00,PASS,,recovery_detected,True,False,0,1432,1,27,,,,,,,,,,,,,,,,
CMA-ES,20260607,30,4,6,cma_r30_004_tl0_dt35_ge39_qr31_tau84,0,35,39,0.31,0.84,137.92,85.35,133.14,90.54,0.00,PASS,,recovery_detected,True,False,0,1882,0,21,,,,,,,,,,,,,,,,
CMA-ES,20260607,30,5,6,cma_r30_005_tl18_dt36_ge38_qr12_tau84,18,36,38,0.12,0.84,137.92,90.93,133.65,90.54,0.00,PASS,,recovery_detected,True,False,0,1827,1,21,,,,,,,,,,,,,,,,
CMA-ES,20260607,30,6,6,cma_r30_006_tl2_dt36_ge33_qr31_tau87,2,36,33,0.31,0.87,166.92,81.00,159.11,90.54,0.00,PASS,,recovery_detected,True,False,0,1690,0,28,,,,,,,,,,,,,,,,
CMA-ES,20260607,31,1,6,cma_r31_001_tl14_dt42_ge31_qr18_tau84,14,42,31,0.18,0.84,155.92,89.88,149.92,90.54,0.00,PASS,,recovery_detected,True,False,0,1517,1,27,,,,,,,,,,,,,,,,
CMA-ES,20260607,31,2,6,cma_r31_002_tl24_dt37_ge39_qr20_tau84,24,37,39,0.2,0.84,193.92,91.23,184.58,90.54,0.00,PASS,,recovery_detected,True,False,0,1643,1,26,,,,,,,,,,,,,,,,
CMA-ES,20260607,31,3,6,cma_r31_003_tl5_dt33_ge43_qr28_tau86,5,33,43,0.28,0.86,94.92,89.77,94.45,90.54,0.00,PASS,,recovery_detected,True,False,0,1555,1,17,,,,,,,,,,,,,,,,
CMA-ES,20260607,31,4,6,cma_r31_004_tl14_dt37_ge36_qr26_tau84,14,37,36,0.26,0.84,138.92,92.95,134.74,90.54,0.00,PASS,,recovery_detected,True,False,0,1834,1,24,,,,,,,,,,,,,,,,
CMA-ES,20260607,31,5,6,cma_r31_005_tl7_dt37_ge35_qr27_tau84,7,37,35,0.27,0.84,91.92,89.76,91.72,90.54,0.00,PASS,,recovery_detected,True,False,0,1557,1,19,,,,,,,,,,,,,,,,
CMA-ES,20260607,31,6,6,cma_r31_006_tl13_dt49_ge32_qr21_tau85,13,49,32,0.21,0.85,181.92,90.90,173.64,90.54,0.00,PASS,,recovery_detected,True,False,0,1477,1,30,,,,,,,,,,,,,,,,
CMA-ES,20260607,32,1,6,cma_r32_001_tl4_dt41_ge38_qr28_tau88,4,41,38,0.28,0.88,164.92,91.87,158.28,90.54,0.00,PASS,,recovery_detected,True,False,0,1579,1,25,,,,,,,,,,,,,,,,
CMA-ES,20260607,32,2,6,cma_r32_002_tl17_dt38_ge39_qr20_tau83,17,38,39,0.2,0.83,216.92,90.46,205.42,90.54,0.00,PASS,,recovery_detected,True,False,0,1643,1,29,,,,,,,,,,,,,,,,
CMA-ES,20260607,32,3,6,cma_r32_003_tl1_dt35_ge35_qr26_tau85,1,35,35,0.26,0.85,91.92,89.27,91.68,90.54,0.00,PASS,,recovery_detected,True,False,0,1558,1,19,,,,,,,,,,,,,,,,
CMA-ES,20260607,32,4,6,cma_r32_004_tl4_dt32_ge35_qr27_tau85,4,32,35,0.27,0.85,91.92,89.77,91.72,90.54,0.00,PASS,,recovery_detected,True,False,0,1572,1,19,,,,,,,,,,,,,,,,
CMA-ES,20260607,32,5,6,cma_r32_005_tl0_dt44_ge34_qr29_tau87,0,44,34,0.29,0.87,165.92,97.40,159.69,90.54,0.00,PASS,,recovery_detected,True,False,0,1508,1,27,,,,,,,,,,,,,,,,
CMA-ES,20260607,32,6,6,cma_r32_006_tl0_dt43_ge41_qr28_tau87,0,43,41,0.28,0.87,169.92,99.17,163.49,90.54,0.00,PASS,,recovery_detected,True,False,0,1256,1,23,,,,,,,,,,,,,,,,
CMA-ES,20260607,33,1,6,cma_r33_001_tl1_dt41_ge35_qr24_tau84,1,41,35,0.24,0.84,91.92,89.76,91.72,90.54,0.00,PASS,,recovery_detected,True,False,0,1542,1,19,,,,,,,,,,,,,,,,
CMA-ES,20260607,33,2,6,cma_r33_002_tl0_dt31_ge35_qr34_tau87,0,31,35,0.34,0.87,139.92,84.86,134.91,90.54,0.00,PASS,,recovery_detected,True,False,0,1901,0,23,,,,,,,,,,,,,,,,
CMA-ES,20260607,33,3,6,cma_r33_003_tl3_dt33_ge37_qr28_tau85,3,33,37,0.28,0.85,163.92,90.38,157.23,90.54,0.00,PASS,,recovery_detected,True,False,0,1954,1,22,,,,,,,,,,,,,,,,
CMA-ES,20260607,33,4,6,cma_r33_004_tl0_dt34_ge38_qr29_tau85,0,34,38,0.29,0.85,164.92,89.97,158.11,90.54,0.00,PASS,,recovery_detected,True,False,0,1927,1,22,,,,,,,,,,,,,,,,
CMA-ES,20260607,33,5,6,cma_r33_005_tl0_dt39_ge36_qr24_tau83,0,39,36,0.24,0.83,138.92,91.78,134.63,90.54,0.00,PASS,,recovery_detected,True,False,0,1936,1,25,,,,,,,,,,,,,,,,
CMA-ES,20260607,33,6,6,cma_r33_006_tl3_dt28_ge34_qr29_tau86,3,28,34,0.29,0.86,90.92,92.77,91.09,90.54,0.00,PASS,,recovery_detected,True,False,0,1698,1,19,,,,,,,,,,,,,,,,
CMA-ES,20260607,34,1,6,cma_r34_001_tl0_dt29_ge34_qr27_tau87,0,29,34,0.27,0.87,145.92,90.15,140.85,90.54,0.00,PASS,,recovery_detected,True,False,0,2465,1,22,,,,,,,,,,,,,,,,
CMA-ES,20260607,34,2,6,cma_r34_002_tl4_dt24_ge36_qr28_tau86,4,24,36,0.28,0.86,145.92,84.98,140.38,90.54,0.00,PASS,,recovery_detected,True,False,0,2737,1,19,,,,,,,,,,,,,,,,
CMA-ES,20260607,34,3,6,cma_r34_003_tl2_dt38_ge33_qr24_tau85,2,38,33,0.24,0.85,91.92,88.24,91.59,90.54,0.00,PASS,,recovery_detected,True,False,0,1584,1,19,,,,,,,,,,,,,,,,
CMA-ES,20260607,34,4,6,cma_r34_004_tl1_dt33_ge33_qr28_tau85,1,33,33,0.28,0.85,91.92,87.90,91.55,90.54,0.00,PASS,,recovery_detected,True,False,0,1613,1,19,,,,,,,,,,,,,,,,
CMA-ES,20260607,34,5,6,cma_r34_005_tl1_dt24_ge34_qr32_tau87,1,24,34,0.32,0.87,190.92,85.87,181.37,90.54,0.00,PASS,,recovery_detected,True,False,0,2703,0,24,,,,,,,,,,,,,,,,
CMA-ES,20260607,34,6,6,cma_r34_006_tl2_dt33_ge34_qr26_tau86,2,33,34,0.26,0.86,94.92,89.11,94.39,90.54,0.00,PASS,,recovery_detected,True,False,0,1620,1,19,,,,,,,,,,,,,,,,
CMA-ES,20260607,35,1,6,cma_r35_001_tl8_dt33_ge36_qr27_tau84,8,33,36,0.27,0.84,114.92,93.02,112.93,90.54,0.00,PASS,,recovery_detected,True,False,0,1687,1,21,,,,,,,,,,,,,,,,
CMA-ES,20260607,35,2,6,cma_r35_002_tl1_dt33_ge31_qr27_tau85,1,33,31,0.27,0.85,138.92,91.85,134.64,90.54,0.00,PASS,,recovery_detected,True,False,0,2021,1,25,,,,,,,,,,,,,,,,
CMA-ES,20260607,35,3,6,cma_r35_003_tl6_dt37_ge32_qr23_tau86,6,37,32,0.23,0.86,114.92,87.74,112.45,90.54,0.00,PASS,,recovery_detected,True,False,0,1707,1,25,,,,,,,,,,,,,,,,
CMA-ES,20260607,35,4,6,cma_r35_004_tl1_dt29_ge36_qr29_tau86,1,29,36,0.29,0.86,145.92,88.80,140.73,90.54,0.00,PASS,,recovery_detected,True,False,0,2486,1,21,,,,,,,,,,,,,,,,
CMA-ES,20260607,35,5,6,cma_r35_005_tl0_dt36_ge31_qr28_tau87,0,36,31,0.28,0.87,137.92,92.34,133.78,90.54,0.00,PASS,,recovery_detected,True,False,0,2061,1,26,,,,,,,,,,,,,,,,
CMA-ES,20260607,35,6,6,cma_r35_006_tl0_dt40_ge32_qr18_tau85,0,40,32,0.18,0.85,127.92,89.74,124.45,90.54,0.00,PASS,,recovery_detected,True,False,0,1932,1,26,,,,,,,,,,,,,,,,
CMA-ES,20260607,36,1,6,cma_r36_001_tl1_dt42_ge33_qr24_tau85,1,42,33,0.24,0.85,93.92,92.52,93.79,90.54,0.00,PASS,,recovery_detected,True,False,0,1424,1,20,,,,,,,,,,,,,,,,
CMA-ES,20260607,36,2,6,cma_r36_002_tl3_dt35_ge35_qr24_tau87,3,35,35,0.24,0.87,91.92,89.27,91.68,90.54,0.00,PASS,,recovery_detected,True,False,0,1558,1,19,,,,,,,,,,,,,,,,
CMA-ES,20260607,36,3,6,cma_r36_003_tl2_dt32_ge32_qr27_tau85,2,32,32,0.27,0.85,138.92,90.00,134.47,90.54,0.00,PASS,,recovery_detected,True,False,0,1967,1,23,,,,,,,,,,,,,,,,
CMA-ES,20260607,36,4,6,cma_r36_004_tl11_dt32_ge36_qr28_tau85,11,32,36,0.28,0.85,114.92,92.63,112.89,90.54,0.00,PASS,,recovery_detected,True,False,0,1711,1,21,,,,,,,,,,,,,,,,
CMA-ES,20260607,36,5,6,cma_r36_005_tl3_dt34_ge33_qr28_tau86,3,34,33,0.28,0.86,91.92,87.90,91.55,90.54,0.00,PASS,,recovery_detected,True,False,0,1612,1,19,,,,,,,,,,,,,,,,
CMA-ES,20260607,36,6,6,cma_r36_006_tl1_dt36_ge35_qr24_tau85,1,36,35,0.24,0.85,91.92,89.27,91.68,90.54,0.00,PASS,,recovery_detected,True,False,0,1559,1,19,,,,,,,,,,,,,,,,
CMA-ES,20260607,37,1,6,cma_r37_001_tl2_dt38_ge31_qr24_tau86,2,38,31,0.24,0.86,137.92,91.26,133.68,90.54,0.00,PASS,,recovery_detected,True,False,0,2006,1,26,,,,,,,,,,,,,,,,
CMA-ES,20260607,37,2,6,cma_r37_002_tl9_dt35_ge35_qr24_tau85,9,35,35,0.24,0.85,91.92,89.27,91.68,90.54,0.00,PASS,,recovery_detected,True,False,0,1558,1,19,,,,,,,,,,,,,,,,
CMA-ES,20260607,37,3,6,cma_r37_003_tl2_dt34_ge35_qr28_tau86,2,34,35,0.28,0.86,91.92,89.77,91.72,90.54,0.00,PASS,,recovery_detected,True,False,0,1566,1,19,,,,,,,,,,,,,,,,
CMA-ES,20260607,37,4,6,cma_r37_004_tl0_dt36_ge34_qr29_tau86,0,36,34,0.29,0.86,92.92,89.32,92.59,90.54,0.00,PASS,,recovery_detected,True,False,0,1609,1,19,,,,,,,,,,,,,,,,
CMA-ES,20260607,37,5,6,cma_r37_005_tl5_dt37_ge33_qr25_tau86,5,37,33,0.25,0.86,91.92,88.24,91.59,90.54,0.00,PASS,,recovery_detected,True,False,0,1598,1,19,,,,,,,,,,,,,,,,
CMA-ES,20260607,37,6,6,cma_r37_006_tl0_dt37_ge32_qr26_tau86,0,37,32,0.26,0.86,114.92,87.75,112.45,90.54,0.00,PASS,,recovery_detected,True,False,0,1892,1,26,,,,,,,,,,,,,,,,
CMA-ES,20260607,38,1,6,cma_r38_001_tl3_dt40_ge33_qr25_tau85,3,40,33,0.25,0.85,94.92,91.38,94.60,90.54,0.00,PASS,,recovery_detected,True,False,0,1522,1,20,,,,,,,,,,,,,,,,
CMA-ES,20260607,38,2,6,cma_r38_002_tl10_dt33_ge36_qr22_tau85,10,33,36,0.22,0.85,114.92,93.02,112.93,90.54,0.00,PASS,,recovery_detected,True,False,0,1687,1,21,,,,,,,,,,,,,,,,
CMA-ES,20260607,38,3,6,cma_r38_003_tl8_dt40_ge33_qr25_tau86,8,40,33,0.25,0.86,94.92,91.38,94.60,90.54,0.00,PASS,,recovery_detected,True,False,0,1524,1,20,,,,,,,,,,,,,,,,
CMA-ES,20260607,38,4,6,cma_r38_004_tl9_dt36_ge34_qr27_tau86,9,36,34,0.27,0.86,92.92,89.32,92.59,90.54,0.00,PASS,,recovery_detected,True,False,0,1611,1,19,,,,,,,,,,,,,,,,
CMA-ES,20260607,38,5,6,cma_r38_005_tl3_dt35_ge34_qr26_tau85,3,35,34,0.26,0.85,92.92,89.32,92.59,90.54,0.00,PASS,,recovery_detected,True,False,0,1613,1,19,,,,,,,,,,,,,,,,
CMA-ES,20260607,38,6,6,cma_r38_006_tl2_dt35_ge34_qr29_tau86,2,35,34,0.29,0.86,92.92,89.32,92.59,90.54,0.00,PASS,,recovery_detected,True,False,0,1613,1,19,,,,,,,,,,,,,,,,
CMA-ES,20260607,39,1,6,cma_r39_001_tl9_dt34_ge34_qr27_tau86,9,34,34,0.27,0.86,92.92,89.32,92.59,90.54,0.00,PASS,,recovery_detected,True,False,0,1615,1,19,,,,,,,,,,,,,,,,
CMA-ES,20260607,39,2,6,cma_r39_002_tl4_dt34_ge34_qr30_tau86,4,34,34,0.3,0.86,92.92,89.32,92.59,90.54,0.00,PASS,,recovery_detected,True,False,0,1615,1,19,,,,,,,,,,,,,,,,
CMA-ES,20260607,39,3,6,cma_r39_003_tl8_dt34_ge35_qr23_tau86,8,34,35,0.23,0.86,91.92,89.77,91.72,90.54,0.00,PASS,,recovery_detected,True,False,0,1566,1,19,,,,,,,,,,,,,,,,
CMA-ES,20260607,39,4,6,cma_r39_004_tl11_dt36_ge34_qr24_tau85,11,36,34,0.24,0.85,92.92,89.32,92.59,90.54,0.00,PASS,,recovery_detected,True,False,0,1611,1,19,,,,,,,,,,,,,,,,
CMA-ES,20260607,39,5,6,cma_r39_005_tl2_dt34_ge34_qr30_tau86,2,34,34,0.3,0.86,92.92,89.32,92.59,90.54,0.00,PASS,,recovery_detected,True,False,0,1615,1,19,,,,,,,,,,,,,,,,
CMA-ES,20260607,39,6,6,cma_r39_006_tl8_dt32_ge35_qr25_tau86,8,32,35,0.25,0.86,91.92,89.77,91.72,90.54,0.00,PASS,,recovery_detected,True,False,0,1572,1,19,,,,,,,,,,,,,,,,
CMA-ES,20260607,40,1,6,cma_r40_001_tl4_dt34_ge36_qr28_tau86,4,34,36,0.28,0.86,95.92,89.08,95.30,90.54,0.00,PASS,,recovery_detected,True,False,0,1578,1,19,,,,,,,,,,,,,,,,
CMA-ES,20260607,40,2,6,cma_r40_002_tl15_dt36_ge33_qr22_tau85,15,36,33,0.22,0.85,91.92,88.09,91.57,90.54,0.00,PASS,,recovery_detected,True,False,0,1603,1,19,,,,,,,,,,,,,,,,
CMA-ES,20260607,40,3,6,cma_r40_003_tl15_dt35_ge35_qr22_tau86,15,35,35,0.22,0.86,91.92,89.27,91.68,90.54,0.00,PASS,,recovery_detected,True,False,0,1558,1,19,,,,,,,,,,,,,,,,
CMA-ES,20260607,40,4,6,cma_r40_004_tl12_dt35_ge34_qr23_tau84,12,35,34,0.23,0.84,92.92,89.32,92.59,90.54,0.00,PASS,,recovery_detected,True,False,0,1613,1,19,,,,,,,,,,,,,,,,
CMA-ES,20260607,40,5,6,cma_r40_005_tl6_dt36_ge34_qr24_tau86,6,36,34,0.24,0.86,92.92,89.32,92.59,90.54,0.00,PASS,,recovery_detected,True,False,0,1611,1,19,,,,,,,,,,,,,,,,
CMA-ES,20260607,40,6,6,cma_r40_006_tl5_dt34_ge35_qr25_tau86,5,34,35,0.25,0.86,91.92,89.77,91.72,90.54,0.00,PASS,,recovery_detected,True,False,0,1566,1,19,,,,,,,,,,,,,,,,
CMA-ES,20260607,41,1,6,cma_r41_001_tl13_dt38_ge33_qr23_tau85,13,38,33,0.23,0.85,94.92,91.35,94.60,90.54,0.00,PASS,,recovery_detected,True,False,0,1541,1,20,,,,,,,,,,,,,,,,
CMA-ES,20260607,41,2,6,cma_r41_002_tl19_dt39_ge33_qr19_tau84,19,39,33,0.19,0.84,94.92,91.38,94.60,90.54,0.00,PASS,,recovery_detected,True,False,0,1525,1,20,,,,,,,,,,,,,,,,
CMA-ES,20260607,41,3,6,cma_r41_003_tl21_dt38_ge31_qr23_tau85,21,38,31,0.23,0.85,112.92,92.08,111.03,90.54,0.00,PASS,,recovery_detected,True,False,0,1624,1,27,,,,,,,,,,,,,,,,
CMA-ES,20260607,41,4,6,cma_r41_004_tl11_dt39_ge33_qr21_tau86,11,39,33,0.21,0.86,94.92,91.38,94.60,90.54,0.00,PASS,,recovery_detected,True,False,0,1525,1,20,,,,,,,,,,,,,,,,
CMA-ES,20260607,41,5,6,cma_r41_005_tl21_dt36_ge34_qr22_tau84,21,36,34,0.22,0.84,92.92,89.32,92.59,90.54,0.00,PASS,,recovery_detected,True,False,0,1611,1,19,,,,,,,,,,,,,,,,
CMA-ES,20260607,41,6,6,cma_r41_006_tl22_dt36_ge34_qr18_tau84,22,36,34,0.18,0.84,92.92,89.32,92.59,90.54,0.00,PASS,,recovery_detected,True,False,0,1611,1,19,,,,,,,,,,,,,,,,
CMA-ES,20260607,42,1,6,cma_r42_001_tl13_dt39_ge32_qr17_tau83,13,39,32,0.17,0.83,119.92,93.46,117.51,90.54,0.00,PASS,,recovery_detected,True,False,0,1627,1,27,,,,,,,,,,,,,,,,
CMA-ES,20260607,42,2,6,cma_r42_002_tl22_dt38_ge34_qr19_tau84,22,38,34,0.19,0.84,92.92,89.24,92.59,90.54,0.00,PASS,,recovery_detected,True,False,0,1570,1,19,,,,,,,,,,,,,,,,
CMA-ES,20260607,42,3,6,cma_r42_003_tl17_dt35_ge34_qr24_tau84,17,35,34,0.24,0.84,92.92,89.32,92.59,90.54,0.00,PASS,,recovery_detected,True,False,0,1613,1,19,,,,,,,,,,,,,,,,
CMA-ES,20260607,42,4,6,cma_r42_004_tl17_dt37_ge33_qr27_tau85,17,37,33,0.27,0.85,91.92,88.24,91.59,90.54,0.00,PASS,,recovery_detected,True,False,0,1598,1,19,,,,,,,,,,,,,,,,
CMA-ES,20260607,42,5,6,cma_r42_005_tl28_dt40_ge34_qr15_tau83,28,40,34,0.15,0.83,127.92,99.26,125.31,90.54,0.00,PASS,,recovery_detected,True,False,0,1548,1,27,,,,,,,,,,,,,,,,
CMA-ES,20260607,42,6,6,cma_r42_006_tl24_dt43_ge34_qr18_tau83,24,43,34,0.18,0.83,94.92,91.63,94.62,90.54,0.00,PASS,,recovery_detected,True,False,0,1350,1,21,,,,,,,,,,,,,,,,
CMA-ES,20260607,43,1,6,cma_r43_001_tl10_dt36_ge33_qr28_tau84,10,36,33,0.28,0.84,91.92,88.09,91.57,90.54,0.00,PASS,,recovery_detected,True,False,0,1603,1,19,,,,,,,,,,,,,,,,
CMA-ES,20260607,43,2,6,cma_r43_002_tl24_dt40_ge35_qr22_tau84,24,40,35,0.22,0.84,92.92,92.97,92.92,90.54,0.00,PASS,,recovery_detected,True,False,0,1485,1,20,,,,,,,,,,,,,,,,
CMA-ES,20260607,43,3,6,cma_r43_003_tl29_dt39_ge32_qr24_tau83,29,39,32,0.24,0.83,182.92,95.38,174.96,90.54,0.00,PASS,,recovery_detected,True,False,0,1596,1,30,,,,,,,,,,,,,,,,
CMA-ES,20260607,43,4,6,cma_r43_004_tl11_dt37_ge34_qr30_tau85,11,37,34,0.3,0.85,114.92,92.27,112.86,90.54,0.00,PASS,,recovery_detected,True,False,0,1647,1,22,,,,,,,,,,,,,,,,
CMA-ES,20260607,43,5,6,cma_r43_005_tl15_dt40_ge32_qr26_tau85,15,40,32,0.26,0.85,110.92,93.40,109.33,90.54,0.00,PASS,,recovery_detected,True,False,0,1604,1,26,,,,,,,,,,,,,,,,
CMA-ES,20260607,43,6,6,cma_r43_006_tl13_dt34_ge34_qr29_tau85,13,34,34,0.29,0.85,92.92,89.32,92.59,90.54,0.00,PASS,,recovery_detected,True,False,0,1615,1,19,,,,,,,,,,,,,,,,
CMA-ES,20260607,44,1,6,cma_r44_001_tl20_dt34_ge34_qr28_tau84,20,34,34,0.28,0.84,92.92,89.32,92.59,90.54,0.00,PASS,,recovery_detected,True,False,0,1615,1,19,,,,,,,,,,,,,,,,
CMA-ES,20260607,44,2,6,cma_r44_002_tl15_dt35_ge34_qr27_tau85,15,35,34,0.27,0.85,92.92,89.32,92.59,90.54,0.00,PASS,,recovery_detected,True,False,0,1613,1,19,,,,,,,,,,,,,,,,
CMA-ES,20260607,44,3,6,cma_r44_003_tl13_dt39_ge32_qr27_tau85,13,39,32,0.27,0.85,119.92,93.46,117.51,90.54,0.00,PASS,,recovery_detected,True,False,0,1627,1,27,,,,,,,,,,,,,,,,
CMA-ES,20260607,44,4,6,cma_r44_004_tl10_dt41_ge31_qr29_tau84,10,41,31,0.29,0.84,155.92,89.89,149.92,90.54,0.00,PASS,,recovery_detected,True,False,0,1531,1,26,,,,,,,,,,,,,,,,
CMA-ES,20260607,44,5,6,cma_r44_005_tl1_dt37_ge32_qr31_tau84,1,37,32,0.31,0.84,157.92,82.78,151.09,90.54,0.00,PASS,,recovery_detected,True,False,0,1821,0,26,,,,,,,,,,,,,,,,
CMA-ES,20260607,44,6,6,cma_r44_006_tl20_dt34_ge34_qr27_tau85,20,34,34,0.27,0.85,92.92,89.32,92.59,90.54,0.00,PASS,,recovery_detected,True,False,0,1615,1,19,,,,,,,,,,,,,,,,
CMA-ES,20260607,45,1,6,cma_r45_001_tl12_dt35_ge34_qr30_tau85,12,35,34,0.3,0.85,92.92,89.32,92.59,90.54,0.00,PASS,,recovery_detected,True,False,0,1613,1,19,,,,,,,,,,,,,,,,
CMA-ES,20260607,45,2,6,cma_r45_002_tl24_dt36_ge35_qr26_tau84,24,36,35,0.26,0.84,91.92,89.27,91.68,90.54,0.00,PASS,,recovery_detected,True,False,0,1559,1,19,,,,,,,,,,,,,,,,
CMA-ES,20260607,45,3,6,cma_r45_003_tl22_dt34_ge33_qr24_tau84,22,34,33,0.24,0.84,91.92,87.90,91.55,90.54,0.00,PASS,,recovery_detected,True,False,0,1612,1,19,,,,,,,,,,,,,,,,
CMA-ES,20260607,45,4,6,cma_r45_004_tl14_dt35_ge33_qr27_tau84,14,35,33,0.27,0.84,91.92,87.90,91.55,90.54,0.00,PASS,,recovery_detected,True,False,0,1611,1,19,,,,,,,,,,,,,,,,
CMA-ES,20260607,45,5,6,cma_r45_005_tl23_dt41_ge34_qr23_tau84,23,41,34,0.23,0.84,94.92,91.63,94.62,90.54,0.00,PASS,,recovery_detected,True,False,0,1373,1,21,,,,,,,,,,,,,,,,
CMA-ES,20260607,45,6,6,cma_r45_006_tl15_dt32_ge34_qr29_tau85,15,32,34,0.29,0.85,93.92,89.03,93.48,90.54,0.00,PASS,,recovery_detected,True,False,0,1613,1,19,,,,,,,,,,,,,,,,
CMA-ES,20260607,46,1,6,cma_r46_001_tl21_dt32_ge33_qr24_tau84,21,32,33,0.24,0.84,138.92,89.20,134.40,90.54,0.00,PASS,,recovery_detected,True,False,0,1976,1,22,,,,,,,,,,,,,,,,
CMA-ES,20260607,46,2,6,cma_r46_002_tl17_dt33_ge33_qr22_tau85,17,33,33,0.22,0.85,91.92,87.90,91.55,90.54,0.00,PASS,,recovery_detected,True,False,0,1613,1,19,,,,,,,,,,,,,,,,
CMA-ES,20260607,46,3,6,cma_r46_003_tl16_dt34_ge34_qr29_tau85,16,34,34,0.29,0.85,92.92,89.32,92.59,90.54,0.00,PASS,,recovery_detected,True,False,0,1615,1,19,,,,,,,,,,,,,,,,
CMA-ES,20260607,46,4,6,cma_r46_004_tl17_dt33_ge31_qr23_tau85,17,33,31,0.23,0.85,138.92,93.94,134.83,90.54,0.00,PASS,,recovery_detected,True,False,0,1893,1,25,,,,,,,,,,,,,,,,
CMA-ES,20260607,46,5,6,cma_r46_005_tl19_dt34_ge32_qr28_tau83,19,34,32,0.28,0.83,138.92,88.95,134.38,90.54,0.00,PASS,,recovery_detected,True,False,0,1898,1,24,,,,,,,,,,,,,,,,
CMA-ES,20260607,46,6,6,cma_r46_006_tl18_dt33_ge31_qr28_tau84,18,33,31,0.28,0.84,138.92,93.94,134.83,90.54,0.00,PASS,,recovery_detected,True,False,0,1893,1,25,,,,,,,,,,,,,,,,
CMA-ES,20260607,47,1,6,cma_r47_001_tl22_dt34_ge34_qr20_tau85,22,34,34,0.2,0.85,92.92,89.32,92.59,90.54,0.00,PASS,,recovery_detected,True,False,0,1615,1,19,,,,,,,,,,,,,,,,
CMA-ES,20260607,47,2,6,cma_r47_002_tl26_dt35_ge35_qr23_tau84,26,35,35,0.23,0.84,91.92,89.27,91.68,90.54,0.00,PASS,,recovery_detected,True,False,0,1558,1,19,,,,,,,,,,,,,,,,
CMA-ES,20260607,47,3,6,cma_r47_003_tl20_dt34_ge34_qr25_tau84,20,34,34,0.25,0.84,92.92,89.32,92.59,90.54,0.00,PASS,,recovery_detected,True,False,0,1615,1,19,,,,,,,,,,,,,,,,
CMA-ES,20260607,47,4,6,cma_r47_004_tl18_dt35_ge33_qr23_tau84,18,35,33,0.23,0.84,91.92,87.90,91.55,90.54,0.00,PASS,,recovery_detected,True,False,0,1611,1,19,,,,,,,,,,,,,,,,
CMA-ES,20260607,47,5,6,cma_r47_005_tl19_dt30_ge33_qr24_tau85,19,30,33,0.24,0.85,94.92,87.53,94.25,90.54,0.00,PASS,,recovery_detected,True,False,0,1645,1,19,,,,,,,,,,,,,,,,
CMA-ES,20260607,47,6,6,cma_r47_006_tl12_dt33_ge34_qr25_tau85,12,33,34,0.25,0.85,94.92,89.11,94.39,90.54,0.00,PASS,,recovery_detected,True,False,0,1620,1,19,,,,,,,,,,,,,,,,
CMA-ES,20260607,48,1,6,cma_r48_001_tl18_dt35_ge34_qr22_tau85,18,35,34,0.22,0.85,92.92,89.32,92.59,90.54,0.00,PASS,,recovery_detected,True,False,0,1613,1,19,,,,,,,,,,,,,,,,
CMA-ES,20260607,48,2,6,cma_r48_002_tl20_dt35_ge33_qr24_tau84,20,35,33,0.24,0.84,91.92,87.90,91.55,90.54,0.00,PASS,,recovery_detected,True,False,0,1611,1,19,,,,,,,,,,,,,,,,
CMA-ES,20260607,48,3,6,cma_r48_003_tl30_dt38_ge34_qr19_tau83,30,38,34,0.19,0.83,141.92,93.98,137.56,90.54,0.00,PASS,,recovery_detected,True,False,0,1660,1,26,,,,,,,,,,,,,,,,
CMA-ES,20260607,48,4,6,cma_r48_004_tl20_dt36_ge33_qr21_tau84,20,36,33,0.21,0.84,91.92,88.09,91.57,90.54,0.00,PASS,,recovery_detected,True,False,0,1603,1,19,,,,,,,,,,,,,,,,
CMA-ES,20260607,48,5,6,cma_r48_005_tl25_dt36_ge35_qr18_tau83,25,36,35,0.18,0.83,91.92,89.27,91.68,90.54,0.00,PASS,,recovery_detected,True,False,0,1559,1,19,,,,,,,,,,,,,,,,
CMA-ES,20260607,48,6,6,cma_r48_006_tl18_dt35_ge33_qr24_tau85,18,35,33,0.24,0.85,91.92,87.90,91.55,90.54,0.00,PASS,,recovery_detected,True,False,0,1611,1,19,,,,,,,,,,,,,,,,
CMA-ES,20260607,49,1,6,cma_r49_001_tl22_dt37_ge33_qr24_tau84,22,37,33,0.24,0.84,91.92,88.24,91.59,90.54,0.00,PASS,,recovery_detected,True,False,0,1598,1,19,,,,,,,,,,,,,,,,
CMA-ES,20260607,49,2,6,cma_r49_002_tl22_dt33_ge33_qr25_tau84,22,33,33,0.25,0.84,91.92,87.90,91.55,90.54,0.00,PASS,,recovery_detected,True,False,0,1613,1,19,,,,,,,,,,,,,,,,
CMA-ES,20260607,49,3,6,cma_r49_003_tl21_dt33_ge34_qr26_tau84,21,33,34,0.26,0.84,94.92,89.11,94.39,90.54,0.00,PASS,,recovery_detected,True,False,0,1620,1,19,,,,,,,,,,,,,,,,
CMA-ES,20260607,49,4,6,cma_r49_004_tl27_dt35_ge33_qr21_tau85,27,35,33,0.21,0.85,91.92,87.90,91.55,90.54,0.00,PASS,,recovery_detected,True,False,0,1611,1,19,,,,,,,,,,,,,,,,
CMA-ES,20260607,49,5,6,cma_r49_005_tl29_dt36_ge34_qr21_tau84,29,36,34,0.21,0.84,137.92,98.21,134.31,90.54,0.00,PASS,,recovery_detected,True,False,0,1716,1,26,,,,,,,,,,,,,,,,
CMA-ES,20260607,49,6,6,cma_r49_006_tl22_dt35_ge34_qr22_tau84,22,35,34,0.22,0.84,92.92,89.32,92.59,90.54,0.00,PASS,,recovery_detected,True,False,0,1613,1,19,,,,,,,,,,,,,,,,
CMA-ES,20260607,50,1,6,cma_r50_001_tl24_dt32_ge34_qr24_tau85,24,32,34,0.24,0.85,93.92,89.03,93.48,90.54,0.00,PASS,,recovery_detected,True,False,0,1613,1,19,,,,,,,,,,,,,,,,
CMA-ES,20260607,50,2,6,cma_r50_002_tl20_dt30_ge32_qr25_tau85,20,30,32,0.25,0.85,157.92,87.74,151.54,90.54,0.00,PASS,,recovery_detected,True,False,0,2116,1,22,,,,,,,,,,,,,,,,
CMA-ES,20260607,50,3,6,cma_r50_003_tl16_dt37_ge33_qr26_tau85,16,37,33,0.26,0.85,91.92,88.24,91.59,90.54,0.00,PASS,,recovery_detected,True,False,0,1598,1,19,,,,,,,,,,,,,,,,
CMA-ES,20260607,50,4,6,cma_r50_004_tl23_dt35_ge33_qr24_tau84,23,35,33,0.24,0.84,91.92,87.90,91.55,90.54,0.00,PASS,,recovery_detected,True,False,0,1611,1,19,,,,,,,,,,,,,,,,
CMA-ES,20260607,50,5,6,cma_r50_005_tl21_dt32_ge33_qr21_tau85,21,32,33,0.21,0.85,138.92,89.20,134.40,90.54,0.00,PASS,,recovery_detected,True,False,0,1976,1,22,,,,,,,,,,,,,,,,
CMA-ES,20260607,50,6,6,cma_r50_006_tl26_dt33_ge33_qr22_tau85,26,33,33,0.22,0.85,91.92,87.90,91.55,90.54,0.00,PASS,,recovery_detected,True,False,0,1613,1,19,,,,,,,,,,,,,,,,
BO,20260607,1,1,6,bo_r01_001_tl50_dt212_ge40_qr62_tau90,50,212,40,0.62,0.9,362.92,83.43,337.51,337.51,0.00,PASS,,recovery_detected,True,False,0,267,0,40,,,,,,,,,,,,,,,,
BO,20260607,1,2,6,bo_r01_002_tl80_dt143_ge18_qr17_tau79,80,143,18,0.17,0.79,384.92,84.76,357.63,337.51,0.00,PASS,,recovery_detected,True,False,0,408,1,61,,,,,,,,,,,,,,,,
BO,20260607,1,3,6,bo_r01_003_tl56_dt74_ge28_qr32_tau74,56,74,28,0.32,0.74,184.92,79.22,175.31,175.31,0.00,PASS,,recovery_detected,True,False,0,639,0,32,,,,,,,,,,,,,,,,
BO,20260607,1,4,6,bo_r01_004_tl117_dt156_ge35_qr21_tau70,117,156,35,0.21,0.7,190.92,91.92,181.92,175.31,0.00,PASS,,recovery_detected,True,False,0,224,1,31,,,,,,,,,,,,,,,,
BO,20260607,1,5,6,bo_r01_005_tl43_dt211_ge31_qr66_tau75,43,211,31,0.66,0.75,325.92,96.30,305.05,175.31,0.00,PASS,,recovery_detected,True,False,0,315,0,41,,,,,,,,,,,,,,,,
BO,20260607,1,6,6,bo_r01_006_tl77_dt210_ge17_qr42_tau85,77,210,17,0.42,0.85,285.92,86.78,267.82,175.31,0.00,PASS,,recovery_detected,True,False,0,452,0,51,,,,,,,,,,,,,,,,
BO,20260607,2,1,6,bo_r02_001_tl120_dt59_ge19_qr20_tau87,120,59,19,0.2,0.87,195.92,84.11,185.76,175.31,0.00,PASS,,recovery_detected,True,False,0,720,1,41,270.87,131.84,409.90,,,,,,,,,,,,,
BO,20260607,2,2,6,bo_r02_002_tl49_dt122_ge12_qr53_tau77,49,122,12,0.53,0.77,301.92,104.94,284.01,175.31,0.00,PASS,,recovery_detected,True,False,0,612,0,65,270.87,131.84,409.90,,,,,,,,,,,,,
BO,20260607,2,3,6,bo_r02_003_tl88_dt70_ge3_qr0_tau77,88,70,3,0.0,0.77,327.92,83.96,305.74,175.31,0.00,PASS,,recovery_detected,True,False,0,1223,1,92,270.87,131.84,409.90,,,,,,,,,,,,,
BO,20260607,2,4,6,bo_r02_004_tl73_dt1_ge22_qr10_tau87,73,1,22,0.1,0.87,262.92,100.32,248.14,175.31,0.00,PASS,,recovery_detected,True,False,0,4600,1,18,270.87,131.84,409.90,,,,,,,,,,,,,
BO,20260607,2,5,6,bo_r02_005_tl12_dt151_ge30_qr53_tau80,12,151,30,0.53,0.8,144.92,79.72,138.99,138.99,0.00,PASS,,recovery_detected,True,False,0,567,0,27,270.87,131.84,409.90,,,,,,,,,,,,,
BO,20260607,2,6,6,bo_r02_006_tl121_dt65_ge11_qr46_tau73,121,65,11,0.46,0.73,288.92,99.75,271.72,138.99,0.00,PASS,,recovery_detected,True,False,0,721,0,63,270.87,131.84,409.90,,,,,,,,,,,,,
BO,20260607,3,1,6,bo_r03_001_tl22_dt31_ge1_qr54_tau72,22,31,1,0.54,0.72,192.92,82.64,182.89,138.99,0.00,PASS,,recovery_detected,True,False,0,2605,0,59,254.97,123.86,386.08,,,,,,,,,,,,,
BO,20260607,3,2,6,bo_r03_002_tl55_dt52_ge38_qr75_tau71,55,52,38,0.75,0.71,165.92,83.12,158.39,138.99,0.00,PASS,,recovery_detected,True,False,0,961,0,27,254.97,123.86,386.08,,,,,,,,,,,,,
BO,20260607,3,3,6,bo_r03_003_tl117_dt3_ge19_qr98_tau78,117,3,19,0.98,0.78,262.92,88.84,247.09,138.99,0.00,PASS,,recovery_detected,True,False,0,4644,0,18,254.97,123.86,386.08,,,,,,,,,,,,,
BO,20260607,3,4,6,bo_r03_004_tl95_dt181_ge20_qr27_tau74,95,181,20,0.27,0.74,290.92,87.14,272.39,138.99,0.00,PASS,,recovery_detected,True,False,0,394,1,52,254.97,123.86,386.08,,,,,,,,,,,,,
BO,20260607,3,5,6,bo_r03_005_tl26_dt127_ge1_qr65_tau72,26,127,1,0.65,0.72,249.92,94.82,235.82,138.99,0.00,PASS,,recovery_detected,True,False,0,1024,0,91,254.97,123.86,386.08,,,,,,,,,,,,,
BO,20260607,3,6,6,bo_r03_006_tl55_dt176_ge38_qr40_tau85,55,176,38,0.4,0.85,264.92,89.17,248.94,138.99,0.00,PASS,,recovery_detected,True,False,0,399,0,31,254.97,123.86,386.08,,,,,,,,,,,,,
BO,20260607,4,1,6,bo_r04_001_tl3_dt71_ge44_qr30_tau88,3,71,44,0.3,0.88,113.92,90.96,111.83,111.83,0.00,PASS,,recovery_detected,True,False,0,671,1,22,244.73,125.06,364.40,,,,,,,,,,,,,
BO,20260607,4,2,6,bo_r04_002_tl31_dt28_ge30_qr19_tau81,31,28,30,0.19,0.81,90.92,94.03,91.20,91.20,0.00,PASS,,recovery_detected,True,False,0,1688,1,19,244.73,125.06,364.40,,,,,,,,,,,,,
BO,20260607,4,3,6,bo_r04_003_tl68_dt239_ge1_qr84_tau82,68,239,1,0.84,0.82,325.92,95.70,304.99,91.20,0.00,PASS,,recovery_detected,True,False,0,1093,0,107,244.73,125.06,364.40,,,,,,,,,,,,,
BO,20260607,4,4,6,bo_r04_004_tl67_dt190_ge15_qr77_tau75,67,190,15,0.77,0.75,519.92,83.18,480.22,91.20,0.00,PASS,,recovery_detected,True,False,0,652,0,80,244.73,125.06,364.40,,,,,,,,,,,,,
BO,20260607,4,5,6,bo_r04_005_tl11_dt176_ge20_qr90_tau78,11,176,20,0.9,0.78,308.92,80.54,288.16,91.20,0.00,PASS,,recovery_detected,True,False,0,772,0,48,244.73,125.06,364.40,,,,,,,,,,,,,
BO,20260607,4,6,6,bo_r04_006_tl56_dt15_ge36_qr99_tau75,56,15,36,0.99,0.75,144.92,78.65,138.90,91.20,0.00,PASS,,recovery_detected,True,False,0,2911,0,18,244.73,125.06,364.40,,,,,,,,,,,,,
BO,20260607,5,1,6,bo_r05_001_tl50_dt39_ge28_qr38_tau70,50,39,28,0.38,0.7,137.92,81.77,132.81,91.20,0.00,PASS,,recovery_detected,True,False,0,1653,0,28,242.52,72.59,412.44,,,,,,,,,,,,,
BO,20260607,5,2,6,bo_r05_002_tl114_dt119_ge42_qr19_tau76,114,119,42,0.19,0.76,270.92,82.80,253.82,91.20,0.00,PASS,,recovery_detected,True,False,0,266,1,32,242.52,72.59,412.44,,,,,,,,,,,,,
BO,20260607,5,3,6,bo_r05_003_tl30_dt173_ge9_qr30_tau90,30,173,9,0.3,0.9,333.92,92.86,312.00,91.20,0.00,PASS,,recovery_detected,True,False,0,1030,1,71,242.52,72.59,412.44,,,,,,,,,,,,,
BO,20260607,5,4,6,bo_r05_004_tl67_dt40_ge43_qr75_tau74,67,40,43,0.75,0.74,108.92,82.13,106.48,91.20,0.00,PASS,,recovery_detected,True,False,0,1328,0,19,242.52,72.59,412.44,,,,,,,,,,,,,
BO,20260607,5,5,6,bo_r05_005_tl20_dt219_ge38_qr92_tau78,20,219,38,0.92,0.78,203.92,81.85,192.82,91.20,0.00,PASS,,recovery_detected,True,False,0,425,0,29,242.52,72.59,412.44,,,,,,,,,,,,,
BO,20260607,5,6,6,bo_r05_006_tl98_dt149_ge21_qr12_tau76,98,149,21,0.12,0.76,230.92,82.93,217.47,91.20,0.00,PASS,,recovery_detected,True,False,0,326,1,46,242.52,72.59,412.44,,,,,,,,,,,,,
BO,20260607,6,1,6,bo_r06_001_tl119_dt74_ge7_qr7_tau70,119,74,7,0.07,0.7,364.92,97.15,340.58,91.20,0.00,PASS,,recovery_detected,True,False,0,1079,1,86,234.53,67.80,401.25,,,,,,,,,,,,,
BO,20260607,6,2,6,bo_r06_002_tl8_dt204_ge36_qr80_tau76,8,204,36,0.8,0.76,258.92,79.53,242.61,91.20,0.00,PASS,,recovery_detected,True,False,0,494,0,35,234.53,67.80,401.25,,,,,,,,,,,,,
BO,20260607,6,3,6,bo_r06_003_tl28_dt22_ge33_qr35_tau76,28,22,33,0.35,0.76,145.92,75.50,139.52,91.20,0.00,PASS,,recovery_detected,True,False,0,2579,0,18,234.53,67.80,401.25,,,,,,,,,,,,,
BO,20260607,6,4,6,bo_r06_004_tl86_dt232_ge20_qr22_tau70,86,232,20,0.22,0.7,290.92,87.14,272.39,91.20,0.00,PASS,,recovery_detected,True,False,0,394,1,52,234.53,67.80,401.25,,,,,,,,,,,,,
BO,20260607,6,5,6,bo_r06_005_tl82_dt60_ge33_qr40_tau89,82,60,33,0.4,0.89,245.92,76.56,230.52,91.20,0.00,PASS,,recovery_detected,True,False,0,657,0,33,234.53,67.80,401.25,,,,,,,,,,,,,
BO,20260607,6,6,6,bo_r06_006_tl81_dt122_ge8_qr4_tau70,81,122,8,0.04,0.7,406.92,87.22,377.86,91.20,0.00,PASS,,recovery_detected,True,False,0,890,1,88,234.53,67.80,401.25,,,,,,,,,,,,,
BO,20260607,7,1,6,bo_r07_001_tl58_dt81_ge42_qr4_tau82,58,81,42,0.04,0.82,198.92,89.37,188.96,91.20,0.00,PASS,,recovery_detected,True,False,0,297,1,28,239.98,73.95,406.01,,,,,,,,,,,,,
BO,20260607,7,2,6,bo_r07_002_tl12_dt115_ge48_qr61_tau70,12,115,48,0.61,0.7,283.92,79.07,265.30,91.20,0.00,PASS,,recovery_detected,True,False,0,321,0,30,239.98,73.95,406.01,,,,,,,,,,,,,
BO,20260607,7,3,6,bo_r07_003_tl73_dt176_ge11_qr55_tau84,73,176,11,0.55,0.84,320.92,82.28,299.23,91.20,0.00,PASS,,recovery_detected,True,False,0,575,0,67,239.98,73.95,406.01,,,,,,,,,,,,,
BO,20260607,7,4,6,bo_r07_004_tl26_dt15_ge37_qr40_tau84,26,15,37,0.4,0.84,145.92,78.62,139.80,91.20,0.00,PASS,,recovery_detected,True,False,0,2911,0,17,239.98,73.95,406.01,,,,,,,,,,,,,
BO,20260607,7,5,6,bo_r07_005_tl106_dt115_ge29_qr23_tau87,106,115,29,0.23,0.87,224.92,88.79,212.54,91.20,0.00,PASS,,recovery_detected,True,False,0,349,1,34,239.98,73.95,406.01,,,,,,,,,,,,,
BO,20260607,7,6,6,bo_r07_006_tl34_dt110_ge15_qr88_tau86,34,110,15,0.88,0.86,303.92,85.22,284.04,91.20,0.00,PASS,,recovery_detected,True,False,0,829,0,58,239.98,73.95,406.01,,,,,,,,,,,,,
BO,20260607,8,1,6,bo_r08_001_tl103_dt74_ge32_qr38_tau71,103,74,32,0.38,0.71,242.92,78.20,227.95,91.20,0.00,PASS,,recovery_detected,True,False,0,424,0,36,238.79,79.40,398.18,,,,,,,,,,,,,
BO,20260607,8,2,6,bo_r08_002_tl12_dt66_ge2_qr31_tau79,12,66,2,0.31,0.79,295.92,88.00,277.02,91.20,0.00,PASS,,recovery_detected,True,False,0,1885,0,84,238.79,79.40,398.18,,,,,,,,,,,,,
BO,20260607,8,3,6,bo_r08_003_tl52_dt209_ge43_qr9_tau88,52,209,43,0.09,0.88,209.92,83.13,198.39,91.20,0.00,PASS,,recovery_detected,True,False,0,168,1,29,238.79,79.40,398.18,,,,,,,,,,,,,
BO,20260607,8,4,6,bo_r08_004_tl53_dt156_ge33_qr38_tau86,53,156,33,0.38,0.86,363.92,89.46,338.97,91.20,0.00,PASS,,recovery_detected,True,False,0,364,0,42,238.79,79.40,398.18,,,,,,,,,,,,,
BO,20260607,8,5,6,bo_r08_005_tl23_dt153_ge44_qr17_tau73,23,153,44,0.17,0.73,159.92,84.98,153.11,91.20,0.00,PASS,,recovery_detected,True,False,0,249,1,28,238.79,79.40,398.18,,,,,,,,,,,,,
BO,20260607,8,6,6,bo_r08_006_tl17_dt76_ge27_qr36_tau87,17,76,27,0.36,0.87,159.92,80.82,152.73,91.20,0.00,PASS,,recovery_detected,True,False,0,585,0,33,238.79,79.40,398.18,,,,,,,,,,,,,
BO,20260607,9,1,6,bo_r09_001_tl106_dt21_ge32_qr45_tau74,106,21,32,0.45,0.74,144.92,75.77,138.63,91.20,0.00,PASS,,recovery_detected,True,False,0,2674,0,19,237.03,80.64,393.42,,,,,,,,,,,,,
BO,20260607,9,2,6,bo_r09_002_tl105_dt75_ge12_qr84_tau87,105,75,12,0.84,0.87,290.92,92.83,272.91,91.20,0.00,PASS,,recovery_detected,True,False,0,971,0,58,237.03,80.64,393.42,,,,,,,,,,,,,
BO,20260607,9,3,6,bo_r09_003_tl42_dt234_ge39_qr55_tau84,42,234,39,0.55,0.84,274.92,81.03,257.29,91.20,0.00,PASS,,recovery_detected,True,False,0,245,0,32,237.03,80.64,393.42,,,,,,,,,,,,,
BO,20260607,9,4,6,bo_r09_004_tl119_dt231_ge27_qr7_tau70,119,231,27,0.07,0.7,287.92,86.12,269.57,91.20,0.00,PASS,,recovery_detected,True,False,0,277,1,43,237.03,80.64,393.42,,,,,,,,,,,,,
BO,20260607,9,5,6,bo_r09_005_tl57_dt68_ge11_qr91_tau90,57,68,11,0.91,0.9,210.92,88.29,199.77,91.20,0.00,PASS,,recovery_detected,True,False,0,546,0,58,237.03,80.64,393.42,,,,,,,,,,,,,
BO,20260607,9,6,6,bo_r09_006_tl32_dt111_ge6_qr52_tau83,32,111,6,0.52,0.83,262.92,101.62,248.26,91.20,0.00,PASS,,recovery_detected,True,False,0,1076,0,69,237.03,80.64,393.42,,,,,,,,,,,,,
BO,20260607,10,1,6,bo_r10_001_tl78_dt33_ge41_qr96_tau79,78,33,41,0.96,0.79,144.92,86.55,139.61,91.20,0.00,PASS,,recovery_detected,True,False,0,1932,0,20,236.37,85.60,387.14,,,,,,,,,,,,,
BO,20260607,10,2,6,bo_r10_002_tl33_dt142_ge15_qr0_tau74,33,142,15,0.0,0.74,267.92,86.03,251.38,91.20,0.00,PASS,,recovery_detected,True,False,0,802,1,51,236.37,85.60,387.14,,,,,,,,,,,,,
BO,20260607,10,3,6,bo_r10_003_tl111_dt95_ge35_qr42_tau87,111,95,35,0.42,0.87,370.92,89.35,345.32,91.20,0.00,PASS,,recovery_detected,True,False,0,444,0,41,236.37,85.60,387.14,,,,,,,,,,,,,
BO,20260607,10,4,6,bo_r10_004_tl119_dt133_ge13_qr83_tau76,119,133,13,0.83,0.76,355.92,93.20,332.04,91.20,0.00,PASS,,recovery_detected,True,False,0,680,0,65,236.37,85.60,387.14,,,,,,,,,,,,,
BO,20260607,10,5,6,bo_r10_005_tl103_dt217_ge30_qr85_tau82,103,217,30,0.85,0.82,286.92,75.40,267.69,91.20,0.00,PASS,,recovery_detected,True,False,0,292,0,40,236.37,85.60,387.14,,,,,,,,,,,,,
BO,20260607,10,6,6,bo_r10_006_tl2_dt95_ge46_qr94_tau71,2,95,46,0.94,0.71,162.92,87.44,156.06,91.20,0.00,PASS,,recovery_detected,True,False,0,636,0,22,236.37,85.60,387.14,,,,,,,,,,,,,
BO,20260607,11,1,6,bo_r11_001_tl70_dt39_ge50_qr97_tau90,70,39,50,0.97,0.9,144.92,88.61,139.80,91.20,0.00,PASS,,recovery_detected,True,False,0,1652,0,18,237.60,86.31,388.89,0.84,0.84,0.25,0.17,0.21,0.18,0.84,0.48,0.84,0.36,-0.17591640,5,1.000000
BO,20260607,11,2,6,bo_r11_002_tl119_dt36_ge32_qr92_tau87,119,36,32,0.92,0.87,108.92,81.92,106.47,91.20,0.00,PASS,,recovery_detected,True,False,0,1588,0,23,237.60,86.31,388.89,0.84,0.84,0.28,0.19,0.22,0.18,0.84,0.46,0.84,0.36,-0.17591640,5,1.000000
BO,20260607,11,3,6,bo_r11_003_tl119_dt53_ge41_qr88_tau89,119,53,41,0.88,0.89,190.92,84.80,181.27,91.20,0.00,PASS,,recovery_detected,True,False,0,903,0,27,237.60,86.31,388.89,0.84,0.84,0.29,0.19,0.22,0.19,0.84,0.48,0.84,0.37,-0.17591640,5,1.000000
BO,20260607,11,4,6,bo_r11_004_tl119_dt97_ge38_qr81_tau88,119,97,38,0.81,0.88,292.92,87.71,274.26,91.20,0.00,PASS,,recovery_detected,True,False,0,378,0,36,237.60,86.31,388.89,0.84,0.84,0.28,0.18,0.21,0.18,0.84,0.45,0.84,0.36,-0.17591640,5,1.000000
BO,20260607,11,5,6,bo_r11_005_tl115_dt181_ge44_qr91_tau84,115,181,44,0.91,0.84,248.92,80.57,233.62,91.20,0.00,PASS,,recovery_detected,True,False,0,173,0,29,237.60,86.31,388.89,0.82,0.82,0.27,0.18,0.21,0.18,0.82,0.43,0.82,0.35,-0.19358135,5,0.982490
BO,20260607,11,6,6,bo_r11_006_tl44_dt9_ge38_qr99_tau90,44,9,38,0.99,0.9,177.92,81.68,169.17,91.20,0.00,PASS,,recovery_detected,True,False,0,3579,0,18,237.60,86.31,388.89,0.81,0.81,0.22,0.15,0.19,0.17,0.81,0.45,0.81,0.33,-0.20602329,5,0.970342
BO,20260607,12,1,6,bo_r12_001_tl51_dt11_ge50_qr97_tau88,51,11,50,0.97,0.88,161.92,86.17,155.03,91.20,0.00,PASS,,recovery_detected,True,False,0,3274,0,17,232.73,81.70,383.77,0.97,0.97,0.27,0.19,0.23,0.20,0.97,0.53,0.97,0.40,-0.02899136,5,0.994202
BO,20260607,12,2,6,bo_r12_002_tl119_dt0_ge40_qr60_tau88,119,0,40,0.6,0.88,297.92,84.08,278.48,91.20,0.00,PASS,,recovery_detected,True,False,0,195,0,35,232.73,81.70,383.77,0.97,0.97,0.33,0.22,0.25,0.21,0.97,0.51,0.97,0.41,-0.02891799,5,0.994275
BO,20260607,12,3,6,bo_r12_003_tl90_dt163_ge49_qr100_tau84,90,163,49,1.0,0.84,302.92,79.03,282.57,91.20,0.00,PASS,,recovery_detected,True,False,0,347,0,31,232.73,81.70,383.77,0.96,0.96,0.30,0.20,0.24,0.20,0.96,0.51,0.96,0.40,-0.04175753,5,0.981590
BO,20260607,12,4,6,bo_r12_004_tl107_dt175_ge48_qr89_tau84,107,175,48,0.89,0.84,303.92,80.26,283.59,91.20,0.00,PASS,,recovery_detected,True,False,0,366,0,32,232.73,81.70,383.77,0.96,0.96,0.31,0.21,0.24,0.20,0.96,0.50,0.96,0.40,-0.04505974,5,0.978354
BO,20260607,12,5,6,bo_r12_005_tl115_dt164_ge50_qr61_tau88,115,164,50,0.61,0.88,400.92,78.81,371.64,91.20,0.00,PASS,,recovery_detected,True,False,0,220,0,34,232.73,81.70,383.77,0.96,0.96,0.32,0.21,0.24,0.20,0.96,0.50,0.96,0.41,-0.04489135,5,0.978519
BO,20260607,12,6,6,bo_r12_006_tl121_dt149_ge35_qr68_tau89,121,149,35,0.68,0.89,262.92,90.00,247.20,91.20,0.00,PASS,,recovery_detected,True,False,0,340,0,34,232.73,81.70,383.77,0.95,0.95,0.32,0.21,0.24,0.20,0.95,0.50,0.95,0.40,-0.05155958,5,0.972016
BO,20260607,13,1,6,bo_r13_001_tl95_dt84_ge39_qr94_tau88,95,84,39,0.94,0.88,299.92,84.36,280.32,91.20,0.00,PASS,,recovery_detected,True,False,0,315,0,36,235.82,85.43,386.21,0.86,0.86,0.27,0.18,0.21,0.18,0.86,0.47,0.86,0.36,-0.15096890,5,1.000000
BO,20260607,13,2,6,bo_r13_002_tl98_dt222_ge44_qr91_tau90,98,222,44,0.91,0.9,248.92,80.57,233.62,91.20,0.00,PASS,,recovery_detected,True,False,0,173,0,29,235.82,85.43,386.21,0.86,0.86,0.27,0.18,0.21,0.18,0.86,0.47,0.86,0.36,-0.15096890,5,1.000000
BO,20260607,13,3,6,bo_r13_003_tl103_dt40_ge48_qr100_tau83,103,40,48,1.0,0.83,137.92,88.67,133.44,91.20,0.00,PASS,,recovery_detected,True,False,0,1440,0,19,235.82,85.43,386.21,0.86,0.86,0.28,0.19,0.22,0.19,0.86,0.47,0.86,0.37,-0.15096890,5,1.000000
BO,20260607,13,4,6,bo_r13_004_tl115_dt6_ge46_qr59_tau89,115,6,46,0.59,0.89,180.92,92.55,172.89,91.20,0.00,PASS,,recovery_detected,True,False,0,4137,0,18,235.82,85.43,386.21,0.86,0.86,0.29,0.19,0.22,0.19,0.86,0.46,0.86,0.37,-0.15096890,5,1.000000
BO,20260607,13,5,6,bo_r13_005_tl118_dt26_ge47_qr97_tau84,118,26,47,0.97,0.84,137.92,78.59,132.53,91.20,0.00,PASS,,recovery_detected,True,False,0,2173,0,17,235.82,85.43,386.21,0.86,0.86,0.30,0.20,0.23,0.20,0.86,0.48,0.86,0.38,-0.15096890,5,1.000000
BO,20260607,13,6,6,bo_r13_006_tl119_dt67_ge45_qr85_tau89,119,67,45,0.85,0.89,191.92,77.30,181.50,91.20,0.00,PASS,,recovery_detected,True,False,0,645,0,25,235.82,85.43,386.21,0.86,0.86,0.30,0.20,0.23,0.20,0.86,0.49,0.86,0.38,-0.15096890,5,1.000000
BO,20260607,14,1,6,bo_r14_001_tl114_dt161_ge49_qr97_tau85,114,161,49,0.97,0.85,302.92,79.03,282.57,91.20,0.00,PASS,,recovery_detected,True,False,0,347,0,31,232.22,82.86,381.58,0.93,0.93,0.31,0.21,0.24,0.21,0.93,0.51,0.93,0.40,-0.06972113,5,1.000000
BO,20260607,14,2,6,bo_r14_002_tl121_dt13_ge50_qr98_tau90,121,13,50,0.98,0.9,145.92,79.26,139.86,91.20,0.00,PASS,,recovery_detected,True,False,0,3043,0,17,232.22,82.86,381.58,0.93,0.93,0.35,0.23,0.27,0.23,0.93,0.58,0.93,0.43,-0.06972113,5,1.000000
BO,20260607,14,3,6,bo_r14_003_tl76_dt26_ge48_qr70_tau89,76,26,48,0.7,0.89,137.92,78.59,132.53,91.20,0.00,PASS,,recovery_detected,True,False,0,2173,0,17,232.22,82.86,381.58,0.91,0.91,0.27,0.19,0.22,0.19,0.91,0.49,0.91,0.38,-0.09662911,5,0.973451
BO,20260607,14,4,6,bo_r14_004_tl98_dt37_ge29_qr76_tau90,98,37,29,0.76,0.9,113.92,81.98,111.02,91.20,0.00,PASS,,recovery_detected,True,False,0,1555,0,26,232.22,82.86,381.58,0.91,0.91,0.28,0.19,0.23,0.19,0.91,0.48,0.91,0.38,-0.09761645,5,0.972490
BO,20260607,14,5,6,bo_r14_005_tl98_dt62_ge44_qr94_tau83,98,62,44,0.94,0.83,238.92,77.27,224.22,91.20,0.00,PASS,,recovery_detected,True,False,0,748,0,29,232.22,82.86,381.58,0.91,0.91,0.29,0.19,0.23,0.19,0.91,0.48,0.91,0.38,-0.08912790,5,0.980780
BO,20260607,14,6,6,bo_r14_006_tl118_dt39_ge22_qr78_tau88,118,39,22,0.78,0.88,136.92,82.44,131.97,91.20,0.00,PASS,,recovery_detected,True,False,0,1516,0,31,232.22,82.86,381.58,0.90,0.90,0.30,0.20,0.23,0.19,0.90,0.47,0.90,0.38,-0.10343983,5,0.966843
BO,20260607,15,1,6,bo_r15_001_tl113_dt134_ge30_qr91_tau89,113,134,30,0.91,0.89,286.92,75.40,267.69,91.20,0.00,PASS,,recovery_detected,True,False,0,292,0,40,227.80,77.02,378.58,1.14,1.14,0.36,0.24,0.28,0.24,1.14,0.61,1.14,0.48,0.12960169,5,1.000000
BO,20260607,15,2,6,bo_r15_002_tl118_dt21_ge36_qr75_tau88,118,21,36,0.75,0.88,144.92,75.77,138.63,91.20,0.00,PASS,,recovery_detected,True,False,0,2674,0,19,227.80,77.02,378.58,1.14,1.14,0.38,0.25,0.29,0.25,1.14,0.61,1.14,0.49,0.12960169,5,1.000000
BO,20260607,15,3,6,bo_r15_003_tl62_dt4_ge50_qr77_tau89,62,4,50,0.77,0.89,283.92,89.58,266.25,91.20,0.00,PASS,,recovery_detected,True,False,0,5241,0,18,227.80,77.02,378.58,1.11,1.11,0.32,0.22,0.27,0.23,1.11,0.60,1.11,0.46,0.10758738,5,0.978226
BO,20260607,15,4,6,bo_r15_004_tl100_dt115_ge23_qr100_tau88,100,115,23,1.0,0.88,280.92,81.59,262.80,91.20,0.00,PASS,,recovery_detected,True,False,0,431,0,44,227.80,77.02,378.58,1.11,1.11,0.34,0.23,0.27,0.23,1.11,0.59,1.11,0.46,0.10047673,5,0.971295
BO,20260607,15,5,6,bo_r15_005_tl119_dt65_ge43_qr84_tau82,119,65,43,0.84,0.82,191.92,79.06,181.66,91.20,0.00,PASS,,recovery_detected,True,False,0,728,0,25,227.80,77.02,378.58,1.11,1.11,0.37,0.25,0.29,0.24,1.11,0.58,1.11,0.47,0.10767200,5,0.978309
BO,20260607,15,6,6,bo_r15_006_tl103_dt17_ge25_qr97_tau85,103,17,25,0.97,0.85,145.92,86.23,140.49,91.20,0.00,PASS,,recovery_detected,True,False,0,2850,0,21,227.80,77.02,378.58,1.10,1.10,0.35,0.23,0.27,0.23,1.10,0.58,1.10,0.46,0.09803574,5,0.968927
BO,20260607,16,1,6,bo_r16_001_tl89_dt181_ge44_qr95_tau89,89,181,44,0.95,0.89,248.92,80.57,233.62,91.20,0.00,PASS,,recovery_detected,True,False,0,173,0,29,226.59,77.75,375.43,1.10,1.10,0.33,0.23,0.27,0.23,1.10,0.60,1.10,0.46,0.09857883,5,1.000000
BO,20260607,16,2,6,bo_r16_002_tl94_dt23_ge42_qr100_tau86,94,23,42,1.0,0.86,144.92,77.03,138.75,91.20,0.00,PASS,,recovery_detected,True,False,0,2498,0,17,226.59,77.75,375.43,1.10,1.10,0.35,0.24,0.28,0.24,1.10,0.61,1.10,0.47,0.09857883,5,1.000000
BO,20260607,16,3,6,bo_r16_003_tl94_dt74_ge46_qr91_tau88,94,74,46,0.91,0.88,266.92,78.47,249.79,91.20,0.00,PASS,,recovery_detected,True,False,0,730,0,30,226.59,77.75,375.43,1.10,1.10,0.35,0.24,0.28,0.24,1.10,0.61,1.10,0.47,0.09857883,5,1.000000
BO,20260607,16,4,6,bo_r16_004_tl97_dt78_ge49_qr78_tau88,97,78,49,0.78,0.88,264.92,77.62,247.89,91.20,0.00,PASS,,recovery_detected,True,False,0,373,0,28,226.59,77.75,375.43,1.10,1.10,0.35,0.24,0.28,0.24,1.10,0.59,1.10,0.47,0.09857883,5,1.000000
BO,20260607,16,5,6,bo_r16_005_tl103_dt90_ge42_qr78_tau89,103,90,42,0.78,0.89,190.92,76.02,180.47,91.20,0.00,PASS,,recovery_detected,True,False,0,396,0,28,226.59,77.75,375.43,1.10,1.10,0.35,0.23,0.28,0.24,1.10,0.59,1.10,0.47,0.09857883,5,1.000000
BO,20260607,16,6,6,bo_r16_006_tl110_dt113_ge33_qr91_tau88,110,113,33,0.91,0.88,363.92,89.46,338.97,91.20,0.00,PASS,,recovery_detected,True,False,0,360,0,42,226.59,77.75,375.43,1.10,1.10,0.35,0.23,0.28,0.23,1.10,0.59,1.10,0.46,0.09857883,5,1.000000
BO,20260607,17,1,6,bo_r17_001_tl78_dt8_ge46_qr92_tau89,78,8,46,0.92,0.89,164.92,79.52,157.16,91.20,0.00,PASS,,recovery_detected,True,False,0,3564,0,18,226.90,79.56,374.24,1.03,1.03,0.32,0.22,0.26,0.22,1.03,0.58,1.03,0.44,0.03228027,5,1.000000
BO,20260607,17,2,6,bo_r17_002_tl97_dt195_ge42_qr100_tau90,97,195,42,1.0,0.9,281.92,79.19,263.49,91.20,0.00,PASS,,recovery_detected,True,False,0,366,0,31,226.90,79.56,374.24,1.03,1.03,0.32,0.22,0.26,0.22,1.03,0.57,1.03,0.44,0.03228027,5,1.000000
BO,20260607,17,3,6,bo_r17_003_tl100_dt16_ge48_qr90_tau84,100,16,48,0.9,0.84,144.92,79.76,139.00,91.20,0.00,PASS,,recovery_detected,True,False,0,2859,0,17,226.90,79.56,374.24,1.03,1.03,0.33,0.22,0.26,0.22,1.03,0.56,1.03,0.44,0.03228027,5,1.000000
BO,20260607,17,4,6,bo_r17_004_tl110_dt111_ge27_qr98_tau90,110,111,27,0.98,0.9,265.92,78.67,248.90,91.20,0.00,PASS,,recovery_detected,True,False,0,394,0,41,226.90,79.56,374.24,1.03,1.03,0.33,0.22,0.26,0.22,1.03,0.56,1.03,0.44,0.03228027,5,1.000000
BO,20260607,17,5,6,bo_r17_005_tl120_dt28_ge27_qr98_tau86,120,28,27,0.98,0.86,167.92,76.49,159.61,91.20,0.00,PASS,,recovery_detected,True,False,0,2094,0,26,226.90,79.56,374.24,1.03,1.03,0.34,0.23,0.26,0.22,1.03,0.56,1.03,0.44,0.03228027,5,1.000000
BO,20260607,17,6,6,bo_r17_006_tl63_dt17_ge37_qr95_tau90,63,17,37,0.95,0.9,158.92,85.06,152.20,91.20,0.00,PASS,,recovery_detected,True,False,0,2812,0,19,226.90,79.56,374.24,1.02,1.02,0.29,0.20,0.24,0.21,1.02,0.56,1.02,0.42,0.02066802,5,0.988455
BO,20260607,18,1,6,bo_r18_001_tl97_dt85_ge38_qr95_tau88,97,85,38,0.95,0.88,220.92,89.49,208.97,91.20,0.00,PASS,,recovery_detected,True,False,0,274,0,30,224.54,78.48,370.60,1.07,1.07,0.33,0.22,0.27,0.23,1.07,0.58,1.07,0.45,0.06373018,5,1.000000
BO,20260607,18,2,6,bo_r18_002_tl102_dt62_ge39_qr83_tau88,102,62,39,0.83,0.88,299.92,83.77,280.27,91.20,0.00,PASS,,recovery_detected,True,False,0,455,0,37,224.54,78.48,370.60,1.07,1.07,0.34,0.23,0.27,0.23,1.07,0.57,1.07,0.45,0.06373018,5,1.000000
BO,20260607,18,3,6,bo_r18_003_tl103_dt155_ge49_qr97_tau86,103,155,49,0.97,0.86,302.92,79.03,282.57,91.20,0.00,PASS,,recovery_detected,True,False,0,347,0,31,224.54,78.48,370.60,1.07,1.07,0.34,0.23,0.27,0.23,1.07,0.58,1.07,0.45,0.06373018,5,1.000000
BO,20260607,18,4,6,bo_r18_004_tl109_dt81_ge39_qr95_tau86,109,81,39,0.95,0.86,299.92,84.36,280.32,91.20,0.00,PASS,,recovery_detected,True,False,0,326,0,36,224.54,78.48,370.60,1.07,1.07,0.35,0.23,0.27,0.23,1.07,0.58,1.07,0.45,0.06373018,5,1.000000
BO,20260607,18,5,6,bo_r18_005_tl115_dt45_ge42_qr76_tau90,115,45,42,0.76,0.9,225.92,82.69,212.90,91.20,0.00,PASS,,recovery_detected,True,False,0,1470,0,27,224.54,78.48,370.60,1.07,1.07,0.36,0.24,0.28,0.24,1.07,0.59,1.07,0.46,0.06373018,5,1.000000
BO,20260607,18,6,6,bo_r18_006_tl105_dt27_ge47_qr96_tau81,105,27,47,0.96,0.81,139.92,81.41,134.60,91.20,0.00,PASS,,recovery_detected,True,False,0,2018,0,18,224.54,78.48,370.60,1.06,1.06,0.34,0.23,0.27,0.23,1.06,0.56,1.06,0.45,0.05856358,5,0.994847
BO,20260607,19,1,6,bo_r19_001_tl84_dt209_ge49_qr97_tau90,84,209,49,0.97,0.9,302.92,79.03,282.57,91.20,0.00,PASS,,recovery_detected,True,False,0,347,0,31,225.02,80.84,369.21,0.98,0.98,0.30,0.20,0.24,0.21,0.98,0.54,0.98,0.41,-0.02466609,5,1.000000
BO,20260607,19,2,6,bo_r19_002_tl99_dt101_ge32_qr96_tau90,99,101,32,0.96,0.9,316.92,91.59,296.44,91.20,0.00,PASS,,recovery_detected,True,False,0,274,0,40,225.02,80.84,369.21,0.98,0.98,0.30,0.20,0.24,0.21,0.98,0.53,0.98,0.41,-0.02466609,5,1.000000
BO,20260607,19,3,6,bo_r19_003_tl100_dt73_ge42_qr88_tau87,100,73,42,0.88,0.87,232.92,76.27,218.68,91.20,0.00,PASS,,recovery_detected,True,False,0,798,0,28,225.02,80.84,369.21,0.98,0.98,0.31,0.21,0.24,0.21,0.98,0.52,0.98,0.41,-0.02466609,5,1.000000
BO,20260607,19,4,6,bo_r19_004_tl115_dt29_ge43_qr90_tau85,115,29,43,0.9,0.85,137.92,92.87,133.82,91.20,0.00,PASS,,recovery_detected,True,False,0,1859,0,20,225.02,80.84,369.21,0.98,0.98,0.33,0.22,0.25,0.22,0.98,0.53,0.98,0.42,-0.02466609,5,1.000000
BO,20260607,19,5,6,bo_r19_005_tl115_dt36_ge41_qr49_tau90,115,36,41,0.49,0.9,109.92,84.34,107.59,91.20,0.00,PASS,,recovery_detected,True,False,0,1507,0,19,225.02,80.84,369.21,0.95,0.95,0.32,0.21,0.24,0.20,0.95,0.50,0.95,0.40,-0.04837779,5,0.976567
BO,20260607,19,6,6,bo_r19_006_tl86_dt100_ge44_qr99_tau83,86,100,44,0.99,0.83,189.92,79.45,179.88,91.20,0.00,PASS,,recovery_detected,True,False,0,237,0,28,225.02,80.84,369.21,0.94,0.94,0.29,0.19,0.23,0.20,0.94,0.50,0.94,0.39,-0.06366086,5,0.961756
BO,20260607,20,1,6,bo_r20_001_tl76_dt1_ge48_qr92_tau86,76,1,48,0.92,0.86,264.92,89.58,248.98,91.20,0.00,PASS,,recovery_detected,True,False,0,4654,0,17,223.87,79.69,368.06,1.01,1.01,0.30,0.21,0.25,0.21,1.01,0.55,1.01,0.42,0.01477233,5,0.999911
BO,20260607,20,2,6,bo_r20_002_tl76_dt19_ge49_qr85_tau89,76,19,49,0.85,0.89,144.92,79.19,138.94,91.20,0.00,PASS,,recovery_detected,True,False,0,2724,0,17,223.87,79.69,368.06,1.01,1.01,0.31,0.21,0.25,0.22,1.01,0.56,1.01,0.43,0.01486168,5,1.000000
BO,20260607,20,3,6,bo_r20_003_tl95_dt16_ge46_qr100_tau87,95,16,46,1.0,0.87,144.92,79.76,139.00,91.20,0.00,PASS,,recovery_detected,True,False,0,2859,0,17,223.87,79.69,368.06,1.01,1.01,0.33,0.22,0.26,0.23,1.01,0.58,1.01,0.44,0.01486168,5,1.000000
BO,20260607,20,4,6,bo_r20_004_tl108_dt100_ge44_qr99_tau90,108,100,44,0.99,0.9,189.92,79.45,179.88,91.20,0.00,PASS,,recovery_detected,True,False,0,237,0,28,223.87,79.69,368.06,1.01,1.01,0.34,0.23,0.27,0.23,1.01,0.59,1.01,0.45,0.01486168,5,1.000000
BO,20260607,20,5,6,bo_r20_005_tl109_dt32_ge35_qr85_tau85,109,32,35,0.85,0.85,138.92,83.41,133.87,91.20,0.00,PASS,,recovery_detected,True,False,0,1885,0,21,223.87,79.69,368.06,0.99,0.99,0.32,0.21,0.25,0.21,0.99,0.52,0.99,0.42,-0.00627823,5,0.979082
BO,20260607,20,6,6,bo_r20_006_tl113_dt81_ge48_qr51_tau89,113,81,48,0.51,0.89,252.92,74.41,236.69,91.20,0.00,PASS,,recovery_detected,True,False,0,226,0,28,223.87,79.69,368.06,0.99,0.99,0.33,0.22,0.25,0.21,0.99,0.52,0.99,0.42,-0.00774606,5,0.977646
BO,20260607,21,1,6,bo_r21_001_tl99_dt47_ge36_qr100_tau86,99,47,36,1.0,0.86,171.92,88.45,164.33,91.20,0.00,PASS,,recovery_detected,True,False,0,1241,0,26,221.66,78.34,364.97,1.06,1.06,0.33,0.22,0.26,0.23,1.06,0.57,1.06,0.45,0.05758648,5,1.000000
BO,20260607,21,2,6,bo_r21_002_tl101_dt18_ge40_qr100_tau90,101,18,40,1.0,0.9,165.92,87.50,158.79,91.20,0.00,PASS,,recovery_detected,True,False,0,2927,0,19,221.66,78.34,364.97,1.06,1.06,0.35,0.24,0.28,0.24,1.06,0.62,1.06,0.47,0.05758648,5,1.000000
BO,20260607,21,3,6,bo_r21_003_tl121_dt80_ge50_qr70_tau85,121,80,50,0.7,0.85,220.92,73.64,207.53,91.20,0.00,PASS,,recovery_detected,True,False,0,229,0,27,221.66,78.34,364.97,1.06,1.06,0.36,0.24,0.27,0.23,1.06,0.55,1.06,0.45,0.05753320,5,0.999947
BO,20260607,21,4,6,bo_r21_004_tl120_dt209_ge40_qr91_tau86,120,209,40,0.91,0.86,297.92,84.08,278.48,91.20,0.00,PASS,,recovery_detected,True,False,0,195,0,35,221.66,78.34,364.97,1.05,1.05,0.34,0.23,0.27,0.22,1.05,0.55,1.05,0.44,0.05030016,5,0.992740
BO,20260607,21,5,6,bo_r21_005_tl120_dt58_ge13_qr94_tau87,120,58,13,0.94,0.87,230.92,89.58,218.07,91.20,0.00,PASS,,recovery_detected,True,False,0,864,0,50,221.66,78.34,364.97,1.02,1.02,0.33,0.22,0.26,0.22,1.02,0.54,1.02,0.43,0.02031606,5,0.963416
BO,20260607,21,6,6,bo_r21_006_tl39_dt18_ge43_qr99_tau88,39,18,43,0.99,0.88,164.92,85.45,157.70,91.20,0.00,PASS,,recovery_detected,True,False,0,2926,0,19,221.66,78.34,364.97,1.01,1.01,0.27,0.19,0.24,0.20,1.01,0.55,1.01,0.41,0.00995515,5,0.953485
BO,20260607,22,1,6,bo_r22_001_tl81_dt78_ge50_qr80_tau90,81,78,50,0.8,0.9,220.92,73.64,207.53,91.20,0.00,PASS,,recovery_detected,True,False,0,227,0,27,220.51,79.06,361.95,1.03,1.03,0.31,0.21,0.25,0.22,1.03,0.56,1.03,0.43,0.02520086,5,1.000000
BO,20260607,22,2,6,bo_r22_002_tl102_dt228_ge48_qr91_tau89,102,228,48,0.91,0.89,303.92,80.26,283.59,91.20,0.00,PASS,,recovery_detected,True,False,0,366,0,32,220.51,79.06,361.95,1.03,1.03,0.33,0.22,0.26,0.22,1.03,0.56,1.03,0.43,0.02520086,5,1.000000
BO,20260607,22,3,6,bo_r22_003_tl103_dt53_ge50_qr97_tau89,103,53,50,0.97,0.89,145.92,86.06,140.48,91.20,0.00,PASS,,recovery_detected,True,False,0,1029,0,21,220.51,79.06,361.95,1.03,1.03,0.35,0.24,0.28,0.24,1.03,0.60,1.03,0.45,0.02520086,5,1.000000
BO,20260607,22,4,6,bo_r22_004_tl108_dt7_ge39_qr77_tau90,108,7,39,0.77,0.9,167.92,81.69,160.08,91.20,0.00,PASS,,recovery_detected,True,False,0,3553,0,17,220.51,79.06,361.95,1.03,1.03,0.34,0.23,0.27,0.23,1.03,0.57,1.03,0.44,0.02520086,5,1.000000
BO,20260607,22,5,6,bo_r22_005_tl100_dt38_ge48_qr89_tau83,100,38,48,0.89,0.83,138.92,87.18,134.22,91.20,0.00,PASS,,recovery_detected,True,False,0,1495,0,19,220.51,79.06,361.95,1.02,1.02,0.33,0.22,0.26,0.22,1.02,0.54,1.02,0.43,0.01682324,5,0.991657
BO,20260607,22,6,6,bo_r22_006_tl104_dt157_ge23_qr98_tau90,104,157,23,0.98,0.9,195.92,78.49,185.24,91.20,0.00,PASS,,recovery_detected,True,False,0,298,0,38,220.51,79.06,361.95,1.01,1.01,0.31,0.21,0.25,0.21,1.01,0.54,1.01,0.42,0.00934966,5,0.984274
BO,20260607,23,1,6,bo_r23_001_tl106_dt177_ge42_qr81_tau90,106,177,42,0.81,0.9,281.92,79.19,263.49,91.20,0.00,PASS,,recovery_detected,True,False,0,366,0,31,218.90,78.35,359.45,1.05,1.05,0.33,0.22,0.26,0.22,1.05,0.56,1.05,0.44,0.04635466,5,1.000000
BO,20260607,23,2,6,bo_r23_002_tl108_dt51_ge47_qr92_tau85,108,51,47,0.92,0.85,158.92,84.90,152.19,91.20,0.00,PASS,,recovery_detected,True,False,0,1046,0,22,218.90,78.35,359.45,1.05,1.05,0.35,0.23,0.27,0.23,1.05,0.57,1.05,0.45,0.04635466,5,1.000000
BO,20260607,23,3,6,bo_r23_003_tl113_dt39_ge21_qr95_tau89,113,39,21,0.95,0.89,137.92,94.23,133.95,91.20,0.00,PASS,,recovery_detected,True,False,0,1533,0,31,218.90,78.35,359.45,1.05,1.05,0.33,0.22,0.26,0.22,1.05,0.56,1.05,0.44,0.04635466,5,1.000000
BO,20260607,23,4,6,bo_r23_004_tl120_dt95_ge41_qr88_tau90,120,95,41,0.88,0.9,137.92,77.60,132.44,91.20,0.00,PASS,,recovery_detected,True,False,0,236,0,26,218.90,78.35,359.45,1.05,1.05,0.36,0.24,0.28,0.24,1.05,0.60,1.05,0.46,0.04635466,5,1.000000
BO,20260607,23,5,6,bo_r23_005_tl119_dt229_ge39_qr97_tau86,119,229,39,0.97,0.86,269.92,83.83,253.00,91.20,0.00,PASS,,recovery_detected,True,False,0,467,0,33,218.90,78.35,359.45,1.04,1.04,0.34,0.22,0.26,0.22,1.04,0.55,1.04,0.44,0.04317009,5,0.996820
BO,20260607,23,6,6,bo_r23_006_tl78_dt191_ge38_qr99_tau89,78,191,38,0.99,0.89,298.92,86.19,279.58,91.20,0.00,PASS,,recovery_detected,True,False,0,364,0,35,218.90,78.35,359.45,1.02,1.02,0.30,0.20,0.25,0.21,1.02,0.55,1.02,0.42,0.01597742,5,0.970080
BO,20260607,24,1,6,bo_r24_001_tl98_dt27_ge49_qr100_tau82,98,27,49,1.0,0.82,137.92,81.54,132.79,91.20,0.00,PASS,,recovery_detected,True,False,0,1996,0,17,218.18,78.13,358.24,1.05,1.05,0.34,0.23,0.27,0.23,1.05,0.57,1.05,0.45,0.05232230,5,1.000000
BO,20260607,24,2,6,bo_r24_002_tl111_dt25_ge47_qr67_tau88,111,25,47,0.67,0.88,137.92,76.94,132.38,91.20,0.00,PASS,,recovery_detected,True,False,0,2213,0,17,218.18,78.13,358.24,1.05,1.05,0.35,0.23,0.27,0.23,1.05,0.56,1.05,0.45,0.05232230,5,1.000000
BO,20260607,24,3,6,bo_r24_003_tl120_dt18_ge44_qr96_tau81,120,18,44,0.96,0.81,165.92,84.15,158.49,91.20,0.00,PASS,,recovery_detected,True,False,0,2930,0,19,218.18,78.13,358.24,1.05,1.05,0.36,0.24,0.27,0.23,1.05,0.56,1.05,0.45,0.05232230,5,1.000000
BO,20260607,24,4,6,bo_r24_004_tl107_dt47_ge20_qr94_tau89,107,47,20,0.94,0.89,254.92,93.77,240.27,91.20,0.00,PASS,,recovery_detected,True,False,0,1805,0,41,218.18,78.13,358.24,1.04,1.04,0.33,0.22,0.26,0.22,1.04,0.55,1.04,0.44,0.04070757,5,0.988452
BO,20260607,24,5,6,bo_r24_005_tl97_dt103_ge26_qr90_tau90,97,103,26,0.9,0.9,190.92,79.38,180.78,91.20,0.00,PASS,,recovery_detected,True,False,0,339,0,35,218.18,78.13,358.24,1.03,1.03,0.31,0.21,0.25,0.22,1.03,0.55,1.03,0.43,0.02907045,5,0.977016
BO,20260607,24,6,6,bo_r24_006_tl118_dt14_ge29_qr94_tau83,118,14,29,0.94,0.83,145.92,79.67,139.90,91.20,0.00,PASS,,recovery_detected,True,False,0,2999,0,18,218.18,78.13,358.24,1.03,1.03,0.34,0.22,0.26,0.22,1.03,0.54,1.03,0.44,0.03176573,5,0.979653
BO,20260607,25,1,6,bo_r25_001_tl94_dt17_ge36_qr84_tau89,94,17,36,0.84,0.89,158.92,85.13,152.21,91.20,0.00,PASS,,recovery_detected,True,False,0,2822,0,19,215.93,76.37,355.50,1.12,1.12,0.35,0.23,0.28,0.24,1.12,0.60,1.12,0.47,0.11224969,5,1.000000
BO,20260607,25,2,6,bo_r25_002_tl98_dt123_ge30_qr96_tau90,98,123,30,0.96,0.9,286.92,75.40,267.69,91.20,0.00,PASS,,recovery_detected,True,False,0,292,0,40,215.93,76.37,355.50,1.12,1.12,0.34,0.23,0.28,0.24,1.12,0.60,1.12,0.47,0.11224969,5,1.000000
BO,20260607,25,3,6,bo_r25_003_tl101_dt169_ge37_qr100_tau89,101,169,37,1.0,0.89,412.92,87.47,383.33,91.20,0.00,PASS,,recovery_detected,True,False,0,295,0,40,215.93,76.37,355.50,1.12,1.12,0.35,0.24,0.28,0.24,1.12,0.61,1.12,0.47,0.11224969,5,1.000000
BO,20260607,25,4,6,bo_r25_004_tl99_dt54_ge33_qr97_tau86,99,54,33,0.97,0.86,239.92,83.08,225.66,91.20,0.00,PASS,,recovery_detected,True,False,0,999,0,32,215.93,76.37,355.50,1.11,1.11,0.35,0.23,0.27,0.23,1.11,0.59,1.11,0.46,0.10129316,5,0.989103
BO,20260607,25,5,6,bo_r25_005_tl119_dt130_ge46_qr56_tau89,119,130,46,0.56,0.89,200.92,81.06,190.02,91.20,0.00,PASS,,recovery_detected,True,False,0,230,0,26,215.93,76.37,355.50,1.10,1.10,0.37,0.24,0.28,0.24,1.10,0.57,1.10,0.47,0.09260136,5,0.980543
BO,20260607,25,6,6,bo_r25_006_tl53_dt26_ge42_qr95_tau88,53,26,42,0.95,0.88,138.92,80.81,133.64,91.20,0.00,PASS,,recovery_detected,True,False,0,2106,0,18,215.93,76.37,355.50,1.08,1.08,0.30,0.21,0.26,0.22,1.08,0.59,1.08,0.44,0.07443291,5,0.962889
BO,20260607,26,1,6,bo_r26_001_tl103_dt161_ge48_qr87_tau90,103,161,48,0.87,0.9,303.92,80.26,283.59,91.20,0.00,PASS,,recovery_detected,True,False,0,366,0,32,216.31,75.66,356.96,1.15,1.15,0.38,0.25,0.30,0.25,1.15,0.64,1.15,0.49,0.14035048,5,1.000000
BO,20260607,26,2,6,bo_r26_002_tl117_dt28_ge46_qr100_tau90,117,28,46,1.0,0.9,168.92,86.58,161.43,91.20,0.00,PASS,,recovery_detected,True,False,0,2124,0,21,216.31,75.66,356.96,1.15,1.15,0.42,0.28,0.32,0.28,1.15,0.70,1.15,0.52,0.14035048,5,1.000000
BO,20260607,26,3,6,bo_r26_003_tl101_dt98_ge39_qr80_tau87,101,98,39,0.8,0.87,489.92,80.89,452.74,91.20,0.00,PASS,,recovery_detected,True,False,0,425,0,45,216.31,75.66,356.96,1.12,1.12,0.35,0.24,0.28,0.24,1.12,0.59,1.12,0.47,0.11047417,5,0.970566
BO,20260607,26,4,6,bo_r26_004_tl109_dt6_ge48_qr65_tau84,109,6,48,0.65,0.84,181.92,95.17,174.03,91.20,0.00,PASS,,recovery_detected,True,False,0,4148,0,18,216.31,75.66,356.96,1.12,1.12,0.37,0.25,0.29,0.24,1.12,0.58,1.12,0.47,0.10912623,5,0.969258
BO,20260607,26,5,6,bo_r26_005_tl112_dt27_ge47_qr59_tau86,112,27,47,0.59,0.86,139.92,81.41,134.60,91.20,0.00,PASS,,recovery_detected,True,False,0,2018,0,18,216.31,75.66,356.96,1.12,1.12,0.38,0.25,0.29,0.24,1.12,0.58,1.12,0.48,0.11322524,5,0.973239
BO,20260607,26,6,6,bo_r26_006_tl105_dt71_ge46_qr61_tau87,105,71,46,0.61,0.87,253.92,77.79,237.91,91.20,0.00,PASS,,recovery_detected,True,False,0,710,0,28,216.31,75.66,356.96,1.11,1.11,0.36,0.24,0.28,0.24,1.11,0.58,1.11,0.47,0.10148013,5,0.961875
BO,20260607,27,1,6,bo_r27_001_tl91_dt43_ge31_qr98_tau88,91,43,31,0.98,0.88,185.92,83.32,176.59,91.20,0.00,PASS,,recovery_detected,True,False,0,1593,0,30,217.25,73.03,361.47,1.27,1.27,0.38,0.26,0.31,0.27,1.27,0.68,1.27,0.53,0.23653158,5,0.995999
BO,20260607,27,2,6,bo_r27_002_tl114_dt90_ge27_qr99_tau90,114,90,27,0.99,0.9,276.92,80.75,259.09,91.20,0.00,PASS,,recovery_detected,True,False,0,481,0,40,217.25,73.03,361.47,1.27,1.27,0.42,0.28,0.33,0.28,1.27,0.71,1.27,0.55,0.24054043,5,1.000000
BO,20260607,27,3,6,bo_r27_003_tl118_dt181_ge27_qr99_tau88,118,181,27,0.99,0.88,222.92,77.46,209.70,91.20,0.00,PASS,,recovery_detected,True,False,0,278,0,38,217.25,73.03,361.47,1.27,1.27,0.41,0.27,0.32,0.27,1.27,0.67,1.27,0.53,0.23619658,5,0.995666
BO,20260607,27,4,6,bo_r27_004_tl119_dt165_ge31_qr86_tau89,119,165,31,0.86,0.89,308.92,86.56,288.71,91.20,0.00,PASS,,recovery_detected,True,False,0,407,0,39,217.25,73.03,361.47,1.26,1.26,0.41,0.27,0.32,0.27,1.26,0.67,1.26,0.53,0.23499475,5,0.994470
BO,20260607,27,5,6,bo_r27_005_tl93_dt44_ge36_qr75_tau90,93,44,36,0.75,0.9,176.92,83.81,168.46,91.20,0.00,PASS,,recovery_detected,True,False,0,1454,0,29,217.25,73.03,361.47,1.25,1.25,0.39,0.26,0.31,0.26,1.25,0.67,1.25,0.52,0.22264770,5,0.982266
BO,20260607,27,6,6,bo_r27_006_tl101_dt55_ge47_qr56_tau90,101,55,47,0.56,0.9,176.92,86.20,168.67,91.20,0.00,PASS,,recovery_detected,True,False,0,737,0,22,217.25,73.03,361.47,1.25,1.25,0.40,0.27,0.31,0.27,1.25,0.66,1.25,0.53,0.22382194,5,0.983420
BO,20260607,28,1,6,bo_r28_001_tl113_dt189_ge41_qr86_tau89,113,189,41,0.86,0.89,241.92,77.60,226.98,91.20,0.00,PASS,,recovery_detected,True,False,0,238,0,32,217.05,74.41,359.69,1.21,1.21,0.39,0.26,0.31,0.26,1.21,0.65,1.21,0.51,0.18933332,5,1.000000
BO,20260607,28,2,6,bo_r28_002_tl121_dt22_ge35_qr100_tau86,121,22,35,1.0,0.86,137.92,76.93,132.38,91.20,0.00,PASS,,recovery_detected,True,False,0,2452,0,17,217.05,74.41,359.69,1.21,1.21,0.42,0.28,0.32,0.27,1.21,0.68,1.21,0.53,0.18933332,5,1.000000
BO,20260607,28,3,6,bo_r28_003_tl64_dt164_ge46_qr100_tau89,64,164,46,1.0,0.89,344.92,79.78,320.82,91.20,0.00,PASS,,recovery_detected,True,False,0,328,0,32,217.05,74.41,359.69,1.19,1.19,0.34,0.23,0.28,0.24,1.19,0.64,1.19,0.49,0.17044290,5,0.981287
BO,20260607,28,4,6,bo_r28_004_tl92_dt104_ge48_qr71_tau88,92,104,48,0.71,0.88,283.92,79.68,265.35,91.20,0.00,PASS,,recovery_detected,True,False,0,430,0,28,217.05,74.41,359.69,1.17,1.17,0.37,0.25,0.29,0.25,1.17,0.62,1.17,0.49,0.16087313,5,0.971941
BO,20260607,28,5,6,bo_r28_005_tl100_dt129_ge44_qr76_tau87,100,129,44,0.76,0.87,248.92,80.57,233.62,91.20,0.00,PASS,,recovery_detected,True,False,0,173,0,29,217.05,74.41,359.69,1.17,1.17,0.37,0.25,0.29,0.25,1.17,0.62,1.17,0.49,0.15599945,5,0.967216
BO,20260607,28,6,6,bo_r28_006_tl97_dt178_ge45_qr79_tau87,97,178,45,0.79,0.87,254.92,76.28,238.68,91.20,0.00,PASS,,recovery_detected,True,False,0,176,0,27,217.05,74.41,359.69,1.16,1.16,0.36,0.24,0.29,0.24,1.16,0.61,1.16,0.49,0.14787246,5,0.959387
BO,20260607,29,1,6,bo_r29_001_tl60_dt79_ge44_qr97_tau90,60,79,44,0.97,0.9,290.92,72.80,271.09,91.20,0.00,PASS,,recovery_detected,True,False,0,322,0,33,217.74,75.97,359.51,1.14,1.14,0.32,0.22,0.27,0.23,1.14,0.62,1.14,0.47,0.12786999,5,0.994263
BO,20260607,29,2,6,bo_r29_002_tl87_dt11_ge40_qr91_tau87,87,11,40,0.91,0.87,161.92,86.17,155.03,91.20,0.00,PASS,,recovery_detected,True,False,0,3274,0,17,217.74,75.97,359.51,1.14,1.14,0.35,0.24,0.28,0.24,1.14,0.61,1.14,0.48,0.13262946,5,0.999007
BO,20260607,29,3,6,bo_r29_003_tl105_dt171_ge41_qr94_tau90,105,171,41,0.94,0.9,241.92,77.60,226.98,91.20,0.00,PASS,,recovery_detected,True,False,0,238,0,32,217.74,75.97,359.51,1.14,1.14,0.37,0.25,0.29,0.25,1.14,0.63,1.14,0.49,0.13362339,5,1.000000
BO,20260607,29,4,6,bo_r29_004_tl118_dt130_ge45_qr92_tau88,118,130,45,0.92,0.88,254.92,76.28,238.68,91.20,0.00,PASS,,recovery_detected,True,False,0,176,0,27,217.74,75.97,359.51,1.14,1.14,0.39,0.26,0.30,0.26,1.14,0.64,1.14,0.50,0.13362339,5,1.000000
BO,20260607,29,5,6,bo_r29_005_tl108_dt145_ge42_qr80_tau88,108,145,42,0.8,0.88,281.92,79.19,263.49,91.20,0.00,PASS,,recovery_detected,True,False,0,366,0,31,217.74,75.97,359.51,1.13,1.13,0.36,0.24,0.28,0.24,1.13,0.60,1.13,0.48,0.12457024,5,0.990988
BO,20260607,29,6,6,bo_r29_006_tl80_dt119_ge40_qr90_tau89,80,119,40,0.9,0.89,325.92,85.68,304.08,91.20,0.00,PASS,,recovery_detected,True,False,0,283,0,37,217.74,75.97,359.51,1.12,1.12,0.33,0.23,0.27,0.23,1.12,0.60,1.12,0.46,0.11101314,5,0.977643
BO,20260607,30,1,6,bo_r30_001_tl64_dt68_ge48_qr95_tau89,64,68,48,0.95,0.89,193.92,78.39,183.42,91.20,0.00,PASS,,recovery_detected,True,False,0,677,0,24,218.62,77.99,359.24,1.06,1.06,0.30,0.21,0.25,0.22,1.06,0.58,1.06,0.44,0.05932497,5,1.000000
BO,20260607,30,2,6,bo_r30_002_tl72_dt138_ge50_qr96_tau88,72,138,50,0.96,0.88,400.92,78.81,371.64,91.20,0.00,PASS,,recovery_detected,True,False,0,220,0,34,218.62,77.99,359.24,1.06,1.06,0.31,0.21,0.25,0.22,1.06,0.57,1.06,0.44,0.05385759,5,0.994548
BO,20260607,30,3,6,bo_r30_003_tl110_dt17_ge37_qr95_tau89,110,17,37,0.95,0.89,158.92,85.06,152.20,91.20,0.00,PASS,,recovery_detected,True,False,0,2812,0,19,218.62,77.99,359.24,1.06,1.06,0.36,0.24,0.28,0.24,1.06,0.60,1.06,0.46,0.05932497,5,1.000000
BO,20260607,30,4,6,bo_r30_004_tl113_dt18_ge28_qr94_tau90,113,18,28,0.94,0.9,177.92,86.34,169.59,91.20,0.00,PASS,,recovery_detected,True,False,0,2973,0,21,218.62,77.99,359.24,1.06,1.06,0.35,0.24,0.28,0.24,1.06,0.59,1.06,0.46,0.05932497,5,1.000000
BO,20260607,30,5,6,bo_r30_005_tl121_dt199_ge48_qr93_tau83,121,199,48,0.93,0.83,303.92,80.26,283.59,91.20,0.00,PASS,,recovery_detected,True,False,0,366,0,32,218.62,77.99,359.24,1.06,1.06,0.35,0.23,0.27,0.23,1.06,0.55,1.06,0.45,0.05425806,5,0.994946
BO,20260607,30,6,6,bo_r30_006_tl113_dt73_ge40_qr74_tau87,113,73,40,0.74,0.87,264.92,83.80,248.45,91.20,0.00,PASS,,recovery_detected,True,False,0,403,0,31,218.62,77.99,359.24,1.05,1.05,0.34,0.23,0.27,0.22,1.05,0.55,1.05,0.44,0.04621648,5,0.986977
BO,20260607,31,1,6,bo_r31_001_tl97_dt60_ge38_qr79_tau90,97,60,38,0.79,0.9,272.92,82.74,255.63,91.20,0.00,PASS,,recovery_detected,True,False,0,553,0,33,219.16,78.10,360.21,1.06,1.06,0.33,0.22,0.26,0.22,1.06,0.57,1.06,0.44,0.05704762,5,1.000000
BO,20260607,31,2,6,bo_r31_002_tl102_dt71_ge49_qr93_tau83,102,71,49,0.93,0.83,237.92,84.06,223.93,91.20,0.00,PASS,,recovery_detected,True,False,0,662,0,27,219.16,78.10,360.21,1.06,1.06,0.34,0.23,0.27,0.23,1.06,0.56,1.06,0.45,0.05624730,5,0.999200
BO,20260607,31,3,6,bo_r31_003_tl118_dt28_ge39_qr94_tau89,118,28,39,0.94,0.89,145.92,85.44,140.42,91.20,0.00,PASS,,recovery_detected,True,False,0,2076,0,20,219.16,78.10,360.21,1.06,1.06,0.37,0.25,0.28,0.24,1.06,0.61,1.06,0.47,0.05704762,5,1.000000
BO,20260607,31,4,6,bo_r31_004_tl120_dt6_ge45_qr91_tau83,120,6,45,0.91,0.83,181.92,95.17,174.03,91.20,0.00,PASS,,recovery_detected,True,False,0,4148,0,18,219.16,78.10,360.21,1.06,1.06,0.36,0.24,0.28,0.24,1.06,0.58,1.06,0.46,0.05704762,5,1.000000
BO,20260607,31,5,6,bo_r31_005_tl94_dt165_ge43_qr94_tau87,94,165,43,0.94,0.87,272.92,80.52,255.43,91.20,0.00,PASS,,recovery_detected,True,False,0,251,0,33,219.16,78.10,360.21,1.05,1.05,0.32,0.22,0.26,0.22,1.05,0.56,1.05,0.44,0.04408861,5,0.987125
BO,20260607,31,6,6,bo_r31_006_tl107_dt52_ge36_qr74_tau89,107,52,36,0.74,0.89,241.92,74.35,226.69,91.20,0.00,PASS,,recovery_detected,True,False,0,1067,0,31,219.16,78.10,360.21,1.05,1.05,0.34,0.22,0.26,0.22,1.05,0.56,1.05,0.44,0.04812846,5,0.991120
BO,20260607,32,1,6,bo_r32_001_tl77_dt1_ge42_qr95_tau88,77,1,42,0.95,0.88,264.92,89.58,248.98,91.20,0.00,PASS,,recovery_detected,True,False,0,4654,0,17,218.95,79.38,358.52,1.01,1.01,0.30,0.21,0.25,0.21,1.01,0.55,1.01,0.42,0.00643762,5,1.000000
BO,20260607,32,2,6,bo_r32_002_tl106_dt209_ge46_qr100_tau86,106,209,46,1.0,0.86,344.92,79.78,320.82,91.20,0.00,PASS,,recovery_detected,True,False,0,328,0,32,218.95,79.38,358.52,1.01,1.01,0.32,0.21,0.25,0.22,1.01,0.54,1.01,0.43,0.00643762,5,1.000000
BO,20260607,32,3,6,bo_r32_003_tl117_dt120_ge49_qr76_tau88,117,120,49,0.76,0.88,302.92,79.03,282.57,91.20,0.00,PASS,,recovery_detected,True,False,0,347,0,31,218.95,79.38,358.52,1.01,1.01,0.34,0.23,0.26,0.22,1.01,0.55,1.01,0.43,0.00643762,5,1.000000
BO,20260607,32,4,6,bo_r32_004_tl120_dt143_ge27_qr95_tau89,120,143,27,0.95,0.89,222.92,77.46,209.70,91.20,0.00,PASS,,recovery_detected,True,False,0,278,0,38,218.95,79.38,358.52,1.01,1.01,0.33,0.22,0.26,0.22,1.01,0.54,1.01,0.43,0.00643762,5,1.000000
BO,20260607,32,5,6,bo_r32_005_tl115_dt91_ge13_qr97_tau90,115,91,13,0.97,0.9,283.92,91.15,266.40,91.20,0.00,PASS,,recovery_detected,True,False,0,476,0,58,218.95,79.38,358.52,0.99,0.99,0.31,0.21,0.25,0.21,0.99,0.53,0.99,0.42,-0.00754409,5,0.986116
BO,20260607,32,6,6,bo_r32_006_tl115_dt222_ge48_qr96_tau83,115,222,48,0.96,0.83,303.92,80.26,283.59,91.20,0.00,PASS,,recovery_detected,True,False,0,366,0,32,218.95,79.38,358.52,0.99,0.99,0.32,0.21,0.25,0.21,0.99,0.52,0.99,0.42,-0.00809950,5,0.985568
BO,20260607,33,1,6,bo_r33_001_tl90_dt21_ge50_qr91_tau86,90,21,50,0.91,0.86,144.92,75.77,138.63,91.20,0.00,PASS,,recovery_detected,True,False,0,2676,0,17,220.50,81.58,359.42,0.93,0.93,0.30,0.20,0.23,0.20,0.93,0.51,0.93,0.39,-0.07500204,5,1.000000
BO,20260607,33,2,6,bo_r33_002_tl105_dt209_ge42_qr96_tau90,105,209,42,0.96,0.9,281.92,79.19,263.49,91.20,0.00,PASS,,recovery_detected,True,False,0,366,0,31,220.50,81.58,359.42,0.93,0.93,0.30,0.20,0.24,0.20,0.93,0.51,0.93,0.40,-0.07500204,5,1.000000
BO,20260607,33,3,6,bo_r33_003_tl116_dt43_ge49_qr88_tau87,116,43,49,0.88,0.87,237.92,83.61,223.89,91.20,0.00,PASS,,recovery_detected,True,False,0,1203,0,26,220.50,81.58,359.42,0.93,0.93,0.32,0.21,0.25,0.21,0.93,0.53,0.93,0.41,-0.07500204,5,1.000000
BO,20260607,33,4,6,bo_r33_004_tl121_dt101_ge28_qr93_tau89,121,101,28,0.93,0.89,226.92,79.16,213.49,91.20,0.00,PASS,,recovery_detected,True,False,0,236,0,34,220.50,81.58,359.42,0.93,0.93,0.31,0.20,0.24,0.20,0.93,0.50,0.93,0.40,-0.07500204,5,1.000000
BO,20260607,33,5,6,bo_r33_005_tl70_dt38_ge36_qr97_tau90,70,38,36,0.97,0.9,112.92,80.09,109.93,91.20,0.00,PASS,,recovery_detected,True,False,0,1484,0,22,220.50,81.58,359.42,0.92,0.92,0.27,0.18,0.22,0.19,0.92,0.50,0.92,0.38,-0.07840454,5,0.996603
BO,20260607,33,6,6,bo_r33_006_tl103_dt213_ge38_qr100_tau87,103,213,38,1.0,0.87,298.92,86.19,279.58,91.20,0.00,PASS,,recovery_detected,True,False,0,364,0,35,220.50,81.58,359.42,0.92,0.92,0.29,0.19,0.23,0.19,0.92,0.49,0.92,0.38,-0.08690871,5,0.988164
BO,20260607,34,1,6,bo_r34_001_tl105_dt68_ge50_qr99_tau88,105,68,50,0.99,0.88,195.92,78.22,185.22,91.20,0.00,PASS,,recovery_detected,True,False,0,630,0,24,220.03,81.52,358.54,0.93,0.93,0.32,0.21,0.25,0.21,0.93,0.54,0.93,0.41,-0.07459385,5,1.000000
BO,20260607,34,2,6,bo_r34_002_tl117_dt227_ge39_qr96_tau90,117,227,39,0.96,0.9,269.92,83.83,253.00,91.20,0.00,PASS,,recovery_detected,True,False,0,467,0,33,220.03,81.52,358.54,0.93,0.93,0.31,0.20,0.24,0.21,0.93,0.51,0.93,0.40,-0.07459385,5,1.000000
BO,20260607,34,3,6,bo_r34_003_tl119_dt134_ge49_qr92_tau82,119,134,49,0.92,0.82,302.92,79.03,282.57,91.20,0.00,PASS,,recovery_detected,True,False,0,347,0,31,220.03,81.52,358.54,0.93,0.93,0.31,0.20,0.24,0.20,0.93,0.49,0.93,0.39,-0.07596692,5,0.998628
BO,20260607,34,4,6,bo_r34_004_tl122_dt244_ge36_qr93_tau89,122,244,36,0.93,0.89,288.92,84.10,270.30,91.20,0.00,PASS,,recovery_detected,True,False,0,368,0,34,220.03,81.52,358.54,0.93,0.93,0.30,0.20,0.24,0.20,0.93,0.50,0.93,0.39,-0.07459385,5,1.000000
BO,20260607,34,5,6,bo_r34_005_tl94_dt186_ge46_qr81_tau90,94,186,46,0.81,0.9,344.92,79.78,320.82,91.20,0.00,PASS,,recovery_detected,True,False,0,328,0,32,220.03,81.52,358.54,0.92,0.92,0.28,0.19,0.23,0.19,0.92,0.49,0.92,0.39,-0.08153757,5,0.993080
BO,20260607,34,6,6,bo_r34_006_tl100_dt95_ge48_qr72_tau88,100,95,48,0.72,0.88,259.92,80.17,243.58,91.20,0.00,PASS,,recovery_detected,True,False,0,419,0,30,220.03,81.52,358.54,0.92,0.92,0.29,0.20,0.23,0.20,0.92,0.49,0.92,0.39,-0.08396467,5,0.990673
BO,20260607,35,1,6,bo_r35_001_tl76_dt2_ge43_qr90_tau88,76,2,43,0.9,0.88,262.92,87.71,246.99,91.20,0.00,PASS,,recovery_detected,True,False,0,4650,0,17,221.18,83.40,358.96,0.86,0.86,0.26,0.17,0.21,0.18,0.86,0.47,0.86,0.36,-0.14666782,5,1.000000
BO,20260607,35,2,6,bo_r35_002_tl121_dt5_ge13_qr95_tau90,121,5,13,0.95,0.9,266.92,79.29,249.86,91.20,0.00,PASS,,recovery_detected,True,False,0,4846,0,20,221.18,83.40,358.96,0.86,0.86,0.28,0.19,0.22,0.19,0.86,0.47,0.86,0.37,-0.14666782,5,1.000000
BO,20260607,35,3,6,bo_r35_003_tl122_dt60_ge32_qr61_tau90,122,60,32,0.61,0.9,242.92,77.72,227.90,91.20,0.00,PASS,,recovery_detected,True,False,0,855,0,34,221.18,83.40,358.96,0.85,0.85,0.28,0.19,0.22,0.18,0.85,0.44,0.85,0.36,-0.16491693,5,0.981916
BO,20260607,35,4,6,bo_r35_004_tl76_dt35_ge35_qr92_tau88,76,35,35,0.92,0.88,109.92,81.36,107.32,91.20,0.00,PASS,,recovery_detected,True,False,0,1679,0,22,221.18,83.40,358.96,0.84,0.84,0.25,0.17,0.20,0.17,0.84,0.45,0.84,0.35,-0.17650528,5,0.970603
BO,20260607,35,5,6,bo_r35_005_tl97_dt65_ge24_qr97_tau88,97,65,24,0.97,0.88,197.92,77.28,186.95,91.20,0.00,PASS,,recovery_detected,True,False,0,712,0,35,221.18,83.40,358.96,0.84,0.84,0.26,0.17,0.21,0.18,0.84,0.45,0.84,0.35,-0.17153512,5,0.975439
BO,20260607,35,6,6,bo_r35_006_tl107_dt84_ge24_qr95_tau87,107,84,24,0.95,0.87,223.92,76.99,210.56,91.20,0.00,PASS,,recovery_detected,True,False,0,372,0,40,221.18,83.40,358.96,0.84,0.84,0.26,0.18,0.21,0.18,0.84,0.44,0.84,0.35,-0.17507151,5,0.971996
BO,20260607,36,1,6,bo_r36_001_tl101_dt210_ge46_qr100_tau88,101,210,46,1.0,0.88,344.92,79.78,320.82,91.20,0.00,PASS,,recovery_detected,True,False,0,328,0,32,220.72,83.87,357.57,0.84,0.84,0.27,0.18,0.21,0.18,0.84,0.46,0.84,0.36,-0.16848374,5,1.000000
BO,20260607,36,2,6,bo_r36_002_tl106_dt112_ge47_qr69_tau89,106,112,47,0.69,0.89,283.92,76.42,265.06,91.20,0.00,PASS,,recovery_detected,True,False,0,288,0,29,220.72,83.87,357.57,0.84,0.84,0.27,0.18,0.21,0.18,0.84,0.45,0.84,0.36,-0.17134274,5,0.997145
BO,20260607,36,3,6,bo_r36_003_tl110_dt109_ge45_qr84_tau90,110,109,45,0.84,0.9,192.92,77.83,182.46,91.20,0.00,PASS,,recovery_detected,True,False,0,272,0,27,220.72,83.87,357.57,0.84,0.84,0.28,0.19,0.22,0.19,0.84,0.47,0.84,0.37,-0.16848374,5,1.000000
BO,20260607,36,4,6,bo_r36_004_tl112_dt10_ge28_qr87_tau90,112,10,28,0.87,0.9,162.92,82.27,155.59,91.20,0.00,PASS,,recovery_detected,True,False,0,3285,0,18,220.72,83.87,357.57,0.84,0.84,0.28,0.18,0.22,0.19,0.84,0.46,0.84,0.36,-0.16848374,5,1.000000
BO,20260607,36,5,6,bo_r36_005_tl112_dt96_ge42_qr93_tau90,112,96,42,0.93,0.9,190.92,79.15,180.76,91.20,0.00,PASS,,recovery_detected,True,False,0,388,0,28,220.72,83.87,357.57,0.84,0.84,0.29,0.19,0.22,0.19,0.84,0.48,0.84,0.37,-0.16848374,5,1.000000
BO,20260607,36,6,6,bo_r36_006_tl117_dt97_ge37_qr82_tau87,117,97,37,0.82,0.87,226.92,90.96,214.56,91.20,0.00,PASS,,recovery_detected,True,False,0,210,0,33,220.72,83.87,357.57,0.84,0.84,0.28,0.18,0.21,0.18,0.84,0.44,0.84,0.36,-0.17148743,5,0.997001
BO,20260607,37,1,6,bo_r37_001_tl66_dt124_ge49_qr98_tau89,66,124,49,0.98,0.89,302.92,79.03,282.57,91.20,0.00,PASS,,recovery_detected,True,False,0,347,0,31,220.69,84.49,356.90,0.82,0.82,0.24,0.16,0.20,0.17,0.82,0.45,0.82,0.34,-0.19500112,5,1.000000
BO,20260607,37,2,6,bo_r37_002_tl91_dt74_ge35_qr92_tau89,91,74,35,0.92,0.89,241.92,86.52,227.79,91.20,0.00,PASS,,recovery_detected,True,False,0,517,0,34,220.69,84.49,356.90,0.82,0.82,0.25,0.17,0.20,0.17,0.82,0.44,0.82,0.34,-0.19766368,5,0.997341
BO,20260607,37,3,6,bo_r37_003_tl95_dt94_ge41_qr96_tau90,95,94,41,0.96,0.9,137.92,77.60,132.44,91.20,0.00,PASS,,recovery_detected,True,False,0,236,0,26,220.69,84.49,356.90,0.82,0.82,0.26,0.18,0.21,0.18,0.82,0.46,0.82,0.35,-0.19500112,5,1.000000
BO,20260607,37,4,6,bo_r37_004_tl102_dt8_ge30_qr98_tau88,102,8,30,0.98,0.88,172.92,81.72,164.63,91.20,0.00,PASS,,recovery_detected,True,False,0,3628,0,18,220.69,84.49,356.90,0.82,0.82,0.26,0.18,0.21,0.18,0.82,0.45,0.82,0.35,-0.19500112,5,1.000000
BO,20260607,37,5,6,bo_r37_005_tl109_dt46_ge36_qr94_tau89,109,46,36,0.94,0.89,171.92,88.45,164.33,91.20,0.00,PASS,,recovery_detected,True,False,0,1236,0,25,220.69,84.49,356.90,0.82,0.82,0.27,0.18,0.21,0.18,0.82,0.46,0.82,0.36,-0.19500112,5,1.000000
BO,20260607,37,6,6,bo_r37_006_tl115_dt102_ge43_qr92_tau89,115,102,43,0.92,0.89,193.92,79.82,183.55,91.20,0.00,PASS,,recovery_detected,True,False,0,237,0,30,220.69,84.49,356.90,0.82,0.82,0.28,0.19,0.22,0.19,0.82,0.47,0.82,0.36,-0.19500112,5,1.000000
BO,20260607,38,1,6,bo_r38_001_tl93_dt72_ge44_qr100_tau85,93,72,44,1.0,0.85,273.92,77.23,256.04,91.20,0.00,PASS,,recovery_detected,True,False,0,921,0,29,219.93,84.35,355.52,0.82,0.82,0.26,0.17,0.20,0.18,0.82,0.44,0.82,0.35,-0.19318713,5,1.000000
BO,20260607,38,2,6,bo_r38_002_tl104_dt92_ge40_qr98_tau86,104,92,40,0.98,0.86,302.92,84.62,283.07,91.20,0.00,PASS,,recovery_detected,True,False,0,226,0,33,219.93,84.35,355.52,0.82,0.82,0.26,0.18,0.21,0.18,0.82,0.45,0.82,0.35,-0.19318713,5,1.000000
BO,20260607,38,3,6,bo_r38_003_tl105_dt40_ge40_qr74_tau89,105,40,40,0.74,0.89,114.92,83.19,112.04,91.20,0.00,PASS,,recovery_detected,True,False,0,1347,0,22,219.93,84.35,355.52,0.82,0.82,0.27,0.18,0.21,0.18,0.82,0.44,0.82,0.35,-0.19318713,5,1.000000
BO,20260607,38,4,6,bo_r38_004_tl111_dt48_ge46_qr81_tau86,111,48,46,0.81,0.86,239.92,87.67,226.08,91.20,0.00,PASS,,recovery_detected,True,False,0,1149,0,25,219.93,84.35,355.52,0.82,0.82,0.27,0.18,0.21,0.18,0.82,0.44,0.82,0.35,-0.19318713,5,1.000000
BO,20260607,38,5,6,bo_r38_005_tl111_dt44_ge28_qr96_tau85,111,44,28,0.96,0.85,127.92,86.38,124.14,91.20,0.00,PASS,,recovery_detected,True,False,0,1288,0,29,219.93,84.35,355.52,0.81,0.81,0.26,0.17,0.20,0.17,0.81,0.43,0.81,0.34,-0.21031411,5,0.983019
BO,20260607,38,6,6,bo_r38_006_tl104_dt100_ge45_qr60_tau89,104,100,45,0.6,0.89,325.92,76.20,303.22,91.20,0.00,PASS,,recovery_detected,True,False,0,241,0,33,219.93,84.35,355.52,0.80,0.80,0.26,0.17,0.20,0.17,0.80,0.42,0.80,0.34,-0.22492737,5,0.968758
BO,20260607,39,1,6,bo_r39_001_tl74_dt30_ge47_qr99_tau87,74,30,47,0.99,0.87,140.92,84.55,135.80,91.20,0.00,PASS,,recovery_detected,True,False,0,1913,0,18,219.87,84.01,355.72,0.84,0.84,0.25,0.17,0.21,0.18,0.84,0.46,0.84,0.35,-0.17918973,5,1.000000
BO,20260607,39,2,6,bo_r39_002_tl87_dt94_ge43_qr92_tau90,87,94,43,0.92,0.9,193.92,79.82,183.55,91.20,0.00,PASS,,recovery_detected,True,False,0,237,0,30,219.87,84.01,355.72,0.84,0.84,0.26,0.17,0.21,0.18,0.84,0.46,0.84,0.35,-0.17918973,5,1.000000
BO,20260607,39,3,6,bo_r39_003_tl91_dt30_ge41_qr94_tau89,91,30,41,0.94,0.89,114.92,83.08,112.03,91.20,0.00,PASS,,recovery_detected,True,False,0,1670,0,18,219.87,84.01,355.72,0.84,0.84,0.26,0.18,0.21,0.18,0.84,0.47,0.84,0.36,-0.17918973,5,1.000000
BO,20260607,39,4,6,bo_r39_004_tl102_dt42_ge45_qr96_tau87,102,42,45,0.96,0.87,111.92,83.02,109.29,91.20,0.00,PASS,,recovery_detected,True,False,0,1248,0,19,219.87,84.01,355.72,0.84,0.84,0.28,0.18,0.22,0.19,0.84,0.47,0.84,0.36,-0.17918973,5,1.000000
BO,20260607,39,5,6,bo_r39_005_tl104_dt26_ge36_qr91_tau88,104,26,36,0.91,0.88,138.92,78.83,133.46,91.20,0.00,PASS,,recovery_detected,True,False,0,2211,0,19,219.87,84.01,355.72,0.84,0.84,0.27,0.18,0.21,0.18,0.84,0.46,0.84,0.36,-0.17918973,5,1.000000
BO,20260607,39,6,6,bo_r39_006_tl109_dt69_ge50_qr84_tau84,109,69,50,0.84,0.84,195.92,78.22,185.22,91.20,0.00,PASS,,recovery_detected,True,False,0,633,0,24,219.87,84.01,355.72,0.84,0.84,0.28,0.18,0.21,0.18,0.84,0.44,0.84,0.35,-0.17918973,5,1.000000
BO,20260607,40,1,6,bo_r40_001_tl97_dt26_ge43_qr93_tau89,97,26,43,0.93,0.89,137.92,78.59,132.53,91.20,0.00,PASS,,recovery_detected,True,False,0,2173,0,17,217.90,81.37,354.43,0.92,0.92,0.30,0.20,0.24,0.21,0.92,0.52,0.92,0.40,-0.07874428,5,1.000000
BO,20260607,40,2,6,bo_r40_002_tl110_dt147_ge37_qr96_tau88,110,147,37,0.96,0.88,412.92,87.47,383.33,91.20,0.00,PASS,,recovery_detected,True,False,0,295,0,40,217.90,81.37,354.43,0.92,0.92,0.30,0.20,0.23,0.20,0.92,0.50,0.92,0.39,-0.07874428,5,1.000000
BO,20260607,40,3,6,bo_r40_003_tl116_dt95_ge31_qr90_tau90,116,95,31,0.9,0.9,362.92,88.55,337.98,91.20,0.00,PASS,,recovery_detected,True,False,0,283,0,43,217.90,81.37,354.43,0.92,0.92,0.30,0.20,0.24,0.20,0.92,0.51,0.92,0.40,-0.07874428,5,1.000000
BO,20260607,40,4,6,bo_r40_004_tl118_dt21_ge43_qr58_tau88,118,21,43,0.58,0.88,144.92,75.77,138.63,91.20,0.00,PASS,,recovery_detected,True,False,0,2682,0,18,217.90,81.37,354.43,0.92,0.92,0.31,0.20,0.23,0.20,0.92,0.48,0.92,0.39,-0.08688883,5,0.991889
BO,20260607,40,5,6,bo_r40_005_tl118_dt93_ge45_qr93_tau89,118,93,45,0.93,0.89,259.92,76.41,243.24,91.20,0.00,PASS,,recovery_detected,True,False,0,313,0,29,217.90,81.37,354.43,0.92,0.92,0.32,0.21,0.25,0.21,0.92,0.53,0.92,0.41,-0.07874428,5,1.000000
BO,20260607,40,6,6,bo_r40_006_tl59_dt124_ge48_qr99_tau89,59,124,48,0.99,0.89,303.92,80.26,283.59,91.20,0.00,PASS,,recovery_detected,True,False,0,366,0,32,217.90,81.37,354.43,0.91,0.91,0.26,0.18,0.22,0.19,0.91,0.50,0.91,0.37,-0.09149158,5,0.987334
BO,20260607,41,1,6,bo_r41_001_tl97_dt121_ge42_qr77_tau90,97,121,42,0.77,0.9,281.92,79.19,263.49,91.20,0.00,PASS,,recovery_detected,True,False,0,366,0,31,218.78,80.45,357.12,0.96,0.96,0.30,0.20,0.24,0.20,0.96,0.51,0.96,0.40,-0.04410622,5,0.993021
BO,20260607,41,2,6,bo_r41_002_tl103_dt165_ge39_qr99_tau87,103,165,39,0.99,0.87,269.92,83.83,253.00,91.20,0.00,PASS,,recovery_detected,True,False,0,467,0,33,218.78,80.45,357.12,0.96,0.96,0.30,0.20,0.24,0.20,0.96,0.52,0.96,0.40,-0.03710307,5,1.000000
BO,20260607,41,3,6,bo_r41_003_tl121_dt216_ge37_qr95_tau88,121,216,37,0.95,0.88,412.92,87.47,383.33,91.20,0.00,PASS,,recovery_detected,True,False,0,295,0,40,218.78,80.45,357.12,0.96,0.96,0.32,0.21,0.25,0.21,0.96,0.52,0.96,0.41,-0.03710307,5,1.000000
BO,20260607,41,4,6,bo_r41_004_tl112_dt1_ge26_qr82_tau88,112,1,26,0.82,0.88,264.92,89.58,248.98,91.20,0.00,PASS,,recovery_detected,True,False,0,4656,0,18,218.78,80.45,357.12,0.95,0.95,0.31,0.20,0.24,0.20,0.95,0.50,0.95,0.40,-0.04804716,5,0.989116
BO,20260607,41,5,6,bo_r41_005_tl114_dt26_ge49_qr53_tau88,114,26,49,0.53,0.88,137.92,78.59,132.53,91.20,0.00,PASS,,recovery_detected,True,False,0,2173,0,17,218.78,80.45,357.12,0.95,0.95,0.32,0.21,0.24,0.21,0.95,0.50,0.95,0.41,-0.04605366,5,0.991089
BO,20260607,41,6,6,bo_r41_006_tl82_dt9_ge48_qr89_tau84,82,9,48,0.89,0.84,164.92,79.50,157.15,91.20,0.00,PASS,,recovery_detected,True,False,0,3540,0,18,218.78,80.45,357.12,0.94,0.94,0.29,0.19,0.23,0.20,0.94,0.50,0.94,0.39,-0.05829572,5,0.979030
BO,20260607,42,1,6,bo_r42_001_tl74_dt61_ge50_qr100_tau85,74,61,50,1.0,0.85,254.92,77.90,238.83,91.20,0.00,PASS,,recovery_detected,True,False,0,778,0,27,219.30,80.26,358.33,0.97,0.97,0.29,0.20,0.24,0.20,0.97,0.52,0.97,0.40,-0.03211184,5,0.995143
BO,20260607,42,2,6,bo_r42_002_tl101_dt167_ge40_qr98_tau89,101,167,40,0.98,0.89,297.92,84.08,278.48,91.20,0.00,PASS,,recovery_detected,True,False,0,195,0,35,219.30,80.26,358.33,0.97,0.97,0.31,0.21,0.24,0.21,0.97,0.53,0.97,0.41,-0.02724345,5,1.000000
BO,20260607,42,3,6,bo_r42_003_tl103_dt59_ge47_qr77_tau86,103,59,47,0.77,0.86,158.92,77.73,151.54,91.20,0.00,PASS,,recovery_detected,True,False,0,914,0,24,219.30,80.26,358.33,0.97,0.97,0.31,0.21,0.24,0.21,0.97,0.51,0.97,0.41,-0.03503521,5,0.992239
BO,20260607,42,4,6,bo_r42_004_tl104_dt131_ge50_qr74_tau90,104,131,50,0.74,0.9,400.92,78.81,371.64,91.20,0.00,PASS,,recovery_detected,True,False,0,220,0,34,219.30,80.26,358.33,0.97,0.97,0.32,0.21,0.25,0.21,0.97,0.53,0.97,0.42,-0.02724345,5,1.000000
BO,20260607,42,5,6,bo_r42_005_tl109_dt29_ge46_qr81_tau87,109,29,46,0.81,0.87,137.92,84.01,133.02,91.20,0.00,PASS,,recovery_detected,True,False,0,1836,0,19,219.30,80.26,358.33,0.97,0.97,0.33,0.22,0.25,0.21,0.97,0.53,0.97,0.42,-0.02724345,5,1.000000
BO,20260607,42,6,6,bo_r42_006_tl120_dt209_ge49_qr77_tau86,120,209,49,0.77,0.86,302.92,79.03,282.57,91.20,0.00,PASS,,recovery_detected,True,False,0,347,0,31,219.30,80.26,358.33,0.96,0.96,0.32,0.21,0.25,0.21,0.96,0.50,0.96,0.41,-0.03892121,5,0.988390
BO,20260607,43,1,6,bo_r43_001_tl89_dt25_ge40_qr93_tau87,89,25,40,0.93,0.87,137.92,76.70,132.35,91.20,0.00,PASS,,recovery_detected,True,False,0,2242,0,17,219.85,80.11,359.59,0.98,0.98,0.30,0.20,0.24,0.21,0.98,0.53,0.98,0.41,-0.01896288,5,1.000000
BO,20260607,43,2,6,bo_r43_002_tl105_dt158_ge46_qr98_tau85,105,158,46,0.98,0.85,344.92,79.78,320.82,91.20,0.00,PASS,,recovery_detected,True,False,0,328,0,32,219.85,80.11,359.59,0.98,0.98,0.31,0.21,0.25,0.21,0.98,0.53,0.98,0.41,-0.01896288,5,1.000000
BO,20260607,43,3,6,bo_r43_003_tl111_dt15_ge42_qr98_tau88,111,15,42,0.98,0.88,144.92,78.65,138.90,91.20,0.00,PASS,,recovery_detected,True,False,0,2905,0,17,219.85,80.11,359.59,0.98,0.98,0.34,0.23,0.26,0.23,0.98,0.57,0.98,0.43,-0.01896288,5,1.000000
BO,20260607,43,4,6,bo_r43_004_tl111_dt73_ge43_qr100_tau83,111,73,43,1.0,0.83,267.92,76.58,250.53,91.20,0.00,PASS,,recovery_detected,True,False,0,657,0,31,219.85,80.11,359.59,0.98,0.98,0.32,0.21,0.25,0.21,0.98,0.53,0.98,0.42,-0.01896288,5,1.000000
BO,20260607,43,5,6,bo_r43_005_tl118_dt2_ge48_qr95_tau90,118,2,48,0.95,0.9,262.92,87.71,246.99,91.20,0.00,PASS,,recovery_detected,True,False,0,4650,0,17,219.85,80.11,359.59,0.98,0.98,0.36,0.24,0.28,0.24,0.98,0.60,0.98,0.45,-0.01896288,5,1.000000
BO,20260607,43,6,6,bo_r43_006_tl105_dt68_ge46_qr59_tau90,105,68,46,0.59,0.9,250.92,77.99,235.20,91.20,0.00,PASS,,recovery_detected,True,False,0,701,0,28,219.85,80.11,359.59,0.97,0.97,0.32,0.21,0.25,0.21,0.97,0.51,0.97,0.41,-0.02813018,5,0.990875
BO,20260607,44,1,6,bo_r44_001_tl92_dt101_ge49_qr96_tau86,92,101,49,0.96,0.86,298.92,79.74,278.99,91.20,0.00,PASS,,recovery_detected,True,False,0,240,0,32,219.87,80.36,359.39,0.97,0.97,0.31,0.21,0.24,0.21,0.97,0.53,0.97,0.41,-0.02863515,5,1.000000
BO,20260607,44,2,6,bo_r44_002_tl108_dt163_ge44_qr91_tau87,108,163,44,0.91,0.87,248.92,80.57,233.62,91.20,0.00,PASS,,recovery_detected,True,False,0,173,0,29,219.87,80.36,359.39,0.97,0.97,0.31,0.21,0.24,0.21,0.97,0.52,0.97,0.41,-0.02863515,5,1.000000
BO,20260607,44,3,6,bo_r44_003_tl116_dt116_ge44_qr67_tau89,116,116,44,0.67,0.89,171.92,78.61,163.44,91.20,0.00,PASS,,recovery_detected,True,False,0,228,0,27,219.87,80.36,359.39,0.97,0.97,0.32,0.21,0.25,0.21,0.97,0.51,0.97,0.41,-0.02968817,5,0.998948
BO,20260607,44,4,6,bo_r44_004_tl95_dt243_ge48_qr95_tau87,95,243,48,0.95,0.87,303.92,80.26,283.59,91.20,0.00,PASS,,recovery_detected,True,False,0,366,0,32,219.87,80.36,359.39,0.96,0.96,0.30,0.20,0.24,0.20,0.96,0.51,0.96,0.40,-0.04198618,5,0.986738
BO,20260607,44,5,6,bo_r44_005_tl90_dt116_ge31_qr96_tau89,90,116,31,0.96,0.89,308.92,86.56,288.71,91.20,0.00,PASS,,recovery_detected,True,False,0,407,0,39,219.87,80.36,359.39,0.95,0.95,0.29,0.19,0.23,0.20,0.95,0.51,0.95,0.40,-0.04780711,5,0.981011
BO,20260607,44,6,6,bo_r44_006_tl95_dt110_ge41_qr74_tau90,95,110,41,0.74,0.9,242.92,80.30,228.14,91.20,0.00,PASS,,recovery_detected,True,False,0,264,0,29,219.87,80.36,359.39,0.95,0.95,0.30,0.20,0.24,0.20,0.95,0.51,0.95,0.40,-0.04678076,5,0.982018
BO,20260607,45,1,6,bo_r45_001_tl77_dt82_ge48_qr88_tau89,77,82,48,0.88,0.89,252.92,74.41,236.69,91.20,0.00,PASS,,recovery_detected,True,False,0,226,0,28,220.47,81.73,359.21,0.92,0.92,0.28,0.19,0.22,0.19,0.92,0.50,0.92,0.38,-0.08107259,5,1.000000
BO,20260607,45,2,6,bo_r45_002_tl105_dt83_ge43_qr87_tau88,105,83,43,0.87,0.88,266.92,76.22,249.58,91.20,0.00,PASS,,recovery_detected,True,False,0,264,0,34,220.47,81.73,359.21,0.92,0.92,0.30,0.20,0.24,0.20,0.92,0.50,0.92,0.39,-0.08107259,5,1.000000
BO,20260607,45,3,6,bo_r45_003_tl118_dt184_ge36_qr96_tau88,118,184,36,0.96,0.88,288.92,84.10,270.30,91.20,0.00,PASS,,recovery_detected,True,False,0,368,0,34,220.47,81.73,359.21,0.92,0.92,0.30,0.20,0.24,0.20,0.92,0.50,0.92,0.39,-0.08107259,5,1.000000
BO,20260607,45,4,6,bo_r45_004_tl74_dt97_ge42_qr87_tau90,74,97,42,0.87,0.9,190.92,79.15,180.76,91.20,0.00,PASS,,recovery_detected,True,False,0,388,0,28,220.47,81.73,359.21,0.91,0.91,0.27,0.18,0.22,0.19,0.91,0.49,0.91,0.38,-0.09785942,5,0.983353
BO,20260607,45,5,6,bo_r45_005_tl85_dt4_ge47_qr99_tau82,85,4,47,0.99,0.82,262.92,99.38,248.05,91.20,0.00,PASS,,recovery_detected,True,False,0,4666,0,17,220.47,81.73,359.21,0.91,0.91,0.28,0.19,0.22,0.19,0.91,0.48,0.91,0.38,-0.09685883,5,0.984338
BO,20260607,45,6,6,bo_r45_006_tl98_dt102_ge50_qr61_tau89,98,102,50,0.61,0.89,287.92,74.79,268.54,91.20,0.00,PASS,,recovery_detected,True,False,0,195,0,29,220.47,81.73,359.21,0.90,0.90,0.29,0.19,0.23,0.19,0.90,0.48,0.90,0.38,-0.10493035,5,0.976425
BO,20260607,46,1,6,bo_r46_001_tl86_dt187_ge49_qr97_tau88,86,187,49,0.97,0.88,302.92,79.03,282.57,91.20,0.00,PASS,,recovery_detected,True,False,0,347,0,31,220.96,83.34,358.57,0.86,0.86,0.26,0.18,0.21,0.18,0.86,0.47,0.86,0.36,-0.14509927,5,1.000000
BO,20260607,46,2,6,bo_r46_002_tl98_dt161_ge45_qr78_tau90,98,161,45,0.78,0.9,254.92,76.28,238.68,91.20,0.00,PASS,,recovery_detected,True,False,0,176,0,27,220.96,83.34,358.57,0.86,0.86,0.27,0.18,0.21,0.18,0.86,0.46,0.86,0.36,-0.14884891,5,0.996257
BO,20260607,46,3,6,bo_r46_003_tl108_dt41_ge41_qr89_tau84,108,41,41,0.89,0.84,107.92,92.18,106.49,91.20,0.00,PASS,,recovery_timeout,True,False,0,1334,0,19,220.96,83.34,358.57,0.86,0.86,0.28,0.18,0.22,0.18,0.86,0.45,0.86,0.36,-0.15208096,5,0.993043
BO,20260607,46,4,6,bo_r46_004_tl113_dt77_ge34_qr94_tau88,113,77,34,0.94,0.88,270.92,80.41,253.60,91.20,0.00,PASS,,recovery_detected,True,False,0,395,0,37,220.96,83.34,358.57,0.86,0.86,0.28,0.19,0.22,0.19,0.86,0.47,0.86,0.37,-0.14509927,5,1.000000
BO,20260607,46,5,6,bo_r46_005_tl120_dt149_ge36_qr92_tau89,120,149,36,0.92,0.89,288.92,84.10,270.30,91.20,0.00,PASS,,recovery_detected,True,False,0,368,0,34,220.96,83.34,358.57,0.86,0.86,0.29,0.19,0.22,0.19,0.86,0.47,0.86,0.37,-0.14509927,5,1.000000
BO,20260607,46,6,6,bo_r46_006_tl121_dt11_ge33_qr87_tau88,121,11,33,0.87,0.88,166.92,87.05,159.66,91.20,0.00,PASS,,recovery_detected,True,False,0,3321,0,18,220.96,83.34,358.57,0.86,0.86,0.29,0.20,0.23,0.19,0.86,0.48,0.86,0.38,-0.14509927,5,1.000000
BO,20260607,47,1,6,bo_r47_001_tl96_dt7_ge50_qr85_tau89,96,7,50,0.85,0.89,167.92,81.69,160.08,91.20,0.00,PASS,,recovery_detected,True,False,0,3553,0,17,220.90,83.54,358.26,0.86,0.86,0.28,0.19,0.22,0.19,0.86,0.49,0.86,0.37,-0.15399066,5,1.000000
BO,20260607,47,2,6,bo_r47_002_tl109_dt20_ge38_qr88_tau85,109,20,38,0.88,0.85,144.92,77.17,138.76,91.20,0.00,PASS,,recovery_detected,True,False,0,2699,0,19,220.90,83.54,358.26,0.86,0.86,0.28,0.18,0.22,0.18,0.86,0.45,0.86,0.36,-0.15476227,5,0.999229
BO,20260607,47,3,6,bo_r47_003_tl111_dt141_ge44_qr82_tau90,111,141,44,0.82,0.9,248.92,80.57,233.62,91.20,0.00,PASS,,recovery_detected,True,False,0,173,0,29,220.90,83.54,358.26,0.86,0.86,0.28,0.19,0.22,0.19,0.86,0.47,0.86,0.37,-0.15399066,5,1.000000
BO,20260607,47,4,6,bo_r47_004_tl113_dt19_ge47_qr80_tau90,113,19,47,0.8,0.9,144.92,79.19,138.94,91.20,0.00,PASS,,recovery_detected,True,False,0,2724,0,17,220.90,83.54,358.26,0.86,0.86,0.30,0.20,0.23,0.20,0.86,0.49,0.86,0.38,-0.15399066,5,1.000000
BO,20260607,47,5,6,bo_r47_005_tl108_dt62_ge12_qr98_tau90,108,62,12,0.98,0.9,397.92,97.50,370.61,91.20,0.00,PASS,,recovery_detected,True,False,0,1005,0,76,220.90,83.54,358.26,0.84,0.84,0.26,0.17,0.21,0.18,0.84,0.45,0.84,0.35,-0.17337905,5,0.980798
BO,20260607,47,6,6,bo_r47_006_tl109_dt153_ge33_qr90_tau87,109,153,33,0.9,0.87,286.92,89.91,269.01,91.20,0.00,PASS,,recovery_detected,True,False,0,335,0,35,220.90,83.54,358.26,0.84,0.84,0.27,0.18,0.21,0.18,0.84,0.44,0.84,0.35,-0.17997704,5,0.974348
BO,20260607,48,1,6,bo_r48_001_tl85_dt77_ge39_qr100_tau88,85,77,39,1.0,0.88,315.92,80.31,294.50,91.20,0.00,PASS,,recovery_detected,True,False,0,559,0,35,220.85,82.87,358.83,0.88,0.88,0.27,0.18,0.22,0.19,0.88,0.48,0.88,0.37,-0.12621093,5,1.000000
BO,20260607,48,2,6,bo_r48_002_tl118_dt55_ge50_qr67_tau86,118,55,50,0.67,0.86,144.92,85.73,139.54,91.20,0.00,PASS,,recovery_detected,True,False,0,1008,0,21,220.85,82.87,358.83,0.88,0.88,0.30,0.20,0.23,0.19,0.88,0.46,0.88,0.38,-0.12621093,5,1.000000
BO,20260607,48,3,6,bo_r48_003_tl101_dt163_ge37_qr100_tau86,101,163,37,1.0,0.86,412.92,87.47,383.33,91.20,0.00,PASS,,recovery_detected,True,False,0,295,0,40,220.85,82.87,358.83,0.87,0.87,0.27,0.18,0.21,0.18,0.87,0.46,0.87,0.36,-0.14259440,5,0.983750
BO,20260607,48,4,6,bo_r48_004_tl63_dt131_ge39_qr99_tau90,63,131,39,0.99,0.9,294.92,83.50,275.70,91.20,0.00,PASS,,recovery_detected,True,False,0,207,0,34,220.85,82.87,358.83,0.86,0.86,0.24,0.17,0.20,0.18,0.86,0.47,0.86,0.35,-0.15236389,5,0.974186
BO,20260607,48,5,6,bo_r48_005_tl55_dt39_ge46_qr86_tau88,55,39,46,0.86,0.88,111.92,93.93,110.28,91.20,0.00,PASS,,recovery_detected,True,False,0,1379,0,17,220.85,82.87,358.83,0.84,0.84,0.24,0.16,0.20,0.17,0.84,0.45,0.84,0.35,-0.17297781,5,0.954310
BO,20260607,48,6,6,bo_r48_006_tl99_dt51_ge29_qr73_tau88,99,51,29,0.73,0.88,240.92,82.07,226.48,91.20,0.00,PASS,,recovery_detected,True,False,0,1350,0,32,220.85,82.87,358.83,0.83,0.83,0.26,0.17,0.21,0.17,0.83,0.44,0.83,0.35,-0.18670169,5,0.941302
BO,20260607,49,1,6,bo_r49_001_tl114_dt85_ge38_qr98_tau87,114,85,38,0.98,0.87,220.92,89.49,208.97,91.20,0.00,PASS,,recovery_detected,True,False,0,274,0,30,221.22,82.08,360.35,0.91,0.91,0.30,0.20,0.24,0.20,0.91,0.51,0.91,0.39,-0.09203850,5,1.000000
BO,20260607,49,2,6,bo_r49_002_tl117_dt170_ge45_qr95_tau84,117,170,45,0.95,0.84,254.92,76.28,238.68,91.20,0.00,PASS,,recovery_detected,True,False,0,176,0,27,221.22,82.08,360.35,0.91,0.91,0.30,0.20,0.23,0.20,0.91,0.48,0.91,0.39,-0.09203850,5,1.000000
BO,20260607,49,3,6,bo_r49_003_tl122_dt99_ge46_qr60_tau89,122,99,46,0.6,0.89,325.92,81.76,303.72,91.20,0.00,PASS,,recovery_detected,True,False,0,257,0,34,221.22,82.08,360.35,0.91,0.91,0.31,0.20,0.23,0.20,0.91,0.48,0.91,0.39,-0.09203850,5,1.000000
BO,20260607,49,4,6,bo_r49_004_tl121_dt177_ge31_qr90_tau87,121,177,31,0.9,0.87,308.92,86.56,288.71,91.20,0.00,PASS,,recovery_detected,True,False,0,407,0,39,221.22,82.08,360.35,0.90,0.90,0.29,0.19,0.23,0.19,0.90,0.47,0.90,0.38,-0.10983945,5,0.982357
BO,20260607,49,5,6,bo_r49_005_tl64_dt200_ge39_qr100_tau90,64,200,39,1.0,0.9,294.92,83.50,275.70,91.20,0.00,PASS,,recovery_detected,True,False,0,209,0,34,221.22,82.08,360.35,0.88,0.88,0.24,0.17,0.21,0.18,0.88,0.48,0.88,0.36,-0.13291600,5,0.959947
BO,20260607,49,6,6,bo_r49_006_tl94_dt130_ge50_qr92_tau82,94,130,50,0.92,0.82,400.92,78.81,371.64,91.20,0.00,PASS,,recovery_detected,True,False,0,220,0,34,221.22,82.08,360.35,0.88,0.88,0.28,0.18,0.22,0.18,0.88,0.46,0.88,0.37,-0.13348740,5,0.959398
BO,20260607,50,1,6,bo_r50_001_tl94_dt10_ge34_qr77_tau90,94,10,34,0.77,0.9,161.92,83.15,154.76,91.20,0.00,PASS,,recovery_detected,True,False,0,3282,0,17,222.44,82.99,361.89,0.88,0.88,0.27,0.18,0.22,0.18,0.88,0.47,0.88,0.37,-0.13183324,5,0.991366
BO,20260607,50,2,6,bo_r50_002_tl94_dt89_ge33_qr95_tau89,94,89,33,0.95,0.89,221.92,88.64,209.80,91.20,0.00,PASS,,recovery_detected,True,False,0,331,0,35,222.44,82.99,361.89,0.88,0.88,0.27,0.18,0.22,0.19,0.88,0.47,0.88,0.37,-0.12389109,5,0.999270
BO,20260607,50,3,6,bo_r50_003_tl100_dt0_ge47_qr96_tau87,100,0,47,0.96,0.87,258.92,82.01,242.84,91.20,0.00,PASS,,recovery_detected,True,False,0,185,0,29,222.44,82.99,361.89,0.88,0.88,0.30,0.20,0.23,0.20,0.88,0.50,0.88,0.39,-0.12316132,5,1.000000
BO,20260607,50,4,6,bo_r50_004_tl104_dt46_ge46_qr82_tau88,104,46,46,0.82,0.88,242.92,87.83,228.82,91.20,0.00,PASS,,recovery_detected,True,False,0,1196,0,24,222.44,82.99,361.89,0.88,0.88,0.29,0.19,0.23,0.19,0.88,0.49,0.88,0.38,-0.12316132,5,1.000000
BO,20260607,50,5,6,bo_r50_005_tl108_dt130_ge44_qr85_tau89,108,130,44,0.85,0.89,248.92,80.57,233.62,91.20,0.00,PASS,,recovery_detected,True,False,0,173,0,29,222.44,82.99,361.89,0.88,0.88,0.29,0.19,0.23,0.19,0.88,0.48,0.88,0.38,-0.12316132,5,1.000000
BO,20260607,50,6,6,bo_r50_006_tl110_dt78_ge26_qr100_tau87,110,78,26,1.0,0.87,220.92,74.03,207.57,91.20,0.00,PASS,,recovery_detected,True,False,0,521,0,37,222.44,82.99,361.89,0.88,0.88,0.28,0.19,0.22,0.19,0.88,0.47,0.88,0.37,-0.12584525,5,0.997320
