input_method,input_seed,input_round,input_parameter_id,input_t_lead,input_delta_T_thr,input_G_ext,input_Q_ratio,input_tau,output_delay_A_sec,output_delay_N_sec,weight_A,weight_N,weight_ratio,score,measured_T_free_EMV_sec,measured_T_actual_EMV_sec,measured_d_EMV_sec,measured_d_veh_sec,measured_general_mean_travel_time_sec,stage2_on_count,stage3_on_count
Random Search,20260607,1,rs_r01_001_tl48_dt220_ge9_qr22_tau77,48,220,9,0.22,0.77,288.92,87.55,10.00,1.00,10:1,270.61,219.08016,508.0,288.91984,87.551169,153.329327,1,69
Random Search,20260607,1,rs_r01_002_tl30_dt8_ge26_qr51_tau79,30,8,26,0.51,0.79,170.92,83.30,10.00,1.00,10:1,162.95,219.08016,390.0,170.91984,83.296146,139.264398,0,19
Random Search,20260607,1,rs_r01_003_tl91_dt34_ge11_qr77_tau83,91,34,11,0.77,0.83,113.92,73.61,10.00,1.00,10:1,110.26,219.08016,333.0,113.91984,73.611611,140.253731,0,37
Random Search,20260607,1,rs_r01_004_tl118_dt71_ge29_qr60_tau90,118,71,29,0.6,0.9,179.92,78.88,10.00,1.00,10:1,170.73,219.08016,399.0,179.91984,78.879086,145.099751,0,31
Random Search,20260607,1,rs_r01_005_tl107_dt138_ge6_qr99_tau73,107,138,6,0.99,0.73,381.92,99.74,10.00,1.00,10:1,356.27,219.08016,601.0,381.91984,99.743883,173.201195,0,91
Random Search,20260607,1,rs_r01_006_tl84_dt237_ge7_qr73_tau88,84,237,7,0.73,0.88,377.92,92.01,10.00,1.00,10:1,351.93,219.08016,597.0,377.91984,92.005774,179.846154,0,87
Random Search,20260607,2,rs_r02_001_tl88_dt16_ge37_qr2_tau84,88,16,37,0.02,0.84,138.92,83.54,10.00,1.00,10:1,133.89,219.08016,358.0,138.91984,83.542708,144.065015,1,18
Random Search,20260607,2,rs_r02_002_tl46_dt60_ge6_qr74_tau88,46,60,6,0.74,0.88,234.92,97.77,10.00,1.00,10:1,222.45,219.08016,454.0,234.91984,97.770417,163.060302,0,68
Random Search,20260607,2,rs_r02_003_tl91_dt77_ge6_qr38_tau74,91,77,6,0.38,0.74,280.92,90.14,10.00,1.00,10:1,263.58,219.08016,500.0,280.91984,90.135995,141.928747,0,76
Random Search,20260607,2,rs_r02_004_tl48_dt166_ge41_qr69_tau70,48,166,41,0.69,0.7,241.92,77.60,10.00,1.00,10:1,226.98,219.08016,461.0,241.91984,77.600402,134.731579,0,32
Random Search,20260607,2,rs_r02_005_tl35_dt206_ge47_qr60_tau90,35,206,47,0.6,0.9,196.92,81.91,10.00,1.00,10:1,186.46,219.08016,416.0,196.91984,81.905898,154.49,0,27
Random Search,20260607,2,rs_r02_006_tl89_dt204_ge2_qr49_tau75,89,204,2,0.49,0.75,327.92,102.55,10.00,1.00,10:1,307.43,219.08016,547.0,327.91984,102.549881,166.575949,0,105
Random Search,20260607,3,rs_r03_001_tl82_dt158_ge16_qr6_tau78,82,158,16,0.06,0.78,355.92,86.19,10.00,1.00,10:1,331.40,219.08016,575.0,355.91984,86.194824,169.25567,1,61
Random Search,20260607,3,rs_r03_002_tl41_dt37_ge24_qr52_tau88,41,37,24,0.52,0.88,139.92,86.36,10.00,1.00,10:1,135.05,219.08016,359.0,139.91984,86.363143,144.306548,0,32
Random Search,20260607,3,rs_r03_003_tl6_dt59_ge9_qr74_tau71,6,59,9,0.74,0.71,137.92,74.69,10.00,1.00,10:1,132.17,219.08016,357.0,137.91984,74.686,134.070064,0,45
Random Search,20260607,3,rs_r03_004_tl44_dt244_ge32_qr98_tau82,44,244,32,0.98,0.82,178.92,77.38,10.00,1.00,10:1,169.69,219.08016,398.0,178.91984,77.383176,135.041298,0,33
Random Search,20260607,3,rs_r03_005_tl29_dt166_ge20_qr24_tau83,29,166,20,0.24,0.83,142.92,90.70,10.00,1.00,10:1,138.17,219.08016,362.0,142.91984,90.696665,188.074141,1,35
Random Search,20260607,3,rs_r03_006_tl76_dt49_ge7_qr96_tau84,76,49,7,0.96,0.84,249.92,97.43,10.00,1.00,10:1,236.06,219.08016,469.0,249.91984,97.429797,162.0575,0,64
Random Search,20260607,4,rs_r04_001_tl100_dt73_ge16_qr56_tau88,100,73,16,0.56,0.88,390.92,83.20,10.00,1.00,10:1,362.95,219.08016,610.0,390.91984,83.198369,170.456033,0,62
Random Search,20260607,4,rs_r04_002_tl79_dt73_ge27_qr72_tau76,79,73,27,0.72,0.76,280.92,90.41,10.00,1.00,10:1,263.60,219.08016,500.0,280.91984,90.410739,192.477021,0,38
Random Search,20260607,4,rs_r04_003_tl49_dt80_ge2_qr65_tau75,49,80,2,0.65,0.75,314.92,93.65,10.00,1.00,10:1,294.80,219.08016,534.0,314.91984,93.646723,159.473451,0,96
Random Search,20260607,4,rs_r04_004_tl102_dt25_ge35_qr32_tau88,102,25,35,0.32,0.88,138.92,77.81,10.00,1.00,10:1,133.36,219.08016,358.0,138.91984,77.80767,136.824281,0,19
Random Search,20260607,4,rs_r04_005_tl60_dt232_ge34_qr18_tau80,60,232,34,0.18,0.8,319.92,88.95,10.00,1.00,10:1,298.92,219.08016,539.0,319.91984,88.946059,178.930894,1,39
Random Search,20260607,4,rs_r04_006_tl11_dt218_ge44_qr0_tau72,11,218,44,0.0,0.72,195.92,82.57,10.00,1.00,10:1,185.61,219.08016,415.0,195.91984,82.566392,146.231198,1,27
Random Search,20260607,5,rs_r05_001_tl76_dt212_ge40_qr30_tau72,76,212,40,0.3,0.72,329.92,98.27,10.00,1.00,10:1,308.86,219.08016,549.0,329.91984,98.265201,208.61746,1,37
Random Search,20260607,5,rs_r05_002_tl122_dt114_ge19_qr92_tau72,122,114,19,0.92,0.72,394.92,86.14,10.00,1.00,10:1,366.85,219.08016,614.0,394.91984,86.138978,171.014,0,63
Random Search,20260607,5,rs_r05_003_tl22_dt124_ge43_qr63_tau86,22,124,43,0.63,0.86,256.92,80.52,10.00,1.00,10:1,240.88,219.08016,476.0,256.91984,80.518914,151.385,0,29
Random Search,20260607,5,rs_r05_004_tl6_dt161_ge33_qr26_tau82,6,161,33,0.26,0.82,167.92,91.80,10.00,1.00,10:1,161.00,219.08016,387.0,167.91984,91.798259,138.462908,1,32
Random Search,20260607,5,rs_r05_005_tl53_dt56_ge20_qr11_tau83,53,56,20,0.11,0.83,166.92,82.85,10.00,1.00,10:1,159.28,219.08016,386.0,166.91984,82.846189,141.447439,1,40
Random Search,20260607,5,rs_r05_006_tl75_dt157_ge11_qr44_tau86,75,157,11,0.44,0.86,320.92,82.28,10.00,1.00,10:1,299.23,219.08016,540.0,320.91984,82.283101,158.716102,0,67
Random Search,20260607,6,rs_r06_001_tl46_dt192_ge42_qr0_tau71,46,192,42,0.0,0.71,296.92,81.08,10.00,1.00,10:1,277.30,219.08016,516.0,296.91984,81.078306,150.876126,1,36
Random Search,20260607,6,rs_r06_002_tl111_dt123_ge48_qr58_tau90,111,123,48,0.58,0.9,303.92,80.26,10.00,1.00,10:1,283.59,219.08016,523.0,303.91984,80.258975,164.523913,0,32
Random Search,20260607,6,rs_r06_003_tl5_dt81_ge41_qr17_tau85,5,81,41,0.17,0.85,150.92,94.01,10.00,1.00,10:1,145.75,219.08016,370.0,150.91984,94.007584,140.949468,1,23
Random Search,20260607,6,rs_r06_004_tl28_dt35_ge2_qr93_tau70,28,35,2,0.93,0.7,137.92,77.20,10.00,1.00,10:1,132.40,219.08016,357.0,137.91984,77.195045,143.59587,0,49
Random Search,20260607,6,rs_r06_005_tl68_dt113_ge20_qr57_tau72,68,113,20,0.57,0.72,273.92,97.81,10.00,1.00,10:1,257.91,219.08016,493.0,273.91984,97.811686,161.114014,0,51
Random Search,20260607,6,rs_r06_006_tl27_dt5_ge14_qr40_tau87,27,5,14,0.4,0.87,266.92,79.29,10.00,1.00,10:1,249.86,219.08016,486.0,266.91984,79.286847,158.378251,0,20
Random Search,20260607,7,rs_r07_001_tl76_dt228_ge7_qr1_tau77,76,228,7,0.01,0.77,366.92,83.15,10.00,1.00,10:1,341.12,219.08016,586.0,366.91984,83.148841,172.843373,1,81
Random Search,20260607,7,rs_r07_002_tl10_dt107_ge8_qr98_tau73,10,107,8,0.98,0.73,297.92,103.02,10.00,1.00,10:1,280.20,219.08016,517.0,297.91984,103.023048,168.949187,0,71
Random Search,20260607,7,rs_r07_003_tl50_dt49_ge36_qr85_tau84,50,49,36,0.85,0.84,194.92,75.02,10.00,1.00,10:1,184.02,219.08016,414.0,194.91984,75.018152,140.412698,0,30
Random Search,20260607,7,rs_r07_004_tl81_dt31_ge26_qr88_tau71,81,31,26,0.88,0.71,137.92,88.13,10.00,1.00,10:1,133.39,219.08016,357.0,137.91984,88.133975,155.353741,0,28
Random Search,20260607,7,rs_r07_005_tl69_dt127_ge27_qr15_tau85,69,127,27,0.15,0.85,288.92,84.66,10.00,1.00,10:1,270.35,219.08016,508.0,288.91984,84.663271,157.822014,1,43
Random Search,20260607,7,rs_r07_006_tl64_dt47_ge9_qr93_tau77,64,47,9,0.93,0.77,291.92,103.02,10.00,1.00,10:1,274.75,219.08016,511.0,291.91984,103.020614,175.569672,0,61
Random Search,20260607,8,rs_r08_001_tl19_dt205_ge50_qr83_tau76,19,205,50,0.83,0.76,313.92,75.36,10.00,1.00,10:1,292.23,219.08016,533.0,313.91984,75.359316,159.559322,0,31
Random Search,20260607,8,rs_r08_002_tl116_dt237_ge12_qr57_tau90,116,237,12,0.57,0.9,352.92,89.36,10.00,1.00,10:1,328.96,219.08016,572.0,352.91984,89.356282,160.784188,0,68
Random Search,20260607,8,rs_r08_003_tl62_dt173_ge48_qr37_tau83,62,173,48,0.37,0.83,303.92,80.26,10.00,1.00,10:1,283.59,219.08016,523.0,303.91984,80.258975,164.523913,0,32
Random Search,20260607,8,rs_r08_004_tl74_dt50_ge33_qr41_tau84,74,50,33,0.41,0.84,238.92,75.86,10.00,1.00,10:1,224.10,219.08016,458.0,238.91984,75.862261,143.816537,0,31
Random Search,20260607,8,rs_r08_005_tl40_dt196_ge41_qr62_tau90,40,196,41,0.62,0.9,241.92,77.60,10.00,1.00,10:1,226.98,219.08016,461.0,241.91984,77.600402,134.731579,0,32
Random Search,20260607,8,rs_r08_006_tl17_dt241_ge43_qr2_tau84,17,241,43,0.02,0.84,90.92,84.55,10.00,1.00,10:1,90.34,219.08016,310.0,90.91984,84.54725,129.073684,1,24
Random Search,20260607,9,rs_r09_001_tl12_dt225_ge30_qr46_tau88,12,225,30,0.46,0.88,144.92,79.72,10.00,1.00,10:1,138.99,219.08016,364.0,144.91984,79.718783,136.204268,0,27
Random Search,20260607,9,rs_r09_002_tl90_dt113_ge22_qr30_tau84,90,113,22,0.3,0.84,170.92,84.52,10.00,1.00,10:1,163.07,219.08016,390.0,170.91984,84.524155,139.120235,1,38
Random Search,20260607,9,rs_r09_003_tl71_dt81_ge10_qr85_tau83,71,81,10,0.85,0.83,441.92,94.90,10.00,1.00,10:1,410.37,219.08016,661.0,441.91984,94.900474,173.350181,0,87
Random Search,20260607,9,rs_r09_004_tl113_dt238_ge44_qr78_tau80,113,238,44,0.78,0.8,248.92,80.57,10.00,1.00,10:1,233.62,219.08016,468.0,248.91984,80.572424,140.334225,0,29
Random Search,20260607,9,rs_r09_005_tl81_dt108_ge22_qr65_tau81,81,108,22,0.65,0.81,307.92,97.10,10.00,1.00,10:1,288.75,219.08016,527.0,307.91984,97.097793,183.536346,0,49
Random Search,20260607,9,rs_r09_006_tl40_dt220_ge2_qr31_tau85,40,220,2,0.31,0.85,258.92,89.98,10.00,1.00,10:1,243.56,219.08016,478.0,258.91984,89.975269,174.693069,0,87
Random Search,20260607,10,rs_r10_001_tl6_dt162_ge24_qr64_tau72,6,162,24,0.64,0.72,289.92,82.66,10.00,1.00,10:1,271.08,219.08016,509.0,289.91984,82.659602,151.769976,0,46
Random Search,20260607,10,rs_r10_002_tl32_dt156_ge7_qr55_tau71,32,156,7,0.55,0.71,284.92,88.22,10.00,1.00,10:1,267.04,219.08016,504.0,284.91984,88.223185,165.447894,0,73
Random Search,20260607,10,rs_r10_003_tl27_dt56_ge2_qr52_tau87,27,56,2,0.52,0.87,290.92,90.46,10.00,1.00,10:1,272.70,219.08016,510.0,290.91984,90.461611,181.547872,0,87
Random Search,20260607,10,rs_r10_004_tl32_dt39_ge7_qr70_tau74,32,39,7,0.7,0.74,197.92,77.95,10.00,1.00,10:1,187.01,219.08016,417.0,197.91984,77.952435,150.775309,0,54
Random Search,20260607,10,rs_r10_005_tl38_dt207_ge10_qr72_tau70,38,207,10,0.72,0.7,363.92,90.76,10.00,1.00,10:1,339.09,219.08016,583.0,363.91984,90.759106,179.015238,0,76
Random Search,20260607,10,rs_r10_006_tl50_dt113_ge21_qr41_tau71,50,113,21,0.41,0.71,413.92,85.83,10.00,1.00,10:1,384.09,219.08016,633.0,413.91984,85.833814,167.620553,0,60
Random Search,20260607,11,rs_r11_001_tl95_dt93_ge32_qr51_tau74,95,93,32,0.51,0.74,316.92,91.59,10.00,1.00,10:1,296.44,219.08016,536.0,316.91984,91.588261,155.846154,0,40
Random Search,20260607,11,rs_r11_002_tl121_dt211_ge14_qr93_tau86,121,211,14,0.93,0.86,319.92,82.27,10.00,1.00,10:1,298.32,219.08016,539.0,319.91984,82.267256,155.045045,0,61
Random Search,20260607,11,rs_r11_003_tl97_dt180_ge5_qr35_tau89,97,180,5,0.35,0.89,290.92,100.47,10.00,1.00,10:1,273.61,219.08016,510.0,290.91984,100.465322,152.204433,0,83
Random Search,20260607,11,rs_r11_004_tl10_dt98_ge38_qr61_tau70,10,98,38,0.61,0.7,142.92,71.92,10.00,1.00,10:1,136.47,219.08016,362.0,142.91984,71.923989,135.563291,0,24
Random Search,20260607,11,rs_r11_005_tl79_dt183_ge0_qr85_tau84,79,183,0,0.85,0.84,222.92,89.47,10.00,1.00,10:1,210.79,219.08016,442.0,222.91984,89.4686,165.575904,0,97
Random Search,20260607,11,rs_r11_006_tl92_dt203_ge5_qr75_tau86,92,203,5,0.75,0.86,290.92,100.47,10.00,1.00,10:1,273.61,219.08016,510.0,290.91984,100.465322,152.204433,0,83
Random Search,20260607,12,rs_r12_001_tl14_dt5_ge40_qr20_tau81,14,5,40,0.2,0.81,161.92,93.25,10.00,1.00,10:1,155.68,219.08016,381.0,161.91984,93.252969,147.767568,1,18
Random Search,20260607,12,rs_r12_002_tl68_dt65_ge26_qr14_tau83,68,65,26,0.14,0.83,262.92,85.43,10.00,1.00,10:1,246.78,219.08016,482.0,262.91984,85.430948,155.060386,1,43
Random Search,20260607,12,rs_r12_003_tl91_dt242_ge8_qr42_tau81,91,242,8,0.42,0.81,316.92,89.86,10.00,1.00,10:1,296.28,219.08016,536.0,316.91984,89.858334,165.096983,0,76
Random Search,20260607,12,rs_r12_004_tl6_dt98_ge12_qr100_tau90,6,98,12,1.0,0.9,157.92,81.52,10.00,1.00,10:1,150.97,219.08016,377.0,157.91984,81.524972,137.975,0,47
Random Search,20260607,12,rs_r12_005_tl92_dt218_ge48_qr37_tau74,92,218,48,0.37,0.74,303.92,80.26,10.00,1.00,10:1,283.59,219.08016,523.0,303.91984,80.258975,164.523913,0,32
Random Search,20260607,12,rs_r12_006_tl51_dt117_ge1_qr40_tau78,51,117,1,0.4,0.78,308.92,91.39,10.00,1.00,10:1,289.14,219.08016,528.0,308.91984,91.387842,159.786848,0,102
Random Search,20260607,13,rs_r13_001_tl13_dt102_ge39_qr42_tau70,13,102,39,0.42,0.7,354.92,89.92,10.00,1.00,10:1,330.83,219.08016,574.0,354.91984,89.92041,176.082517,0,37
Random Search,20260607,13,rs_r13_002_tl1_dt149_ge45_qr76_tau90,1,149,45,0.76,0.9,139.92,91.71,10.00,1.00,10:1,135.54,219.08016,359.0,139.91984,91.707553,181.565737,0,25
Random Search,20260607,13,rs_r13_003_tl10_dt62_ge40_qr52_tau86,10,62,40,0.52,0.86,189.92,76.81,10.00,1.00,10:1,179.64,219.08016,409.0,189.91984,76.810721,135.115591,0,29
Random Search,20260607,13,rs_r13_004_tl121_dt19_ge35_qr37_tau79,121,19,35,0.37,0.79,144.92,79.19,10.00,1.00,10:1,138.94,219.08016,364.0,144.91984,79.188933,146.939481,0,19
Random Search,20260607,13,rs_r13_005_tl82_dt160_ge24_qr83_tau85,82,160,24,0.83,0.85,316.92,76.38,10.00,1.00,10:1,295.05,219.08016,536.0,316.91984,76.377989,163.388286,0,46
Random Search,20260607,13,rs_r13_006_tl62_dt195_ge20_qr33_tau87,62,195,20,0.33,0.87,286.92,89.78,10.00,1.00,10:1,269.00,219.08016,506.0,286.91984,89.778193,162.891509,0,47
Random Search,20260607,14,rs_r14_001_tl108_dt73_ge7_qr17_tau85,108,73,7,0.17,0.85,364.92,98.65,10.00,1.00,10:1,340.71,219.08016,584.0,364.91984,98.651366,157.438596,1,84
Random Search,20260607,14,rs_r14_002_tl62_dt200_ge28_qr78_tau76,62,200,28,0.78,0.76,290.92,74.86,10.00,1.00,10:1,271.28,219.08016,510.0,290.91984,74.86131,157.393103,0,40
Random Search,20260607,14,rs_r14_003_tl118_dt166_ge34_qr52_tau78,118,166,34,0.52,0.78,364.92,87.44,10.00,1.00,10:1,339.69,219.08016,584.0,364.91984,87.444657,171.879845,0,42
Random Search,20260607,14,rs_r14_004_tl4_dt172_ge19_qr58_tau89,4,172,19,0.58,0.89,240.92,88.86,10.00,1.00,10:1,227.10,219.08016,460.0,240.91984,88.85875,156.226872,0,46
Random Search,20260607,14,rs_r14_005_tl5_dt225_ge46_qr11_tau72,5,225,46,0.11,0.72,165.92,91.82,10.00,1.00,10:1,159.18,219.08016,385.0,165.91984,91.821437,146.270893,1,26
Random Search,20260607,14,rs_r14_006_tl118_dt215_ge18_qr12_tau75,118,215,18,0.12,0.75,393.92,84.25,10.00,1.00,10:1,365.77,219.08016,613.0,393.91984,84.247889,174.690661,1,61
Random Search,20260607,15,rs_r15_001_tl62_dt206_ge23_qr72_tau72,62,206,23,0.72,0.72,193.92,77.51,10.00,1.00,10:1,183.34,219.08016,413.0,193.91984,77.506393,140.656168,0,37
Random Search,20260607,15,rs_r15_002_tl27_dt202_ge9_qr96_tau77,27,202,9,0.96,0.77,332.92,96.31,10.00,1.00,10:1,311.41,219.08016,552.0,332.91984,96.310569,176.191837,0,73
Random Search,20260607,15,rs_r15_003_tl120_dt5_ge13_qr18_tau72,120,5,13,0.18,0.72,160.92,93.17,10.00,1.00,10:1,154.76,219.08016,380.0,160.91984,93.168223,147.803235,1,20
Random Search,20260607,15,rs_r15_004_tl113_dt244_ge32_qr96_tau75,113,244,32,0.96,0.75,264.92,95.88,10.00,1.00,10:1,249.55,219.08016,484.0,264.91984,95.876678,158.004808,0,36
Random Search,20260607,15,rs_r15_005_tl20_dt207_ge48_qr9_tau75,20,207,48,0.09,0.75,188.92,83.55,10.00,1.00,10:1,179.34,219.08016,408.0,188.91984,83.547592,137.544413,1,27
Random Search,20260607,15,rs_r15_006_tl68_dt217_ge48_qr89_tau72,68,217,48,0.89,0.72,303.92,80.26,10.00,1.00,10:1,283.59,219.08016,523.0,303.91984,80.258975,164.523913,0,32
Random Search,20260607,16,rs_r16_001_tl110_dt106_ge45_qr45_tau75,110,106,45,0.45,0.75,192.92,77.83,10.00,1.00,10:1,182.46,219.08016,412.0,192.91984,77.833943,134.123209,0,27
Random Search,20260607,16,rs_r16_002_tl60_dt214_ge18_qr48_tau87,60,214,18,0.48,0.87,404.92,82.18,10.00,1.00,10:1,375.58,219.08016,624.0,404.91984,82.181508,174.119923,0,63
Random Search,20260607,16,rs_r16_003_tl53_dt219_ge13_qr38_tau86,53,219,13,0.38,0.86,309.92,89.75,10.00,1.00,10:1,289.90,219.08016,529.0,309.91984,89.754276,164.209979,0,62
Random Search,20260607,16,rs_r16_004_tl39_dt243_ge38_qr97_tau85,39,243,38,0.97,0.85,274.92,87.44,10.00,1.00,10:1,257.88,219.08016,494.0,274.91984,87.443967,173.891892,0,36
Random Search,20260607,16,rs_r16_005_tl104_dt200_ge33_qr49_tau72,104,200,33,0.49,0.72,286.92,89.91,10.00,1.00,10:1,269.01,219.08016,506.0,286.91984,89.912906,157.023866,0,35
Random Search,20260607,16,rs_r16_006_tl35_dt190_ge2_qr74_tau87,35,190,2,0.74,0.87,258.92,89.98,10.00,1.00,10:1,243.56,219.08016,478.0,258.91984,89.975269,174.693069,0,87
Random Search,20260607,17,rs_r17_001_tl37_dt105_ge47_qr11_tau70,37,105,47,0.11,0.7,270.92,82.38,10.00,1.00,10:1,253.78,219.08016,490.0,270.91984,82.37985,155.569007,1,29
Random Search,20260607,17,rs_r17_002_tl46_dt57_ge41_qr64_tau73,46,57,41,0.64,0.73,171.92,78.19,10.00,1.00,10:1,163.40,219.08016,391.0,171.91984,78.187862,133.717262,0,27
Random Search,20260607,17,rs_r17_003_tl52_dt157_ge4_qr3_tau81,52,157,4,0.03,0.81,379.92,88.15,10.00,1.00,10:1,353.40,219.08016,599.0,379.91984,88.151062,173.553571,1,101
Random Search,20260607,17,rs_r17_004_tl57_dt50_ge1_qr9_tau83,57,50,1,0.09,0.83,280.92,101.85,10.00,1.00,10:1,264.64,219.08016,500.0,280.91984,101.851855,163.621951,1,87
Random Search,20260607,17,rs_r17_005_tl65_dt219_ge3_qr90_tau76,65,219,3,0.9,0.76,309.92,87.06,10.00,1.00,10:1,289.66,219.08016,529.0,309.91984,87.059839,163.977679,0,92
Random Search,20260607,17,rs_r17_006_tl17_dt48_ge49_qr42_tau82,17,48,49,0.42,0.82,187.92,88.30,10.00,1.00,10:1,178.86,219.08016,407.0,187.91984,88.301961,142.673629,0,23
Random Search,20260607,18,rs_r18_001_tl96_dt120_ge44_qr1_tau70,96,120,44,0.01,0.7,306.92,86.00,10.00,1.00,10:1,286.84,219.08016,526.0,306.91984,86.002543,152.290909,1,31
Random Search,20260607,18,rs_r18_002_tl36_dt40_ge9_qr69_tau89,36,40,9,0.69,0.89,233.92,76.38,10.00,1.00,10:1,219.60,219.08016,453.0,233.91984,76.384457,145.044974,0,53
Random Search,20260607,18,rs_r18_003_tl31_dt79_ge6_qr54_tau70,31,79,6,0.54,0.7,253.92,94.41,10.00,1.00,10:1,239.42,219.08016,473.0,253.91984,94.411579,155.339332,0,69
Random Search,20260607,18,rs_r18_004_tl102_dt61_ge43_qr79_tau86,102,61,43,0.79,0.86,256.92,75.75,10.00,1.00,10:1,240.45,219.08016,476.0,256.91984,75.750972,138.861809,0,29
Random Search,20260607,18,rs_r18_005_tl69_dt186_ge22_qr9_tau86,69,186,22,0.09,0.86,170.92,84.52,10.00,1.00,10:1,163.07,219.08016,390.0,170.91984,84.524155,139.120235,1,38
Random Search,20260607,18,rs_r18_006_tl85_dt106_ge9_qr33_tau88,85,106,9,0.33,0.88,326.92,88.67,10.00,1.00,10:1,305.26,219.08016,546.0,326.91984,88.674557,164.076586,0,73
Random Search,20260607,19,rs_r19_001_tl61_dt172_ge23_qr49_tau81,61,172,23,0.49,0.81,193.92,77.51,10.00,1.00,10:1,183.34,219.08016,413.0,193.91984,77.506393,140.656168,0,37
Random Search,20260607,19,rs_r19_002_tl66_dt7_ge29_qr82_tau80,66,7,29,0.82,0.8,181.92,80.09,10.00,1.00,10:1,172.66,219.08016,401.0,181.91984,80.090587,135.327824,0,18
Random Search,20260607,19,rs_r19_003_tl56_dt99_ge47_qr11_tau70,56,99,47,0.11,0.7,234.92,83.21,10.00,1.00,10:1,221.13,219.08016,454.0,234.91984,83.207101,138.608924,1,28
Random Search,20260607,19,rs_r19_004_tl1_dt130_ge26_qr57_tau86,1,130,26,0.57,0.86,289.92,86.95,10.00,1.00,10:1,271.47,219.08016,509.0,289.91984,86.94922,159.270742,0,43
Random Search,20260607,19,rs_r19_005_tl42_dt107_ge42_qr87_tau75,42,107,42,0.87,0.75,207.92,80.20,10.00,1.00,10:1,196.31,219.08016,427.0,207.91984,80.195282,152.342723,0,29
Random Search,20260607,19,rs_r19_006_tl86_dt198_ge13_qr68_tau89,86,198,13,0.68,0.89,274.92,91.92,10.00,1.00,10:1,258.28,219.08016,494.0,274.91984,91.922022,149.641975,0,60
Random Search,20260607,20,rs_r20_001_tl30_dt123_ge23_qr79_tau74,30,123,23,0.79,0.74,189.92,75.89,10.00,1.00,10:1,179.55,219.08016,409.0,189.91984,75.892042,135.262857,0,37
Random Search,20260607,20,rs_r20_002_tl50_dt232_ge31_qr19_tau80,50,232,31,0.19,0.8,317.92,98.46,10.00,1.00,10:1,297.97,219.08016,537.0,317.91984,98.462908,147.997696,1,40
Random Search,20260607,20,rs_r20_003_tl27_dt153_ge13_qr91_tau70,27,153,13,0.91,0.7,204.92,96.22,10.00,1.00,10:1,195.04,219.08016,424.0,204.91984,96.224664,145.624309,0,51
Random Search,20260607,20,rs_r20_004_tl8_dt179_ge35_qr6_tau89,8,179,35,0.06,0.89,336.92,90.23,10.00,1.00,10:1,314.49,219.08016,556.0,336.91984,90.231444,165.588865,1,41
Random Search,20260607,20,rs_r20_005_tl91_dt147_ge40_qr35_tau71,91,147,40,0.35,0.71,297.92,84.08,10.00,1.00,10:1,278.48,219.08016,517.0,297.91984,84.07587,154.112385,0,35
Random Search,20260607,20,rs_r20_006_tl61_dt132_ge18_qr58_tau71,61,132,18,0.58,0.71,404.92,82.18,10.00,1.00,10:1,375.58,219.08016,624.0,404.91984,82.181508,174.119923,0,63
Random Search,20260607,21,rs_r21_001_tl17_dt210_ge38_qr52_tau73,17,210,38,0.52,0.73,160.92,83.80,10.00,1.00,10:1,153.91,219.08016,380.0,160.91984,83.801879,167.384462,0,27
Random Search,20260607,21,rs_r21_002_tl119_dt193_ge10_qr3_tau77,119,193,10,0.03,0.77,371.92,84.88,10.00,1.00,10:1,345.83,219.08016,591.0,371.91984,84.884879,171.168,1,79
Random Search,20260607,21,rs_r21_003_tl73_dt105_ge15_qr34_tau82,73,105,15,0.34,0.82,330.92,87.38,10.00,1.00,10:1,308.78,219.08016,550.0,330.91984,87.381658,163.244161,0,61
Random Search,20260607,21,rs_r21_004_tl51_dt72_ge12_qr93_tau74,51,72,12,0.93,0.74,356.92,88.84,10.00,1.00,10:1,332.55,219.08016,576.0,356.91984,88.842917,170.423554,0,71
Random Search,20260607,21,rs_r21_005_tl114_dt90_ge5_qr74_tau80,114,90,5,0.74,0.8,385.92,97.84,10.00,1.00,10:1,359.73,219.08016,605.0,385.91984,97.835196,176.660532,0,97
Random Search,20260607,21,rs_r21_006_tl107_dt119_ge35_qr1_tau85,107,119,35,0.01,0.85,190.92,91.92,10.00,1.00,10:1,181.92,219.08016,410.0,190.91984,91.923381,151.209719,1,31
Random Search,20260607,22,rs_r22_001_tl49_dt46_ge29_qr70_tau79,49,46,29,0.7,0.79,161.92,77.91,10.00,1.00,10:1,154.28,219.08016,381.0,161.91984,77.914553,142.176966,0,28
Random Search,20260607,22,rs_r22_002_tl54_dt231_ge49_qr41_tau86,54,231,49,0.41,0.86,302.92,79.03,10.00,1.00,10:1,282.57,219.08016,522.0,302.91984,79.031844,169.578313,0,31
Random Search,20260607,22,rs_r22_003_tl119_dt203_ge11_qr73_tau83,119,203,11,0.73,0.83,320.92,82.28,10.00,1.00,10:1,299.23,219.08016,540.0,320.91984,82.283101,158.716102,0,67
Random Search,20260607,22,rs_r22_004_tl21_dt87_ge5_qr36_tau74,21,87,5,0.36,0.74,330.92,103.86,10.00,1.00,10:1,310.28,219.08016,550.0,330.91984,103.861867,183.518164,0,80
Random Search,20260607,22,rs_r22_005_tl113_dt183_ge33_qr35_tau84,113,183,33,0.35,0.84,286.92,89.91,10.00,1.00,10:1,269.01,219.08016,506.0,286.91984,89.912906,157.023866,0,35
Random Search,20260607,22,rs_r22_006_tl88_dt207_ge44_qr12_tau86,88,207,44,0.12,0.86,306.92,86.00,10.00,1.00,10:1,286.84,219.08016,526.0,306.91984,86.002543,152.290909,1,31
Random Search,20260607,23,rs_r23_001_tl32_dt51_ge24_qr59_tau72,32,51,24,0.59,0.72,149.92,79.67,10.00,1.00,10:1,143.53,219.08016,369.0,149.91984,79.668241,134.671687,0,29
Random Search,20260607,23,rs_r23_002_tl118_dt211_ge36_qr67_tau71,118,211,36,0.67,0.71,288.92,84.10,10.00,1.00,10:1,270.30,219.08016,508.0,288.91984,84.097137,154.92093,0,34
Random Search,20260607,23,rs_r23_003_tl57_dt187_ge6_qr11_tau78,57,187,6,0.11,0.78,414.92,96.50,10.00,1.00,10:1,385.97,219.08016,634.0,414.91984,96.502685,186.491682,1,97
Random Search,20260607,23,rs_r23_004_tl94_dt22_ge39_qr75_tau75,94,22,39,0.75,0.75,145.92,75.50,10.00,1.00,10:1,139.52,219.08016,365.0,145.91984,75.504769,138.226006,0,17
Random Search,20260607,23,rs_r23_005_tl74_dt31_ge46_qr67_tau72,74,31,46,0.67,0.72,137.92,85.26,10.00,1.00,10:1,133.13,219.08016,357.0,137.91984,85.256081,144.045845,0,18
Random Search,20260607,23,rs_r23_006_tl110_dt70_ge3_qr3_tau75,110,70,3,0.03,0.75,327.92,83.96,10.00,1.00,10:1,305.74,219.08016,547.0,327.91984,83.963089,167.696774,1,92
Random Search,20260607,24,rs_r24_001_tl69_dt13_ge5_qr61_tau90,69,13,5,0.61,0.9,146.92,80.25,10.00,1.00,10:1,140.86,219.08016,366.0,146.91984,80.249198,134.578275,0,28
Random Search,20260607,24,rs_r24_002_tl15_dt189_ge43_qr12_tau83,15,189,43,0.12,0.83,251.92,79.27,10.00,1.00,10:1,236.22,219.08016,471.0,251.91984,79.267295,156.5,1,30
Random Search,20260607,24,rs_r24_003_tl93_dt79_ge9_qr49_tau77,93,79,9,0.49,0.77,274.92,89.25,10.00,1.00,10:1,258.04,219.08016,494.0,274.91984,89.246801,166.366733,0,66
Random Search,20260607,24,rs_r24_004_tl103_dt122_ge27_qr50_tau88,103,122,27,0.5,0.88,222.92,77.46,10.00,1.00,10:1,209.70,219.08016,442.0,222.91984,77.459426,135.914439,0,38
Random Search,20260607,24,rs_r24_005_tl99_dt76_ge17_qr34_tau72,99,76,17,0.34,0.72,288.92,90.93,10.00,1.00,10:1,270.92,219.08016,508.0,288.91984,90.927224,170.743468,0,55
Random Search,20260607,24,rs_r24_006_tl105_dt77_ge1_qr43_tau90,105,77,1,0.43,0.9,256.92,90.45,10.00,1.00,10:1,241.79,219.08016,476.0,256.91984,90.448965,163.474836,0,90
Random Search,20260607,25,rs_r25_001_tl26_dt0_ge47_qr37_tau73,26,0,47,0.37,0.73,198.92,81.83,10.00,1.00,10:1,188.28,219.08016,418.0,198.91984,81.833106,151.753807,0,26
Random Search,20260607,25,rs_r25_002_tl45_dt51_ge13_qr20_tau78,45,51,13,0.2,0.78,271.92,93.29,10.00,1.00,10:1,255.68,219.08016,491.0,271.91984,93.289901,165.622596,1,54
Random Search,20260607,25,rs_r25_003_tl111_dt15_ge45_qr1_tau77,111,15,45,0.01,0.77,137.92,83.00,10.00,1.00,10:1,132.93,219.08016,357.0,137.91984,82.998989,142.179567,1,18
Random Search,20260607,25,rs_r25_004_tl112_dt47_ge38_qr73_tau78,112,47,38,0.73,0.78,151.92,87.73,10.00,1.00,10:1,146.08,219.08016,371.0,151.91984,87.732232,138.994681,0,24
Random Search,20260607,25,rs_r25_005_tl104_dt99_ge7_qr69_tau87,104,99,7,0.69,0.87,279.92,91.43,10.00,1.00,10:1,262.78,219.08016,499.0,279.91984,91.432514,165.734091,0,72
Random Search,20260607,25,rs_r25_006_tl35_dt181_ge6_qr17_tau85,35,181,6,0.17,0.85,375.92,95.58,10.00,1.00,10:1,350.43,219.08016,595.0,375.91984,95.580008,174.7393,1,90
Random Search,20260607,26,rs_r26_001_tl4_dt114_ge49_qr71_tau86,4,114,49,0.71,0.86,116.92,83.08,10.00,1.00,10:1,113.84,219.08016,336.0,116.91984,83.084262,138.517751,0,20
Random Search,20260607,26,rs_r26_002_tl34_dt160_ge6_qr44_tau85,34,160,6,0.44,0.85,278.92,95.84,10.00,1.00,10:1,262.28,219.08016,498.0,278.91984,95.842102,158.492925,0,78
Random Search,20260607,26,rs_r26_003_tl88_dt217_ge12_qr81_tau86,88,217,12,0.81,0.86,352.92,89.36,10.00,1.00,10:1,328.96,219.08016,572.0,352.91984,89.356282,160.784188,0,68
Random Search,20260607,26,rs_r26_004_tl7_dt10_ge17_qr52_tau77,7,10,17,0.52,0.77,161.92,83.15,10.00,1.00,10:1,154.76,219.08016,381.0,161.91984,83.147963,137.01847,0,19
Random Search,20260607,26,rs_r26_005_tl116_dt243_ge42_qr68_tau76,116,243,42,0.68,0.76,281.92,79.19,10.00,1.00,10:1,263.49,219.08016,501.0,281.91984,79.188815,155.643373,0,31
Random Search,20260607,26,rs_r26_006_tl106_dt198_ge45_qr1_tau84,106,198,45,0.01,0.84,232.92,85.13,10.00,1.00,10:1,219.48,219.08016,452.0,232.91984,85.126496,152.965261,1,29
Random Search,20260607,27,rs_r27_001_tl86_dt11_ge47_qr62_tau84,86,11,47,0.62,0.84,161.92,86.17,10.00,1.00,10:1,155.03,219.08016,381.0,161.91984,86.170474,142.315789,0,17
Random Search,20260607,27,rs_r27_002_tl35_dt127_ge29_qr77_tau72,35,127,29,0.77,0.72,257.92,77.48,10.00,1.00,10:1,241.52,219.08016,477.0,257.91984,77.475936,140.228792,0,39
Random Search,20260607,27,rs_r27_003_tl104_dt39_ge49_qr16_tau70,104,39,49,0.16,0.7,114.92,97.33,10.00,1.00,10:1,113.32,219.08016,334.0,114.91984,97.33114,140.585799,1,18
Random Search,20260607,27,rs_r27_004_tl86_dt178_ge21_qr95_tau75,86,178,21,0.95,0.75,373.92,85.87,10.00,1.00,10:1,347.73,219.08016,593.0,373.91984,85.865699,168.151515,0,57
Random Search,20260607,27,rs_r27_005_tl104_dt40_ge9_qr57_tau81,104,40,9,0.57,0.81,233.92,76.38,10.00,1.00,10:1,219.60,219.08016,453.0,233.91984,76.384457,145.044974,0,53
Random Search,20260607,27,rs_r27_006_tl93_dt47_ge41_qr15_tau81,93,47,41,0.15,0.81,159.92,89.59,10.00,1.00,10:1,153.53,219.08016,379.0,159.91984,89.594919,137.756677,1,24
Random Search,20260607,28,rs_r28_001_tl83_dt106_ge34_qr55_tau70,83,106,34,0.55,0.7,264.92,93.66,10.00,1.00,10:1,249.35,219.08016,484.0,264.91984,93.664557,153.264339,0,34
Random Search,20260607,28,rs_r28_002_tl7_dt238_ge32_qr2_tau85,7,238,32,0.02,0.85,269.92,95.68,10.00,1.00,10:1,254.08,219.08016,489.0,269.91984,95.678601,146.601432,1,38
Random Search,20260607,28,rs_r28_003_tl4_dt236_ge18_qr31_tau70,4,236,18,0.31,0.7,286.92,82.77,10.00,1.00,10:1,268.36,219.08016,506.0,286.91984,82.769861,161.461187,0,52
Random Search,20260607,28,rs_r28_004_tl83_dt35_ge4_qr82_tau86,83,35,4,0.82,0.86,137.92,75.84,10.00,1.00,10:1,132.28,219.08016,357.0,137.91984,75.836717,134.556634,0,47
Random Search,20260607,28,rs_r28_005_tl35_dt25_ge35_qr41_tau81,35,25,35,0.41,0.81,138.92,77.81,10.00,1.00,10:1,133.36,219.08016,358.0,138.91984,77.80767,136.824281,0,19
Random Search,20260607,28,rs_r28_006_tl63_dt195_ge14_qr81_tau88,63,195,14,0.81,0.88,334.92,84.64,10.00,1.00,10:1,312.17,219.08016,554.0,334.91984,84.636297,164.051653,0,62
Random Search,20260607,29,rs_r29_001_tl95_dt34_ge3_qr39_tau85,95,34,3,0.39,0.85,153.92,75.34,10.00,1.00,10:1,146.78,219.08016,373.0,153.91984,75.338059,139.451515,0,48
Random Search,20260607,29,rs_r29_002_tl87_dt43_ge37_qr35_tau80,87,43,37,0.35,0.8,208.92,81.53,10.00,1.00,10:1,197.34,219.08016,428.0,208.91984,81.532389,141.347222,0,32
Random Search,20260607,29,rs_r29_003_tl93_dt151_ge48_qr19_tau73,93,151,48,0.19,0.73,274.92,82.51,10.00,1.00,10:1,257.43,219.08016,494.0,274.91984,82.507389,158.009569,1,30
Random Search,20260607,29,rs_r29_004_tl61_dt125_ge40_qr50_tau85,61,125,40,0.5,0.85,282.92,88.83,10.00,1.00,10:1,265.28,219.08016,502.0,282.91984,88.828306,165.269874,0,33
Random Search,20260607,29,rs_r29_005_tl33_dt201_ge46_qr85_tau84,33,201,46,0.85,0.84,214.92,81.40,10.00,1.00,10:1,202.78,219.08016,434.0,214.91984,81.39793,141.632877,0,28
Random Search,20260607,29,rs_r29_006_tl67_dt198_ge39_qr4_tau90,67,198,39,0.04,0.9,319.92,93.22,10.00,1.00,10:1,299.31,219.08016,539.0,319.91984,93.219727,155.108647,1,38
Random Search,20260607,30,rs_r30_001_tl70_dt241_ge27_qr55_tau76,70,241,27,0.55,0.76,226.92,75.03,10.00,1.00,10:1,213.11,219.08016,446.0,226.91984,75.027426,133.869919,0,39
Random Search,20260607,30,rs_r30_002_tl95_dt192_ge48_qr10_tau76,95,192,48,0.1,0.76,274.92,82.51,10.00,1.00,10:1,257.43,219.08016,494.0,274.91984,82.507389,158.009569,1,30
Random Search,20260607,30,rs_r30_003_tl91_dt95_ge7_qr23_tau82,91,95,7,0.23,0.82,348.92,101.84,10.00,1.00,10:1,326.46,219.08016,568.0,348.91984,101.836826,173.289641,1,84
Random Search,20260607,30,rs_r30_004_tl14_dt19_ge28_qr46_tau83,14,19,28,0.46,0.83,144.92,77.87,10.00,1.00,10:1,138.82,219.08016,364.0,144.91984,77.867261,135.20743,0,20
Random Search,20260607,30,rs_r30_005_tl59_dt106_ge44_qr67_tau74,59,106,44,0.67,0.74,248.92,75.42,10.00,1.00,10:1,233.15,219.08016,468.0,248.91984,75.416414,139.683938,0,32
Random Search,20260607,30,rs_r30_006_tl62_dt19_ge10_qr63_tau73,62,19,10,0.63,0.73,145.92,78.41,10.00,1.00,10:1,139.78,219.08016,365.0,145.91984,78.409125,145.330435,0,29
Random Search,20260607,31,rs_r31_001_tl98_dt60_ge35_qr76_tau73,98,60,35,0.76,0.73,221.92,88.05,10.00,1.00,10:1,209.75,219.08016,441.0,221.91984,88.046821,144.935829,0,33
Random Search,20260607,31,rs_r31_002_tl3_dt209_ge37_qr47_tau83,3,209,37,0.47,0.83,257.92,87.92,10.00,1.00,10:1,242.47,219.08016,477.0,257.91984,87.920743,155.558603,0,32
Random Search,20260607,31,rs_r31_003_tl46_dt40_ge15_qr62_tau85,46,40,15,0.62,0.85,213.92,77.10,10.00,1.00,10:1,201.48,219.08016,433.0,213.91984,77.103991,146.087071,0,42
Random Search,20260607,31,rs_r31_004_tl8_dt87_ge8_qr48_tau75,8,87,8,0.48,0.75,270.92,81.69,10.00,1.00,10:1,253.72,219.08016,490.0,270.91984,81.686381,166.656613,0,67
Random Search,20260607,31,rs_r31_005_tl29_dt171_ge34_qr89_tau83,29,171,34,0.89,0.83,195.92,78.72,10.00,1.00,10:1,185.26,219.08016,415.0,195.91984,78.715838,139.021918,0,31
Random Search,20260607,31,rs_r31_006_tl105_dt156_ge25_qr71_tau72,105,156,25,0.71,0.72,356.92,80.96,10.00,1.00,10:1,331.83,219.08016,576.0,356.91984,80.959371,158.950311,0,48
Random Search,20260607,32,rs_r32_001_tl13_dt73_ge39_qr64_tau76,13,73,39,0.64,0.76,108.92,87.68,10.00,1.00,10:1,106.99,219.08016,328.0,108.91984,87.681595,174.748549,0,22
Random Search,20260607,32,rs_r32_002_tl66_dt166_ge28_qr94_tau71,66,166,28,0.94,0.71,290.92,74.86,10.00,1.00,10:1,271.28,219.08016,510.0,290.91984,74.86131,157.393103,0,40
Random Search,20260607,32,rs_r32_003_tl46_dt87_ge37_qr74_tau72,46,87,37,0.74,0.72,271.92,86.38,10.00,1.00,10:1,255.05,219.08016,491.0,271.91984,86.384788,156.609302,0,33
Random Search,20260607,32,rs_r32_004_tl106_dt236_ge28_qr13_tau77,106,236,28,0.13,0.77,145.92,86.88,10.00,1.00,10:1,140.55,219.08016,365.0,145.91984,86.879917,135.806349,1,30
Random Search,20260607,32,rs_r32_005_tl34_dt241_ge12_qr65_tau89,34,241,12,0.65,0.89,302.92,87.70,10.00,1.00,10:1,283.35,219.08016,522.0,302.91984,87.697729,168.700665,0,62
Random Search,20260607,32,rs_r32_006_tl68_dt107_ge43_qr29_tau80,68,107,43,0.29,0.8,287.92,85.90,10.00,1.00,10:1,269.55,219.08016,507.0,287.91984,85.89941,156.061611,1,32
Random Search,20260607,33,rs_r33_001_tl116_dt41_ge42_qr80_tau72,116,41,42,0.8,0.72,110.92,82.66,10.00,1.00,10:1,108.35,219.08016,330.0,110.91984,82.658573,144.24269,0,20
Random Search,20260607,33,rs_r33_002_tl15_dt179_ge34_qr56_tau71,15,179,34,0.56,0.71,177.92,79.26,10.00,1.00,10:1,168.95,219.08016,397.0,177.91984,79.255213,147.928389,0,29
Random Search,20260607,33,rs_r33_003_tl80_dt121_ge34_qr28_tau86,80,121,34,0.28,0.86,319.92,88.95,10.00,1.00,10:1,298.92,219.08016,539.0,319.91984,88.946059,178.930894,1,39
Random Search,20260607,33,rs_r33_004_tl68_dt50_ge26_qr96_tau73,68,50,26,0.96,0.73,193.92,78.75,10.00,1.00,10:1,183.45,219.08016,413.0,193.91984,78.753149,152.273399,0,32
Random Search,20260607,33,rs_r33_005_tl35_dt20_ge48_qr87_tau85,35,20,48,0.87,0.85,145.92,77.22,10.00,1.00,10:1,139.67,219.08016,365.0,145.91984,77.224395,138.743034,0,17
Random Search,20260607,33,rs_r33_006_tl91_dt45_ge20_qr71_tau72,91,45,20,0.71,0.72,297.92,92.38,10.00,1.00,10:1,279.23,219.08016,517.0,297.91984,92.382398,165.100457,0,45
Random Search,20260607,34,rs_r34_001_tl35_dt154_ge29_qr32_tau90,35,154,29,0.32,0.9,257.92,77.48,10.00,1.00,10:1,241.52,219.08016,477.0,257.91984,77.475936,140.228792,0,39
Random Search,20260607,34,rs_r34_002_tl43_dt61_ge36_qr47_tau87,43,61,36,0.47,0.87,300.92,95.89,10.00,1.00,10:1,282.28,219.08016,520.0,300.91984,95.89237,176.164927,0,37
Random Search,20260607,34,rs_r34_003_tl36_dt62_ge8_qr41_tau81,36,62,8,0.41,0.81,291.92,95.62,10.00,1.00,10:1,274.07,219.08016,511.0,291.91984,95.619057,170.317181,0,70
Random Search,20260607,34,rs_r34_004_tl45_dt196_ge14_qr27_tau78,45,196,14,0.27,0.78,377.92,92.57,10.00,1.00,10:1,351.98,219.08016,597.0,377.91984,92.570209,179.362069,1,68
Random Search,20260607,34,rs_r34_005_tl97_dt238_ge13_qr30_tau77,97,238,13,0.3,0.77,247.92,91.44,10.00,1.00,10:1,233.69,219.08016,467.0,247.91984,91.436275,162.901124,1,53
Random Search,20260607,34,rs_r34_006_tl89_dt111_ge36_qr5_tau74,89,111,36,0.05,0.74,256.92,100.64,10.00,1.00,10:1,242.71,219.08016,476.0,256.91984,100.643186,175.176353,1,34
Random Search,20260607,35,rs_r35_001_tl56_dt232_ge10_qr91_tau90,56,232,10,0.91,0.9,368.92,84.26,10.00,1.00,10:1,343.04,219.08016,588.0,368.91984,84.258177,156.651163,0,75
Random Search,20260607,35,rs_r35_002_tl111_dt52_ge38_qr69_tau76,111,52,38,0.69,0.76,165.92,83.12,10.00,1.00,10:1,158.39,219.08016,385.0,165.91984,83.115036,136.901786,0,27
Random Search,20260607,35,rs_r35_003_tl48_dt75_ge49_qr1_tau90,48,75,49,0.01,0.9,195.92,81.37,10.00,1.00,10:1,185.51,219.08016,415.0,195.91984,81.368467,136.243767,1,27
Random Search,20260607,35,rs_r35_004_tl105_dt150_ge21_qr58_tau70,105,150,21,0.58,0.7,373.92,85.87,10.00,1.00,10:1,347.73,219.08016,593.0,373.91984,85.865699,168.151515,0,57
Random Search,20260607,35,rs_r35_005_tl86_dt86_ge28_qr48_tau86,86,86,28,0.48,0.86,315.92,80.77,10.00,1.00,10:1,294.54,219.08016,535.0,315.91984,80.770343,155.541304,0,41
Random Search,20260607,35,rs_r35_006_tl58_dt235_ge5_qr28_tau86,58,235,5,0.28,0.86,306.92,106.99,10.00,1.00,10:1,288.74,219.08016,526.0,306.91984,106.993655,168.135747,1,83
Random Search,20260607,36,rs_r36_001_tl50_dt47_ge26_qr73_tau72,50,47,26,0.73,0.72,187.92,81.79,10.00,1.00,10:1,178.27,219.08016,407.0,187.91984,81.794034,167.334702,0,33
Random Search,20260607,36,rs_r36_002_tl78_dt125_ge44_qr68_tau81,78,125,44,0.68,0.81,369.92,82.38,10.00,1.00,10:1,343.78,219.08016,589.0,369.91984,82.378552,171.098592,0,37
Random Search,20260607,36,rs_r36_003_tl17_dt111_ge15_qr35_tau77,17,111,15,0.35,0.77,283.92,78.50,10.00,1.00,10:1,265.25,219.08016,503.0,283.91984,78.500722,151.425676,0,55
Random Search,20260607,36,rs_r36_004_tl90_dt225_ge11_qr33_tau89,90,225,11,0.33,0.89,320.92,82.28,10.00,1.00,10:1,299.23,219.08016,540.0,320.91984,82.283101,158.716102,0,67
Random Search,20260607,36,rs_r36_005_tl79_dt192_ge20_qr47_tau80,79,192,20,0.47,0.8,342.92,89.40,10.00,1.00,10:1,319.87,219.08016,562.0,342.91984,89.395837,179.467803,0,56
Random Search,20260607,36,rs_r36_006_tl5_dt21_ge47_qr98_tau79,5,21,47,0.98,0.79,158.92,75.64,10.00,1.00,10:1,151.35,219.08016,378.0,158.91984,75.637886,143.900875,0,17
Random Search,20260607,37,rs_r37_001_tl85_dt202_ge40_qr82_tau84,85,202,40,0.82,0.84,311.92,84.76,10.00,1.00,10:1,291.27,219.08016,531.0,311.91984,84.755651,142.562358,0,35
Random Search,20260607,37,rs_r37_002_tl23_dt43_ge27_qr100_tau88,23,43,27,1.0,0.88,171.92,82.34,10.00,1.00,10:1,163.78,219.08016,391.0,171.91984,82.343342,143.502941,0,32
Random Search,20260607,37,rs_r37_003_tl30_dt16_ge0_qr94_tau70,30,16,0,0.94,0.7,157.92,86.72,10.00,1.00,10:1,151.45,219.08016,377.0,157.91984,86.722186,155.484694,0,40
Random Search,20260607,37,rs_r37_004_tl46_dt133_ge42_qr61_tau70,46,133,42,0.61,0.7,281.92,79.19,10.00,1.00,10:1,263.49,219.08016,501.0,281.91984,79.188815,155.643373,0,31
Random Search,20260607,37,rs_r37_005_tl67_dt55_ge41_qr9_tau84,67,55,41,0.09,0.84,147.92,91.26,10.00,1.00,10:1,142.77,219.08016,367.0,147.91984,91.258268,137.876161,1,25
Random Search,20260607,37,rs_r37_006_tl113_dt41_ge44_qr35_tau73,113,41,44,0.35,0.73,239.92,82.06,10.00,1.00,10:1,225.57,219.08016,459.0,239.91984,82.058763,142.365979,0,29
Random Search,20260607,38,rs_r38_001_tl113_dt142_ge44_qr37_tau89,113,142,44,0.37,0.89,248.92,80.57,10.00,1.00,10:1,233.62,219.08016,468.0,248.91984,80.572424,140.334225,0,29
Random Search,20260607,38,rs_r38_002_tl100_dt217_ge2_qr0_tau78,100,217,2,0.0,0.78,330.92,101.97,10.00,1.00,10:1,310.11,219.08016,550.0,330.91984,101.973165,175.412281,1,100
Random Search,20260607,38,rs_r38_003_tl86_dt104_ge7_qr52_tau85,86,104,7,0.52,0.85,325.92,91.35,10.00,1.00,10:1,304.60,219.08016,545.0,325.91984,91.347967,156.789357,0,79
Random Search,20260607,38,rs_r38_004_tl115_dt45_ge48_qr71_tau84,115,45,48,0.71,0.84,127.92,90.57,10.00,1.00,10:1,124.52,219.08016,347.0,127.91984,90.569633,149.629534,0,19
Random Search,20260607,38,rs_r38_005_tl62_dt224_ge47_qr45_tau72,62,224,47,0.45,0.72,258.92,82.01,10.00,1.00,10:1,242.84,219.08016,478.0,258.91984,82.006466,161.927313,0,29
Random Search,20260607,38,rs_r38_006_tl24_dt48_ge10_qr95_tau70,24,48,10,0.95,0.7,187.92,84.29,10.00,1.00,10:1,178.50,219.08016,407.0,187.91984,84.290638,145.414286,0,49
Random Search,20260607,39,rs_r39_001_tl117_dt41_ge33_qr93_tau89,117,41,33,0.93,0.89,110.92,81.92,10.00,1.00,10:1,108.28,219.08016,330.0,110.91984,81.923941,143.459215,0,25
Random Search,20260607,39,rs_r39_002_tl93_dt83_ge11_qr52_tau74,93,83,11,0.52,0.74,382.92,98.80,10.00,1.00,10:1,357.09,219.08016,602.0,382.91984,98.799368,160.689162,0,73
Random Search,20260607,39,rs_r39_003_tl107_dt11_ge1_qr99_tau85,107,11,1,0.99,0.85,160.92,85.95,10.00,1.00,10:1,154.10,219.08016,380.0,160.91984,85.94808,146.971649,0,30
Random Search,20260607,39,rs_r39_004_tl121_dt94_ge41_qr78_tau86,121,94,41,0.78,0.86,137.92,77.60,10.00,1.00,10:1,132.44,219.08016,357.0,137.91984,77.599735,135.157556,0,26
Random Search,20260607,39,rs_r39_005_tl98_dt24_ge26_qr41_tau87,98,24,26,0.41,0.87,167.92,75.98,10.00,1.00,10:1,159.56,219.08016,387.0,167.91984,75.98277,143.368116,0,27
Random Search,20260607,39,rs_r39_006_tl62_dt186_ge30_qr74_tau84,62,186,30,0.74,0.84,286.92,75.40,10.00,1.00,10:1,267.69,219.08016,506.0,286.91984,75.397098,148.310263,0,40
Random Search,20260607,40,rs_r40_001_tl53_dt89_ge20_qr64_tau77,53,89,20,0.64,0.77,350.92,93.20,10.00,1.00,10:1,327.49,219.08016,570.0,350.91984,93.19553,161.029536,0,54
Random Search,20260607,40,rs_r40_002_tl82_dt45_ge48_qr27_tau87,82,45,48,0.27,0.87,95.92,90.97,10.00,1.00,10:1,95.47,219.08016,315.0,95.91984,90.967375,139.292683,1,20
Random Search,20260607,40,rs_r40_003_tl38_dt142_ge34_qr29_tau76,38,142,34,0.29,0.76,302.92,84.76,10.00,1.00,10:1,283.09,219.08016,522.0,302.91984,84.762796,156.351852,1,38
Random Search,20260607,40,rs_r40_004_tl72_dt111_ge1_qr98_tau80,72,111,1,0.98,0.8,371.92,98.85,10.00,1.00,10:1,347.10,219.08016,591.0,371.91984,98.847085,175.743952,0,119
Random Search,20260607,40,rs_r40_005_tl63_dt97_ge24_qr31_tau74,63,97,24,0.31,0.74,314.92,79.04,10.00,1.00,10:1,293.48,219.08016,534.0,314.91984,79.03704,163.802661,0,46
Random Search,20260607,40,rs_r40_006_tl15_dt182_ge39_qr10_tau76,15,182,39,0.1,0.76,177.92,80.36,10.00,1.00,10:1,169.05,219.08016,397.0,177.91984,80.357059,153.074176,1,30
Random Search,20260607,41,rs_r41_001_tl24_dt43_ge32_qr48_tau90,24,43,32,0.48,0.9,109.92,82.94,10.00,1.00,10:1,107.47,219.08016,329.0,109.91984,82.941725,142.98503,0,26
Random Search,20260607,41,rs_r41_002_tl35_dt37_ge1_qr52_tau74,35,37,1,0.52,0.74,168.92,76.38,10.00,1.00,10:1,160.51,219.08016,388.0,168.91984,76.380262,142.68314,0,61
Random Search,20260607,41,rs_r41_003_tl104_dt45_ge13_qr60_tau70,104,45,13,0.6,0.7,237.92,97.12,10.00,1.00,10:1,225.12,219.08016,457.0,237.91984,97.123917,167.022556,0,47
Random Search,20260607,41,rs_r41_004_tl47_dt70_ge34_qr94_tau87,47,70,34,0.94,0.87,204.92,74.47,10.00,1.00,10:1,193.06,219.08016,424.0,204.91984,74.465459,135.45082,0,29
Random Search,20260607,41,rs_r41_005_tl28_dt196_ge30_qr20_tau72,28,196,30,0.2,0.72,319.92,84.81,10.00,1.00,10:1,298.55,219.08016,539.0,319.91984,84.813703,164.458065,1,41
Random Search,20260607,41,rs_r41_006_tl71_dt196_ge40_qr46_tau76,71,196,40,0.46,0.76,311.92,84.76,10.00,1.00,10:1,291.27,219.08016,531.0,311.91984,84.755651,142.562358,0,35
Random Search,20260607,42,rs_r42_001_tl31_dt54_ge10_qr46_tau77,31,54,10,0.46,0.77,177.92,87.52,10.00,1.00,10:1,169.70,219.08016,397.0,177.91984,87.518002,147.387755,0,50
Random Search,20260607,42,rs_r42_002_tl109_dt206_ge0_qr99_tau70,109,206,0,0.99,0.7,286.92,94.08,10.00,1.00,10:1,269.39,219.08016,506.0,286.91984,94.08445,162.723404,0,107
Random Search,20260607,42,rs_r42_003_tl5_dt118_ge48_qr45_tau86,5,118,48,0.45,0.86,146.92,90.84,10.00,1.00,10:1,141.82,219.08016,366.0,146.91984,90.839555,154.326633,0,25
Random Search,20260607,42,rs_r42_004_tl97_dt43_ge18_qr5_tau72,97,43,18,0.05,0.72,274.92,102.06,10.00,1.00,10:1,259.21,219.08016,494.0,274.91984,102.060135,157.970732,1,47
Random Search,20260607,42,rs_r42_005_tl74_dt141_ge7_qr58_tau83,74,141,7,0.58,0.83,352.92,92.03,10.00,1.00,10:1,329.20,219.08016,572.0,352.91984,92.027196,179.112871,0,81
Random Search,20260607,42,rs_r42_006_tl28_dt49_ge38_qr44_tau72,28,49,38,0.44,0.72,151.92,87.73,10.00,1.00,10:1,146.08,219.08016,371.0,151.91984,87.732232,138.994681,0,24
Random Search,20260607,43,rs_r43_001_tl65_dt6_ge15_qr97_tau81,65,6,15,0.97,0.81,181.92,95.17,10.00,1.00,10:1,174.03,219.08016,401.0,181.91984,95.173908,162.60804,0,20
Random Search,20260607,43,rs_r43_002_tl60_dt16_ge50_qr65_tau80,60,16,50,0.65,0.8,144.92,79.76,10.00,1.00,10:1,139.00,219.08016,364.0,144.91984,79.758103,138.722397,0,17
Random Search,20260607,43,rs_r43_003_tl17_dt48_ge39_qr33_tau83,17,48,39,0.33,0.83,225.92,86.48,10.00,1.00,10:1,213.24,219.08016,445.0,225.91984,86.478033,140.60733,0,30
Random Search,20260607,43,rs_r43_004_tl47_dt230_ge25_qr95_tau83,47,230,25,0.95,0.83,332.92,80.37,10.00,1.00,10:1,309.96,219.08016,552.0,332.91984,80.370846,155.283871,0,46
Random Search,20260607,43,rs_r43_005_tl121_dt158_ge28_qr79_tau70,121,158,28,0.79,0.7,298.92,78.16,10.00,1.00,10:1,278.85,219.08016,518.0,298.91984,78.162652,159.485261,0,42
Random Search,20260607,43,rs_r43_006_tl82_dt241_ge35_qr17_tau85,82,241,35,0.17,0.85,287.92,90.46,10.00,1.00,10:1,269.97,219.08016,507.0,287.91984,90.456593,162.642202,1,38
Random Search,20260607,44,rs_r44_001_tl83_dt98_ge2_qr16_tau79,83,98,2,0.16,0.79,403.92,90.38,10.00,1.00,10:1,375.42,219.08016,623.0,403.91984,90.382408,164.718367,1,114
Random Search,20260607,44,rs_r44_002_tl70_dt167_ge26_qr39_tau88,70,167,26,0.39,0.88,202.92,77.82,10.00,1.00,10:1,191.55,219.08016,422.0,202.91984,77.822396,135.544199,0,36
Random Search,20260607,44,rs_r44_003_tl75_dt41_ge46_qr63_tau73,75,41,46,0.63,0.73,124.92,85.89,10.00,1.00,10:1,121.37,219.08016,344.0,124.91984,85.894023,142.536723,0,20
Random Search,20260607,44,rs_r44_004_tl29_dt138_ge26_qr51_tau77,29,138,26,0.51,0.77,214.92,84.39,10.00,1.00,10:1,203.05,219.08016,434.0,214.91984,84.390025,158.752427,0,40
Random Search,20260607,44,rs_r44_005_tl26_dt235_ge32_qr54_tau79,26,235,32,0.54,0.79,262.92,84.10,10.00,1.00,10:1,246.66,219.08016,482.0,262.91984,84.10078,161.423729,0,36
Random Search,20260607,44,rs_r44_006_tl21_dt200_ge50_qr33_tau87,21,200,50,0.33,0.87,313.92,75.36,10.00,1.00,10:1,292.23,219.08016,533.0,313.91984,75.359316,159.559322,0,31
Random Search,20260607,45,rs_r45_001_tl56_dt6_ge41_qr60_tau88,56,6,41,0.6,0.88,180.92,92.55,10.00,1.00,10:1,172.89,219.08016,400.0,180.91984,92.545809,148.832432,0,18
Random Search,20260607,45,rs_r45_002_tl101_dt102_ge19_qr27_tau71,101,102,19,0.27,0.71,285.92,99.51,10.00,1.00,10:1,268.97,219.08016,505.0,285.91984,99.505362,168.878981,1,51
Random Search,20260607,45,rs_r45_003_tl122_dt192_ge23_qr29_tau88,122,192,23,0.29,0.88,178.92,84.32,10.00,1.00,10:1,170.32,219.08016,398.0,178.91984,84.316527,137.69146,1,39
Random Search,20260607,45,rs_r45_004_tl105_dt182_ge0_qr99_tau76,105,182,0,0.99,0.76,273.92,94.26,10.00,1.00,10:1,257.59,219.08016,493.0,273.91984,94.261738,156.581907,0,102
Random Search,20260607,45,rs_r45_005_tl48_dt88_ge40_qr63_tau87,48,88,40,0.63,0.87,312.92,81.79,10.00,1.00,10:1,291.91,219.08016,532.0,312.91984,81.790236,153.643016,0,35
Random Search,20260607,45,rs_r45_006_tl74_dt117_ge4_qr19_tau87,74,117,4,0.19,0.87,299.92,93.59,10.00,1.00,10:1,281.16,219.08016,519.0,299.91984,93.593812,154.741497,1,85
Random Search,20260607,46,rs_r46_001_tl2_dt201_ge34_qr82_tau87,2,201,34,0.82,0.87,193.92,79.70,10.00,1.00,10:1,183.54,219.08016,413.0,193.91984,79.70443,146.157303,0,30
Random Search,20260607,46,rs_r46_002_tl23_dt19_ge27_qr96_tau80,23,19,27,0.96,0.8,172.92,79.75,10.00,1.00,10:1,164.45,219.08016,392.0,172.91984,79.752486,145.884393,0,23
Random Search,20260607,46,rs_r46_003_tl88_dt148_ge43_qr85_tau85,88,148,43,0.85,0.85,272.92,80.52,10.00,1.00,10:1,255.43,219.08016,492.0,272.91984,80.51901,155.498778,0,33
Random Search,20260607,46,rs_r46_004_tl108_dt32_ge19_qr72_tau78,108,32,19,0.72,0.78,137.92,86.93,10.00,1.00,10:1,133.28,219.08016,357.0,137.91984,86.928355,136.276316,0,31
Random Search,20260607,46,rs_r46_005_tl26_dt50_ge17_qr84_tau78,26,50,17,0.84,0.78,191.92,76.36,10.00,1.00,10:1,181.41,219.08016,411.0,191.91984,76.359251,135.237143,0,40
Random Search,20260607,46,rs_r46_006_tl72_dt163_ge1_qr82_tau74,72,163,1,0.82,0.74,413.92,90.30,10.00,1.00,10:1,384.50,219.08016,633.0,413.91984,90.303821,172.774011,0,124
Random Search,20260607,47,rs_r47_001_tl45_dt112_ge26_qr40_tau77,45,112,26,0.4,0.77,298.92,76.57,10.00,1.00,10:1,278.71,219.08016,518.0,298.91984,76.571011,151.2746,0,44
Random Search,20260607,47,rs_r47_002_tl109_dt119_ge50_qr46_tau86,109,119,50,0.46,0.86,400.92,78.81,10.00,1.00,10:1,371.64,219.08016,620.0,400.91984,78.809575,179.611429,0,34
Random Search,20260607,47,rs_r47_003_tl86_dt181_ge30_qr35_tau76,86,181,30,0.35,0.76,286.92,75.40,10.00,1.00,10:1,267.69,219.08016,506.0,286.91984,75.397098,148.310263,0,40
Random Search,20260607,47,rs_r47_004_tl52_dt122_ge1_qr44_tau82,52,122,1,0.44,0.82,308.92,91.39,10.00,1.00,10:1,289.14,219.08016,528.0,308.91984,91.387842,159.786848,0,102
Random Search,20260607,47,rs_r47_005_tl36_dt108_ge2_qr77_tau78,36,108,2,0.77,0.78,302.92,92.28,10.00,1.00,10:1,283.77,219.08016,522.0,302.91984,92.281034,156.053241,0,93
Random Search,20260607,47,rs_r47_006_tl23_dt37_ge38_qr22_tau87,23,37,38,0.22,0.87,114.92,91.04,10.00,1.00,10:1,112.75,219.08016,334.0,114.91984,91.041311,143.752941,1,21
Random Search,20260607,48,rs_r48_001_tl55_dt86_ge30_qr5_tau75,55,86,30,0.05,0.75,154.92,85.90,10.00,1.00,10:1,148.65,219.08016,374.0,154.91984,85.90066,137.264798,1,32
Random Search,20260607,48,rs_r48_002_tl72_dt200_ge26_qr98_tau70,72,200,26,0.98,0.7,202.92,77.82,10.00,1.00,10:1,191.55,219.08016,422.0,202.91984,77.822396,135.544199,0,36
Random Search,20260607,48,rs_r48_003_tl101_dt63_ge12_qr5_tau78,101,63,12,0.05,0.78,325.92,103.26,10.00,1.00,10:1,305.68,219.08016,545.0,325.91984,103.26195,171.012552,1,61
Random Search,20260607,48,rs_r48_004_tl11_dt141_ge34_qr9_tau70,11,141,34,0.09,0.7,289.92,91.21,10.00,1.00,10:1,271.86,219.08016,509.0,289.91984,91.211229,162.123348,1,36
Random Search,20260607,48,rs_r48_005_tl115_dt89_ge3_qr8_tau80,115,89,3,0.08,0.8,190.92,93.02,10.00,1.00,10:1,182.02,219.08016,410.0,190.91984,93.023681,153.891892,1,72
Random Search,20260607,48,rs_r48_006_tl25_dt146_ge15_qr36_tau80,25,146,15,0.36,0.8,189.92,92.48,10.00,1.00,10:1,181.06,219.08016,409.0,189.91984,92.475249,144.155367,0,47
Random Search,20260607,49,rs_r49_001_tl73_dt170_ge2_qr26_tau87,73,170,2,0.26,0.87,238.92,95.06,10.00,1.00,10:1,225.84,219.08016,458.0,238.91984,95.055725,158.719298,1,86
Random Search,20260607,49,rs_r49_002_tl49_dt224_ge23_qr86_tau76,49,224,23,0.86,0.76,266.92,79.61,10.00,1.00,10:1,249.89,219.08016,486.0,266.91984,79.609924,147.575309,0,46
Random Search,20260607,49,rs_r49_003_tl11_dt79_ge15_qr11_tau85,11,79,15,0.11,0.85,146.92,86.78,10.00,1.00,10:1,141.45,219.08016,366.0,146.91984,86.778852,142.465789,1,39
Random Search,20260607,49,rs_r49_004_tl30_dt183_ge44_qr76_tau78,30,183,44,0.76,0.78,192.92,82.00,10.00,1.00,10:1,182.84,219.08016,412.0,192.91984,82.002378,150.8775,0,25
Random Search,20260607,49,rs_r49_005_tl6_dt24_ge13_qr8_tau83,6,24,13,0.08,0.83,138.92,82.14,10.00,1.00,10:1,133.76,219.08016,358.0,138.91984,82.137606,148.605263,1,29
Random Search,20260607,49,rs_r49_006_tl105_dt144_ge30_qr5_tau75,105,144,30,0.05,0.75,174.92,86.47,10.00,1.00,10:1,166.88,219.08016,394.0,174.91984,86.474674,140.929619,1,31
Random Search,20260607,50,rs_r50_001_tl44_dt117_ge22_qr50_tau70,44,117,22,0.5,0.7,310.92,93.00,10.00,1.00,10:1,291.11,219.08016,530.0,310.91984,92.995401,173.470982,0,51
Random Search,20260607,50,rs_r50_002_tl116_dt126_ge34_qr2_tau75,116,126,34,0.02,0.75,319.92,88.95,10.00,1.00,10:1,298.92,219.08016,539.0,319.91984,88.946059,178.930894,1,39
Random Search,20260607,50,rs_r50_003_tl95_dt111_ge26_qr47_tau85,95,111,26,0.47,0.85,324.92,78.56,10.00,1.00,10:1,302.52,219.08016,544.0,324.91984,78.558802,153.094714,0,44
Random Search,20260607,50,rs_r50_004_tl46_dt2_ge35_qr10_tau81,46,2,35,0.1,0.81,262.92,86.61,10.00,1.00,10:1,246.89,219.08016,482.0,262.91984,86.609794,166.25,1,17
Random Search,20260607,50,rs_r50_005_tl54_dt42_ge4_qr100_tau78,54,42,4,1.0,0.78,170.92,89.93,10.00,1.00,10:1,163.56,219.08016,390.0,170.91984,89.929018,143.418398,0,53
Random Search,20260607,50,rs_r50_006_tl20_dt194_ge10_qr17_tau87,20,194,10,0.17,0.87,397.92,90.01,10.00,1.00,10:1,369.93,219.08016,617.0,397.91984,90.014297,195.413793,1,81
CMA-ES,20260607,1,cma_r01_001_tl34_dt25_ge1_qr76_tau84,34,25,1,0.76,0.84,158.92,73.97,10.00,1.00,10:1,151.20,219.08016,378.0,158.91984,73.973197,141.387574,0,46
CMA-ES,20260607,1,cma_r01_002_tl62_dt161_ge20_qr0_tau90,62,161,20,0.0,0.9,495.92,92.10,10.00,1.00,10:1,459.21,219.08016,715.0,495.91984,92.09595,201.614357,1,69
CMA-ES,20260607,1,cma_r01_003_tl37_dt202_ge8_qr64_tau71,37,202,8,0.64,0.71,281.92,90.01,10.00,1.00,10:1,264.47,219.08016,501.0,281.91984,90.013771,159.270335,0,70
CMA-ES,20260607,1,cma_r01_004_tl46_dt177_ge39_qr53_tau72,46,177,39,0.53,0.72,274.92,81.03,10.00,1.00,10:1,257.29,219.08016,494.0,274.91984,81.030515,156.880952,0,32
CMA-ES,20260607,1,cma_r01_005_tl27_dt216_ge25_qr60_tau87,27,216,25,0.6,0.87,181.92,77.39,10.00,1.00,10:1,172.42,219.08016,401.0,181.91984,77.390729,135.8,0,37
CMA-ES,20260607,1,cma_r01_006_tl96_dt196_ge43_qr0_tau75,96,196,43,0.0,0.75,217.92,82.47,10.00,1.00,10:1,205.61,219.08016,437.0,217.91984,82.471706,139.321229,1,29
CMA-ES,20260607,2,cma_r02_001_tl52_dt120_ge13_qr79_tau82,52,120,13,0.79,0.82,309.92,89.75,10.00,1.00,10:1,289.90,219.08016,529.0,309.91984,89.754276,164.209979,0,62
CMA-ES,20260607,2,cma_r02_002_tl10_dt50_ge12_qr90_tau84,10,50,12,0.9,0.84,182.92,80.87,10.00,1.00,10:1,173.64,219.08016,402.0,182.91984,80.871923,147.048843,0,44
CMA-ES,20260607,2,cma_r02_003_tl40_dt105_ge31_qr13_tau78,40,105,31,0.13,0.78,194.92,91.82,10.00,1.00,10:1,185.55,219.08016,414.0,194.91984,91.822703,156.771357,1,32
CMA-ES,20260607,2,cma_r02_004_tl24_dt167_ge17_qr99_tau82,24,167,17,0.99,0.82,297.92,90.00,10.00,1.00,10:1,279.02,219.08016,517.0,297.91984,89.996834,167.986667,0,54
CMA-ES,20260607,2,cma_r02_005_tl60_dt6_ge11_qr71_tau81,60,6,11,0.71,0.81,181.92,95.17,10.00,1.00,10:1,174.03,219.08016,401.0,181.91984,95.173908,162.60804,0,20
CMA-ES,20260607,2,cma_r02_006_tl52_dt1_ge20_qr49_tau72,52,1,20,0.49,0.72,264.92,89.58,10.00,1.00,10:1,248.98,219.08016,484.0,264.91984,89.58386,167.941038,0,18
CMA-ES,20260607,3,cma_r03_001_tl31_dt95_ge24_qr58_tau86,31,95,24,0.58,0.86,307.92,81.40,10.00,1.00,10:1,287.33,219.08016,527.0,307.91984,81.399283,159.373894,0,44
CMA-ES,20260607,3,cma_r03_002_tl53_dt99_ge28_qr75_tau87,53,99,28,0.75,0.87,215.92,75.22,10.00,1.00,10:1,203.13,219.08016,435.0,215.91984,75.222027,135.658402,0,36
CMA-ES,20260607,3,cma_r03_003_tl58_dt5_ge9_qr81_tau81,58,5,9,0.81,0.81,264.92,81.74,10.00,1.00,10:1,248.27,219.08016,484.0,264.91984,81.736439,160.085511,0,21
CMA-ES,20260607,3,cma_r03_004_tl2_dt119_ge9_qr88_tau86,2,119,9,0.88,0.86,232.92,77.37,10.00,1.00,10:1,218.78,219.08016,452.0,232.91984,77.366033,137.787234,0,57
CMA-ES,20260607,3,cma_r03_005_tl76_dt23_ge28_qr99_tau82,76,23,28,0.99,0.82,177.92,75.87,10.00,1.00,10:1,168.64,219.08016,397.0,177.91984,75.865639,145.943503,0,24
CMA-ES,20260607,3,cma_r03_006_tl64_dt60_ge28_qr19_tau80,64,60,28,0.19,0.8,157.92,84.31,10.00,1.00,10:1,151.23,219.08016,377.0,157.91984,84.307528,134.857143,1,29
CMA-ES,20260607,4,cma_r04_001_tl45_dt81_ge19_qr79_tau78,45,81,19,0.79,0.78,380.92,93.97,10.00,1.00,10:1,354.83,219.08016,600.0,380.91984,93.972328,178.710476,0,58
CMA-ES,20260607,4,cma_r04_002_tl61_dt142_ge49_qr59_tau76,61,142,49,0.59,0.76,302.92,79.03,10.00,1.00,10:1,282.57,219.08016,522.0,302.91984,79.031844,169.578313,0,31
CMA-ES,20260607,4,cma_r04_003_tl30_dt9_ge30_qr21_tau82,30,9,30,0.21,0.82,145.92,82.38,10.00,1.00,10:1,140.14,219.08016,365.0,145.91984,82.379554,146.847095,1,17
CMA-ES,20260607,4,cma_r04_004_tl53_dt95_ge29_qr47_tau86,53,95,29,0.47,0.86,266.92,80.06,10.00,1.00,10:1,249.93,219.08016,486.0,266.91984,80.061009,151.621924,0,38
CMA-ES,20260607,4,cma_r04_005_tl35_dt74_ge29_qr84_tau90,35,74,29,0.84,0.9,283.92,85.81,10.00,1.00,10:1,265.91,219.08016,503.0,283.91984,85.811471,156.103448,0,39
CMA-ES,20260607,4,cma_r04_006_tl65_dt70_ge27_qr69_tau82,65,70,27,0.69,0.82,344.92,84.99,10.00,1.00,10:1,321.29,219.08016,564.0,344.91984,84.986125,152.275269,0,45
CMA-ES,20260607,5,cma_r05_001_tl115_dt27_ge37_qr12_tau85,115,27,37,0.12,0.85,113.92,80.47,10.00,1.00,10:1,110.88,219.08016,333.0,113.91984,80.474892,135.147651,1,19
CMA-ES,20260607,5,cma_r05_002_tl20_dt0_ge30_qr24_tau78,20,0,30,0.24,0.78,268.92,85.66,10.00,1.00,10:1,252.26,219.08016,488.0,268.91984,85.664837,165.900693,1,40
CMA-ES,20260607,5,cma_r05_003_tl31_dt77_ge29_qr0_tau80,31,77,29,0.0,0.8,188.92,83.82,10.00,1.00,10:1,179.37,219.08016,408.0,188.91984,83.818611,140.841954,1,36
CMA-ES,20260607,5,cma_r05_004_tl48_dt120_ge42_qr55_tau81,48,120,42,0.55,0.81,281.92,79.19,10.00,1.00,10:1,263.49,219.08016,501.0,281.91984,79.188815,155.643373,0,31
CMA-ES,20260607,5,cma_r05_005_tl24_dt1_ge17_qr76_tau88,24,1,17,0.76,0.88,264.92,89.58,10.00,1.00,10:1,248.98,219.08016,484.0,264.91984,89.58386,167.941038,0,18
CMA-ES,20260607,5,cma_r05_006_tl13_dt21_ge50_qr14_tau76,13,21,50,0.14,0.76,138.92,84.58,10.00,1.00,10:1,133.98,219.08016,358.0,138.91984,84.576535,141.0,1,17
CMA-ES,20260607,6,cma_r06_001_tl61_dt24_ge28_qr36_tau88,61,24,28,0.36,0.88,177.92,82.54,10.00,1.00,10:1,169.25,219.08016,397.0,177.91984,82.537734,151.15285,0,26
CMA-ES,20260607,6,cma_r06_002_tl58_dt63_ge49_qr39_tau86,58,63,49,0.39,0.86,210.92,76.36,10.00,1.00,10:1,198.69,219.08016,430.0,210.91984,76.358484,135.028646,0,28
CMA-ES,20260607,6,cma_r06_003_tl88_dt0_ge37_qr4_tau80,88,0,37,0.04,0.8,304.92,96.08,10.00,1.00,10:1,285.93,219.08016,524.0,304.91984,96.083853,159.627962,1,36
CMA-ES,20260607,6,cma_r06_004_tl78_dt9_ge36_qr14_tau82,78,9,36,0.14,0.82,145.92,82.38,10.00,1.00,10:1,140.14,219.08016,365.0,145.91984,82.379554,146.847095,1,17
CMA-ES,20260607,6,cma_r06_005_tl38_dt2_ge48_qr8_tau86,38,2,48,0.08,0.86,262.92,86.61,10.00,1.00,10:1,246.89,219.08016,482.0,262.91984,86.609794,166.25,1,17
CMA-ES,20260607,6,cma_r06_006_tl66_dt19_ge29_qr36_tau83,66,19,29,0.36,0.83,143.92,76.96,10.00,1.00,10:1,137.83,219.08016,363.0,143.91984,76.963471,135.520249,0,20
CMA-ES,20260607,7,cma_r07_001_tl117_dt25_ge19_qr17_tau75,117,25,19,0.17,0.75,93.92,79.96,10.00,1.00,10:1,92.65,219.08016,313.0,93.91984,79.956541,146.473214,1,29
CMA-ES,20260607,7,cma_r07_002_tl94_dt5_ge32_qr14_tau88,94,5,32,0.14,0.88,161.92,93.25,10.00,1.00,10:1,155.68,219.08016,381.0,161.91984,93.252969,147.767568,1,18
CMA-ES,20260607,7,cma_r07_003_tl55_dt40_ge24_qr28_tau86,55,40,24,0.28,0.86,169.92,87.97,10.00,1.00,10:1,162.47,219.08016,389.0,169.91984,87.973913,137.220896,1,29
CMA-ES,20260607,7,cma_r07_004_tl61_dt87_ge16_qr70_tau85,61,87,16,0.7,0.85,248.92,99.46,10.00,1.00,10:1,235.33,219.08016,468.0,248.91984,99.462914,163.20283,0,52
CMA-ES,20260607,7,cma_r07_005_tl51_dt19_ge20_qr29_tau83,51,19,20,0.29,0.83,145.92,90.16,10.00,1.00,10:1,140.85,219.08016,365.0,145.91984,90.156293,153.337662,1,20
CMA-ES,20260607,7,cma_r07_006_tl36_dt1_ge49_qr22_tau81,36,1,49,0.22,0.81,262.92,100.32,10.00,1.00,10:1,248.14,219.08016,482.0,262.91984,100.315305,197.55348,1,17
CMA-ES,20260607,8,cma_r08_001_tl118_dt53_ge17_qr1_tau75,118,53,17,0.01,0.75,230.92,87.42,10.00,1.00,10:1,217.87,219.08016,450.0,230.91984,87.424618,141.6,1,46
CMA-ES,20260607,8,cma_r08_002_tl100_dt4_ge28_qr4_tau79,100,4,28,0.04,0.79,173.92,99.41,10.00,1.00,10:1,167.15,219.08016,393.0,173.91984,99.413986,164.634518,1,18
CMA-ES,20260607,8,cma_r08_003_tl75_dt0_ge24_qr11_tau81,75,0,24,0.11,0.81,278.92,91.27,10.00,1.00,10:1,261.86,219.08016,498.0,278.91984,91.271966,156.233333,1,44
CMA-ES,20260607,8,cma_r08_004_tl121_dt13_ge38_qr25_tau75,121,13,38,0.25,0.75,158.92,85.95,10.00,1.00,10:1,152.29,219.08016,378.0,158.91984,85.954037,154.826705,1,17
CMA-ES,20260607,8,cma_r08_005_tl105_dt71_ge32_qr26_tau74,105,71,32,0.26,0.74,277.92,83.99,10.00,1.00,10:1,260.29,219.08016,497.0,277.91984,83.992205,162.028103,1,40
CMA-ES,20260607,8,cma_r08_006_tl100_dt38_ge6_qr8_tau76,100,38,6,0.08,0.76,141.92,85.48,10.00,1.00,10:1,136.79,219.08016,361.0,141.91984,85.484123,138.060241,1,42
CMA-ES,20260607,9,cma_r09_001_tl121_dt43_ge26_qr7_tau73,121,43,26,0.07,0.73,109.92,82.30,10.00,1.00,10:1,107.41,219.08016,329.0,109.91984,82.300194,137.364821,1,30
CMA-ES,20260607,9,cma_r09_002_tl88_dt22_ge16_qr17_tau76,88,22,16,0.17,0.76,144.92,83.85,10.00,1.00,10:1,139.37,219.08016,364.0,144.91984,83.847686,145.18209,1,26
CMA-ES,20260607,9,cma_r09_003_tl100_dt89_ge9_qr7_tau74,100,89,9,0.07,0.74,279.92,97.48,10.00,1.00,10:1,263.33,219.08016,499.0,279.91984,97.479199,159.28355,1,67
CMA-ES,20260607,9,cma_r09_004_tl118_dt31_ge28_qr18_tau74,118,31,28,0.18,0.74,144.92,88.45,10.00,1.00,10:1,139.79,219.08016,364.0,144.91984,88.445137,142.182099,1,24
CMA-ES,20260607,9,cma_r09_005_tl104_dt18_ge38_qr15_tau78,104,18,38,0.15,0.78,164.92,92.87,10.00,1.00,10:1,158.37,219.08016,384.0,164.91984,92.873524,152.488372,1,20
CMA-ES,20260607,9,cma_r09_006_tl100_dt4_ge14_qr1_tau74,100,4,14,0.01,0.74,173.92,99.41,10.00,1.00,10:1,167.15,219.08016,393.0,173.91984,99.413986,164.634518,1,20
CMA-ES,20260607,10,cma_r10_001_tl122_dt15_ge50_qr1_tau73,122,15,50,0.01,0.73,137.92,83.00,10.00,1.00,10:1,132.93,219.08016,357.0,137.91984,82.998989,142.179567,1,18
CMA-ES,20260607,10,cma_r10_002_tl101_dt35_ge39_qr0_tau80,101,35,39,0.0,0.8,115.92,93.78,10.00,1.00,10:1,113.91,219.08016,335.0,115.91984,93.77723,149.601156,1,21
CMA-ES,20260607,10,cma_r10_003_tl101_dt107_ge34_qr14_tau75,101,107,34,0.14,0.75,301.92,92.18,10.00,1.00,10:1,282.85,219.08016,521.0,301.91984,92.176857,177.324435,1,38
CMA-ES,20260607,10,cma_r10_004_tl118_dt45_ge30_qr0_tau74,118,45,30,0.0,0.74,177.92,92.31,10.00,1.00,10:1,170.14,219.08016,397.0,177.91984,92.309335,138.414706,1,30
CMA-ES,20260607,10,cma_r10_005_tl90_dt54_ge28_qr26_tau77,90,54,28,0.26,0.77,222.92,89.43,10.00,1.00,10:1,210.78,219.08016,442.0,222.91984,89.430507,140.13369,1,37
CMA-ES,20260607,10,cma_r10_006_tl109_dt87_ge14_qr29_tau81,109,87,14,0.29,0.81,291.92,89.18,10.00,1.00,10:1,273.49,219.08016,511.0,291.91984,89.17884,159.169048,1,58
CMA-ES,20260607,11,cma_r11_001_tl83_dt106_ge39_qr0_tau79,83,106,39,0.0,0.79,186.92,89.55,10.00,1.00,10:1,178.07,219.08016,406.0,186.91984,89.549131,140.833333,1,29
CMA-ES,20260607,11,cma_r11_002_tl93_dt43_ge44_qr0_tau77,93,43,44,0.0,0.77,114.92,91.51,10.00,1.00,10:1,112.79,219.08016,334.0,114.91984,91.511255,138.333333,1,22
CMA-ES,20260607,11,cma_r11_003_tl120_dt2_ge36_qr17_tau83,120,2,36,0.17,0.83,262.92,86.61,10.00,1.00,10:1,246.89,219.08016,482.0,262.91984,86.609794,166.25,1,17
CMA-ES,20260607,11,cma_r11_004_tl106_dt11_ge16_qr23_tau77,106,11,16,0.23,0.77,146.92,81.48,10.00,1.00,10:1,140.97,219.08016,366.0,146.91984,81.483514,147.174041,1,18
CMA-ES,20260607,11,cma_r11_005_tl88_dt20_ge43_qr7_tau82,88,20,43,0.07,0.82,91.92,81.03,10.00,1.00,10:1,90.93,219.08016,311.0,91.91984,81.031199,148.869048,1,17
CMA-ES,20260607,11,cma_r11_006_tl97_dt9_ge47_qr2_tau82,97,9,47,0.02,0.82,145.92,82.38,10.00,1.00,10:1,140.14,219.08016,365.0,145.91984,82.379554,146.847095,1,17
CMA-ES,20260607,12,cma_r12_001_tl94_dt11_ge35_qr3_tau79,94,11,35,0.03,0.79,146.92,81.48,10.00,1.00,10:1,140.97,219.08016,366.0,146.91984,81.483514,147.174041,1,17
CMA-ES,20260607,12,cma_r12_002_tl121_dt44_ge35_qr5_tau83,121,44,35,0.05,0.83,165.92,88.95,10.00,1.00,10:1,158.92,219.08016,385.0,165.91984,88.949008,137.392962,1,28
CMA-ES,20260607,12,cma_r12_003_tl85_dt21_ge50_qr21_tau80,85,21,50,0.21,0.8,138.92,84.58,10.00,1.00,10:1,133.98,219.08016,358.0,138.91984,84.576535,141.0,1,17
CMA-ES,20260607,12,cma_r12_004_tl95_dt32_ge42_qr1_tau81,95,32,42,0.01,0.81,138.92,96.63,10.00,1.00,10:1,135.08,219.08016,358.0,138.91984,96.629031,138.281457,1,19
CMA-ES,20260607,12,cma_r12_005_tl60_dt3_ge37_qr25_tau83,60,3,37,0.25,0.83,181.92,85.83,10.00,1.00,10:1,173.18,219.08016,401.0,181.91984,85.827908,148.664879,1,17
CMA-ES,20260607,12,cma_r12_006_tl105_dt26_ge32_qr6_tau83,105,26,32,0.06,0.83,92.92,82.29,10.00,1.00,10:1,91.95,219.08016,312.0,92.91984,82.28673,148.496988,1,18
CMA-ES,20260607,13,cma_r13_001_tl105_dt17_ge37_qr10_tau80,105,17,37,0.1,0.8,137.92,92.55,10.00,1.00,10:1,133.80,219.08016,357.0,137.91984,92.549743,149.27957,1,18
CMA-ES,20260607,13,cma_r13_002_tl89_dt17_ge21_qr20_tau78,89,17,21,0.2,0.78,145.92,93.00,10.00,1.00,10:1,141.11,219.08016,365.0,145.91984,93.001766,163.375796,1,21
CMA-ES,20260607,13,cma_r13_003_tl81_dt28_ge38_qr0_tau80,81,28,38,0.0,0.8,90.92,90.80,10.00,1.00,10:1,90.91,219.08016,310.0,90.91984,90.800002,150.729167,1,17
CMA-ES,20260607,13,cma_r13_004_tl109_dt14_ge39_qr13_tau76,109,14,39,0.13,0.76,137.92,83.28,10.00,1.00,10:1,132.95,219.08016,357.0,137.91984,83.276623,145.1625,1,18
CMA-ES,20260607,13,cma_r13_005_tl105_dt79_ge34_qr19_tau82,105,79,34,0.19,0.82,253.92,84.31,10.00,1.00,10:1,238.50,219.08016,473.0,253.91984,84.305264,153.31407,1,34
CMA-ES,20260607,13,cma_r13_006_tl110_dt22_ge49_qr6_tau82,110,22,49,0.06,0.82,93.92,81.51,10.00,1.00,10:1,92.79,219.08016,313.0,93.91984,81.511526,145.532508,1,17
CMA-ES,20260607,14,cma_r14_001_tl61_dt34_ge50_qr2_tau85,61,34,50,0.02,0.85,114.92,92.43,10.00,1.00,10:1,112.88,219.08016,334.0,114.91984,92.432484,146.77907,1,16
CMA-ES,20260607,14,cma_r14_002_tl47_dt20_ge46_qr17_tau84,47,20,46,0.17,0.84,91.92,81.03,10.00,1.00,10:1,90.93,219.08016,311.0,91.91984,81.031199,148.869048,1,17
CMA-ES,20260607,14,cma_r14_003_tl80_dt17_ge47_qr8_tau82,80,17,47,0.08,0.82,137.92,92.55,10.00,1.00,10:1,133.80,219.08016,357.0,137.91984,92.549743,149.27957,1,18
CMA-ES,20260607,14,cma_r14_004_tl65_dt33_ge24_qr5_tau79,65,33,24,0.05,0.79,159.92,88.09,10.00,1.00,10:1,153.39,219.08016,379.0,159.91984,88.087665,145.931751,1,28
CMA-ES,20260607,14,cma_r14_005_tl122_dt44_ge50_qr1_tau80,122,44,50,0.01,0.8,96.92,91.80,10.00,1.00,10:1,96.45,219.08016,316.0,96.91984,91.802675,139.012195,1,19
CMA-ES,20260607,14,cma_r14_006_tl112_dt37_ge32_qr0_tau79,112,37,32,0.0,0.79,137.92,94.60,10.00,1.00,10:1,133.98,219.08016,357.0,137.91984,94.598856,150.284058,1,27
CMA-ES,20260607,15,cma_r15_001_tl70_dt31_ge49_qr1_tau81,70,31,49,0.01,0.81,91.92,89.03,10.00,1.00,10:1,91.66,219.08016,311.0,91.91984,89.031723,146.93617,1,17
CMA-ES,20260607,15,cma_r15_002_tl47_dt45_ge40_qr10_tau81,47,45,40,0.1,0.81,127.92,93.66,10.00,1.00,10:1,124.81,219.08016,347.0,127.91984,93.660152,172.752515,1,23
CMA-ES,20260607,15,cma_r15_003_tl49_dt19_ge38_qr10_tau84,49,19,38,0.1,0.84,137.92,93.11,10.00,1.00,10:1,133.85,219.08016,357.0,137.91984,93.108546,159.380597,1,17
CMA-ES,20260607,15,cma_r15_004_tl60_dt15_ge50_qr24_tau85,60,15,50,0.24,0.85,137.92,83.00,10.00,1.00,10:1,132.93,219.08016,357.0,137.91984,82.998989,142.179567,1,18
CMA-ES,20260607,15,cma_r15_005_tl36_dt7_ge39_qr2_tau83,36,7,39,0.02,0.83,163.92,84.28,10.00,1.00,10:1,156.68,219.08016,383.0,163.91984,84.279298,145.105263,1,18
CMA-ES,20260607,15,cma_r15_006_tl72_dt15_ge50_qr15_tau84,72,15,50,0.15,0.84,137.92,83.00,10.00,1.00,10:1,132.93,219.08016,357.0,137.91984,82.998989,142.179567,1,18
CMA-ES,20260607,16,cma_r16_001_tl45_dt71_ge50_qr0_tau82,45,71,50,0.0,0.82,172.92,82.03,10.00,1.00,10:1,164.66,219.08016,392.0,172.91984,82.026384,137.328446,1,27
CMA-ES,20260607,16,cma_r16_002_tl69_dt33_ge41_qr10_tau81,69,33,41,0.1,0.81,112.92,96.70,10.00,1.00,10:1,111.45,219.08016,332.0,112.91984,96.702524,152.38961,1,17
CMA-ES,20260607,16,cma_r16_003_tl58_dt9_ge43_qr13_tau84,58,9,43,0.13,0.84,145.92,82.38,10.00,1.00,10:1,140.14,219.08016,365.0,145.91984,82.379554,146.847095,1,17
CMA-ES,20260607,16,cma_r16_004_tl66_dt48_ge48_qr6_tau81,66,48,48,0.06,0.81,157.92,91.96,10.00,1.00,10:1,151.92,219.08016,377.0,157.91984,91.960866,139.686567,1,24
CMA-ES,20260607,16,cma_r16_005_tl43_dt23_ge44_qr17_tau85,43,23,44,0.17,0.85,166.92,84.01,10.00,1.00,10:1,159.38,219.08016,386.0,166.91984,84.006047,150.118497,1,20
CMA-ES,20260607,16,cma_r16_006_tl17_dt19_ge38_qr20_tau82,17,19,38,0.2,0.82,137.92,93.11,10.00,1.00,10:1,133.85,219.08016,357.0,137.91984,93.108546,159.380597,1,17
CMA-ES,20260607,17,cma_r17_001_tl46_dt45_ge37_qr26_tau83,46,45,37,0.26,0.83,144.92,89.38,10.00,1.00,10:1,139.87,219.08016,364.0,144.91984,89.379267,138.571848,1,24
CMA-ES,20260607,17,cma_r17_002_tl38_dt36_ge42_qr7_tau82,38,36,42,0.07,0.82,111.92,93.51,10.00,1.00,10:1,110.25,219.08016,331.0,111.91984,93.508648,151.791429,1,18
CMA-ES,20260607,17,cma_r17_003_tl74_dt13_ge32_qr20_tau85,74,13,32,0.2,0.85,158.92,85.95,10.00,1.00,10:1,152.29,219.08016,378.0,158.91984,85.954037,154.826705,1,17
CMA-ES,20260607,17,cma_r17_004_tl35_dt9_ge39_qr20_tau82,35,9,39,0.2,0.82,145.92,82.38,10.00,1.00,10:1,140.14,219.08016,365.0,145.91984,82.379554,146.847095,1,17
CMA-ES,20260607,17,cma_r17_005_tl32_dt23_ge33_qr17_tau83,32,23,33,0.17,0.83,143.92,82.88,10.00,1.00,10:1,138.37,219.08016,363.0,143.91984,82.879554,143.796923,1,19
CMA-ES,20260607,17,cma_r17_006_tl44_dt83_ge36_qr14_tau82,44,83,36,0.14,0.82,199.92,81.97,10.00,1.00,10:1,189.20,219.08016,419.0,199.91984,81.967809,144.185792,1,31
CMA-ES,20260607,18,cma_r18_001_tl39_dt30_ge42_qr16_tau81,39,30,42,0.16,0.81,94.92,87.54,10.00,1.00,10:1,94.25,219.08016,314.0,94.91984,87.537862,134.60678,1,17
CMA-ES,20260607,18,cma_r18_002_tl38_dt38_ge30_qr4_tau80,38,38,30,0.04,0.8,137.92,104.50,10.00,1.00,10:1,134.88,219.08016,357.0,137.91984,104.496483,148.53211,1,29
CMA-ES,20260607,18,cma_r18_003_tl12_dt16_ge32_qr32_tau83,12,16,32,0.32,0.83,144.92,79.73,10.00,1.00,10:1,138.99,219.08016,364.0,144.91984,79.732499,138.822785,0,18
CMA-ES,20260607,18,cma_r18_004_tl54_dt22_ge37_qr14_tau81,54,22,37,0.14,0.81,93.92,81.51,10.00,1.00,10:1,92.79,219.08016,313.0,93.91984,81.511526,145.532508,1,17
CMA-ES,20260607,18,cma_r18_005_tl24_dt21_ge50_qr7_tau88,24,21,50,0.07,0.88,138.92,84.58,10.00,1.00,10:1,133.98,219.08016,358.0,138.91984,84.576535,141.0,1,17
CMA-ES,20260607,18,cma_r18_006_tl36_dt27_ge35_qr27_tau82,36,27,35,0.27,0.82,94.92,81.63,10.00,1.00,10:1,93.71,219.08016,314.0,94.91984,81.631199,145.20303,1,18
CMA-ES,20260607,19,cma_r19_001_tl36_dt2_ge42_qr24_tau81,36,2,42,0.24,0.81,262.92,86.61,10.00,1.00,10:1,246.89,219.08016,482.0,262.91984,86.609794,166.25,1,17
CMA-ES,20260607,19,cma_r19_002_tl49_dt21_ge34_qr26_tau79,49,21,34,0.26,0.79,138.92,84.58,10.00,1.00,10:1,133.98,219.08016,358.0,138.91984,84.576535,141.0,1,17
CMA-ES,20260607,19,cma_r19_003_tl31_dt13_ge40_qr7_tau82,31,13,40,0.07,0.82,158.92,85.95,10.00,1.00,10:1,152.29,219.08016,378.0,158.91984,85.954037,154.826705,1,17
CMA-ES,20260607,19,cma_r19_004_tl59_dt11_ge39_qr13_tau80,59,11,39,0.13,0.8,146.92,81.48,10.00,1.00,10:1,140.97,219.08016,366.0,146.91984,81.483514,147.174041,1,17
CMA-ES,20260607,19,cma_r19_005_tl50_dt26_ge27_qr23_tau78,50,26,27,0.23,0.78,137.92,83.88,10.00,1.00,10:1,133.01,219.08016,357.0,137.91984,83.883464,149.459701,1,23
CMA-ES,20260607,19,cma_r19_006_tl26_dt32_ge37_qr20_tau85,26,32,37,0.2,0.85,114.92,96.11,10.00,1.00,10:1,113.21,219.08016,334.0,114.91984,96.108204,154.553957,1,20
CMA-ES,20260607,20,cma_r20_001_tl29_dt17_ge30_qr31_tau81,29,17,30,0.31,0.81,158.92,85.06,10.00,1.00,10:1,152.20,219.08016,378.0,158.91984,85.05552,151.618799,0,19
CMA-ES,20260607,20,cma_r20_002_tl27_dt43_ge28_qr23_tau84,27,43,28,0.23,0.84,145.92,89.67,10.00,1.00,10:1,140.81,219.08016,365.0,145.91984,89.67491,135.967359,1,28
CMA-ES,20260607,20,cma_r20_003_tl38_dt41_ge34_qr5_tau84,38,41,34,0.05,0.84,127.92,97.51,10.00,1.00,10:1,125.16,219.08016,347.0,127.91984,97.510524,153.412658,1,28
CMA-ES,20260607,20,cma_r20_004_tl27_dt37_ge31_qr12_tau81,27,37,31,0.12,0.81,137.92,90.24,10.00,1.00,10:1,133.59,219.08016,357.0,137.91984,90.240221,145.30814,1,25
CMA-ES,20260607,20,cma_r20_005_tl19_dt35_ge30_qr35_tau82,19,35,30,0.35,0.82,138.92,84.00,10.00,1.00,10:1,133.93,219.08016,358.0,138.91984,84.002032,143.474474,0,25
CMA-ES,20260607,20,cma_r20_006_tl20_dt25_ge22_qr42_tau85,20,25,22,0.42,0.85,157.92,77.50,10.00,1.00,10:1,150.61,219.08016,377.0,157.91984,77.502775,136.845455,0,27
CMA-ES,20260607,21,cma_r21_001_tl34_dt35_ge32_qr14_tau83,34,35,32,0.14,0.83,224.92,92.17,10.00,1.00,10:1,212.85,219.08016,444.0,224.91984,92.172125,149.541333,1,33
CMA-ES,20260607,21,cma_r21_002_tl10_dt32_ge37_qr21_tau85,10,32,37,0.21,0.85,114.92,96.11,10.00,1.00,10:1,113.21,219.08016,334.0,114.91984,96.108204,154.553957,1,20
CMA-ES,20260607,21,cma_r21_003_tl1_dt36_ge30_qr26_tau85,1,36,30,0.26,0.85,92.92,88.13,10.00,1.00,10:1,92.48,219.08016,312.0,92.91984,88.132106,143.830816,1,20
CMA-ES,20260607,21,cma_r21_004_tl37_dt52_ge35_qr15_tau82,37,52,35,0.15,0.82,166.92,88.22,10.00,1.00,10:1,159.77,219.08016,386.0,166.91984,88.220919,138.16568,1,29
CMA-ES,20260607,21,cma_r21_005_tl22_dt36_ge34_qr22_tau83,22,36,34,0.22,0.83,92.92,89.32,10.00,1.00,10:1,92.59,219.08016,312.0,92.91984,89.316037,144.118902,1,19
CMA-ES,20260607,21,cma_r21_006_tl26_dt42_ge26_qr12_tau80,26,42,26,0.12,0.8,108.92,89.09,10.00,1.00,10:1,107.12,219.08016,328.0,108.91984,89.090357,135.484642,1,27
CMA-ES,20260607,22,cma_r22_001_tl3_dt32_ge30_qr28_tau86,3,32,30,0.28,0.86,94.92,88.26,10.00,1.00,10:1,94.31,219.08016,314.0,94.91984,88.261639,145.303303,1,20
CMA-ES,20260607,22,cma_r22_002_tl8_dt35_ge23_qr29_tau84,8,35,23,0.29,0.84,144.92,88.12,10.00,1.00,10:1,139.76,219.08016,364.0,144.91984,88.119407,145.714715,1,29
CMA-ES,20260607,22,cma_r22_003_tl7_dt24_ge38_qr26_tau86,7,24,38,0.26,0.86,165.92,83.46,10.00,1.00,10:1,158.42,219.08016,385.0,165.91984,83.457374,148.546512,1,20
CMA-ES,20260607,22,cma_r22_004_tl11_dt36_ge33_qr26_tau86,11,36,33,0.26,0.86,91.92,88.09,10.00,1.00,10:1,91.57,219.08016,311.0,91.91984,88.093733,135.179054,1,19
CMA-ES,20260607,22,cma_r22_005_tl35_dt28_ge29_qr26_tau84,35,28,29,0.26,0.84,94.92,90.10,10.00,1.00,10:1,94.48,219.08016,314.0,94.91984,90.099129,147.530997,1,19
CMA-ES,20260607,22,cma_r22_006_tl10_dt30_ge25_qr34_tau84,10,30,25,0.34,0.84,144.92,84.09,10.00,1.00,10:1,139.39,219.08016,364.0,144.91984,84.089732,148.073529,0,27
CMA-ES,20260607,23,cma_r23_001_tl49_dt31_ge40_qr12_tau85,49,31,40,0.12,0.85,137.92,92.66,10.00,1.00,10:1,133.81,219.08016,357.0,137.91984,92.66401,144.786982,1,19
CMA-ES,20260607,23,cma_r23_002_tl14_dt38_ge30_qr24_tau89,14,38,30,0.24,0.89,108.92,91.85,10.00,1.00,10:1,107.37,219.08016,328.0,108.91984,91.846108,137.12012,1,27
CMA-ES,20260607,23,cma_r23_003_tl45_dt18_ge29_qr20_tau81,45,18,29,0.2,0.81,144.92,91.02,10.00,1.00,10:1,140.02,219.08016,364.0,144.91984,91.020925,150.689655,1,19
CMA-ES,20260607,23,cma_r23_004_tl55_dt24_ge37_qr3_tau81,55,24,37,0.03,0.81,144.92,83.38,10.00,1.00,10:1,139.33,219.08016,364.0,144.91984,83.37715,143.67378,1,19
CMA-ES,20260607,23,cma_r23_005_tl11_dt46_ge30_qr25_tau89,11,46,30,0.25,0.89,163.92,86.92,10.00,1.00,10:1,156.92,219.08016,383.0,163.91984,86.922054,135.20059,1,30
CMA-ES,20260607,23,cma_r23_006_tl21_dt39_ge33_qr19_tau85,21,39,33,0.19,0.85,94.92,91.38,10.00,1.00,10:1,94.60,219.08016,314.0,94.91984,91.37841,137.076453,1,20
CMA-ES,20260607,24,cma_r24_001_tl26_dt33_ge38_qr10_tau83,26,33,38,0.1,0.83,115.92,103.93,10.00,1.00,10:1,114.83,219.08016,335.0,115.91984,103.930054,180.313346,1,20
CMA-ES,20260607,24,cma_r24_002_tl40_dt38_ge38_qr15_tau87,40,38,38,0.15,0.87,136.92,98.97,10.00,1.00,10:1,133.47,219.08016,356.0,136.91984,98.970315,156.113839,1,24
CMA-ES,20260607,24,cma_r24_003_tl8_dt41_ge37_qr22_tau87,8,41,37,0.22,0.87,127.92,96.94,10.00,1.00,10:1,125.10,219.08016,347.0,127.91984,96.943617,152.621762,1,23
CMA-ES,20260607,24,cma_r24_004_tl23_dt57_ge29_qr14_tau86,23,57,29,0.14,0.86,90.92,86.78,10.00,1.00,10:1,90.54,219.08016,310.0,90.91984,86.777213,137.324324,1,25
CMA-ES,20260607,24,cma_r24_005_tl38_dt29_ge28_qr30_tau86,38,29,28,0.3,0.86,145.92,88.39,10.00,1.00,10:1,140.69,219.08016,365.0,145.91984,88.394876,141.734568,1,24
CMA-ES,20260607,24,cma_r24_006_tl1_dt31_ge32_qr34_tau87,1,31,32,0.34,0.87,139.92,85.29,10.00,1.00,10:1,134.95,219.08016,359.0,139.91984,85.292558,151.789873,0,24
CMA-ES,20260607,25,cma_r25_001_tl26_dt41_ge37_qr15_tau86,26,41,37,0.15,0.86,127.92,96.94,10.00,1.00,10:1,125.10,219.08016,347.0,127.91984,96.943617,152.621762,1,23
CMA-ES,20260607,25,cma_r25_002_tl17_dt52_ge39_qr7_tau87,17,52,39,0.07,0.87,159.92,92.59,10.00,1.00,10:1,153.80,219.08016,379.0,159.91984,92.586224,139.538922,1,25
CMA-ES,20260607,25,cma_r25_003_tl29_dt40_ge33_qr13_tau84,29,40,33,0.13,0.84,185.92,95.59,10.00,1.00,10:1,177.71,219.08016,405.0,185.91984,95.58593,140.624642,1,30
CMA-ES,20260607,25,cma_r25_004_tl7_dt49_ge35_qr18_tau85,7,49,35,0.18,0.85,159.92,91.85,10.00,1.00,10:1,153.73,219.08016,379.0,159.91984,91.847072,137.721068,1,27
CMA-ES,20260607,25,cma_r25_005_tl16_dt41_ge37_qr12_tau83,16,41,37,0.12,0.83,127.92,96.94,10.00,1.00,10:1,125.10,219.08016,347.0,127.91984,96.943617,152.621762,1,23
CMA-ES,20260607,25,cma_r25_006_tl29_dt33_ge35_qr25_tau86,29,33,35,0.25,0.86,91.92,89.77,10.00,1.00,10:1,91.72,219.08016,311.0,91.91984,89.767017,144.583082,1,19
CMA-ES,20260607,26,cma_r26_001_tl28_dt30_ge34_qr28_tau87,28,30,34,0.28,0.87,94.92,87.48,10.00,1.00,10:1,94.24,219.08016,314.0,94.91984,87.479038,134.715254,1,19
CMA-ES,20260607,26,cma_r26_002_tl5_dt36_ge35_qr27_tau90,5,36,35,0.27,0.9,91.92,89.27,10.00,1.00,10:1,91.68,219.08016,311.0,91.91984,89.272186,135.023569,1,19
CMA-ES,20260607,26,cma_r26_003_tl34_dt42_ge37_qr14_tau86,34,42,37,0.14,0.86,187.92,99.03,10.00,1.00,10:1,179.84,219.08016,407.0,187.91984,99.034268,155.658879,1,28
CMA-ES,20260607,26,cma_r26_004_tl38_dt29_ge38_qr28_tau88,38,29,38,0.28,0.88,145.92,90.16,10.00,1.00,10:1,140.85,219.08016,365.0,145.91984,90.16065,146.093373,1,20
CMA-ES,20260607,26,cma_r26_005_tl30_dt32_ge36_qr33_tau86,30,32,36,0.33,0.86,158.92,82.83,10.00,1.00,10:1,152.00,219.08016,378.0,158.91984,82.830803,140.685294,0,23
CMA-ES,20260607,26,cma_r26_006_tl22_dt35_ge32_qr23_tau85,22,35,32,0.23,0.85,137.92,88.74,10.00,1.00,10:1,133.45,219.08016,357.0,137.91984,88.73709,141.817308,1,25
CMA-ES,20260607,27,cma_r27_001_tl7_dt29_ge40_qr45_tau90,7,29,40,0.45,0.9,111.92,81.79,10.00,1.00,10:1,109.18,219.08016,331.0,111.91984,81.793989,142.363636,0,19
CMA-ES,20260607,27,cma_r27_002_tl26_dt28_ge29_qr32_tau86,26,28,29,0.32,0.86,145.92,84.50,10.00,1.00,10:1,140.34,219.08016,365.0,145.91984,84.500255,150.718016,0,22
CMA-ES,20260607,27,cma_r27_003_tl10_dt35_ge39_qr24_tau90,10,35,39,0.24,0.9,114.92,91.23,10.00,1.00,10:1,112.77,219.08016,334.0,114.91984,91.228938,144.302326,1,20
CMA-ES,20260607,27,cma_r27_004_tl15_dt44_ge33_qr7_tau86,15,44,33,0.07,0.86,159.92,90.65,10.00,1.00,10:1,153.62,219.08016,379.0,159.91984,90.646665,136.238806,1,28
CMA-ES,20260607,27,cma_r27_005_tl12_dt43_ge36_qr26_tau88,12,43,36,0.26,0.88,96.92,92.47,10.00,1.00,10:1,96.52,219.08016,316.0,96.91984,92.467355,137.118033,1,21
CMA-ES,20260607,27,cma_r27_006_tl14_dt32_ge35_qr27_tau87,14,32,35,0.27,0.87,91.92,89.77,10.00,1.00,10:1,91.72,219.08016,311.0,91.91984,89.767017,144.583082,1,19
CMA-ES,20260607,28,cma_r28_001_tl8_dt53_ge28_qr23_tau87,8,53,28,0.23,0.87,91.92,91.73,10.00,1.00,10:1,91.90,219.08016,311.0,91.91984,91.733254,136.185629,1,22
CMA-ES,20260607,28,cma_r28_002_tl5_dt42_ge36_qr24_tau87,5,42,36,0.24,0.87,164.92,89.38,10.00,1.00,10:1,158.05,219.08016,384.0,164.91984,89.378574,143.964392,1,28
CMA-ES,20260607,28,cma_r28_003_tl0_dt47_ge30_qr32_tau89,0,47,30,0.32,0.89,142.92,86.86,10.00,1.00,10:1,137.82,219.08016,362.0,142.91984,86.860925,135.565495,0,26
CMA-ES,20260607,28,cma_r28_004_tl18_dt34_ge33_qr21_tau86,18,34,33,0.21,0.86,91.92,87.90,10.00,1.00,10:1,91.55,219.08016,311.0,91.91984,87.896633,144.667674,1,19
CMA-ES,20260607,28,cma_r28_005_tl5_dt28_ge41_qr29_tau87,5,28,41,0.29,0.87,90.92,91.64,10.00,1.00,10:1,90.99,219.08016,310.0,90.91984,91.637734,153.379581,1,17
CMA-ES,20260607,28,cma_r28_006_tl26_dt17_ge42_qr27_tau86,26,17,42,0.27,0.86,137.92,92.55,10.00,1.00,10:1,133.80,219.08016,357.0,137.91984,92.549743,149.27957,1,18
CMA-ES,20260607,29,cma_r29_001_tl3_dt29_ge44_qr28_tau89,3,29,44,0.28,0.89,145.92,91.52,10.00,1.00,10:1,140.97,219.08016,365.0,145.91984,91.523843,145.253086,1,19
CMA-ES,20260607,29,cma_r29_002_tl1_dt23_ge41_qr35_tau88,1,23,41,0.35,0.88,146.92,76.89,10.00,1.00,10:1,140.55,219.08016,366.0,146.91984,76.890911,135.034375,0,17
CMA-ES,20260607,29,cma_r29_003_tl3_dt30_ge30_qr36_tau88,3,30,30,0.36,0.88,145.92,83.52,10.00,1.00,10:1,140.25,219.08016,365.0,145.91984,83.524732,143.233645,0,24
CMA-ES,20260607,29,cma_r29_004_tl9_dt39_ge38_qr22_tau86,9,39,38,0.22,0.86,115.92,91.17,10.00,1.00,10:1,113.67,219.08016,335.0,115.91984,91.169495,144.873199,1,21
CMA-ES,20260607,29,cma_r29_005_tl14_dt34_ge37_qr18_tau85,14,34,37,0.18,0.85,114.92,90.95,10.00,1.00,10:1,112.74,219.08016,334.0,114.91984,90.946971,145.132743,1,20
CMA-ES,20260607,29,cma_r29_006_tl3_dt29_ge39_qr28_tau89,3,29,39,0.28,0.89,145.92,91.55,10.00,1.00,10:1,140.98,219.08016,365.0,145.91984,91.552415,143.863492,1,20
CMA-ES,20260607,30,cma_r30_001_tl13_dt37_ge35_qr22_tau86,13,37,35,0.22,0.86,91.92,89.76,10.00,1.00,10:1,91.72,219.08016,311.0,91.91984,89.757214,144.054711,1,19
CMA-ES,20260607,30,cma_r30_002_tl0_dt34_ge38_qr29_tau86,0,34,38,0.29,0.86,164.92,89.97,10.00,1.00,10:1,158.11,219.08016,384.0,164.91984,89.969483,145.636095,1,22
CMA-ES,20260607,30,cma_r30_003_tl16_dt48_ge34_qr18_tau88,16,48,34,0.18,0.88,158.92,91.55,10.00,1.00,10:1,152.79,219.08016,378.0,158.91984,91.546095,138.338542,1,27
CMA-ES,20260607,30,cma_r30_004_tl0_dt35_ge39_qr31_tau84,0,35,39,0.31,0.84,137.92,85.35,10.00,1.00,10:1,133.14,219.08016,357.0,137.91984,85.346855,136.551948,0,21
CMA-ES,20260607,30,cma_r30_005_tl18_dt36_ge38_qr12_tau84,18,36,38,0.12,0.84,137.92,90.93,10.00,1.00,10:1,133.65,219.08016,357.0,137.91984,90.933119,143.775449,1,21
CMA-ES,20260607,30,cma_r30_006_tl2_dt36_ge33_qr31_tau87,2,36,33,0.31,0.87,166.92,81.00,10.00,1.00,10:1,159.11,219.08016,386.0,166.91984,80.998704,146.084615,0,28
CMA-ES,20260607,31,cma_r31_001_tl14_dt42_ge31_qr18_tau84,14,42,31,0.18,0.84,155.92,89.88,10.00,1.00,10:1,149.92,219.08016,375.0,155.91984,89.883384,136.251479,1,27
CMA-ES,20260607,31,cma_r31_002_tl24_dt37_ge39_qr20_tau84,24,37,39,0.2,0.84,193.92,91.23,10.00,1.00,10:1,184.58,219.08016,413.0,193.91984,91.234201,152.336735,1,26
CMA-ES,20260607,31,cma_r31_003_tl5_dt33_ge43_qr28_tau86,5,33,43,0.28,0.86,94.92,89.77,10.00,1.00,10:1,94.45,219.08016,314.0,94.91984,89.7664,146.077844,1,17
CMA-ES,20260607,31,cma_r31_004_tl14_dt37_ge36_qr26_tau84,14,37,36,0.26,0.84,138.92,92.95,10.00,1.00,10:1,134.74,219.08016,358.0,138.91984,92.953292,141.830065,1,24
CMA-ES,20260607,31,cma_r31_005_tl7_dt37_ge35_qr27_tau84,7,37,35,0.27,0.84,91.92,89.76,10.00,1.00,10:1,91.72,219.08016,311.0,91.91984,89.757214,144.054711,1,19
CMA-ES,20260607,31,cma_r31_006_tl13_dt49_ge32_qr21_tau85,13,49,32,0.21,0.85,181.92,90.90,10.00,1.00,10:1,173.64,219.08016,401.0,181.91984,90.895069,136.189974,1,30
CMA-ES,20260607,32,cma_r32_001_tl4_dt41_ge38_qr28_tau88,4,41,38,0.28,0.88,164.92,91.87,10.00,1.00,10:1,158.28,219.08016,384.0,164.91984,91.868899,147.45,1,25
CMA-ES,20260607,32,cma_r32_002_tl17_dt38_ge39_qr20_tau83,17,38,39,0.2,0.83,216.92,90.46,10.00,1.00,10:1,205.42,219.08016,436.0,216.91984,90.460257,149.224543,1,29
CMA-ES,20260607,32,cma_r32_003_tl1_dt35_ge35_qr26_tau85,1,35,35,0.26,0.85,91.92,89.27,10.00,1.00,10:1,91.68,219.08016,311.0,91.91984,89.272186,135.023569,1,19
CMA-ES,20260607,32,cma_r32_004_tl4_dt32_ge35_qr27_tau85,4,32,35,0.27,0.85,91.92,89.77,10.00,1.00,10:1,91.72,219.08016,311.0,91.91984,89.767017,144.583082,1,19
CMA-ES,20260607,32,cma_r32_005_tl0_dt44_ge34_qr29_tau87,0,44,34,0.29,0.87,165.92,97.40,10.00,1.00,10:1,159.69,219.08016,385.0,165.91984,97.396776,145.387268,1,27
CMA-ES,20260607,32,cma_r32_006_tl0_dt43_ge41_qr28_tau87,0,43,41,0.28,0.87,169.92,99.17,10.00,1.00,10:1,163.49,219.08016,389.0,169.91984,99.16624,152.407895,1,23
CMA-ES,20260607,33,cma_r33_001_tl1_dt41_ge35_qr24_tau84,1,41,35,0.24,0.84,91.92,89.76,10.00,1.00,10:1,91.72,219.08016,311.0,91.91984,89.757214,144.054711,1,19
CMA-ES,20260607,33,cma_r33_002_tl0_dt31_ge35_qr34_tau87,0,31,35,0.34,0.87,139.92,84.86,10.00,1.00,10:1,134.91,219.08016,359.0,139.91984,84.856605,143.822888,0,23
CMA-ES,20260607,33,cma_r33_003_tl3_dt33_ge37_qr28_tau85,3,33,37,0.28,0.85,163.92,90.38,10.00,1.00,10:1,157.23,219.08016,383.0,163.91984,90.378574,144.15015,1,22
CMA-ES,20260607,33,cma_r33_004_tl0_dt34_ge38_qr29_tau85,0,34,38,0.29,0.85,164.92,89.97,10.00,1.00,10:1,158.11,219.08016,384.0,164.91984,89.969483,145.636095,1,22
CMA-ES,20260607,33,cma_r33_005_tl0_dt39_ge36_qr24_tau83,0,39,36,0.24,0.83,138.92,91.78,10.00,1.00,10:1,134.63,219.08016,358.0,138.91984,91.781277,139.980328,1,25
CMA-ES,20260607,33,cma_r33_006_tl3_dt28_ge34_qr29_tau86,3,28,34,0.29,0.86,90.92,92.77,10.00,1.00,10:1,91.09,219.08016,310.0,90.91984,92.767744,152.148825,1,19
CMA-ES,20260607,34,cma_r34_001_tl0_dt29_ge34_qr27_tau87,0,29,34,0.27,0.87,145.92,90.15,10.00,1.00,10:1,140.85,219.08016,365.0,145.91984,90.149593,145.808642,1,22
CMA-ES,20260607,34,cma_r34_002_tl4_dt24_ge36_qr28_tau86,4,24,36,0.28,0.86,145.92,84.98,10.00,1.00,10:1,140.38,219.08016,365.0,145.91984,84.980995,146.926154,1,19
CMA-ES,20260607,34,cma_r34_003_tl2_dt38_ge33_qr24_tau85,2,38,33,0.24,0.85,91.92,88.24,10.00,1.00,10:1,91.59,219.08016,311.0,91.91984,88.237606,143.245455,1,19
CMA-ES,20260607,34,cma_r34_004_tl1_dt33_ge33_qr28_tau85,1,33,33,0.28,0.85,91.92,87.90,10.00,1.00,10:1,91.55,219.08016,311.0,91.91984,87.896633,144.667674,1,19
CMA-ES,20260607,34,cma_r34_005_tl1_dt24_ge34_qr32_tau87,1,24,34,0.32,0.87,190.92,85.87,10.00,1.00,10:1,181.37,219.08016,410.0,190.91984,85.8742,152.118557,0,24
CMA-ES,20260607,34,cma_r34_006_tl2_dt33_ge34_qr26_tau86,2,33,34,0.26,0.86,94.92,89.11,10.00,1.00,10:1,94.39,219.08016,314.0,94.91984,89.106739,144.966967,1,19
CMA-ES,20260607,35,cma_r35_001_tl8_dt33_ge36_qr27_tau84,8,33,36,0.27,0.84,114.92,93.02,10.00,1.00,10:1,112.93,219.08016,334.0,114.91984,93.024237,135.634483,1,21
CMA-ES,20260607,35,cma_r35_002_tl1_dt33_ge31_qr27_tau85,1,33,31,0.27,0.85,138.92,91.85,10.00,1.00,10:1,134.64,219.08016,358.0,138.91984,91.854411,154.825986,1,25
CMA-ES,20260607,35,cma_r35_003_tl6_dt37_ge32_qr23_tau86,6,37,32,0.23,0.86,114.92,87.74,10.00,1.00,10:1,112.45,219.08016,334.0,114.91984,87.736117,145.193642,1,25
CMA-ES,20260607,35,cma_r35_004_tl1_dt29_ge36_qr29_tau86,1,29,36,0.29,0.86,145.92,88.80,10.00,1.00,10:1,140.73,219.08016,365.0,145.91984,88.80216,144.703704,1,21
CMA-ES,20260607,35,cma_r35_005_tl0_dt36_ge31_qr28_tau87,0,36,31,0.28,0.87,137.92,92.34,10.00,1.00,10:1,133.78,219.08016,357.0,137.91984,92.336836,153.891403,1,26
CMA-ES,20260607,35,cma_r35_006_tl0_dt40_ge32_qr18_tau85,0,40,32,0.18,0.85,127.92,89.74,10.00,1.00,10:1,124.45,219.08016,347.0,127.91984,89.742334,143.856725,1,26
CMA-ES,20260607,36,cma_r36_001_tl1_dt42_ge33_qr24_tau85,1,42,33,0.24,0.85,93.92,92.52,10.00,1.00,10:1,93.79,219.08016,313.0,93.91984,92.516303,136.317568,1,20
CMA-ES,20260607,36,cma_r36_002_tl3_dt35_ge35_qr24_tau87,3,35,35,0.24,0.87,91.92,89.27,10.00,1.00,10:1,91.68,219.08016,311.0,91.91984,89.272186,135.023569,1,19
CMA-ES,20260607,36,cma_r36_003_tl2_dt32_ge32_qr27_tau85,2,32,32,0.27,0.85,138.92,90.00,10.00,1.00,10:1,134.47,219.08016,358.0,138.91984,89.996184,142.617363,1,23
CMA-ES,20260607,36,cma_r36_004_tl11_dt32_ge36_qr28_tau85,11,32,36,0.28,0.85,114.92,92.63,10.00,1.00,10:1,112.89,219.08016,334.0,114.91984,92.629375,135.726027,1,21
CMA-ES,20260607,36,cma_r36_005_tl3_dt34_ge33_qr28_tau86,3,34,33,0.28,0.86,91.92,87.90,10.00,1.00,10:1,91.55,219.08016,311.0,91.91984,87.896633,144.667674,1,19
CMA-ES,20260607,36,cma_r36_006_tl1_dt36_ge35_qr24_tau85,1,36,35,0.24,0.85,91.92,89.27,10.00,1.00,10:1,91.68,219.08016,311.0,91.91984,89.272186,135.023569,1,19
CMA-ES,20260607,37,cma_r37_001_tl2_dt38_ge31_qr24_tau86,2,38,31,0.24,0.86,137.92,91.26,10.00,1.00,10:1,133.68,219.08016,357.0,137.91984,91.260066,153.273138,1,26
CMA-ES,20260607,37,cma_r37_002_tl9_dt35_ge35_qr24_tau85,9,35,35,0.24,0.85,91.92,89.27,10.00,1.00,10:1,91.68,219.08016,311.0,91.91984,89.272186,135.023569,1,19
CMA-ES,20260607,37,cma_r37_003_tl2_dt34_ge35_qr28_tau86,2,34,35,0.28,0.86,91.92,89.77,10.00,1.00,10:1,91.72,219.08016,311.0,91.91984,89.767017,144.583082,1,19
CMA-ES,20260607,37,cma_r37_004_tl0_dt36_ge34_qr29_tau86,0,36,34,0.29,0.86,92.92,89.32,10.00,1.00,10:1,92.59,219.08016,312.0,92.91984,89.316037,144.118902,1,19
CMA-ES,20260607,37,cma_r37_005_tl5_dt37_ge33_qr25_tau86,5,37,33,0.25,0.86,91.92,88.24,10.00,1.00,10:1,91.59,219.08016,311.0,91.91984,88.237606,143.245455,1,19
CMA-ES,20260607,37,cma_r37_006_tl0_dt37_ge32_qr26_tau86,0,37,32,0.26,0.86,114.92,87.75,10.00,1.00,10:1,112.45,219.08016,334.0,114.91984,87.754809,144.928161,1,26
CMA-ES,20260607,38,cma_r38_001_tl3_dt40_ge33_qr25_tau85,3,40,33,0.25,0.85,94.92,91.38,10.00,1.00,10:1,94.60,219.08016,314.0,94.91984,91.37841,137.076453,1,20
CMA-ES,20260607,38,cma_r38_002_tl10_dt33_ge36_qr22_tau85,10,33,36,0.22,0.85,114.92,93.02,10.00,1.00,10:1,112.93,219.08016,334.0,114.91984,93.024237,135.634483,1,21
CMA-ES,20260607,38,cma_r38_003_tl8_dt40_ge33_qr25_tau86,8,40,33,0.25,0.86,94.92,91.38,10.00,1.00,10:1,94.60,219.08016,314.0,94.91984,91.37841,137.076453,1,20
CMA-ES,20260607,38,cma_r38_004_tl9_dt36_ge34_qr27_tau86,9,36,34,0.27,0.86,92.92,89.32,10.00,1.00,10:1,92.59,219.08016,312.0,92.91984,89.316037,144.118902,1,19
CMA-ES,20260607,38,cma_r38_005_tl3_dt35_ge34_qr26_tau85,3,35,34,0.26,0.85,92.92,89.32,10.00,1.00,10:1,92.59,219.08016,312.0,92.91984,89.316037,144.118902,1,19
CMA-ES,20260607,38,cma_r38_006_tl2_dt35_ge34_qr29_tau86,2,35,34,0.29,0.86,92.92,89.32,10.00,1.00,10:1,92.59,219.08016,312.0,92.91984,89.316037,144.118902,1,19
CMA-ES,20260607,39,cma_r39_001_tl9_dt34_ge34_qr27_tau86,9,34,34,0.27,0.86,92.92,89.32,10.00,1.00,10:1,92.59,219.08016,312.0,92.91984,89.316037,144.118902,1,19
CMA-ES,20260607,39,cma_r39_002_tl4_dt34_ge34_qr30_tau86,4,34,34,0.3,0.86,92.92,89.32,10.00,1.00,10:1,92.59,219.08016,312.0,92.91984,89.316037,144.118902,1,19
CMA-ES,20260607,39,cma_r39_003_tl8_dt34_ge35_qr23_tau86,8,34,35,0.23,0.86,91.92,89.77,10.00,1.00,10:1,91.72,219.08016,311.0,91.91984,89.767017,144.583082,1,19
CMA-ES,20260607,39,cma_r39_004_tl11_dt36_ge34_qr24_tau85,11,36,34,0.24,0.85,92.92,89.32,10.00,1.00,10:1,92.59,219.08016,312.0,92.91984,89.316037,144.118902,1,19
CMA-ES,20260607,39,cma_r39_005_tl2_dt34_ge34_qr30_tau86,2,34,34,0.3,0.86,92.92,89.32,10.00,1.00,10:1,92.59,219.08016,312.0,92.91984,89.316037,144.118902,1,19
CMA-ES,20260607,39,cma_r39_006_tl8_dt32_ge35_qr25_tau86,8,32,35,0.25,0.86,91.92,89.77,10.00,1.00,10:1,91.72,219.08016,311.0,91.91984,89.767017,144.583082,1,19
CMA-ES,20260607,40,cma_r40_001_tl4_dt34_ge36_qr28_tau86,4,34,36,0.28,0.86,95.92,89.08,10.00,1.00,10:1,95.30,219.08016,315.0,95.91984,89.083562,145.902736,1,19
CMA-ES,20260607,40,cma_r40_002_tl15_dt36_ge33_qr22_tau85,15,36,33,0.22,0.85,91.92,88.09,10.00,1.00,10:1,91.57,219.08016,311.0,91.91984,88.093733,135.179054,1,19
CMA-ES,20260607,40,cma_r40_003_tl15_dt35_ge35_qr22_tau86,15,35,35,0.22,0.86,91.92,89.27,10.00,1.00,10:1,91.68,219.08016,311.0,91.91984,89.272186,135.023569,1,19
CMA-ES,20260607,40,cma_r40_004_tl12_dt35_ge34_qr23_tau84,12,35,34,0.23,0.84,92.92,89.32,10.00,1.00,10:1,92.59,219.08016,312.0,92.91984,89.316037,144.118902,1,19
CMA-ES,20260607,40,cma_r40_005_tl6_dt36_ge34_qr24_tau86,6,36,34,0.24,0.86,92.92,89.32,10.00,1.00,10:1,92.59,219.08016,312.0,92.91984,89.316037,144.118902,1,19
CMA-ES,20260607,40,cma_r40_006_tl5_dt34_ge35_qr25_tau86,5,34,35,0.25,0.86,91.92,89.77,10.00,1.00,10:1,91.72,219.08016,311.0,91.91984,89.767017,144.583082,1,19
CMA-ES,20260607,41,cma_r41_001_tl13_dt38_ge33_qr23_tau85,13,38,33,0.23,0.85,94.92,91.35,10.00,1.00,10:1,94.60,219.08016,314.0,94.91984,91.349564,137.033537,1,20
CMA-ES,20260607,41,cma_r41_002_tl19_dt39_ge33_qr19_tau84,19,39,33,0.19,0.84,94.92,91.38,10.00,1.00,10:1,94.60,219.08016,314.0,94.91984,91.37841,137.076453,1,20
CMA-ES,20260607,41,cma_r41_003_tl21_dt38_ge31_qr23_tau85,21,38,31,0.23,0.85,112.92,92.08,10.00,1.00,10:1,111.03,219.08016,332.0,112.91984,92.081682,137.387387,1,27
CMA-ES,20260607,41,cma_r41_004_tl11_dt39_ge33_qr21_tau86,11,39,33,0.21,0.86,94.92,91.38,10.00,1.00,10:1,94.60,219.08016,314.0,94.91984,91.37841,137.076453,1,20
CMA-ES,20260607,41,cma_r41_005_tl21_dt36_ge34_qr22_tau84,21,36,34,0.22,0.84,92.92,89.32,10.00,1.00,10:1,92.59,219.08016,312.0,92.91984,89.316037,144.118902,1,19
CMA-ES,20260607,41,cma_r41_006_tl22_dt36_ge34_qr18_tau84,22,36,34,0.18,0.84,92.92,89.32,10.00,1.00,10:1,92.59,219.08016,312.0,92.91984,89.316037,144.118902,1,19
CMA-ES,20260607,42,cma_r42_001_tl13_dt39_ge32_qr17_tau83,13,39,32,0.17,0.83,119.92,93.46,10.00,1.00,10:1,117.51,219.08016,339.0,119.91984,93.460608,137.242775,1,27
CMA-ES,20260607,42,cma_r42_002_tl22_dt38_ge34_qr19_tau84,22,38,34,0.19,0.84,92.92,89.24,10.00,1.00,10:1,92.59,219.08016,312.0,92.91984,89.237606,144.229607,1,19
CMA-ES,20260607,42,cma_r42_003_tl17_dt35_ge34_qr24_tau84,17,35,34,0.24,0.84,92.92,89.32,10.00,1.00,10:1,92.59,219.08016,312.0,92.91984,89.316037,144.118902,1,19
CMA-ES,20260607,42,cma_r42_004_tl17_dt37_ge33_qr27_tau85,17,37,33,0.27,0.85,91.92,88.24,10.00,1.00,10:1,91.59,219.08016,311.0,91.91984,88.237606,143.245455,1,19
CMA-ES,20260607,42,cma_r42_005_tl28_dt40_ge34_qr15_tau83,28,40,34,0.15,0.83,127.92,99.26,10.00,1.00,10:1,125.31,219.08016,347.0,127.91984,99.255332,141.071429,1,27
CMA-ES,20260607,42,cma_r42_006_tl24_dt43_ge34_qr18_tau83,24,43,34,0.18,0.83,94.92,91.63,10.00,1.00,10:1,94.62,219.08016,314.0,94.91984,91.626929,137.746711,1,21
CMA-ES,20260607,43,cma_r43_001_tl10_dt36_ge33_qr28_tau84,10,36,33,0.28,0.84,91.92,88.09,10.00,1.00,10:1,91.57,219.08016,311.0,91.91984,88.093733,135.179054,1,19
CMA-ES,20260607,43,cma_r43_002_tl24_dt40_ge35_qr22_tau84,24,40,35,0.22,0.84,92.92,92.97,10.00,1.00,10:1,92.92,219.08016,312.0,92.91984,92.972124,136.521084,1,20
CMA-ES,20260607,43,cma_r43_003_tl29_dt39_ge32_qr24_tau83,29,39,32,0.24,0.83,182.92,95.38,10.00,1.00,10:1,174.96,219.08016,402.0,182.91984,95.379776,139.540698,1,30
CMA-ES,20260607,43,cma_r43_004_tl11_dt37_ge34_qr30_tau85,11,37,34,0.3,0.85,114.92,92.27,10.00,1.00,10:1,112.86,219.08016,334.0,114.91984,92.269337,149.027638,1,22
CMA-ES,20260607,43,cma_r43_005_tl15_dt40_ge32_qr26_tau85,15,40,32,0.26,0.85,110.92,93.40,10.00,1.00,10:1,109.33,219.08016,330.0,110.91984,93.404334,137.55132,1,26
CMA-ES,20260607,43,cma_r43_006_tl13_dt34_ge34_qr29_tau85,13,34,34,0.29,0.85,92.92,89.32,10.00,1.00,10:1,92.59,219.08016,312.0,92.91984,89.316037,144.118902,1,19
CMA-ES,20260607,44,cma_r44_001_tl20_dt34_ge34_qr28_tau84,20,34,34,0.28,0.84,92.92,89.32,10.00,1.00,10:1,92.59,219.08016,312.0,92.91984,89.316037,144.118902,1,19
CMA-ES,20260607,44,cma_r44_002_tl15_dt35_ge34_qr27_tau85,15,35,34,0.27,0.85,92.92,89.32,10.00,1.00,10:1,92.59,219.08016,312.0,92.91984,89.316037,144.118902,1,19
CMA-ES,20260607,44,cma_r44_003_tl13_dt39_ge32_qr27_tau85,13,39,32,0.27,0.85,119.92,93.46,10.00,1.00,10:1,117.51,219.08016,339.0,119.91984,93.460608,137.242775,1,27
CMA-ES,20260607,44,cma_r44_004_tl10_dt41_ge31_qr29_tau84,10,41,31,0.29,0.84,155.92,89.89,10.00,1.00,10:1,149.92,219.08016,375.0,155.91984,89.892233,135.597633,1,26
CMA-ES,20260607,44,cma_r44_005_tl1_dt37_ge32_qr31_tau84,1,37,32,0.31,0.84,157.92,82.78,10.00,1.00,10:1,151.09,219.08016,377.0,157.91984,82.78089,142.392097,0,26
CMA-ES,20260607,44,cma_r44_006_tl20_dt34_ge34_qr27_tau85,20,34,34,0.27,0.85,92.92,89.32,10.00,1.00,10:1,92.59,219.08016,312.0,92.91984,89.316037,144.118902,1,19
CMA-ES,20260607,45,cma_r45_001_tl12_dt35_ge34_qr30_tau85,12,35,34,0.3,0.85,92.92,89.32,10.00,1.00,10:1,92.59,219.08016,312.0,92.91984,89.316037,144.118902,1,19
CMA-ES,20260607,45,cma_r45_002_tl24_dt36_ge35_qr26_tau84,24,36,35,0.26,0.84,91.92,89.27,10.00,1.00,10:1,91.68,219.08016,311.0,91.91984,89.272186,135.023569,1,19
CMA-ES,20260607,45,cma_r45_003_tl22_dt34_ge33_qr24_tau84,22,34,33,0.24,0.84,91.92,87.90,10.00,1.00,10:1,91.55,219.08016,311.0,91.91984,87.896633,144.667674,1,19
CMA-ES,20260607,45,cma_r45_004_tl14_dt35_ge33_qr27_tau84,14,35,33,0.27,0.84,91.92,87.90,10.00,1.00,10:1,91.55,219.08016,311.0,91.91984,87.896633,144.667674,1,19
CMA-ES,20260607,45,cma_r45_005_tl23_dt41_ge34_qr23_tau84,23,41,34,0.23,0.84,94.92,91.63,10.00,1.00,10:1,94.62,219.08016,314.0,94.91984,91.626929,137.746711,1,21
CMA-ES,20260607,45,cma_r45_006_tl15_dt32_ge34_qr29_tau85,15,32,34,0.29,0.85,93.92,89.03,10.00,1.00,10:1,93.48,219.08016,313.0,93.91984,89.032555,145.14759,1,19
CMA-ES,20260607,46,cma_r46_001_tl21_dt32_ge33_qr24_tau84,21,32,33,0.24,0.84,138.92,89.20,10.00,1.00,10:1,134.40,219.08016,358.0,138.91984,89.196814,143.070175,1,22
CMA-ES,20260607,46,cma_r46_002_tl17_dt33_ge33_qr22_tau85,17,33,33,0.22,0.85,91.92,87.90,10.00,1.00,10:1,91.55,219.08016,311.0,91.91984,87.896633,144.667674,1,19
CMA-ES,20260607,46,cma_r46_003_tl16_dt34_ge34_qr29_tau85,16,34,34,0.29,0.85,92.92,89.32,10.00,1.00,10:1,92.59,219.08016,312.0,92.91984,89.316037,144.118902,1,19
CMA-ES,20260607,46,cma_r46_004_tl17_dt33_ge31_qr23_tau85,17,33,31,0.23,0.85,138.92,93.94,10.00,1.00,10:1,134.83,219.08016,358.0,138.91984,93.936836,152.827664,1,25
CMA-ES,20260607,46,cma_r46_005_tl19_dt34_ge32_qr28_tau83,19,34,32,0.28,0.83,138.92,88.95,10.00,1.00,10:1,134.38,219.08016,358.0,138.91984,88.953264,142.095541,1,24
CMA-ES,20260607,46,cma_r46_006_tl18_dt33_ge31_qr28_tau84,18,33,31,0.28,0.84,138.92,93.94,10.00,1.00,10:1,134.83,219.08016,358.0,138.91984,93.936836,152.827664,1,25
CMA-ES,20260607,47,cma_r47_001_tl22_dt34_ge34_qr20_tau85,22,34,34,0.2,0.85,92.92,89.32,10.00,1.00,10:1,92.59,219.08016,312.0,92.91984,89.316037,144.118902,1,19
CMA-ES,20260607,47,cma_r47_002_tl26_dt35_ge35_qr23_tau84,26,35,35,0.23,0.84,91.92,89.27,10.00,1.00,10:1,91.68,219.08016,311.0,91.91984,89.272186,135.023569,1,19
CMA-ES,20260607,47,cma_r47_003_tl20_dt34_ge34_qr25_tau84,20,34,34,0.25,0.84,92.92,89.32,10.00,1.00,10:1,92.59,219.08016,312.0,92.91984,89.316037,144.118902,1,19
CMA-ES,20260607,47,cma_r47_004_tl18_dt35_ge33_qr23_tau84,18,35,33,0.23,0.84,91.92,87.90,10.00,1.00,10:1,91.55,219.08016,311.0,91.91984,87.896633,144.667674,1,19
CMA-ES,20260607,47,cma_r47_005_tl19_dt30_ge33_qr24_tau85,19,30,33,0.24,0.85,94.92,87.53,10.00,1.00,10:1,94.25,219.08016,314.0,94.91984,87.528058,134.728814,1,19
CMA-ES,20260607,47,cma_r47_006_tl12_dt33_ge34_qr25_tau85,12,33,34,0.25,0.85,94.92,89.11,10.00,1.00,10:1,94.39,219.08016,314.0,94.91984,89.106739,144.966967,1,19
CMA-ES,20260607,48,cma_r48_001_tl18_dt35_ge34_qr22_tau85,18,35,34,0.22,0.85,92.92,89.32,10.00,1.00,10:1,92.59,219.08016,312.0,92.91984,89.316037,144.118902,1,19
CMA-ES,20260607,48,cma_r48_002_tl20_dt35_ge33_qr24_tau84,20,35,33,0.24,0.84,91.92,87.90,10.00,1.00,10:1,91.55,219.08016,311.0,91.91984,87.896633,144.667674,1,19
CMA-ES,20260607,48,cma_r48_003_tl30_dt38_ge34_qr19_tau83,30,38,34,0.19,0.83,141.92,93.98,10.00,1.00,10:1,137.56,219.08016,361.0,141.91984,93.976448,146.595989,1,26
CMA-ES,20260607,48,cma_r48_004_tl20_dt36_ge33_qr21_tau84,20,36,33,0.21,0.84,91.92,88.09,10.00,1.00,10:1,91.57,219.08016,311.0,91.91984,88.093733,135.179054,1,19
CMA-ES,20260607,48,cma_r48_005_tl25_dt36_ge35_qr18_tau83,25,36,35,0.18,0.83,91.92,89.27,10.00,1.00,10:1,91.68,219.08016,311.0,91.91984,89.272186,135.023569,1,19
CMA-ES,20260607,48,cma_r48_006_tl18_dt35_ge33_qr24_tau85,18,35,33,0.24,0.85,91.92,87.90,10.00,1.00,10:1,91.55,219.08016,311.0,91.91984,87.896633,144.667674,1,19
CMA-ES,20260607,49,cma_r49_001_tl22_dt37_ge33_qr24_tau84,22,37,33,0.24,0.84,91.92,88.24,10.00,1.00,10:1,91.59,219.08016,311.0,91.91984,88.237606,143.245455,1,19
CMA-ES,20260607,49,cma_r49_002_tl22_dt33_ge33_qr25_tau84,22,33,33,0.25,0.84,91.92,87.90,10.00,1.00,10:1,91.55,219.08016,311.0,91.91984,87.896633,144.667674,1,19
CMA-ES,20260607,49,cma_r49_003_tl21_dt33_ge34_qr26_tau84,21,33,34,0.26,0.84,94.92,89.11,10.00,1.00,10:1,94.39,219.08016,314.0,94.91984,89.106739,144.966967,1,19
CMA-ES,20260607,49,cma_r49_004_tl27_dt35_ge33_qr21_tau85,27,35,33,0.21,0.85,91.92,87.90,10.00,1.00,10:1,91.55,219.08016,311.0,91.91984,87.896633,144.667674,1,19
CMA-ES,20260607,49,cma_r49_005_tl29_dt36_ge34_qr21_tau84,29,36,34,0.21,0.84,137.92,98.21,10.00,1.00,10:1,134.31,219.08016,357.0,137.91984,98.21476,155.234763,1,26
CMA-ES,20260607,49,cma_r49_006_tl22_dt35_ge34_qr22_tau84,22,35,34,0.22,0.84,92.92,89.32,10.00,1.00,10:1,92.59,219.08016,312.0,92.91984,89.316037,144.118902,1,19
CMA-ES,20260607,50,cma_r50_001_tl24_dt32_ge34_qr24_tau85,24,32,34,0.24,0.85,93.92,89.03,10.00,1.00,10:1,93.48,219.08016,313.0,93.91984,89.032555,145.14759,1,19
CMA-ES,20260607,50,cma_r50_002_tl20_dt30_ge32_qr25_tau85,20,30,32,0.25,0.85,157.92,87.74,10.00,1.00,10:1,151.54,219.08016,377.0,157.91984,87.741463,144.558209,1,22
CMA-ES,20260607,50,cma_r50_003_tl16_dt37_ge33_qr26_tau85,16,37,33,0.26,0.85,91.92,88.24,10.00,1.00,10:1,91.59,219.08016,311.0,91.91984,88.237606,143.245455,1,19
CMA-ES,20260607,50,cma_r50_004_tl23_dt35_ge33_qr24_tau84,23,35,33,0.24,0.84,91.92,87.90,10.00,1.00,10:1,91.55,219.08016,311.0,91.91984,87.896633,144.667674,1,19
CMA-ES,20260607,50,cma_r50_005_tl21_dt32_ge33_qr21_tau85,21,32,33,0.21,0.85,138.92,89.20,10.00,1.00,10:1,134.40,219.08016,358.0,138.91984,89.196814,143.070175,1,22
CMA-ES,20260607,50,cma_r50_006_tl26_dt33_ge33_qr22_tau85,26,33,33,0.22,0.85,91.92,87.90,10.00,1.00,10:1,91.55,219.08016,311.0,91.91984,87.896633,144.667674,1,19
BO,20260607,1,bo_r01_001_tl50_dt212_ge40_qr62_tau90,50,212,40,0.62,0.9,362.92,83.43,10.00,1.00,10:1,337.51,219.08016,582.0,362.91984,83.431781,169.892644,0,40
BO,20260607,1,bo_r01_002_tl80_dt143_ge18_qr17_tau79,80,143,18,0.17,0.79,384.92,84.76,10.00,1.00,10:1,357.63,219.08016,604.0,384.91984,84.757158,183.900181,1,61
BO,20260607,1,bo_r01_003_tl56_dt74_ge28_qr32_tau74,56,74,28,0.32,0.74,184.92,79.22,10.00,1.00,10:1,175.31,219.08016,404.0,184.91984,79.224479,141.263959,0,32
BO,20260607,1,bo_r01_004_tl117_dt156_ge35_qr21_tau70,117,156,35,0.21,0.7,190.92,91.92,10.00,1.00,10:1,181.92,219.08016,410.0,190.91984,91.923381,151.209719,1,31
BO,20260607,1,bo_r01_005_tl43_dt211_ge31_qr66_tau75,43,211,31,0.66,0.75,325.92,96.30,10.00,1.00,10:1,305.05,219.08016,545.0,325.91984,96.299417,156.836689,0,41
BO,20260607,1,bo_r01_006_tl77_dt210_ge17_qr42_tau85,77,210,17,0.42,0.85,285.92,86.78,10.00,1.00,10:1,267.82,219.08016,505.0,285.91984,86.782209,160.768692,0,51
BO,20260607,2,bo_r02_001_tl120_dt59_ge19_qr20_tau87,120,59,19,0.2,0.87,195.92,84.11,10.00,1.00,10:1,185.76,219.08016,415.0,195.91984,84.112833,141.147059,1,41
BO,20260607,2,bo_r02_002_tl49_dt122_ge12_qr53_tau77,49,122,12,0.53,0.77,301.92,104.94,10.00,1.00,10:1,284.01,219.08016,521.0,301.91984,104.935899,183.879496,0,65
BO,20260607,2,bo_r02_003_tl88_dt70_ge3_qr0_tau77,88,70,3,0.0,0.77,327.92,83.96,10.00,1.00,10:1,305.74,219.08016,547.0,327.91984,83.963089,167.696774,1,92
BO,20260607,2,bo_r02_004_tl73_dt1_ge22_qr10_tau87,73,1,22,0.1,0.87,262.92,100.32,10.00,1.00,10:1,248.14,219.08016,482.0,262.91984,100.315305,197.55348,1,18
BO,20260607,2,bo_r02_005_tl12_dt151_ge30_qr53_tau80,12,151,30,0.53,0.8,144.92,79.72,10.00,1.00,10:1,138.99,219.08016,364.0,144.91984,79.718783,136.204268,0,27
BO,20260607,2,bo_r02_006_tl121_dt65_ge11_qr46_tau73,121,65,11,0.46,0.73,288.92,99.75,10.00,1.00,10:1,271.72,219.08016,508.0,288.91984,99.75258,172.389722,0,63
BO,20260607,3,bo_r03_001_tl22_dt31_ge1_qr54_tau72,22,31,1,0.54,0.72,192.92,82.64,10.00,1.00,10:1,182.89,219.08016,412.0,192.91984,82.636772,163.756039,0,59
BO,20260607,3,bo_r03_002_tl55_dt52_ge38_qr75_tau71,55,52,38,0.75,0.71,165.92,83.12,10.00,1.00,10:1,158.39,219.08016,385.0,165.91984,83.115036,136.901786,0,27
BO,20260607,3,bo_r03_003_tl117_dt3_ge19_qr98_tau78,117,3,19,0.98,0.78,262.92,88.84,10.00,1.00,10:1,247.09,219.08016,482.0,262.91984,88.843703,166.205742,0,18
BO,20260607,3,bo_r03_004_tl95_dt181_ge20_qr27_tau74,95,181,20,0.27,0.74,290.92,87.14,10.00,1.00,10:1,272.39,219.08016,510.0,290.91984,87.138903,161.667453,1,52
BO,20260607,3,bo_r03_005_tl26_dt127_ge1_qr65_tau72,26,127,1,0.65,0.72,249.92,94.82,10.00,1.00,10:1,235.82,219.08016,469.0,249.91984,94.816072,171.654709,0,91
BO,20260607,3,bo_r03_006_tl55_dt176_ge38_qr40_tau85,55,176,38,0.4,0.85,264.92,89.17,10.00,1.00,10:1,248.94,219.08016,484.0,264.91984,89.167271,154.875,0,31
BO,20260607,4,bo_r04_001_tl3_dt71_ge44_qr30_tau88,3,71,44,0.3,0.88,113.92,90.96,10.00,1.00,10:1,111.83,219.08016,333.0,113.91984,90.962708,137.142857,1,22
BO,20260607,4,bo_r04_002_tl31_dt28_ge30_qr19_tau81,31,28,30,0.19,0.81,90.92,94.03,10.00,1.00,10:1,91.20,219.08016,310.0,90.91984,94.031583,150.441253,1,19
BO,20260607,4,bo_r04_003_tl68_dt239_ge1_qr84_tau82,68,239,1,0.84,0.82,325.92,95.70,10.00,1.00,10:1,304.99,219.08016,545.0,325.91984,95.699822,171.946281,0,107
BO,20260607,4,bo_r04_004_tl67_dt190_ge15_qr77_tau75,67,190,15,0.77,0.75,519.92,83.18,10.00,1.00,10:1,480.22,219.08016,739.0,519.91984,83.182375,174.513043,0,80
BO,20260607,4,bo_r04_005_tl11_dt176_ge20_qr90_tau78,11,176,20,0.9,0.78,308.92,80.54,10.00,1.00,10:1,288.16,219.08016,528.0,308.91984,80.537764,154.914027,0,48
BO,20260607,4,bo_r04_006_tl56_dt15_ge36_qr99_tau75,56,15,36,0.99,0.75,144.92,78.65,10.00,1.00,10:1,138.90,219.08016,364.0,144.91984,78.650479,137.626959,0,18
BO,20260607,5,bo_r05_001_tl50_dt39_ge28_qr38_tau70,50,39,28,0.38,0.7,137.92,81.77,10.00,1.00,10:1,132.81,219.08016,357.0,137.91984,81.765931,133.606557,0,28
BO,20260607,5,bo_r05_002_tl114_dt119_ge42_qr19_tau76,114,119,42,0.19,0.76,270.92,82.80,10.00,1.00,10:1,253.82,219.08016,490.0,270.91984,82.802654,154.412048,1,32
BO,20260607,5,bo_r05_003_tl30_dt173_ge9_qr30_tau90,30,173,9,0.3,0.9,333.92,92.86,10.00,1.00,10:1,312.00,219.08016,553.0,333.91984,92.856149,178.156371,1,71
BO,20260607,5,bo_r05_004_tl67_dt40_ge43_qr75_tau74,67,40,43,0.75,0.74,108.92,82.13,10.00,1.00,10:1,106.48,219.08016,328.0,108.91984,82.130404,145.246291,0,19
BO,20260607,5,bo_r05_005_tl20_dt219_ge38_qr92_tau78,20,219,38,0.92,0.78,203.92,81.85,10.00,1.00,10:1,192.82,219.08016,423.0,203.91984,81.850097,146.928395,0,29
BO,20260607,5,bo_r05_006_tl98_dt149_ge21_qr12_tau76,98,149,21,0.12,0.76,230.92,82.93,10.00,1.00,10:1,217.47,219.08016,450.0,230.91984,82.932908,139.647849,1,46
BO,20260607,6,bo_r06_001_tl119_dt74_ge7_qr7_tau70,119,74,7,0.07,0.7,364.92,97.15,10.00,1.00,10:1,340.58,219.08016,584.0,364.91984,97.154161,155.213508,1,86
BO,20260607,6,bo_r06_002_tl8_dt204_ge36_qr80_tau76,8,204,36,0.8,0.76,258.92,79.53,10.00,1.00,10:1,242.61,219.08016,478.0,258.91984,79.526331,171.421053,0,35
BO,20260607,6,bo_r06_003_tl28_dt22_ge33_qr35_tau76,28,22,33,0.35,0.76,145.92,75.50,10.00,1.00,10:1,139.52,219.08016,365.0,145.91984,75.504769,138.226006,0,18
BO,20260607,6,bo_r06_004_tl86_dt232_ge20_qr22_tau70,86,232,20,0.22,0.7,290.92,87.14,10.00,1.00,10:1,272.39,219.08016,510.0,290.91984,87.138903,161.667453,1,52
BO,20260607,6,bo_r06_005_tl82_dt60_ge33_qr40_tau89,82,60,33,0.4,0.89,245.92,76.56,10.00,1.00,10:1,230.52,219.08016,465.0,245.91984,76.564156,136.400531,0,33
BO,20260607,6,bo_r06_006_tl81_dt122_ge8_qr4_tau70,81,122,8,0.04,0.7,406.92,87.22,10.00,1.00,10:1,377.86,219.08016,626.0,406.91984,87.217419,173.332016,1,88
BO,20260607,7,bo_r07_001_tl58_dt81_ge42_qr4_tau82,58,81,42,0.04,0.82,198.92,89.37,10.00,1.00,10:1,188.96,219.08016,418.0,198.91984,89.365774,137.395664,1,28
BO,20260607,7,bo_r07_002_tl12_dt115_ge48_qr61_tau70,12,115,48,0.61,0.7,283.92,79.07,10.00,1.00,10:1,265.30,219.08016,503.0,283.91984,79.071331,160.896471,0,30
BO,20260607,7,bo_r07_003_tl73_dt176_ge11_qr55_tau84,73,176,11,0.55,0.84,320.92,82.28,10.00,1.00,10:1,299.23,219.08016,540.0,320.91984,82.283101,158.716102,0,67
BO,20260607,7,bo_r07_004_tl26_dt15_ge37_qr40_tau84,26,15,37,0.4,0.84,145.92,78.62,10.00,1.00,10:1,139.80,219.08016,365.0,145.91984,78.61813,137.596875,0,17
BO,20260607,7,bo_r07_005_tl106_dt115_ge29_qr23_tau87,106,115,29,0.23,0.87,224.92,88.79,10.00,1.00,10:1,212.54,219.08016,444.0,224.91984,88.785057,161.81106,1,34
BO,20260607,7,bo_r07_006_tl34_dt110_ge15_qr88_tau86,34,110,15,0.88,0.86,303.92,85.22,10.00,1.00,10:1,284.04,219.08016,523.0,303.91984,85.219195,164.983607,0,58
BO,20260607,8,bo_r08_001_tl103_dt74_ge32_qr38_tau71,103,74,32,0.38,0.71,242.92,78.20,10.00,1.00,10:1,227.95,219.08016,462.0,242.91984,78.201955,152.786957,0,36
BO,20260607,8,bo_r08_002_tl12_dt66_ge2_qr31_tau79,12,66,2,0.31,0.79,295.92,88.00,10.00,1.00,10:1,277.02,219.08016,515.0,295.91984,87.998884,167.529412,0,84
BO,20260607,8,bo_r08_003_tl52_dt209_ge43_qr9_tau88,52,209,43,0.09,0.88,209.92,83.13,10.00,1.00,10:1,198.39,219.08016,429.0,209.91984,83.133861,138.091922,1,29
BO,20260607,8,bo_r08_004_tl53_dt156_ge33_qr38_tau86,53,156,33,0.38,0.86,363.92,89.46,10.00,1.00,10:1,338.97,219.08016,583.0,363.91984,89.460827,169.606557,0,42
BO,20260607,8,bo_r08_005_tl23_dt153_ge44_qr17_tau73,23,153,44,0.17,0.73,159.92,84.98,10.00,1.00,10:1,153.11,219.08016,379.0,159.91984,84.981295,140.730159,1,28
BO,20260607,8,bo_r08_006_tl17_dt76_ge27_qr36_tau87,17,76,27,0.36,0.87,159.92,80.82,10.00,1.00,10:1,152.73,219.08016,379.0,159.91984,80.822775,147.037634,0,33
BO,20260607,9,bo_r09_001_tl106_dt21_ge32_qr45_tau74,106,21,32,0.45,0.74,144.92,75.77,10.00,1.00,10:1,138.63,219.08016,364.0,144.91984,75.771645,135.117647,0,19
BO,20260607,9,bo_r09_002_tl105_dt75_ge12_qr84_tau87,105,75,12,0.84,0.87,290.92,92.83,10.00,1.00,10:1,272.91,219.08016,510.0,290.91984,92.825363,166.287016,0,58
BO,20260607,9,bo_r09_003_tl42_dt234_ge39_qr55_tau84,42,234,39,0.55,0.84,274.92,81.03,10.00,1.00,10:1,257.29,219.08016,494.0,274.91984,81.030515,156.880952,0,32
BO,20260607,9,bo_r09_004_tl119_dt231_ge27_qr7_tau70,119,231,27,0.07,0.7,287.92,86.12,10.00,1.00,10:1,269.57,219.08016,507.0,287.91984,86.123973,155.93911,1,43
BO,20260607,9,bo_r09_005_tl57_dt68_ge11_qr91_tau90,57,68,11,0.91,0.9,210.92,88.29,10.00,1.00,10:1,199.77,219.08016,430.0,210.91984,88.293612,161.824691,0,58
BO,20260607,9,bo_r09_006_tl32_dt111_ge6_qr52_tau83,32,111,6,0.52,0.83,262.92,101.62,10.00,1.00,10:1,248.26,219.08016,482.0,262.91984,101.619933,165.653333,0,69
BO,20260607,10,bo_r10_001_tl78_dt33_ge41_qr96_tau79,78,33,41,0.96,0.79,144.92,86.55,10.00,1.00,10:1,139.61,219.08016,364.0,144.91984,86.547229,148.356522,0,20
BO,20260607,10,bo_r10_002_tl33_dt142_ge15_qr0_tau74,33,142,15,0.0,0.74,267.92,86.03,10.00,1.00,10:1,251.38,219.08016,487.0,267.91984,86.0306,157.871122,1,51
BO,20260607,10,bo_r10_003_tl111_dt95_ge35_qr42_tau87,111,95,35,0.42,0.87,370.92,89.35,10.00,1.00,10:1,345.32,219.08016,590.0,370.91984,89.349682,174.587174,0,41
BO,20260607,10,bo_r10_004_tl119_dt133_ge13_qr83_tau76,119,133,13,0.83,0.76,355.92,93.20,10.00,1.00,10:1,332.04,219.08016,575.0,355.91984,93.202324,163.941423,0,65
BO,20260607,10,bo_r10_005_tl103_dt217_ge30_qr85_tau82,103,217,30,0.85,0.82,286.92,75.40,10.00,1.00,10:1,267.69,219.08016,506.0,286.91984,75.397098,148.310263,0,40
BO,20260607,10,bo_r10_006_tl2_dt95_ge46_qr94_tau71,2,95,46,0.94,0.71,162.92,87.44,10.00,1.00,10:1,156.06,219.08016,382.0,162.91984,87.442879,140.032432,0,22
BO,20260607,11,bo_r11_001_tl70_dt39_ge50_qr97_tau90,70,39,50,0.97,0.9,144.92,88.61,10.00,1.00,10:1,139.80,219.08016,364.0,144.91984,88.609328,136.757188,0,18
BO,20260607,11,bo_r11_002_tl119_dt36_ge32_qr92_tau87,119,36,32,0.92,0.87,108.92,81.92,10.00,1.00,10:1,106.47,219.08016,328.0,108.91984,81.922857,143.604106,0,23
BO,20260607,11,bo_r11_003_tl119_dt53_ge41_qr88_tau89,119,53,41,0.88,0.89,190.92,84.80,10.00,1.00,10:1,181.27,219.08016,410.0,190.91984,84.797806,137.683924,0,27
BO,20260607,11,bo_r11_004_tl119_dt97_ge38_qr81_tau88,119,97,38,0.81,0.88,292.92,87.71,10.00,1.00,10:1,274.26,219.08016,512.0,292.91984,87.711451,163.417234,0,36
BO,20260607,11,bo_r11_005_tl115_dt181_ge44_qr91_tau84,115,181,44,0.91,0.84,248.92,80.57,10.00,1.00,10:1,233.62,219.08016,468.0,248.91984,80.572424,140.334225,0,29
BO,20260607,11,bo_r11_006_tl44_dt9_ge38_qr99_tau90,44,9,38,0.99,0.9,177.92,81.68,10.00,1.00,10:1,169.17,219.08016,397.0,177.91984,81.682395,139.373333,0,18
BO,20260607,12,bo_r12_001_tl51_dt11_ge50_qr97_tau88,51,11,50,0.97,0.88,161.92,86.17,10.00,1.00,10:1,155.03,219.08016,381.0,161.91984,86.170474,142.315789,0,17
BO,20260607,12,bo_r12_002_tl119_dt0_ge40_qr60_tau88,119,0,40,0.6,0.88,297.92,84.08,10.00,1.00,10:1,278.48,219.08016,517.0,297.91984,84.07587,154.112385,0,35
BO,20260607,12,bo_r12_003_tl90_dt163_ge49_qr100_tau84,90,163,49,1.0,0.84,302.92,79.03,10.00,1.00,10:1,282.57,219.08016,522.0,302.91984,79.031844,169.578313,0,31
BO,20260607,12,bo_r12_004_tl107_dt175_ge48_qr89_tau84,107,175,48,0.89,0.84,303.92,80.26,10.00,1.00,10:1,283.59,219.08016,523.0,303.91984,80.258975,164.523913,0,32
BO,20260607,12,bo_r12_005_tl115_dt164_ge50_qr61_tau88,115,164,50,0.61,0.88,400.92,78.81,10.00,1.00,10:1,371.64,219.08016,620.0,400.91984,78.809575,179.611429,0,34
BO,20260607,12,bo_r12_006_tl121_dt149_ge35_qr68_tau89,121,149,35,0.68,0.89,262.92,90.00,10.00,1.00,10:1,247.20,219.08016,482.0,262.91984,89.99789,150.769802,0,34
BO,20260607,13,bo_r13_001_tl95_dt84_ge39_qr94_tau88,95,84,39,0.94,0.88,299.92,84.36,10.00,1.00,10:1,280.32,219.08016,519.0,299.91984,84.358144,150.75,0,36
BO,20260607,13,bo_r13_002_tl98_dt222_ge44_qr91_tau90,98,222,44,0.91,0.9,248.92,80.57,10.00,1.00,10:1,233.62,219.08016,468.0,248.91984,80.572424,140.334225,0,29
BO,20260607,13,bo_r13_003_tl103_dt40_ge48_qr100_tau83,103,40,48,1.0,0.83,137.92,88.67,10.00,1.00,10:1,133.44,219.08016,357.0,137.91984,88.668106,167.571157,0,19
BO,20260607,13,bo_r13_004_tl115_dt6_ge46_qr59_tau89,115,6,46,0.59,0.89,180.92,92.55,10.00,1.00,10:1,172.89,219.08016,400.0,180.91984,92.545809,148.832432,0,18
BO,20260607,13,bo_r13_005_tl118_dt26_ge47_qr97_tau84,118,26,47,0.97,0.84,137.92,78.59,10.00,1.00,10:1,132.53,219.08016,357.0,137.91984,78.594165,142.355882,0,17
BO,20260607,13,bo_r13_006_tl119_dt67_ge45_qr85_tau89,119,67,45,0.85,0.89,191.92,77.30,10.00,1.00,10:1,181.50,219.08016,411.0,191.91984,77.299898,138.926121,0,25
BO,20260607,14,bo_r14_001_tl114_dt161_ge49_qr97_tau85,114,161,49,0.97,0.85,302.92,79.03,10.00,1.00,10:1,282.57,219.08016,522.0,302.91984,79.031844,169.578313,0,31
BO,20260607,14,bo_r14_002_tl121_dt13_ge50_qr98_tau90,121,13,50,0.98,0.9,145.92,79.26,10.00,1.00,10:1,139.86,219.08016,365.0,145.91984,79.258907,135.130573,0,17
BO,20260607,14,bo_r14_003_tl76_dt26_ge48_qr70_tau89,76,26,48,0.7,0.89,137.92,78.59,10.00,1.00,10:1,132.53,219.08016,357.0,137.91984,78.594165,142.355882,0,17
BO,20260607,14,bo_r14_004_tl98_dt37_ge29_qr76_tau90,98,37,29,0.76,0.9,113.92,81.98,10.00,1.00,10:1,111.02,219.08016,333.0,113.91984,81.981084,144.011869,0,26
BO,20260607,14,bo_r14_005_tl98_dt62_ge44_qr94_tau83,98,62,44,0.94,0.83,238.92,77.27,10.00,1.00,10:1,224.22,219.08016,458.0,238.91984,77.272404,148.921182,0,29
BO,20260607,14,bo_r14_006_tl118_dt39_ge22_qr78_tau88,118,39,22,0.78,0.88,136.92,82.44,10.00,1.00,10:1,131.97,219.08016,356.0,136.91984,82.437946,141.466867,0,31
BO,20260607,15,bo_r15_001_tl113_dt134_ge30_qr91_tau89,113,134,30,0.91,0.89,286.92,75.40,10.00,1.00,10:1,267.69,219.08016,506.0,286.91984,75.397098,148.310263,0,40
BO,20260607,15,bo_r15_002_tl118_dt21_ge36_qr75_tau88,118,21,36,0.75,0.88,144.92,75.77,10.00,1.00,10:1,138.63,219.08016,364.0,144.91984,75.771645,135.117647,0,19
BO,20260607,15,bo_r15_003_tl62_dt4_ge50_qr77_tau89,62,4,50,0.77,0.89,283.92,89.58,10.00,1.00,10:1,266.25,219.08016,503.0,283.91984,89.576734,167.32243,0,18
BO,20260607,15,bo_r15_004_tl100_dt115_ge23_qr100_tau88,100,115,23,1.0,0.88,280.92,81.59,10.00,1.00,10:1,262.80,219.08016,500.0,280.91984,81.593883,153.95082,0,44
BO,20260607,15,bo_r15_005_tl119_dt65_ge43_qr84_tau82,119,65,43,0.84,0.82,191.92,79.06,10.00,1.00,10:1,181.66,219.08016,411.0,191.91984,79.058077,136.287671,0,25
BO,20260607,15,bo_r15_006_tl103_dt17_ge25_qr97_tau85,103,17,25,0.97,0.85,145.92,86.23,10.00,1.00,10:1,140.49,219.08016,365.0,145.91984,86.233588,155.309278,0,21
BO,20260607,16,bo_r16_001_tl89_dt181_ge44_qr95_tau89,89,181,44,0.95,0.89,248.92,80.57,10.00,1.00,10:1,233.62,219.08016,468.0,248.91984,80.572424,140.334225,0,29
BO,20260607,16,bo_r16_002_tl94_dt23_ge42_qr100_tau86,94,23,42,1.0,0.86,144.92,77.03,10.00,1.00,10:1,138.75,219.08016,364.0,144.91984,77.028286,135.844237,0,17
BO,20260607,16,bo_r16_003_tl94_dt74_ge46_qr91_tau88,94,74,46,0.91,0.88,266.92,78.47,10.00,1.00,10:1,249.79,219.08016,486.0,266.91984,78.467465,144.253731,0,30
BO,20260607,16,bo_r16_004_tl97_dt78_ge49_qr78_tau88,97,78,49,0.78,0.88,264.92,77.62,10.00,1.00,10:1,247.89,219.08016,484.0,264.91984,77.61809,158.707265,0,28
BO,20260607,16,bo_r16_005_tl103_dt90_ge42_qr78_tau89,103,90,42,0.78,0.89,190.92,76.02,10.00,1.00,10:1,180.47,219.08016,410.0,190.91984,76.018077,137.429775,0,28
BO,20260607,16,bo_r16_006_tl110_dt113_ge33_qr91_tau88,110,113,33,0.91,0.88,363.92,89.46,10.00,1.00,10:1,338.97,219.08016,583.0,363.91984,89.460827,169.606557,0,42
BO,20260607,17,bo_r17_001_tl78_dt8_ge46_qr92_tau89,78,8,46,0.92,0.89,164.92,79.52,10.00,1.00,10:1,157.16,219.08016,384.0,164.91984,79.518874,136.539726,0,18
BO,20260607,17,bo_r17_002_tl97_dt195_ge42_qr100_tau90,97,195,42,1.0,0.9,281.92,79.19,10.00,1.00,10:1,263.49,219.08016,501.0,281.91984,79.188815,155.643373,0,31
BO,20260607,17,bo_r17_003_tl100_dt16_ge48_qr90_tau84,100,16,48,0.9,0.84,144.92,79.76,10.00,1.00,10:1,139.00,219.08016,364.0,144.91984,79.758103,138.722397,0,17
BO,20260607,17,bo_r17_004_tl110_dt111_ge27_qr98_tau90,110,111,27,0.98,0.9,265.92,78.67,10.00,1.00,10:1,248.90,219.08016,485.0,265.91984,78.668212,151.574661,0,41
BO,20260607,17,bo_r17_005_tl120_dt28_ge27_qr98_tau86,120,28,27,0.98,0.86,167.92,76.49,10.00,1.00,10:1,159.61,219.08016,387.0,167.91984,76.491725,143.837681,0,26
BO,20260607,17,bo_r17_006_tl63_dt17_ge37_qr95_tau90,63,17,37,0.95,0.9,158.92,85.06,10.00,1.00,10:1,152.20,219.08016,378.0,158.91984,85.05552,151.618799,0,19
BO,20260607,18,bo_r18_001_tl97_dt85_ge38_qr95_tau88,97,85,38,0.95,0.88,220.92,89.49,10.00,1.00,10:1,208.97,219.08016,440.0,220.91984,89.485886,136.695418,0,30
BO,20260607,18,bo_r18_002_tl102_dt62_ge39_qr83_tau88,102,62,39,0.83,0.88,299.92,83.77,10.00,1.00,10:1,280.27,219.08016,519.0,299.91984,83.767889,162.691954,0,37
BO,20260607,18,bo_r18_003_tl103_dt155_ge49_qr97_tau86,103,155,49,0.97,0.86,302.92,79.03,10.00,1.00,10:1,282.57,219.08016,522.0,302.91984,79.031844,169.578313,0,31
BO,20260607,18,bo_r18_004_tl109_dt81_ge39_qr95_tau86,109,81,39,0.95,0.86,299.92,84.36,10.00,1.00,10:1,280.32,219.08016,519.0,299.91984,84.358144,150.75,0,36
BO,20260607,18,bo_r18_005_tl115_dt45_ge42_qr76_tau90,115,45,42,0.76,0.9,225.92,82.69,10.00,1.00,10:1,212.90,219.08016,445.0,225.91984,82.688251,140.791444,0,27
BO,20260607,18,bo_r18_006_tl105_dt27_ge47_qr96_tau81,105,27,47,0.96,0.81,139.92,81.41,10.00,1.00,10:1,134.60,219.08016,359.0,139.91984,81.412227,134.940063,0,18
BO,20260607,19,bo_r19_001_tl84_dt209_ge49_qr97_tau90,84,209,49,0.97,0.9,302.92,79.03,10.00,1.00,10:1,282.57,219.08016,522.0,302.91984,79.031844,169.578313,0,31
BO,20260607,19,bo_r19_002_tl99_dt101_ge32_qr96_tau90,99,101,32,0.96,0.9,316.92,91.59,10.00,1.00,10:1,296.44,219.08016,536.0,316.91984,91.588261,155.846154,0,40
BO,20260607,19,bo_r19_003_tl100_dt73_ge42_qr88_tau87,100,73,42,0.88,0.87,232.92,76.27,10.00,1.00,10:1,218.68,219.08016,452.0,232.91984,76.269877,137.402116,0,28
BO,20260607,19,bo_r19_004_tl115_dt29_ge43_qr90_tau85,115,29,43,0.9,0.85,137.92,92.87,10.00,1.00,10:1,133.82,219.08016,357.0,137.91984,92.866157,158.725446,0,20
BO,20260607,19,bo_r19_005_tl115_dt36_ge41_qr49_tau90,115,36,41,0.49,0.9,109.92,84.34,10.00,1.00,10:1,107.59,219.08016,329.0,109.91984,84.343362,148.5,0,19
BO,20260607,19,bo_r19_006_tl86_dt100_ge44_qr99_tau83,86,100,44,0.99,0.83,189.92,79.45,10.00,1.00,10:1,179.88,219.08016,409.0,189.91984,79.448658,145.393782,0,28
BO,20260607,20,bo_r20_001_tl76_dt1_ge48_qr92_tau86,76,1,48,0.92,0.86,264.92,89.58,10.00,1.00,10:1,248.98,219.08016,484.0,264.91984,89.58386,167.941038,0,17
BO,20260607,20,bo_r20_002_tl76_dt19_ge49_qr85_tau89,76,19,49,0.85,0.89,144.92,79.19,10.00,1.00,10:1,138.94,219.08016,364.0,144.91984,79.188933,146.939481,0,17
BO,20260607,20,bo_r20_003_tl95_dt16_ge46_qr100_tau87,95,16,46,1.0,0.87,144.92,79.76,10.00,1.00,10:1,139.00,219.08016,364.0,144.91984,79.758103,138.722397,0,17
BO,20260607,20,bo_r20_004_tl108_dt100_ge44_qr99_tau90,108,100,44,0.99,0.9,189.92,79.45,10.00,1.00,10:1,179.88,219.08016,409.0,189.91984,79.448658,145.393782,0,28
BO,20260607,20,bo_r20_005_tl109_dt32_ge35_qr85_tau85,109,32,35,0.85,0.85,138.92,83.41,10.00,1.00,10:1,133.87,219.08016,358.0,138.91984,83.414396,133.357143,0,21
BO,20260607,20,bo_r20_006_tl113_dt81_ge48_qr51_tau89,113,81,48,0.51,0.89,252.92,74.41,10.00,1.00,10:1,236.69,219.08016,472.0,252.91984,74.41418,138.911227,0,28
BO,20260607,21,bo_r21_001_tl99_dt47_ge36_qr100_tau86,99,47,36,1.0,0.86,171.92,88.45,10.00,1.00,10:1,164.33,219.08016,391.0,171.91984,88.454223,138.117647,0,26
BO,20260607,21,bo_r21_002_tl101_dt18_ge40_qr100_tau90,101,18,40,1.0,0.9,165.92,87.50,10.00,1.00,10:1,158.79,219.08016,385.0,165.91984,87.497356,156.319693,0,19
BO,20260607,21,bo_r21_003_tl121_dt80_ge50_qr70_tau85,121,80,50,0.7,0.85,220.92,73.64,10.00,1.00,10:1,207.53,219.08016,440.0,220.91984,73.635267,135.096685,0,27
BO,20260607,21,bo_r21_004_tl120_dt209_ge40_qr91_tau86,120,209,40,0.91,0.86,297.92,84.08,10.00,1.00,10:1,278.48,219.08016,517.0,297.91984,84.07587,154.112385,0,35
BO,20260607,21,bo_r21_005_tl120_dt58_ge13_qr94_tau87,120,58,13,0.94,0.87,230.92,89.58,10.00,1.00,10:1,218.07,219.08016,450.0,230.91984,89.578069,154.354922,0,50
BO,20260607,21,bo_r21_006_tl39_dt18_ge43_qr99_tau88,39,18,43,0.99,0.88,164.92,85.45,10.00,1.00,10:1,157.70,219.08016,384.0,164.91984,85.448575,152.095607,0,19
BO,20260607,22,bo_r22_001_tl81_dt78_ge50_qr80_tau90,81,78,50,0.8,0.9,220.92,73.64,10.00,1.00,10:1,207.53,219.08016,440.0,220.91984,73.635267,135.096685,0,27
BO,20260607,22,bo_r22_002_tl102_dt228_ge48_qr91_tau89,102,228,48,0.91,0.89,303.92,80.26,10.00,1.00,10:1,283.59,219.08016,523.0,303.91984,80.258975,164.523913,0,32
BO,20260607,22,bo_r22_003_tl103_dt53_ge50_qr97_tau89,103,53,50,0.97,0.89,145.92,86.06,10.00,1.00,10:1,140.48,219.08016,365.0,145.91984,86.058016,136.608974,0,21
BO,20260607,22,bo_r22_004_tl108_dt7_ge39_qr77_tau90,108,7,39,0.77,0.9,167.92,81.69,10.00,1.00,10:1,160.08,219.08016,387.0,167.91984,81.693893,136.926829,0,17
BO,20260607,22,bo_r22_005_tl100_dt38_ge48_qr89_tau83,100,38,48,0.89,0.83,138.92,87.18,10.00,1.00,10:1,134.22,219.08016,358.0,138.91984,87.183916,153.373576,0,19
BO,20260607,22,bo_r22_006_tl104_dt157_ge23_qr98_tau90,104,157,23,0.98,0.9,195.92,78.49,10.00,1.00,10:1,185.24,219.08016,415.0,195.91984,78.492917,142.033248,0,38
BO,20260607,23,bo_r23_001_tl106_dt177_ge42_qr81_tau90,106,177,42,0.81,0.9,281.92,79.19,10.00,1.00,10:1,263.49,219.08016,501.0,281.91984,79.188815,155.643373,0,31
BO,20260607,23,bo_r23_002_tl108_dt51_ge47_qr92_tau85,108,51,47,0.92,0.85,158.92,84.90,10.00,1.00,10:1,152.19,219.08016,378.0,158.91984,84.901951,137.678788,0,22
BO,20260607,23,bo_r23_003_tl113_dt39_ge21_qr95_tau89,113,39,21,0.95,0.89,137.92,94.23,10.00,1.00,10:1,133.95,219.08016,357.0,137.91984,94.232266,151.936508,0,31
BO,20260607,23,bo_r23_004_tl120_dt95_ge41_qr88_tau90,120,95,41,0.88,0.9,137.92,77.60,10.00,1.00,10:1,132.44,219.08016,357.0,137.91984,77.599735,135.157556,0,26
BO,20260607,23,bo_r23_005_tl119_dt229_ge39_qr97_tau86,119,229,39,0.97,0.86,269.92,83.83,10.00,1.00,10:1,253.00,219.08016,489.0,269.91984,83.828629,152.267773,0,33
BO,20260607,23,bo_r23_006_tl78_dt191_ge38_qr99_tau89,78,191,38,0.99,0.89,298.92,86.19,10.00,1.00,10:1,279.58,219.08016,518.0,298.91984,86.193655,145.207459,0,35
BO,20260607,24,bo_r24_001_tl98_dt27_ge49_qr100_tau82,98,27,49,1.0,0.82,137.92,81.54,10.00,1.00,10:1,132.79,219.08016,357.0,137.91984,81.538308,135.750809,0,17
BO,20260607,24,bo_r24_002_tl111_dt25_ge47_qr67_tau88,111,25,47,0.67,0.88,137.92,76.94,10.00,1.00,10:1,132.38,219.08016,357.0,137.91984,76.939881,136.172524,0,17
BO,20260607,24,bo_r24_003_tl120_dt18_ge44_qr96_tau81,120,18,44,0.96,0.81,165.92,84.15,10.00,1.00,10:1,158.49,219.08016,385.0,165.91984,84.147762,151.284974,0,19
BO,20260607,24,bo_r24_004_tl107_dt47_ge20_qr94_tau89,107,47,20,0.94,0.89,254.92,93.77,10.00,1.00,10:1,240.27,219.08016,474.0,254.91984,93.774257,160.890511,0,41
BO,20260607,24,bo_r24_005_tl97_dt103_ge26_qr90_tau90,97,103,26,0.9,0.9,190.92,79.38,10.00,1.00,10:1,180.78,219.08016,410.0,190.91984,79.376699,135.966387,0,35
BO,20260607,24,bo_r24_006_tl118_dt14_ge29_qr94_tau83,118,14,29,0.94,0.83,145.92,79.67,10.00,1.00,10:1,139.90,219.08016,365.0,145.91984,79.666674,135.288889,0,18
BO,20260607,25,bo_r25_001_tl94_dt17_ge36_qr84_tau89,94,17,36,0.84,0.89,158.92,85.13,10.00,1.00,10:1,152.21,219.08016,378.0,158.91984,85.12869,151.292105,0,19
BO,20260607,25,bo_r25_002_tl98_dt123_ge30_qr96_tau90,98,123,30,0.96,0.9,286.92,75.40,10.00,1.00,10:1,267.69,219.08016,506.0,286.91984,75.397098,148.310263,0,40
BO,20260607,25,bo_r25_003_tl101_dt169_ge37_qr100_tau89,101,169,37,1.0,0.89,412.92,87.47,10.00,1.00,10:1,383.33,219.08016,632.0,412.91984,87.466851,171.722642,0,40
BO,20260607,25,bo_r25_004_tl99_dt54_ge33_qr97_tau86,99,54,33,0.97,0.86,239.92,83.08,10.00,1.00,10:1,225.66,219.08016,459.0,239.91984,83.076823,145.834197,0,32
BO,20260607,25,bo_r25_005_tl119_dt130_ge46_qr56_tau89,119,130,46,0.56,0.89,200.92,81.06,10.00,1.00,10:1,190.02,219.08016,420.0,200.91984,81.06396,135.519774,0,26
BO,20260607,25,bo_r25_006_tl53_dt26_ge42_qr95_tau88,53,26,42,0.95,0.88,138.92,80.81,10.00,1.00,10:1,133.64,219.08016,358.0,138.91984,80.81125,146.67052,0,18
BO,20260607,26,bo_r26_001_tl103_dt161_ge48_qr87_tau90,103,161,48,0.87,0.9,303.92,80.26,10.00,1.00,10:1,283.59,219.08016,523.0,303.91984,80.258975,164.523913,0,32
BO,20260607,26,bo_r26_002_tl117_dt28_ge46_qr100_tau90,117,28,46,1.0,0.9,168.92,86.58,10.00,1.00,10:1,161.43,219.08016,388.0,168.91984,86.578392,149.604222,0,21
BO,20260607,26,bo_r26_003_tl101_dt98_ge39_qr80_tau87,101,98,39,0.8,0.87,489.92,80.89,10.00,1.00,10:1,452.74,219.08016,709.0,489.91984,80.887635,185.785838,0,45
BO,20260607,26,bo_r26_004_tl109_dt6_ge48_qr65_tau84,109,6,48,0.65,0.84,181.92,95.17,10.00,1.00,10:1,174.03,219.08016,401.0,181.91984,95.173908,162.60804,0,18
BO,20260607,26,bo_r26_005_tl112_dt27_ge47_qr59_tau86,112,27,47,0.59,0.86,139.92,81.41,10.00,1.00,10:1,134.60,219.08016,359.0,139.91984,81.412227,134.940063,0,18
BO,20260607,26,bo_r26_006_tl105_dt71_ge46_qr61_tau87,105,71,46,0.61,0.87,253.92,77.79,10.00,1.00,10:1,237.91,219.08016,473.0,253.91984,77.792289,139.007853,0,28
BO,20260607,27,bo_r27_001_tl91_dt43_ge31_qr98_tau88,91,43,31,0.98,0.88,185.92,83.32,10.00,1.00,10:1,176.59,219.08016,405.0,185.91984,83.320116,146.362117,0,30
BO,20260607,27,bo_r27_002_tl114_dt90_ge27_qr99_tau90,114,90,27,0.99,0.9,276.92,80.75,10.00,1.00,10:1,259.09,219.08016,496.0,276.91984,80.748658,155.670913,0,40
BO,20260607,27,bo_r27_003_tl118_dt181_ge27_qr99_tau88,118,181,27,0.99,0.88,222.92,77.46,10.00,1.00,10:1,209.70,219.08016,442.0,222.91984,77.459426,135.914439,0,38
BO,20260607,27,bo_r27_004_tl119_dt165_ge31_qr86_tau89,119,165,31,0.86,0.89,308.92,86.56,10.00,1.00,10:1,288.71,219.08016,528.0,308.91984,86.561744,146.450116,0,39
BO,20260607,27,bo_r27_005_tl93_dt44_ge36_qr75_tau90,93,44,36,0.75,0.9,176.92,83.81,10.00,1.00,10:1,168.46,219.08016,396.0,176.91984,83.812311,144.95614,0,29
BO,20260607,27,bo_r27_006_tl101_dt55_ge47_qr56_tau90,101,55,47,0.56,0.9,176.92,86.20,10.00,1.00,10:1,168.67,219.08016,396.0,176.91984,86.197727,145.664103,0,22
BO,20260607,28,bo_r28_001_tl113_dt189_ge41_qr86_tau89,113,189,41,0.86,0.89,241.92,77.60,10.00,1.00,10:1,226.98,219.08016,461.0,241.91984,77.600402,134.731579,0,32
BO,20260607,28,bo_r28_002_tl121_dt22_ge35_qr100_tau86,121,22,35,1.0,0.86,137.92,76.93,10.00,1.00,10:1,132.38,219.08016,357.0,137.91984,76.93267,133.016234,0,17
BO,20260607,28,bo_r28_003_tl64_dt164_ge46_qr100_tau89,64,164,46,1.0,0.89,344.92,79.78,10.00,1.00,10:1,320.82,219.08016,564.0,344.91984,79.779981,160.561441,0,32
BO,20260607,28,bo_r28_004_tl92_dt104_ge48_qr71_tau88,92,104,48,0.71,0.88,283.92,79.68,10.00,1.00,10:1,265.35,219.08016,503.0,283.91984,79.678093,161.277904,0,28
BO,20260607,28,bo_r28_005_tl100_dt129_ge44_qr76_tau87,100,129,44,0.76,0.87,248.92,80.57,10.00,1.00,10:1,233.62,219.08016,468.0,248.91984,80.572424,140.334225,0,29
BO,20260607,28,bo_r28_006_tl97_dt178_ge45_qr79_tau87,97,178,45,0.79,0.87,254.92,76.28,10.00,1.00,10:1,238.68,219.08016,474.0,254.91984,76.276682,149.970732,0,27
BO,20260607,29,bo_r29_001_tl60_dt79_ge44_qr97_tau90,60,79,44,0.97,0.9,290.92,72.80,10.00,1.00,10:1,271.09,219.08016,510.0,290.91984,72.795999,139.781863,0,33
BO,20260607,29,bo_r29_002_tl87_dt11_ge40_qr91_tau87,87,11,40,0.91,0.87,161.92,86.17,10.00,1.00,10:1,155.03,219.08016,381.0,161.91984,86.170474,142.315789,0,17
BO,20260607,29,bo_r29_003_tl105_dt171_ge41_qr94_tau90,105,171,41,0.94,0.9,241.92,77.60,10.00,1.00,10:1,226.98,219.08016,461.0,241.91984,77.600402,134.731579,0,32
BO,20260607,29,bo_r29_004_tl118_dt130_ge45_qr92_tau88,118,130,45,0.92,0.88,254.92,76.28,10.00,1.00,10:1,238.68,219.08016,474.0,254.91984,76.276682,149.970732,0,27
BO,20260607,29,bo_r29_005_tl108_dt145_ge42_qr80_tau88,108,145,42,0.8,0.88,281.92,79.19,10.00,1.00,10:1,263.49,219.08016,501.0,281.91984,79.188815,155.643373,0,31
BO,20260607,29,bo_r29_006_tl80_dt119_ge40_qr90_tau89,80,119,40,0.9,0.89,325.92,85.68,10.00,1.00,10:1,304.08,219.08016,545.0,325.91984,85.683045,169.878968,0,37
BO,20260607,30,bo_r30_001_tl64_dt68_ge48_qr95_tau89,64,68,48,0.95,0.89,193.92,78.39,10.00,1.00,10:1,183.42,219.08016,413.0,193.91984,78.393439,138.200573,0,24
BO,20260607,30,bo_r30_002_tl72_dt138_ge50_qr96_tau88,72,138,50,0.96,0.88,400.92,78.81,10.00,1.00,10:1,371.64,219.08016,620.0,400.91984,78.809575,179.611429,0,34
BO,20260607,30,bo_r30_003_tl110_dt17_ge37_qr95_tau89,110,17,37,0.95,0.89,158.92,85.06,10.00,1.00,10:1,152.20,219.08016,378.0,158.91984,85.05552,151.618799,0,19
BO,20260607,30,bo_r30_004_tl113_dt18_ge28_qr94_tau90,113,18,28,0.94,0.9,177.92,86.34,10.00,1.00,10:1,169.59,219.08016,397.0,177.91984,86.33701,154.350515,0,21
BO,20260607,30,bo_r30_005_tl121_dt199_ge48_qr93_tau83,121,199,48,0.93,0.83,303.92,80.26,10.00,1.00,10:1,283.59,219.08016,523.0,303.91984,80.258975,164.523913,0,32
BO,20260607,30,bo_r30_006_tl113_dt73_ge40_qr74_tau87,113,73,40,0.74,0.87,264.92,83.80,10.00,1.00,10:1,248.45,219.08016,484.0,264.91984,83.801327,154.650367,0,31
BO,20260607,31,bo_r31_001_tl97_dt60_ge38_qr79_tau90,97,60,38,0.79,0.9,272.92,82.74,10.00,1.00,10:1,255.63,219.08016,492.0,272.91984,82.738591,164.304762,0,33
BO,20260607,31,bo_r31_002_tl102_dt71_ge49_qr93_tau83,102,71,49,0.93,0.83,237.92,84.06,10.00,1.00,10:1,223.93,219.08016,457.0,237.91984,84.060199,135.856383,0,27
BO,20260607,31,bo_r31_003_tl118_dt28_ge39_qr94_tau89,118,28,39,0.94,0.89,145.92,85.44,10.00,1.00,10:1,140.42,219.08016,365.0,145.91984,85.436404,157.077482,0,20
BO,20260607,31,bo_r31_004_tl120_dt6_ge45_qr91_tau83,120,6,45,0.91,0.83,181.92,95.17,10.00,1.00,10:1,174.03,219.08016,401.0,181.91984,95.173908,162.60804,0,18
BO,20260607,31,bo_r31_005_tl94_dt165_ge43_qr94_tau87,94,165,43,0.94,0.87,272.92,80.52,10.00,1.00,10:1,255.43,219.08016,492.0,272.91984,80.51901,155.498778,0,33
BO,20260607,31,bo_r31_006_tl107_dt52_ge36_qr74_tau89,107,52,36,0.74,0.89,241.92,74.35,10.00,1.00,10:1,226.69,219.08016,461.0,241.91984,74.34619,140.906977,0,31
BO,20260607,32,bo_r32_001_tl77_dt1_ge42_qr95_tau88,77,1,42,0.95,0.88,264.92,89.58,10.00,1.00,10:1,248.98,219.08016,484.0,264.91984,89.58386,167.941038,0,17
BO,20260607,32,bo_r32_002_tl106_dt209_ge46_qr100_tau86,106,209,46,1.0,0.86,344.92,79.78,10.00,1.00,10:1,320.82,219.08016,564.0,344.91984,79.779981,160.561441,0,32
BO,20260607,32,bo_r32_003_tl117_dt120_ge49_qr76_tau88,117,120,49,0.76,0.88,302.92,79.03,10.00,1.00,10:1,282.57,219.08016,522.0,302.91984,79.031844,169.578313,0,31
BO,20260607,32,bo_r32_004_tl120_dt143_ge27_qr95_tau89,120,143,27,0.95,0.89,222.92,77.46,10.00,1.00,10:1,209.70,219.08016,442.0,222.91984,77.459426,135.914439,0,38
BO,20260607,32,bo_r32_005_tl115_dt91_ge13_qr97_tau90,115,91,13,0.97,0.9,283.92,91.15,10.00,1.00,10:1,266.40,219.08016,503.0,283.91984,91.152457,148.279703,0,58
BO,20260607,32,bo_r32_006_tl115_dt222_ge48_qr96_tau83,115,222,48,0.96,0.83,303.92,80.26,10.00,1.00,10:1,283.59,219.08016,523.0,303.91984,80.258975,164.523913,0,32
BO,20260607,33,bo_r33_001_tl90_dt21_ge50_qr91_tau86,90,21,50,0.91,0.86,144.92,75.77,10.00,1.00,10:1,138.63,219.08016,364.0,144.91984,75.771645,135.117647,0,17
BO,20260607,33,bo_r33_002_tl105_dt209_ge42_qr96_tau90,105,209,42,0.96,0.9,281.92,79.19,10.00,1.00,10:1,263.49,219.08016,501.0,281.91984,79.188815,155.643373,0,31
BO,20260607,33,bo_r33_003_tl116_dt43_ge49_qr88_tau87,116,43,49,0.88,0.87,237.92,83.61,10.00,1.00,10:1,223.89,219.08016,457.0,237.91984,83.606854,144.471503,0,26
BO,20260607,33,bo_r33_004_tl121_dt101_ge28_qr93_tau89,121,101,28,0.93,0.89,226.92,79.16,10.00,1.00,10:1,213.49,219.08016,446.0,226.91984,79.158033,136.457995,0,34
BO,20260607,33,bo_r33_005_tl70_dt38_ge36_qr97_tau90,70,38,36,0.97,0.9,112.92,80.09,10.00,1.00,10:1,109.93,219.08016,332.0,112.91984,80.085846,143.406627,0,22
BO,20260607,33,bo_r33_006_tl103_dt213_ge38_qr100_tau87,103,213,38,1.0,0.87,298.92,86.19,10.00,1.00,10:1,279.58,219.08016,518.0,298.91984,86.193655,145.207459,0,35
BO,20260607,34,bo_r34_001_tl105_dt68_ge50_qr99_tau88,105,68,50,0.99,0.88,195.92,78.22,10.00,1.00,10:1,185.22,219.08016,415.0,195.91984,78.224272,137.886544,0,24
BO,20260607,34,bo_r34_002_tl117_dt227_ge39_qr96_tau90,117,227,39,0.96,0.9,269.92,83.83,10.00,1.00,10:1,253.00,219.08016,489.0,269.91984,83.828629,152.267773,0,33
BO,20260607,34,bo_r34_003_tl119_dt134_ge49_qr92_tau82,119,134,49,0.92,0.82,302.92,79.03,10.00,1.00,10:1,282.57,219.08016,522.0,302.91984,79.031844,169.578313,0,31
BO,20260607,34,bo_r34_004_tl122_dt244_ge36_qr93_tau89,122,244,36,0.93,0.89,288.92,84.10,10.00,1.00,10:1,270.30,219.08016,508.0,288.91984,84.097137,154.92093,0,34
BO,20260607,34,bo_r34_005_tl94_dt186_ge46_qr81_tau90,94,186,46,0.81,0.9,344.92,79.78,10.00,1.00,10:1,320.82,219.08016,564.0,344.91984,79.779981,160.561441,0,32
BO,20260607,34,bo_r34_006_tl100_dt95_ge48_qr72_tau88,100,95,48,0.72,0.88,259.92,80.17,10.00,1.00,10:1,243.58,219.08016,479.0,259.91984,80.168196,144.266497,0,30
BO,20260607,35,bo_r35_001_tl76_dt2_ge43_qr90_tau88,76,2,43,0.9,0.88,262.92,87.71,10.00,1.00,10:1,246.99,219.08016,482.0,262.91984,87.712686,156.319613,0,17
BO,20260607,35,bo_r35_002_tl121_dt5_ge13_qr95_tau90,121,5,13,0.95,0.9,266.92,79.29,10.00,1.00,10:1,249.86,219.08016,486.0,266.91984,79.286847,158.378251,0,20
BO,20260607,35,bo_r35_003_tl122_dt60_ge32_qr61_tau90,122,60,32,0.61,0.9,242.92,77.72,10.00,1.00,10:1,227.90,219.08016,462.0,242.91984,77.718627,137.862069,0,34
BO,20260607,35,bo_r35_004_tl76_dt35_ge35_qr92_tau88,76,35,35,0.92,0.88,109.92,81.36,10.00,1.00,10:1,107.32,219.08016,329.0,109.91984,81.35682,142.751479,0,22
BO,20260607,35,bo_r35_005_tl97_dt65_ge24_qr97_tau88,97,65,24,0.97,0.88,197.92,77.28,10.00,1.00,10:1,186.95,219.08016,417.0,197.91984,77.280951,136.047486,0,35
BO,20260607,35,bo_r35_006_tl107_dt84_ge24_qr95_tau87,107,84,24,0.95,0.87,223.92,76.99,10.00,1.00,10:1,210.56,219.08016,443.0,223.91984,76.985099,137.0,0,40
BO,20260607,36,bo_r36_001_tl101_dt210_ge46_qr100_tau88,101,210,46,1.0,0.88,344.92,79.78,10.00,1.00,10:1,320.82,219.08016,564.0,344.91984,79.779981,160.561441,0,32
BO,20260607,36,bo_r36_002_tl106_dt112_ge47_qr69_tau89,106,112,47,0.69,0.89,283.92,76.42,10.00,1.00,10:1,265.06,219.08016,503.0,283.91984,76.417864,154.256039,0,29
BO,20260607,36,bo_r36_003_tl110_dt109_ge45_qr84_tau90,110,109,45,0.84,0.9,192.92,77.83,10.00,1.00,10:1,182.46,219.08016,412.0,192.91984,77.833943,134.123209,0,27
BO,20260607,36,bo_r36_004_tl112_dt10_ge28_qr87_tau90,112,10,28,0.87,0.9,162.92,82.27,10.00,1.00,10:1,155.59,219.08016,382.0,162.91984,82.273824,136.886243,0,18
BO,20260607,36,bo_r36_005_tl112_dt96_ge42_qr93_tau90,112,96,42,0.93,0.9,190.92,79.15,10.00,1.00,10:1,180.76,219.08016,410.0,190.91984,79.147426,139.114362,0,28
BO,20260607,36,bo_r36_006_tl117_dt97_ge37_qr82_tau87,117,97,37,0.82,0.87,226.92,90.96,10.00,1.00,10:1,214.56,219.08016,446.0,226.91984,90.961795,157.0,0,33
BO,20260607,37,bo_r37_001_tl66_dt124_ge49_qr98_tau89,66,124,49,0.98,0.89,302.92,79.03,10.00,1.00,10:1,282.57,219.08016,522.0,302.91984,79.031844,169.578313,0,31
BO,20260607,37,bo_r37_002_tl91_dt74_ge35_qr92_tau89,91,74,35,0.92,0.89,241.92,86.52,10.00,1.00,10:1,227.79,219.08016,461.0,241.91984,86.519992,138.005376,0,34
BO,20260607,37,bo_r37_003_tl95_dt94_ge41_qr96_tau90,95,94,41,0.96,0.9,137.92,77.60,10.00,1.00,10:1,132.44,219.08016,357.0,137.91984,77.599735,135.157556,0,26
BO,20260607,37,bo_r37_004_tl102_dt8_ge30_qr98_tau88,102,8,30,0.98,0.88,172.92,81.72,10.00,1.00,10:1,164.63,219.08016,392.0,172.91984,81.718686,136.719251,0,18
BO,20260607,37,bo_r37_005_tl109_dt46_ge36_qr94_tau89,109,46,36,0.94,0.89,171.92,88.45,10.00,1.00,10:1,164.33,219.08016,391.0,171.91984,88.445959,138.496042,0,25
BO,20260607,37,bo_r37_006_tl115_dt102_ge43_qr92_tau89,115,102,43,0.92,0.89,193.92,79.82,10.00,1.00,10:1,183.55,219.08016,413.0,193.91984,79.820019,141.253264,0,30
BO,20260607,38,bo_r38_001_tl93_dt72_ge44_qr100_tau85,93,72,44,1.0,0.85,273.92,77.23,10.00,1.00,10:1,256.04,219.08016,493.0,273.91984,77.231299,142.884422,0,29
BO,20260607,38,bo_r38_002_tl104_dt92_ge40_qr98_tau86,104,92,40,0.98,0.86,302.92,84.62,10.00,1.00,10:1,283.07,219.08016,522.0,302.91984,84.619647,149.650442,0,33
BO,20260607,38,bo_r38_003_tl105_dt40_ge40_qr74_tau89,105,40,40,0.74,0.89,114.92,83.19,10.00,1.00,10:1,112.04,219.08016,334.0,114.91984,83.190358,144.825073,0,22
BO,20260607,38,bo_r38_004_tl111_dt48_ge46_qr81_tau86,111,48,46,0.81,0.86,239.92,87.67,10.00,1.00,10:1,226.08,219.08016,459.0,239.91984,87.667274,142.329787,0,25
BO,20260607,38,bo_r38_005_tl111_dt44_ge28_qr96_tau85,111,44,28,0.96,0.85,127.92,86.38,10.00,1.00,10:1,124.14,219.08016,347.0,127.91984,86.37604,149.244845,0,29
BO,20260607,38,bo_r38_006_tl104_dt100_ge45_qr60_tau89,104,100,45,0.6,0.89,325.92,76.20,10.00,1.00,10:1,303.22,219.08016,545.0,325.91984,76.198557,153.807175,0,33
BO,20260607,39,bo_r39_001_tl74_dt30_ge47_qr99_tau87,74,30,47,0.99,0.87,140.92,84.55,10.00,1.00,10:1,135.80,219.08016,360.0,140.91984,84.548688,144.434524,0,18
BO,20260607,39,bo_r39_002_tl87_dt94_ge43_qr92_tau90,87,94,43,0.92,0.9,193.92,79.82,10.00,1.00,10:1,183.55,219.08016,413.0,193.91984,79.820019,141.253264,0,30
BO,20260607,39,bo_r39_003_tl91_dt30_ge41_qr94_tau89,91,30,41,0.94,0.89,114.92,83.08,10.00,1.00,10:1,112.03,219.08016,334.0,114.91984,83.07715,143.341108,0,18
BO,20260607,39,bo_r39_004_tl102_dt42_ge45_qr96_tau87,102,42,45,0.96,0.87,111.92,83.02,10.00,1.00,10:1,109.29,219.08016,331.0,111.91984,83.017197,145.514881,0,19
BO,20260607,39,bo_r39_005_tl104_dt26_ge36_qr91_tau88,104,26,36,0.91,0.88,138.92,78.83,10.00,1.00,10:1,133.46,219.08016,358.0,138.91984,78.8331,143.768786,0,19
BO,20260607,39,bo_r39_006_tl109_dt69_ge50_qr84_tau84,109,69,50,0.84,0.84,195.92,78.22,10.00,1.00,10:1,185.22,219.08016,415.0,195.91984,78.224272,137.886544,0,24
BO,20260607,40,bo_r40_001_tl97_dt26_ge43_qr93_tau89,97,26,43,0.93,0.89,137.92,78.59,10.00,1.00,10:1,132.53,219.08016,357.0,137.91984,78.594165,142.355882,0,17
BO,20260607,40,bo_r40_002_tl110_dt147_ge37_qr96_tau88,110,147,37,0.96,0.88,412.92,87.47,10.00,1.00,10:1,383.33,219.08016,632.0,412.91984,87.466851,171.722642,0,40
BO,20260607,40,bo_r40_003_tl116_dt95_ge31_qr90_tau90,116,95,31,0.9,0.9,362.92,88.55,10.00,1.00,10:1,337.98,219.08016,582.0,362.91984,88.549226,167.756048,0,43
BO,20260607,40,bo_r40_004_tl118_dt21_ge43_qr58_tau88,118,21,43,0.58,0.88,144.92,75.77,10.00,1.00,10:1,138.63,219.08016,364.0,144.91984,75.771645,135.117647,0,18
BO,20260607,40,bo_r40_005_tl118_dt93_ge45_qr93_tau89,118,93,45,0.93,0.89,259.92,76.41,10.00,1.00,10:1,243.24,219.08016,479.0,259.91984,76.409253,142.9025,0,29
BO,20260607,40,bo_r40_006_tl59_dt124_ge48_qr99_tau89,59,124,48,0.99,0.89,303.92,80.26,10.00,1.00,10:1,283.59,219.08016,523.0,303.91984,80.258975,164.523913,0,32
BO,20260607,41,bo_r41_001_tl97_dt121_ge42_qr77_tau90,97,121,42,0.77,0.9,281.92,79.19,10.00,1.00,10:1,263.49,219.08016,501.0,281.91984,79.188815,155.643373,0,31
BO,20260607,41,bo_r41_002_tl103_dt165_ge39_qr99_tau87,103,165,39,0.99,0.87,269.92,83.83,10.00,1.00,10:1,253.00,219.08016,489.0,269.91984,83.828629,152.267773,0,33
BO,20260607,41,bo_r41_003_tl121_dt216_ge37_qr95_tau88,121,216,37,0.95,0.88,412.92,87.47,10.00,1.00,10:1,383.33,219.08016,632.0,412.91984,87.466851,171.722642,0,40
BO,20260607,41,bo_r41_004_tl112_dt1_ge26_qr82_tau88,112,1,26,0.82,0.88,264.92,89.58,10.00,1.00,10:1,248.98,219.08016,484.0,264.91984,89.58386,167.941038,0,18
BO,20260607,41,bo_r41_005_tl114_dt26_ge49_qr53_tau88,114,26,49,0.53,0.88,137.92,78.59,10.00,1.00,10:1,132.53,219.08016,357.0,137.91984,78.594165,142.355882,0,17
BO,20260607,41,bo_r41_006_tl82_dt9_ge48_qr89_tau84,82,9,48,0.89,0.84,164.92,79.50,10.00,1.00,10:1,157.15,219.08016,384.0,164.91984,79.50178,137.784024,0,18
BO,20260607,42,bo_r42_001_tl74_dt61_ge50_qr100_tau85,74,61,50,1.0,0.85,254.92,77.90,10.00,1.00,10:1,238.83,219.08016,474.0,254.91984,77.897101,138.181818,0,27
BO,20260607,42,bo_r42_002_tl101_dt167_ge40_qr98_tau89,101,167,40,0.98,0.89,297.92,84.08,10.00,1.00,10:1,278.48,219.08016,517.0,297.91984,84.07587,154.112385,0,35
BO,20260607,42,bo_r42_003_tl103_dt59_ge47_qr77_tau86,103,59,47,0.77,0.86,158.92,77.73,10.00,1.00,10:1,151.54,219.08016,378.0,158.91984,77.731075,133.400593,0,24
BO,20260607,42,bo_r42_004_tl104_dt131_ge50_qr74_tau90,104,131,50,0.74,0.9,400.92,78.81,10.00,1.00,10:1,371.64,219.08016,620.0,400.91984,78.809575,179.611429,0,34
BO,20260607,42,bo_r42_005_tl109_dt29_ge46_qr81_tau87,109,29,46,0.81,0.87,137.92,84.01,10.00,1.00,10:1,133.02,219.08016,357.0,137.91984,84.014093,132.700326,0,19
BO,20260607,42,bo_r42_006_tl120_dt209_ge49_qr77_tau86,120,209,49,0.77,0.86,302.92,79.03,10.00,1.00,10:1,282.57,219.08016,522.0,302.91984,79.031844,169.578313,0,31
BO,20260607,43,bo_r43_001_tl89_dt25_ge40_qr93_tau87,89,25,40,0.93,0.87,137.92,76.70,10.00,1.00,10:1,132.35,219.08016,357.0,137.91984,76.696656,134.477419,0,17
BO,20260607,43,bo_r43_002_tl105_dt158_ge46_qr98_tau85,105,158,46,0.98,0.85,344.92,79.78,10.00,1.00,10:1,320.82,219.08016,564.0,344.91984,79.779981,160.561441,0,32
BO,20260607,43,bo_r43_003_tl111_dt15_ge42_qr98_tau88,111,15,42,0.98,0.88,144.92,78.65,10.00,1.00,10:1,138.90,219.08016,364.0,144.91984,78.650479,137.626959,0,17
BO,20260607,43,bo_r43_004_tl111_dt73_ge43_qr100_tau83,111,73,43,1.0,0.83,267.92,76.58,10.00,1.00,10:1,250.53,219.08016,487.0,267.91984,76.584863,147.130221,0,31
BO,20260607,43,bo_r43_005_tl118_dt2_ge48_qr95_tau90,118,2,48,0.95,0.9,262.92,87.71,10.00,1.00,10:1,246.99,219.08016,482.0,262.91984,87.712686,156.319613,0,17
BO,20260607,43,bo_r43_006_tl105_dt68_ge46_qr59_tau90,105,68,46,0.59,0.9,250.92,77.99,10.00,1.00,10:1,235.20,219.08016,470.0,250.91984,77.988759,137.263708,0,28
BO,20260607,44,bo_r44_001_tl92_dt101_ge49_qr96_tau86,92,101,49,0.96,0.86,298.92,79.74,10.00,1.00,10:1,278.99,219.08016,518.0,298.91984,79.736995,169.30819,0,32
BO,20260607,44,bo_r44_002_tl108_dt163_ge44_qr91_tau87,108,163,44,0.91,0.87,248.92,80.57,10.00,1.00,10:1,233.62,219.08016,468.0,248.91984,80.572424,140.334225,0,29
BO,20260607,44,bo_r44_003_tl116_dt116_ge44_qr67_tau89,116,116,44,0.67,0.89,171.92,78.61,10.00,1.00,10:1,163.44,219.08016,391.0,171.91984,78.612955,137.538667,0,27
BO,20260607,44,bo_r44_004_tl95_dt243_ge48_qr95_tau87,95,243,48,0.95,0.87,303.92,80.26,10.00,1.00,10:1,283.59,219.08016,523.0,303.91984,80.258975,164.523913,0,32
BO,20260607,44,bo_r44_005_tl90_dt116_ge31_qr96_tau89,90,116,31,0.96,0.89,308.92,86.56,10.00,1.00,10:1,288.71,219.08016,528.0,308.91984,86.561744,146.450116,0,39
BO,20260607,44,bo_r44_006_tl95_dt110_ge41_qr74_tau90,95,110,41,0.74,0.9,242.92,80.30,10.00,1.00,10:1,228.14,219.08016,462.0,242.91984,80.303876,137.48285,0,29
BO,20260607,45,bo_r45_001_tl77_dt82_ge48_qr88_tau89,77,82,48,0.88,0.89,252.92,74.41,10.00,1.00,10:1,236.69,219.08016,472.0,252.91984,74.41418,138.911227,0,28
BO,20260607,45,bo_r45_002_tl105_dt83_ge43_qr87_tau88,105,83,43,0.87,0.88,266.92,76.22,10.00,1.00,10:1,249.58,219.08016,486.0,266.91984,76.219555,162.378788,0,34
BO,20260607,45,bo_r45_003_tl118_dt184_ge36_qr96_tau88,118,184,36,0.96,0.88,288.92,84.10,10.00,1.00,10:1,270.30,219.08016,508.0,288.91984,84.097137,154.92093,0,34
BO,20260607,45,bo_r45_004_tl74_dt97_ge42_qr87_tau90,74,97,42,0.87,0.9,190.92,79.15,10.00,1.00,10:1,180.76,219.08016,410.0,190.91984,79.147426,139.114362,0,28
BO,20260607,45,bo_r45_005_tl85_dt4_ge47_qr99_tau82,85,4,47,0.99,0.82,262.92,99.38,10.00,1.00,10:1,248.05,219.08016,482.0,262.91984,99.375066,186.0217,0,17
BO,20260607,45,bo_r45_006_tl98_dt102_ge50_qr61_tau89,98,102,50,0.61,0.89,287.92,74.79,10.00,1.00,10:1,268.54,219.08016,507.0,287.91984,74.788551,161.303944,0,29
BO,20260607,46,bo_r46_001_tl86_dt187_ge49_qr97_tau88,86,187,49,0.97,0.88,302.92,79.03,10.00,1.00,10:1,282.57,219.08016,522.0,302.91984,79.031844,169.578313,0,31
BO,20260607,46,bo_r46_002_tl98_dt161_ge45_qr78_tau90,98,161,45,0.78,0.9,254.92,76.28,10.00,1.00,10:1,238.68,219.08016,474.0,254.91984,76.276682,149.970732,0,27
BO,20260607,46,bo_r46_003_tl108_dt41_ge41_qr89_tau84,108,41,41,0.89,0.84,107.92,92.18,10.00,1.00,10:1,106.49,219.08016,327.0,107.91984,92.176127,173.632937,0,19
BO,20260607,46,bo_r46_004_tl113_dt77_ge34_qr94_tau88,113,77,34,0.94,0.88,270.92,80.41,10.00,1.00,10:1,253.60,219.08016,490.0,270.91984,80.410496,151.53202,0,37
BO,20260607,46,bo_r46_005_tl120_dt149_ge36_qr92_tau89,120,149,36,0.92,0.89,288.92,84.10,10.00,1.00,10:1,270.30,219.08016,508.0,288.91984,84.097137,154.92093,0,34
BO,20260607,46,bo_r46_006_tl121_dt11_ge33_qr87_tau88,121,11,33,0.87,0.88,166.92,87.05,10.00,1.00,10:1,159.66,219.08016,386.0,166.91984,87.049542,146.818898,0,18
BO,20260607,47,bo_r47_001_tl96_dt7_ge50_qr85_tau89,96,7,50,0.85,0.89,167.92,81.69,10.00,1.00,10:1,160.08,219.08016,387.0,167.91984,81.693893,136.926829,0,17
BO,20260607,47,bo_r47_002_tl109_dt20_ge38_qr88_tau85,109,20,38,0.88,0.85,144.92,77.17,10.00,1.00,10:1,138.76,219.08016,364.0,144.91984,77.16832,135.775701,0,19
BO,20260607,47,bo_r47_003_tl111_dt141_ge44_qr82_tau90,111,141,44,0.82,0.9,248.92,80.57,10.00,1.00,10:1,233.62,219.08016,468.0,248.91984,80.572424,140.334225,0,29
BO,20260607,47,bo_r47_004_tl113_dt19_ge47_qr80_tau90,113,19,47,0.8,0.9,144.92,79.19,10.00,1.00,10:1,138.94,219.08016,364.0,144.91984,79.188933,146.939481,0,17
BO,20260607,47,bo_r47_005_tl108_dt62_ge12_qr98_tau90,108,62,12,0.98,0.9,397.92,97.50,10.00,1.00,10:1,370.61,219.08016,617.0,397.91984,97.504785,187.033628,0,76
BO,20260607,47,bo_r47_006_tl109_dt153_ge33_qr90_tau87,109,153,33,0.9,0.87,286.92,89.91,10.00,1.00,10:1,269.01,219.08016,506.0,286.91984,89.912906,157.023866,0,35
BO,20260607,48,bo_r48_001_tl85_dt77_ge39_qr100_tau88,85,77,39,1.0,0.88,315.92,80.31,10.00,1.00,10:1,294.50,219.08016,535.0,315.91984,80.313878,142.30485,0,35
BO,20260607,48,bo_r48_002_tl118_dt55_ge50_qr67_tau86,118,55,50,0.67,0.86,144.92,85.73,10.00,1.00,10:1,139.54,219.08016,364.0,144.91984,85.733443,140.458599,0,21
BO,20260607,48,bo_r48_003_tl101_dt163_ge37_qr100_tau86,101,163,37,1.0,0.86,412.92,87.47,10.00,1.00,10:1,383.33,219.08016,632.0,412.91984,87.466851,171.722642,0,40
BO,20260607,48,bo_r48_004_tl63_dt131_ge39_qr99_tau90,63,131,39,0.99,0.9,294.92,83.50,10.00,1.00,10:1,275.70,219.08016,514.0,294.91984,83.503183,156.203057,0,34
BO,20260607,48,bo_r48_005_tl55_dt39_ge46_qr86_tau88,55,39,46,0.86,0.88,111.92,93.93,10.00,1.00,10:1,110.28,219.08016,331.0,111.91984,93.929091,171.475309,0,17
BO,20260607,48,bo_r48_006_tl99_dt51_ge29_qr73_tau88,99,51,29,0.73,0.88,240.92,82.07,10.00,1.00,10:1,226.48,219.08016,460.0,240.91984,82.066157,151.578947,0,32
BO,20260607,49,bo_r49_001_tl114_dt85_ge38_qr98_tau87,114,85,38,0.98,0.87,220.92,89.49,10.00,1.00,10:1,208.97,219.08016,440.0,220.91984,89.485886,136.695418,0,30
BO,20260607,49,bo_r49_002_tl117_dt170_ge45_qr95_tau84,117,170,45,0.95,0.84,254.92,76.28,10.00,1.00,10:1,238.68,219.08016,474.0,254.91984,76.276682,149.970732,0,27
BO,20260607,49,bo_r49_003_tl122_dt99_ge46_qr60_tau89,122,99,46,0.6,0.89,325.92,81.76,10.00,1.00,10:1,303.72,219.08016,545.0,325.91984,81.757964,169.478702,0,34
BO,20260607,49,bo_r49_004_tl121_dt177_ge31_qr90_tau87,121,177,31,0.9,0.87,308.92,86.56,10.00,1.00,10:1,288.71,219.08016,528.0,308.91984,86.561744,146.450116,0,39
BO,20260607,49,bo_r49_005_tl64_dt200_ge39_qr100_tau90,64,200,39,1.0,0.9,294.92,83.50,10.00,1.00,10:1,275.70,219.08016,514.0,294.91984,83.503183,156.203057,0,34
BO,20260607,49,bo_r49_006_tl94_dt130_ge50_qr92_tau82,94,130,50,0.92,0.82,400.92,78.81,10.00,1.00,10:1,371.64,219.08016,620.0,400.91984,78.809575,179.611429,0,34
BO,20260607,50,bo_r50_001_tl94_dt10_ge34_qr77_tau90,94,10,34,0.77,0.9,161.92,83.15,10.00,1.00,10:1,154.76,219.08016,381.0,161.91984,83.147963,137.01847,0,17
BO,20260607,50,bo_r50_002_tl94_dt89_ge33_qr95_tau89,94,89,33,0.95,0.89,221.92,88.64,10.00,1.00,10:1,209.80,219.08016,441.0,221.91984,88.638711,144.615591,0,35
BO,20260607,50,bo_r50_003_tl100_dt0_ge47_qr96_tau87,100,0,47,0.96,0.87,258.92,82.01,10.00,1.00,10:1,242.84,219.08016,478.0,258.91984,82.006466,161.927313,0,29
BO,20260607,50,bo_r50_004_tl104_dt46_ge46_qr82_tau88,104,46,46,0.82,0.88,242.92,87.83,10.00,1.00,10:1,228.82,219.08016,462.0,242.91984,87.829867,144.698163,0,24
BO,20260607,50,bo_r50_005_tl108_dt130_ge44_qr85_tau89,108,130,44,0.85,0.89,248.92,80.57,10.00,1.00,10:1,233.62,219.08016,468.0,248.91984,80.572424,140.334225,0,29
BO,20260607,50,bo_r50_006_tl110_dt78_ge26_qr100_tau87,110,78,26,1.0,0.87,220.92,74.03,10.00,1.00,10:1,207.57,219.08016,440.0,220.91984,74.02715,136.292746,0,37
