mapwide_id,source_edge,sink_edge,route_edges,route_edge_count,depart,reason
expanded_v7_mapwide_00000,521770125#0,238535895#0,521770125#0 521770125#1 521770125#2 521770125#3 218910312#0 218910312#2 218910312#3 -1392679400 -218910324#11 -218910324#10 -218910324#9 -218910324#7 -218910324#6 -218910324#5 -420187960#3 239357580#0 -381570321#0 -420187960#1 -420187960#0 -381458583#6 -381458583#5 -381458583#2 -381458583#1 -381458583#0 -218681380#5 -218681380#4 -218681380#3 -218681380#2 -218681380#1 -218681380#0 -520307305#4 -520307305#3 1279010544#0 420187959#1 420187959#2 420187959#3 420187959#4 420187959#5 420187959#6 420187959#7 420187959#8 420187959#9 420187959#10 420187959#11 420187959#12 -913826317 -420319848#5 -420319848#4 -420319848#3 -420319848#2 381452175#0 381452175#1 381452175#2 381452175#3 -381452122#3 913009312#9 913009312#10 -218923171#5 -218923171#4 -218923171#2 -218923171#1 184083191#2 773066536#0 348657481#0 348657481#1 348657481#2 348657481#3 348657481#4 1283637489 607077076#0 607077076#1 -348659730 656122999 656122998#0 218771978#2 218771978#3 218771978#4 238535895#0,78,2.76,expanded_map_background_distributed_boundary
expanded_v7_mapwide_00001,377333837#0,272232099#1,377333837#0 377333837#1 377333837#2 377333837#3 377333864 -377333837#1 -377333837#0 519100623#0 -377333856 -377333891#0 -420181757#2 -420181756 377333825#0 377333825#1 -779239891 -381737989#1 -381737989#0 381737969#4 183272636#0 183272636#1 519071250 413106892 519097168#0 519097168#1 519097168#2 519097168#4 -218681380#7 -218681380#5 -218681380#4 -218681380#3 -218681380#2 -218681380#1 -218681380#0 -520307305#4 -520307305#3 -520307305#2 -520307305#1 -520307305#0 -37928420#2 -37928420#1 -37928420#0 37403487#0 913006753 913006754#0 913006754#1 913006754#2 913006754#3 913006754#4 -1291318446 -268782233#4 -268782233#3 -268782233#2 -268782329#1 -268782329#0 272228143#0 272228143#1 272228143#2 272228143#3 272228143#4 272228143#5 237470575#0 237470575#1 237470575#2 237470575#3 237470575#4 237470575#5 237470575#6 223418965#6 223418965#7 223418965#8 223418965#9 272232099#1,72,9.11,expanded_map_background_distributed_boundary
expanded_v7_mapwide_00002,464770424,-384030401#0,464770424 326189552#9 37403484#1 37403484#2 37403484#3 37403484#4 37403484#5 526967879#0 526967879#1 526967879#2 526967879#3 580350029#0 580350029#1 580350029#2 580350029#3 580350029#5 580350029#6 580350029#7 1339655672#0 1339655672#1 -580350028 1339655669 -778973690 -384030401#1 -384030401#0,25,15.46,expanded_map_background_distributed_boundary
expanded_v7_mapwide_00003,782892488#2,416172064,782892488#2 1205679418#14 329995230#0 329995230#1 228795484#0 228795484#1 228795468#3 908646367#11 218924602#0 218924602#1 218924602#2 218924602#3 656122993 156922850#1 -170403810#3 -170403810#2 -170403810#1 -170403810#0 1207199730#0 1207199730#1 1207199730#2 1207199730#3 1207199731#2 1458158605 218835937 1458158600 1458158598 -1458158597 -517641007 -1458158607 -1458158608 -1458158609 -517583989 -1458158610 -1458158611 -1458158612 -223435053 381218091#0 381218091#1 416172064,40,21.82,expanded_map_background_distributed_boundary
expanded_v7_mapwide_00004,516169308#7,377373566#0,516169308#7 516169308#8 -368834998#9 -368834998#8 -368834998#7 -368834998#6 -368834998#5 -368834998#4 289489780#0 289489780#1 289489780#3 289489780#4 289489780#5 377373668#1 -464412130#2 -464412130#1 -464412130#0 -377373704 -377373601#6 377373725#0 377373725#1 237264677#8 377373566#0,23,28.17,expanded_map_background_distributed_boundary
expanded_v7_mapwide_00005,-221431173#0,-221977892#3,-221431173#0 -221431169#0 37399752#2 37399752#3 37399752#4 37399752#5 37399752#6 37399752#7 37399752#8 37399752#9 141957153 142077711#1 236945321#1 236945321#2 236945321#3 236945321#4 196079107#0 196079107#1 446743583#0 446743583#1 1506928764#0 1506928764#1 1506928764#2 196079104#0 196079104#2 196079104#3 196079104#4 196079104#5 1153283294#0 1153283294#1 619392625 773060739#0 773060739#1 1208411212#0 1208411212#1 37402325#0 37402325#1 913546029 180368916#1 180368916#4 -221977892#3,41,34.52,expanded_map_background_distributed_boundary
expanded_v7_mapwide_00006,-1004836024,-243542155#0,-1004836024 233651280#1 218974504#3 218974504#4 218974504#5 219096265 708672701#0 708672701#1 708672701#2 708672701#3 708672701#4 708672701#5 708672701#6 708672701#7 708672701#8 708858347 -1499619438#0 -383097714 383097722#0 781985788#0 1465558146#0 1465558146#1 383097723 379943276 -243542155#1 -243542155#0,26,40.87,expanded_map_background_distributed_boundary
expanded_v7_mapwide_00007,-233526454#0,229026917#1,-233526454#0 -73550861#4 419752064#0 788674833 -419752060 -419752058#0 180190213#9 180190213#11 220027347#7 220027347#8 220027347#9 220027347#10 1207199730#0 1207199730#1 1207199730#2 1207199730#3 1207199731#2 1458158605 218835937 1458158600 1458158598 -1458158597 -517641007 -1458158607 -1458158608 -1458158609 -517583989 -1458158610 -1458158611 -1458158612 1458158615#0 1458158613#1 1458158613#3 1458158613#4 1458158613#5 1455528504#0 1455528504#1 1455528504#2 381218125#0 381218125#1 -381218124#3 -381218124#2 -381218124#0 381218115#1 381218115#2 381218115#3 -229026916#8 -229026916#5 -229026916#4 -229026916#3 -229026916#2 229026917#1,52,47.23,expanded_map_background_distributed_boundary
expanded_v7_mapwide_00008,-1176532865#1,415967618#6,-1176532865#1 -1176532865#0 -1176532864#0 229026906#1 416204675#0 416204675#1 416204675#2 -379730390#2 -379730390#1 -379730349 416204675#5 416204675#6 416204675#7 416204675#8 416204675#9 416204675#11 -229027410#4 -229027410#3 -229027410#2 -229027410#1 183521178#8 183521178#9 183521195#0 183521195#1 183521195#2 183521195#3 1455546617#0 1455546617#1 381218097 229026919 415967618#6,31,53.58,expanded_map_background_distributed_boundary
expanded_v7_mapwide_00009,420187963#0,238535896#1,420187963#0 381458594#1 381458594#2 381458594#3 381458594#4 -381458597 -381458581#3 -381458581#2 -381458581#1 239357573#19 239357573#20 239357573#21 -520307305#2 -520307305#1 -520307305#0 -37928420#2 -37928420#1 -37928420#0 218662402#0 218662402#1 520307306 913009311 1126339777#0 1126339777#1 -420331831 117914348#0 117914348#1 117914351#0 117914351#2 -420331825#0 913006754#9 1455512067 1455512071 428260116#1 1455518728 1455518727#0 1455518727#1 1455518727#2 1455524944 1455524946 1455524945 218923182 268783056#1 1455524950#0 1455524950#1 1455524952#0 1455524952#1 1455526423 1455526421 1455526422 1455526425#0 1455526425#1 482167259 482167260 1455527229 1455527230 1207481548 1455546620 1207481549#0 1207481549#1 1455546621 238535896#1,62,59.93,expanded_map_background_distributed_boundary
expanded_v7_mapwide_00010,381447829#0,420331831,381447829#0 420331831,2,66.29,expanded_map_background_distributed_boundary
expanded_v7_mapwide_00011,-381743714#2,420086344#0,-381743714#2 -381743714#1 -381743714#0 521770125#2 521770125#3 218910312#0 218910312#2 218910312#3 -1392679400 -218910324#11 -218910324#10 -218910324#9 -218910324#7 -218910324#6 -218910324#5 -420187960#3 239357580#0 -381570321#0 -420187960#1 -420187960#0 -381458583#6 -381458583#5 -381458583#2 -381458583#1 420187962#3 -218910324#0 -218960891#14 -218960891#13 -218960891#12 -218960891#11 -218960891#10 -218960891#9 -218960891#8 -218960891#6 -218960891#5 -218960891#4 -218960891#3 -218960891#2 -218960891#1 -218960891#0 -37399924#11 -37399924#10 -37399924#9 -37399924#8 -37399924#7 -37399924#6 -37399924#5 -37399924#4 -37399924#3 -37399924#2 -37399924#1 -37399924#0 218684411#0 218684411#1 218684411#2 218684411#3 218684411#4 218684411#5 218684411#6 218684411#7 -381807695#0 420080607#1 229028006#2 229028006#4 229028006#5 229028006#6 229028006#8 229028006#9 420086344#0,69,72.64,expanded_map_background_distributed_boundary
expanded_v7_mapwide_00012,-381453329,223418965#9,-381453329 420348556#2 381453320#2 381453320#3 1501824264 -1455497346 -503530174#1 -503530174#0 237470575#0 237470575#1 237470575#2 237470575#3 237470575#4 237470575#5 237470575#6 223418965#6 223418965#7 223418965#8 223418965#9,19,78.99,expanded_map_background_distributed_boundary
expanded_v7_mapwide_00013,-420187960#0,381570309#3,-420187960#0 -420309398#1 -420309398#0 -381570303#4 -381570303#3 -420310508#4 -420310508#3 -420310508#2 381570323 381570309#3,10,83.92,expanded_map_background_distributed_boundary
expanded_v7_mapwide_00014,-381746452#0,-37400066#0,-381746452#0 218960891#4 -381746450#3 -381746450#2 -340373565#6 381746452#2 381746452#3 -420097198#1 -420097207 -381746718 381737978#2 83339285#0 83339285#1 83339285#2 83339285#3 83339285#4 83339285#5 37400066#0 37400066#1 37400066#2 -381793820#3 779239883 779239884 381793815 -779239885 381793828#2 -779239884 -779239883 381793820#3 -37400066#2 -37400066#1 -37400066#0,32,90.27,expanded_map_background_distributed_boundary
expanded_v7_mapwide_00015,377333844,381807723#0,377333844 377333893#1 1442270413#0 1442270413#1 1442270413#2 519071250 413106892 519097168#0 519097168#1 519097168#2 519097168#4 -218960891#14 -218960891#13 -218960891#12 -218960891#11 -218960891#10 -218960891#9 -218960891#8 -218960891#6 -218960891#5 -218960891#4 -218960891#3 -218960891#2 -218960891#1 -218960891#0 -37399924#11 -37399924#10 -37399924#9 -37399924#8 -37399924#7 -37399924#6 -37399924#5 -37399924#4 -37399924#3 -37399924#2 -37399924#1 -37399924#0 218684411#0 218684411#1 218684411#2 218684411#3 218684411#4 218684411#5 -229028337#8 -229028337#7 229028340#9 229028345#10 381807723#0,48,96.62,expanded_map_background_distributed_boundary
expanded_v7_mapwide_00016,464458362#4,651817398#4,464458362#4 580350029#3 580350029#5 580350029#6 580350029#7 1339655672#0 1339655672#1 -580350028 1339655669 1339655668 516163750#0 516163750#1 1206220503#0 1206220503#1 333554718 333554719 219696191#0 219696191#1 619147740 619147739#0 651817398#0 651817398#1 651817398#2 651817398#3 651817398#4,25,102.97,expanded_map_background_distributed_boundary
expanded_v7_mapwide_00017,117784411#1,782892489#2,117784411#1 117784421#3 117784419#0 117784419#1 395564622#2 -198564928#25 -198564928#24 -198564928#21 -198564928#20 -198564928#19 -198564928#18 -198564928#17 -198564928#16 -198564928#15 -198564928#14 -198564928#13 -198564928#12 -198564928#11 -198564928#10 -228795463#4 -228795463#3 -228795463#1 -228795463#0 -228795477#3 -228795477#2 -420383143#1 -420383143#0 -1205679418#1 -767644535 -767644534#0 180368915#3 782892489#1 782892489#2,33,109.33,expanded_map_background_distributed_boundary
expanded_v7_mapwide_00018,244477710,-329995227#2,244477710 244477705#8 -344898677#10 -344898677#7 -344898677#5 -344898677#4 -344898677#3 -344898677#1 -344898677#0 464458362#0 464458362#1 464458362#2 -468168887#2 -468168887#1 -468168887#0 -224260187#6 -376666917 -376666933#0 -224260190#5 -224260190#4 -224260190#3 -224260190#2 -224260190#1 -224260190#0 1206220503#0 1206220503#1 333554718 333554719 219696191#0 219696191#1 619147740 619147739#0 619147739#1 619147739#2 619147739#3 619147739#4 619147739#5 619147739#6 781983103#1 781983103#2 921117704#0 921117704#1 1467498054 -781985788#0 -383097722#0 383097714 1499619438#0 1499619445#2 1499619444 1499619443#0 1499619443#1 1499619443#2 1499619443#3 198691077#0 198691077#1 198691077#2 198691077#3 198691077#4 198691077#5 198691077#6 198691077#7 198691077#9 198691077#10 198691077#11 198691077#12 198691077#13 198691077#14 913565824#1 913565824#2 782892488#2 782892488#3 782892488#4 782892488#5 420383141#0 -329995227#2,75,115.68,expanded_map_background_distributed_boundary
expanded_v7_mapwide_00019,198691078#4,419752057#4,198691078#4 198691077#7 198691077#9 198691077#10 198691077#11 198691077#12 198691077#13 198691077#14 913565824#1 913565824#2 913565824#6 913565824#7 913565824#8 913565824#9 913565824#10 913565824#11 919117822#1 919117822#2 919117822#3 919117822#4 1013396414#1 1013396414#2 306384116#0 306384116#1 419812905#0 419812905#1 -1013396417#0 -37403263#7 -37403263#6 -37403263#5 233651310#0 -329261487 -184445043#1 -184445043#0 -419812286#5 -117784412#0 180190213#3 419750459#0 419752057#3 419752057#4,40,122.03,expanded_map_background_distributed_boundary
expanded_v7_mapwide_00020,-229028339#1,-379584856#1,-229028339#1 -379730398#2 -379730398#1 -379730398#0 -732213457#1 -732213457#0 732213458 229028014#1 238538825#0 238538825#1 238538825#2 238538822#2 -379730387#2 -379730329#4 -379730329#3 -379730329#2 -379730329#1 238538823#4 238538823#5 183521185#13 263590234 1455241699#0 1455241699#1 379584862#1 379584862#2 416206250#0 416206250#1 416206250#2 416206250#3 -379584856#1,30,128.39,expanded_map_background_distributed_boundary
expanded_v7_mapwide_00021,381746724,420317543#1,381746724 -117770541#1 -381746452#2 340373565#6 381746450#2 381746450#3 -420317541#6 -420317541#5 -420317541#4 -420317541#3 -420317541#2 -420317541#1 -420317541#0 -375125209 117914354 420317540 420317543#0 420317543#1,18,134.74,expanded_map_background_distributed_boundary
expanded_v7_mapwide_00022,-331953288#2,-376666928#1,-331953288#2 464399096#0 464399096#1 464380980#1 516169312#9 516169312#10 516169312#11 516169312#12 516169312#13 516169312#14 499417661#0 837752063#1 837752063#2 837752066#0 837752066#1 585352850#3 585352851#0 585352851#1 218707545 619137615#0 619137615#1 619137615#3 619137615#4 464447942#0 464447942#1 464447942#2 464447942#3 344898685 384030384 -464458358#0 -464458860#4 -464458860#3 -464458860#1 -464458860#0 -376666928#2 -376666928#1,36,141.09,expanded_map_background_distributed_boundary
expanded_v7_mapwide_00023,233651332#0,-228795463#0,233651332#0 -788674832 517641017#2 517641017#3 517641017#4 517641017#5 517641017#6 517641017#7 517641017#8 517706841#1 517706841#2 517706841#3 517706841#4 517706841#5 908694579 656122981#0 908646367#5 908646367#6 908646367#7 -329995230#2 -329995230#1 -329995230#0 -1205679418#14 -1205679418#12 -1205679418#11 -1205679418#10 -1205679418#9 -1205679418#8 -1205679418#7 -1205679418#6 228795474#0 228795474#1 228795474#2 -228795463#1 -228795463#0,35,147.45,expanded_map_background_distributed_boundary
expanded_v7_mapwide_00024,266255488#0,-238536650#1,266255488#0 266255488#1 266255488#2 -420108609#2 -420108609#1 -381730930#3 -381730930#1 -381730930#0 -83339285#5 -83339285#4 -83339285#3 -83339285#2 -83339285#1 -83339285#0 -482188707#1 -340373564#4 -340373564#3 -340373564#2 381802856 381802880#1 -340373566#2 -340373566#1 -340373566#0 -420089386#5 -420089386#4 -420089386#3 -420089386#2 -420089386#1 -420089386#0 -870977308#0 -117770551#4 -117770551#3 -117770551#2 -117770551#0 -183272625#1 -174870621#2 381807720#1 381807720#2 381807720#3 381807720#4 800229257#2 911522748#0 911522748#1 183521074#0 183521074#1 183521074#2 -381809847 -238536650#1,48,153.80,expanded_map_background_distributed_boundary
expanded_v7_mapwide_00025,-37399924#8,381807706#0,-37399924#8 -37399924#7 -37399924#6 -37399924#5 -37399924#4 -37399924#3 -37399924#2 -37399924#1 -37399924#0 218684411#0 218684411#1 218684411#2 218684411#3 218684411#4 218684411#5 218684411#6 218684411#7 -381807695#0 420080607#1 420080604#0 420080604#1 420080604#2 229028020#4 229028020#5 229028020#6 229028020#7 229028020#8 420080602#0 420080602#1 420080602#2 381807706#0,31,160.15,expanded_map_background_distributed_boundary
expanded_v7_mapwide_00026,183521195#1,-420092889#1,183521195#1 788674837 381218106#1 -517932075#3 -517932075#2 -517932075#1 -517932075#0 1153283290 770890583#0 770890583#1 770890583#2 773060741#0 773060741#1 770890587 770890589#0 770890589#1 770890589#2 770890589#3 770890589#4 770890589#5 773066535#0 218923178#0 218923178#1 218923178#2 218923178#3 218923178#4 218923178#7 578313749#0 578313749#1 420331816#0 420331816#1 381802847#0 -420331812#4 -420331812#3 -420331812#2 381802858 -381802844#2 -381802844#1 -381802844#0 117914344#2 -117914353#2 -117914353#1 381802883#0 -420092889#2 -420092889#1,45,165.07,expanded_map_background_distributed_boundary
expanded_v7_mapwide_00027,-464155346#0,1216356209#0,-464155346#0 517328038#1 -464154085#2 -464154085#1 -464154085#0 -447956867#2 -447956867#1 1244243645 -37401486#22 -238545096#2 -238545096#1 -238545096#0 516398275#3 516398275#4 516398275#5 516398275#6 516398275#7 516398275#8 516398275#9 908636259#0 908636259#1 908636259#3 908636259#4 908720245#0 908720245#1 -224258726#1 1216356209#0,27,171.43,expanded_map_background_distributed_boundary
expanded_v7_mapwide_00028,320463245#4,381802875,320463245#4 -1125773044 -381456420#7 -381456468#1 -381456468#0 381456466#1 -381456420#5 -381456420#4 -381456420#1 -381456420#0 198564928#15 198564928#16 198564928#17 198564928#18 198564928#19 198564928#20 198564928#21 198564928#24 198564928#25 198564928#26 198564928#27 198564928#28 1455518726 1455518729#0 1455518729#1 1455518729#2 1455518729#4 1455518729#5 1455518729#6 1455518729#7 183272587 -218773868#0 -180368918#8 -180368918#7 -180368918#6 -180368918#5 -180368918#3 -180368918#0 -800229255 -578313748#2 -578313748#0 174870621#0 174870621#2 183272625#1 117770551#0 117770551#2 117770551#3 117770551#4 870977308#0 -37399924#5 381802845#0 381802845#1 381802845#2 381802845#3 381802845#4 420092891#4 420092891#5 381802875,58,177.78,expanded_map_background_distributed_boundary
expanded_v7_mapwide_00029,1207199730#3,1125773042,1207199730#3 170403826#0 170403826#1 170403826#2 170403826#3 37400684#1 37400684#2 37400684#3 732213462 620634300 1212424784 218769254#0 218769254#1 218769254#2 218769254#3 218769254#4 1456115797#0 184083252 333555370 1456115800 1456115801#0 1456115801#1 1456115801#2 1456115801#3 -198564928#21 381456422#1 381456422#3 381456422#4 381456422#6 381456422#7 420383150#1 381456461 320463283 320463177#1 1125773042,35,184.13,expanded_map_background_distributed_boundary
expanded_v7_mapwide_00030,-381741927,219696192#4,-381741927 381741932#4 -218910324#3 -218910324#2 -218910324#1 -218910324#0 -218681380#7 -218681380#5 -218681380#4 -218681380#3 -218681380#2 -218681380#1 -218681380#0 -520307305#4 -520307305#3 -520307305#2 -520307305#1 -520307305#0 -37928420#2 -37928420#1 -37928420#0 37403487#0 913006753 913006754#0 913006754#1 913006754#2 913006754#3 913006754#4 -1291318446 -268782233#4 -268782233#3 -268782233#2 -268782329#1 -268782329#0 272228143#0 272228143#1 272228143#2 272228143#3 272228143#4 272228143#5 237470575#0 237470575#1 237470575#2 237470575#3 237470575#4 -273639501#2 -273639501#1 -273638834#8 -273638834#6 -273638834#5 -273638834#4 -273638834#3 -273638834#2 -273638834#1 219696192#0 219696192#1 219696192#3 219696192#4,58,190.49,expanded_map_background_distributed_boundary
expanded_v7_mapwide_00031,-315658900#5,419812887#2,-315658900#5 -315658900#4 -315658900#3 -315658900#2 -315658900#1 -315658900#0 -315658899#1 -315658899#0 921117704#0 921117704#1 1467498054 -781985788#0 -383097722#0 383097714 1499619438#0 1499619445#2 1499619444 1499619443#0 1499619443#1 1499619443#2 1499619443#3 1499619443#4 1499619443#5 1499619443#6 1499619443#7 1499619443#8 1499619443#9 1499619437 1499619442 1499619439#0 1499619439#1 1499619439#2 1499619439#3 218923156#1 333725870 424940172 1084408276#0 1084408276#1 1482114515#0 1084408281 219053199#0 219053199#1 219053199#2 219053199#3 219053199#4 219053199#5 -217514805#7 -217514805#6 -217514805#5 -217514805#4 -217514805#3 -217514805#2 -217514805#1 -217514805#0 -329261504#2 -895829949 419812887#1 419812887#2,58,196.84,expanded_map_background_distributed_boundary
expanded_v7_mapwide_00032,37400684#3,379584866#0,37400684#3 732213462 620634300 1212424784 1212424783#0 1212424783#1 1212424783#2 1212424783#3 1212424783#4 1455526426#0 1455526426#1 1455526426#2 482167259 482167260 1455527229 1455527230 1207481548 1455546620 1207481549#0 1207481549#1 1455546621 1455546622#0 1455546622#1 1455546623 773060740#1 913698744 180192153#0 180192153#1 180192153#3 180192153#4 180192153#6 180192153#7 180192153#8 180192153#9 180192153#10 180192153#11 180192153#12 183521185#0 183521185#1 183521185#2 183521185#3 183521185#4 183521185#5 183521185#6 183521185#7 183521185#8 183521185#10 183521185#11 183521185#13 263590234 1455241699#0 1455241699#1 379584862#1 379584862#2 416206250#0 416206250#1 416206250#2 416206250#3 416206250#4 416212022#0 379584866#0,61,203.19,expanded_map_background_distributed_boundary
expanded_v7_mapwide_00033,-416172056,-381458595,-416172056 -223435055#0 1458160293 1458158614 1458158612 1458158611 1458158610 517583989 1458158609 1458158608 1458158607 517641007 1458158597 219745508 1458158602 37400684#0 37400684#1 37400684#2 37400684#3 732213462 620634300 1212424784 218769254#0 218769254#1 218769254#2 218769254#3 218769254#4 1456115797#0 184083252 218923184 1456115805 1381133418 117784417#2 117784417#3 -420348553 -117784415 117784421#2 117784421#3 117784421#4 198564928#28 -1455518728 -428260116#1 -428260116#0 -1455512067 -913006754#9 420331825#0 -117914351#2 -117914351#0 -117914348#1 -117914348#0 420331831 -1126339777#1 -1126339777#0 -913009311 -520307306 -218662402#1 -218662402#0 37928420#0 37928420#1 37928420#2 520307305#0 520307305#1 520307305#2 -239357573#21 -239357573#20 -239357573#19 381458581#1 381458581#2 381458581#3 381458597 -381458594#4 -381458595,72,209.55,expanded_map_background_distributed_boundary
expanded_v7_mapwide_00034,416178719#1,420089386#4,416178719#1 416178719#2 416178719#3 416178719#4 416178720#1 416178720#2 416178720#3 416178720#5 416178720#6 416195450#0 416195450#1 379730341#0 379730341#1 379730344 379730377 -416204675#6 -416204675#5 379730349 379730390#1 379730390#2 -416204675#2 -416204675#1 -416204675#0 -318478691 -318478671#1 -318478671#0 -1455543604 -1455543605 -517323577#1 -517323577#0 -180192150 -333725872#8 -333725872#7 -333725872#6 -333725872#5 -333725872#4 -333725872#2 -333725872#1 -482188706 -183895356 -218684408#9 -218684408#8 -218684408#7 -218684408#6 -218684408#5 -218684408#3 -218684408#2 -218684408#1 -218684408#0 37399924#0 37399924#1 37399924#2 37399924#3 37399924#4 37399924#5 420089386#0 420089386#1 420089386#2 420089386#3 420089386#4,60,215.90,expanded_map_background_distributed_boundary
expanded_v7_mapwide_00035,-245063646,-420361194#1,-245063646 184444067#4 184444067#5 184444067#6 517641017#4 517641017#5 517641017#6 517641017#7 517641017#8 517706841#1 517706841#2 517706841#3 517706841#4 517706841#5 908694579 656122981#0 656122981#1 656122981#2 656122981#4 656122981#5 656122981#6 613477341#2 613477341#3 613477341#4 218974503#0 218974503#1 218974503#2 218974503#3 218974503#4 218974503#5 218974503#6 1109231377#0 1109231377#1 782892492#0 782892492#1 -420361194#2 -420361194#1,37,222.25,expanded_map_background_distributed_boundary
expanded_v7_mapwide_00036,770860549,-619137615#8,770860549 821457682#1 333557072#3 -770860548#4 -770860548#3 770860565#0 770860565#1 78628775#5 78628770#1 379943755#1 379943753#0 379943753#1 1339655667#0 1339655667#1 -37403486#2 -37403486#1 -1339655670#2 -1339655670#1 -1339655670#0 -1339655672#1 -1339655672#0 -580350029#7 -580350029#6 -580350029#5 -580350029#3 -580350029#2 -580350029#1 -580350029#0 -526967879#3 -526967879#2 -526967879#1 -526967879#0 -37403484#5 -37403484#4 464458983#0 464458983#2 464458983#3 344898669#0 -344898670#0 -619137615#9 -619137615#8,41,228.61,expanded_map_background_distributed_boundary
expanded_v7_mapwide_00037,773060739#1,379730378#0,773060739#1 1208411212#0 1208411212#1 37402325#0 37402325#1 37402325#2 1506928765 480618375#1 480618375#2 480618375#3 480618375#4 480618375#5 480618375#6 480618375#7 480618375#8 480618375#9 1153283292#1 1153283292#2 1153283292#3 1153283292#4 770899736#0 770899736#1 770899736#2 1458160299 1458160300#0 1458160300#1 1458160300#2 1458160300#4 1458160300#5 1458160300#6 218769263#0 218769263#1 218769263#2 218769263#3 218769263#4 218769263#5 218769263#6 218769263#7 218769263#8 218769263#9 218769263#11 218769263#12 218769263#14 -517932075#9 -517932075#8 -517932075#7 -517932075#6 -517932075#5 -517932075#3 -517932075#2 -517932075#1 -517932075#0 1153283290 913698744 180192153#0 180192153#1 180192153#3 180192153#4 180192153#6 180192153#7 180192153#8 180192153#9 180192153#10 180192153#11 180192153#12 183521185#0 183521185#1 -379730403#4 416175123#0 416175122#2 -229028014#4 -800601984 -238538492#8 -238538492#7 -379730387#2 -379730387#1 -379730387#0 238538826#1 379730378#0,79,234.96,expanded_map_background_distributed_boundary
expanded_v7_mapwide_00038,375125205#4,218771978#3,375125205#4 381807721#0 -381807694#1 381807720#3 381807720#4 800229257#2 911522748#0 911522748#1 183521074#0 183521074#1 183521074#2 183521074#3 -913811578 913694024#0 913694024#1 37403503#5 37403503#6 656122996 1199229106#0 1199229106#1 218771978#1 218771978#2 218771978#3,23,241.31,expanded_map_background_distributed_boundary
expanded_v7_mapwide_00039,244384770#2,183521185#8,244384770#2 244384770#3 244384770#4 244384770#5 244384770#6 244384770#7 244384770#8 244384770#9 244384770#10 244384770#11 244384770#12 244384770#13 244384770#14 244384770#15 913006752#0 913006752#1 218662402#0 218662402#1 520307306 913009311 913009312#1 913009312#2 913009312#3 913009312#4 913009312#5 913009312#6 913009312#7 913009312#8 913009312#9 913009312#10 -218923171#5 -218923171#4 -218923171#2 -218923171#1 37403503#1 37403503#2 37403503#3 37403503#4 37403503#5 37403503#6 656122996 183272548#0 183272548#1 183272548#2 183272548#3 183272548#4 180192153#0 180192153#1 180192153#3 180192153#4 180192153#6 180192153#7 180192153#8 180192153#9 180192153#10 180192153#11 180192153#12 183521185#0 183521185#1 183521185#2 183521185#3 183521185#4 183521185#5 183521185#6 183521185#7 183521185#8,66,246.23,expanded_map_background_distributed_boundary
expanded_v7_mapwide_00040,-381452140#1,420113458#2,-381452140#1 381452099 218960891#3 381746452#0 381746452#1 381746452#2 381746452#3 -420097198#1 -420097207 -381746718 381737978#2 83339285#0 83339285#1 83339285#2 83339285#3 83339285#4 83339285#5 381730930#0 381730930#1 381730930#3 420108609#1 420108609#2 420108609#3 420108609#4 420108609#5 420113453 381730887 381730927 -381730909#2 -420113460 420113458#2,31,252.59,expanded_map_background_distributed_boundary
expanded_v7_mapwide_00041,-328442838#2,516417604#2,-328442838#2 -328442838#1 385962314#1 385962314#2 -385962313#2 -385962313#1 913230876 1507371404#2 480233461 1067765276#0 1067765276#1 1067765276#2 480233459 333580689#1 333580689#2 516388936#0 516948898#8 516948898#9 516948898#10 516948898#11 1214479816#0 1214479816#1 1214479816#2 1214479816#3 1214479816#4 333969025#1 773066533#0 773066533#1 773066533#2 773066533#3 621513157#0 621513157#1 621513157#2 621513156 516417604#0 516417604#2,36,258.94,expanded_map_background_distributed_boundary
expanded_v7_mapwide_00042,422584937#2,1205679418#10,422584937#2 -531796031 -218923177 516948898#3 176728950#0 176728950#1 -344645187 176728955#5 176728955#6 176728955#7 176728955#8 480233462#3 1424068313#1 1424068313#2 1424068313#3 1424068313#4 1424068313#5 619147731 539136610#0 908622900#0 908622900#1 -198564935#3 -198564935#2 -198564935#0 198564933 198564930 218923160#0 218923160#1 218923160#2 218923160#3 218923160#4 219096264 198564925#0 198564925#1 198564925#2 198564925#3 198564925#4 198564925#5 782892488#2 -1205679418#12 -1205679418#11 -1205679418#10 -1205679418#9 -1205679418#8 228795472#0 -228795477#7 -228795474#0 1205679418#6 1205679418#7 1205679418#8 1205679418#9 1205679418#10,52,265.29,expanded_map_background_distributed_boundary
expanded_v7_mapwide_00043,-464148430#0,-464419339#0,-464148430#0 -1144268077#1 -464154095#1 788727983 464148430#1 464148430#2 464148430#3 464154091#0 464154091#1 464154098 -447956867#6 -447956867#5 -447956867#4 -447956867#3 -447956867#2 -447956867#1 1244243645 -37401486#22 -238545096#2 -238545096#1 -238545096#0 516398275#3 516398275#4 516398275#5 516398275#6 516398275#7 516398275#8 516398275#9 908636259#0 908636259#1 908636259#3 908636259#4 908720245#0 908720245#1 1214479815 773066532#0 464233648#0 464233648#1 464233647#2 480233463#7 516388937 218923167#1 1068426572#0 1068426572#1 1424068314#2 1424068314#4 333554714#1 183272313#0 183272313#1 183272448#0 516169312#0 516169312#1 516169312#2 516169312#3 516169312#4 516169312#5 -331951643#7 331951646 -377373686#0 -331953288#1 -331953288#0 -464419339#2 -464419339#0,63,271.65,expanded_map_background_distributed_boundary
expanded_v7_mapwide_00044,420092890#0,218724603,420092890#0 381802870#0 381802870#1 870977310#0 870977310#1 37399924#8 37399924#9 37399924#10 37399924#11 218960891#0 218960891#1 218960891#2 218960891#3 218960891#4 218960891#5 218960891#6 218960891#8 218960891#9 218960891#10 218960891#11 218960891#12 218960891#13 218960891#14 -519097168#4 -519097168#2 -519097168#1 -519097168#0 -413106892 381746310 -381741957#1 781179155 97537664#1 519071257#0 1442271383 218724603,35,278.00,expanded_map_background_distributed_boundary
expanded_v7_mapwide_00045,381452120#6,782892488#2,381452120#6 -183272309#6 -183272309#4 -420319848#7 -420319848#5 -420319848#4 -420319848#3 -420319848#2 -420319848#1 -420319848#0 381452132 -420331825#4 -420331825#3 -420331825#2 -420331825#1 -420331825#0 913006754#9 1455512067 428260110 381453328#0 -381453321#4 -381453321#2 -381453321#1 381453320#1 -420348556#2 -420348556#1 -420348556#0 381453325#1 -198564928#25 -198564928#24 -198564928#21 -198564928#20 -198564928#19 -198564928#18 -198564928#17 -198564928#16 -198564928#15 -198564928#14 -198564928#13 -198564928#12 -198564928#11 -198564928#10 -198564928#8 -198564928#7 -198564928#6 -198564928#5 -198564928#4 -198564928#2 -198564928#0 198564934#0 198564934#1 913565824#1 913565824#2 782892488#2,54,284.35,expanded_map_background_distributed_boundary
expanded_v7_mapwide_00046,-198691076#2,516169308#7,-198691076#2 -198691076#1 198691079#3 198691085#0 198691085#1 198691085#2 198691085#3 198691065#1 198691065#2 383097714 1499619438#0 383097712#1 383097712#2 183272462#1 333972428#1 333972428#2 333972428#3 333972428#4 289213613#0 619342756 585341917 438360329#0 438360329#1 183272574#1 -516948900#4 -516948900#3 -516948900#2 333554715#1 531796031 -422584937#2 -422584937#1 -422584937#0 -516388934#3 475744294#1 183272449#0 183272449#1 183272449#2 183272449#3 516169308#2 516169308#3 516169308#4 516169308#5 516169308#6 516169308#7,44,290.71,expanded_map_background_distributed_boundary
expanded_v7_mapwide_00047,183521178#3,-233526454#0,183521178#3 183521178#4 183521178#5 183521178#6 183521178#7 183521178#8 183521178#9 183521195#0 183521195#1 183521195#2 183521195#3 1455546617#0 1455546617#1 1455546618#0 1455546618#1 1455546619 184083202 1455527231#0 1455527231#1 1455527231#2 1455527231#3 1455527231#4 1455527231#6 1455527231#7 1455527231#8 184083240 1458158606 517641011#0 517641011#1 517641011#2 517641011#3 517641011#4 517641011#5 -318750942#5 -318750942#3 -419750461#3 -419752064#6 -419752064#5 -419752064#4 -419752064#3 -419752064#2 -419752064#1 788674833 -419752056#0 -245063565#6 -245063565#5 -245063565#4 -245063565#3 419750460 -233526454#1 -233526454#0,51,297.06,expanded_map_background_distributed_boundary
expanded_v7_mapwide_00048,272232099#1,-419812285#0,272232099#1 272263605#0 272263605#1 272263605#2 -273639501#2 -273639501#1 -273638834#8 -273638834#6 -273638834#5 -273638834#4 -273638834#3 -273638834#2 -273638834#1 219696192#0 219696192#1 219696192#3 219696192#4 219696192#5 219696192#6 219696192#7 219696192#9 824132484#1 824132486 420383141#0 420383141#1 -506162633 517641026#0 517641026#1 517641026#2 517641026#3 -180190213#11 -233651332#3 233651294#0 233651294#1 233651294#2 233651294#3 -419812286#7 233651265 329261473#0 -184445043#0 -419812286#5 -419812286#4 -419812286#3 -419812286#2 -419812286#1 -419812286#0 -419812287#0 -419812285#0,48,303.41,expanded_map_background_distributed_boundary
expanded_v7_mapwide_00049,37400087#2,-273647557,37400087#2 176728954 493183992#3 -1424068313#5 -1424068313#4 -1424068313#3 -1424068313#2 -1424068313#1 176728952#0 176728952#1 176728952#2 176728952#3 183272613#0 183272613#1 899373686#6 619147734 198566324#0 919984684 619147730#3 1499619449#0 1499619449#1 1499619449#2 1499619448 1499619447#0 1499619447#1 383097727#0 383097727#1 -383097714 383097722#0 781985788#0 781985786#1 781985786#2 781985786#3 781985786#4 781985786#5 781985786#6 781985786#7 781985786#8 781985784 781985783 781985779#0 781985779#1 781985792#0 781985792#1 781985792#2 781985792#3 273638834#1 273638834#2 273638834#3 273638834#4 273638834#5 273638834#6 273638834#8 223418965#3 223418965#4 223418965#6 223418965#7 223418965#8 223418965#9 223418965#10 223418965#11 223418965#12 223418965#13 223418965#14 273647556#1 -273647557,66,309.76,expanded_map_background_distributed_boundary
expanded_v7_mapwide_00050,-239357573#20,-1004836024,-239357573#20 -239357573#19 381458581#1 381458607 -381458587#0 381458592#2 381458600#0 381458600#1 -218681380#1 -218681380#0 -520307305#4 -520307305#3 -520307305#2 -520307305#1 -520307305#0 -37928420#2 -37928420#1 -37928420#0 218662402#0 218662402#1 520307306 913009311 1126339777#0 1126339777#1 -420331831 117914348#0 117914348#1 117914351#0 117914351#2 -420331825#0 913006754#9 1455512067 428260110 381453328#0 -381453321#4 -381453321#2 -381453321#1 381453320#1 -420348556#2 -420348556#1 -420348556#0 381453325#1 -198564928#25 -198564928#24 -198564928#21 -198564928#20 -198564928#19 -198564928#18 -198564928#17 -198564928#16 -198564928#15 -198564928#14 -198564928#13 -198564928#12 -117914848#7 -381456441 -170403787#0 -170403779 219696192#9 824132484#1 824132486 420383141#0 420383141#1 -506162633 1212424791#0 1212424791#1 1212424791#2 1212424791#3 1212424791#4 1212424791#5 1212424791#6 1212424791#7 1212424791#8 908694579 656122981#0 656122981#1 656122981#2 -1004836024,78,316.12,expanded_map_background_distributed_boundary
expanded_v7_mapwide_00051,-376666930#2,1495080554#3,-376666930#2 -376666930#1 -376666932#3 -376666932#2 -376666932#1 -376666932#0 468168887#2 468168887#3 468168887#4 -526967879#3 -526967879#2 -526967879#1 -526967879#0 -37403484#5 464656382#0 464656382#1 464656382#2 464656383#0 464656383#2 464656383#3 -326189552#3 404539446#0 404539446#1 404539446#2 404539446#3 1495080554#2 1495080554#3,27,322.47,expanded_map_background_distributed_boundary
expanded_v7_mapwide_00052,381452132,420187963#0,381452132 -913009312#4 -913009312#3 -913009312#2 -913009312#1 -913009311 -520307306 -218662402#1 -218662402#0 37928420#0 37928420#1 37928420#2 520307305#0 520307305#1 520307305#2 520307305#3 520307305#4 520307305#5 218681380#1 -381458600#1 -381458600#0 -381458592#2 -381458592#1 -381458592#0 420187963#0,25,327.39,expanded_map_background_distributed_boundary
expanded_v7_mapwide_00053,228795463#4,381447829#0,228795463#4 198564928#10 198564928#11 198564928#12 198564928#13 198564928#14 198564928#15 198564928#16 198564928#17 198564928#18 198564928#19 198564928#20 198564928#21 198564928#24 198564928#25 198564928#26 198564928#27 198564928#28 -1455518728 -428260116#1 -428260116#0 -1455512067 -913006754#9 420331825#0 420331825#1 420331825#2 420331825#3 420331825#4 381447829#0,29,333.75,expanded_map_background_distributed_boundary
expanded_v7_mapwide_00054,-243542155#0,-381453329,-243542155#0 -243542154#3 -243542154#2 464461055 -243542154#0 921117704#1 1467498054 781985786#1 781985786#2 781985786#3 781985786#4 781985786#5 781985786#6 781985786#7 781985786#8 781985784 781985783 781985779#0 781985779#1 781985792#0 781985792#1 781985792#2 781985792#3 219696192#0 219696192#1 219696192#3 219696192#4 -228795471 -470453019#7 -470453019#6 -470453019#5 -470453019#4 -470453019#0 -420383160#0 198564928#12 198564928#13 198564928#14 198564928#15 198564928#16 198564928#17 198564928#18 198564928#19 198564928#20 198564928#21 198564928#24 198564928#25 -381453325#1 -420348560 -381453326#2 -381453326#1 -381453329,51,340.10,expanded_map_background_distributed_boundary
expanded_v7_mapwide_00055,1207199730#2,-348626442,1207199730#2 1207199730#3 170403826#0 170403826#1 170403826#2 170403826#3 37400684#1 37400684#2 37400684#3 732213462 620634300 1212424784 218769254#0 218769254#1 218769254#2 218769254#3 218769254#4 1456115797#0 184083252 218923184 1456115805 1381133418 117784417#2 117784417#3 -420348553 -117784415 117784421#2 117784421#3 117784421#4 198564928#28 -1455518728 -348626442,32,346.45,expanded_map_background_distributed_boundary
expanded_v7_mapwide_00056,-404539453#2,413953596#2,-404539453#2 -404539453#1 464656381#1 464656381#3 464656381#4 464656381#5 464656381#7 -464770435#2 -464770436 464770438#1 464770438#2 464770438#3 -464770442#0 351672094#2 351672094#3 464770443 464770445#1 1506939325#6 1506939325#7 1379887973#1 1339697074#1 244399270 37399713#1 37399713#2 37399713#3 244399271#1 773060731 -775222468#16 -775222468#15 -775222468#14 -775222468#13 -775222468#12 -775222468#11 -775222468#9 -775222468#8 -775222468#7 -775222468#6 -772873181#0 -273028084#9 -273028084#7 -273028084#6 -273028084#5 -273028084#4 -273028084#2 -273028084#1 -273028084#0 -913570918 273024752 781985786#6 781985786#7 781985786#8 1109231376 783692390#0 783692390#1 413953596#2,55,352.81,expanded_map_background_distributed_boundary
expanded_v7_mapwide_00057,-381730906,-920025286,-381730906 779239890 381730914#2 -381730893#1 -381730893#0 -381730908#5 -381730908#3 -381730908#2 -420108609#4 -420108609#3 -420108609#2 -420108609#1 -381730930#3 -381730930#1 -381730930#0 -83339285#5 -83339285#4 -83339285#3 -83339285#2 -83339285#1 -83339285#0 -381737978#2 381746718 420097207 420097198#1 -381746452#3 -381746452#2 340373565#6 340373565#7 340373565#8 340373565#9 -420103660#1 -420103660#0 -920025286,34,359.16,expanded_map_background_distributed_boundary
expanded_v7_mapwide_00058,223418965#9,-420187960#0,223418965#9 272232099#1 272263605#0 272263605#1 272263605#2 -273639055#6 -273639055#5 -273639055#4 -273639055#3 -273639055#2 -273639055#0 785130598#7 785130598#8 1455497343#0 785130601#1 785130602#1 272228339#0 272228339#1 272228339#2 272228339#3 272229587#5 268782329#0 268782329#1 268782233#2 268782233#3 268782233#4 268782233#5 -913006754#4 -381447823#1 -381447823#0 -913006754#1 -913006754#0 -913006753 -37403487#0 37928420#0 37928420#1 37928420#2 520307305#0 520307305#1 520307305#2 520307305#3 520307305#4 520307305#5 218681380#1 218681380#2 218681380#3 218681380#4 218681380#5 381458583#0 381458583#1 381458583#2 381458583#5 381458583#6 -420309398#1 239357571#0 381570313 -420187960#0,57,365.51,expanded_map_background_distributed_boundary
expanded_v7_mapwide_00059,1458158609,-381452134,1458158609 1458158608 1458158607 517641007 1458158597 219745508 1458158602 37400684#0 37400684#1 37400684#2 37400684#3 732213462 620634300 1212424784 218769254#0 218769254#1 218769254#2 218769254#3 218769254#4 1456115797#0 184083252 218923184 1456115805 1381133418 -1455524947#2 -1455524947#1 -1455524947#0 -117784416 913841953#0 913841953#2 -591142208#0 327035699#0 327035699#1 327035702#1 327035702#2 327035702#3 327035702#4 327035702#5 327035700#1 1455518729#2 1455518729#4 1455518729#5 1455518729#6 1455518729#7 183272587 -218773868#0 -913009312#10 -913009312#9 381452122#3 -381452175#3 -420319847 -381452149#0 381452160#1 381452160#2 -381452180#1 -381452134,56,371.86,expanded_map_background_distributed_boundary
expanded_v7_mapwide_00060,420331831,420078499#1,420331831 -1126339777#1 -1126339777#0 913009312#1 913009312#2 913009312#3 913009312#4 913009312#5 913009312#6 913009312#7 913009312#8 913009312#9 913009312#10 -180368918#8 -180368918#7 -180368918#6 -180368918#5 -180368918#3 -180368918#0 -800229255 -578313748#2 -578313748#0 174870621#0 174870621#2 174870621#4 174870621#5 174870621#6 174870621#7 174870621#8 174870621#9 174870621#10 218684411#0 218684411#1 218684411#2 218684411#3 218684411#4 218684411#5 218684411#6 218684411#7 -381807695#0 420080607#1 229028006#2 229028006#4 229028006#5 229028006#6 229028006#8 229028006#9 229028006#10 229028006#11 229028006#12 381809117#0 381809117#1 381809117#2 381809117#3 381809117#4 381809117#5 381809117#6 381809117#7 420078497#3 420078497#4 420078497#5 420078499#1,62,378.22,expanded_map_background_distributed_boundary
expanded_v7_mapwide_00061,416175113,788674849,416175113 229028022#3 229028022#4 229028022#5 229028022#6 180192153#6 180192153#7 180192153#8 180192153#9 180192153#10 180192153#11 180192153#12 180192150 517323577#0 517323577#1 1455543605 1455543604 1455543603 1455543602 1455543601 1455543599 1455543598 1455543596 1455543595 229027560#0 229027560#1 229027560#2 788674849,28,384.57,expanded_map_background_distributed_boundary
expanded_v7_mapwide_00062,-821107999#1,-464154090,-821107999#1 899373686#4 899373686#5 -183272613#1 -183272613#0 -176728952#3 -176728952#2 -176728952#1 -821108007 176728955#8 -480233462#1 -480233462#0 480233463#0 480233463#1 480233463#2 480233463#3 516948898#8 516948898#9 516948898#10 516948898#11 1214479816#0 1214479816#1 1214479816#2 1214479816#3 1214479816#4 1214479811 1392913187#0 1392913187#1 1392913188 1392913189 1392913190 1392913191 238545096#0 238545096#1 238545096#2 37401486#22 -1244243646#0 447956867#1 447956867#2 464154085#0 464154085#1 464154087#0 464154089#0 -464154090,44,390.92,expanded_map_background_distributed_boundary
expanded_v7_mapwide_00063,379584855#2,-1054180193#0,379584855#2 -416206250#2 -416206250#1 -416206250#0 -379584836 -1455241698#1 -263590234 1455241701#0 183521053#0 183521053#1 1455185840#2 1455185840#4 1455210367#1 1455210363#0 1455210370 1455210361#0 1455210361#1 1455210361#2 1455210361#3 1455210357 1455210358 1455210359 899856672#0 899856672#1 -229028000#11 -381809121#1 -381809121#0 -229028024#3 -229028024#1 -229028024#0 899856672#3 899856672#4 218781562#1 899499299 899499300 899499301#0 899499301#3 908057245 899499302 -519060520#0 -899499304#1 -899499304#0 -519060521 -922996665#4 -922996665#2 -922996665#1 -922996665#0 -922996664 -922996666 -1102479447#1 -1102479447#0 -519068801#5 -519068801#4 -519068801#3 -519068801#2 -519068801#1 -519068801#0 -37400351#3 -37400351#2 381793820#0 381793828#0 779239885 -37400351#0 -911525664#1 -379966003#2 -379966003#1 -379966003#0 519060519#0 519060519#1 519060519#2 519060519#3 913954388#1 -1054180193#0,73,397.28,expanded_map_background_distributed_boundary
expanded_v7_mapwide_00064,381570309#3,377333844,381570309#3 420310508#4 381570303#3 381570303#4 420309398#0 420309398#1 -381458583#6 -381458583#5 381458593 -218910324#3 -519097167#1 -519097167#0 -381741961#1 -381741961#0 -413106892 381746310 -381741957#1 -381741957#0 519097163#0 519097163#1 519097163#2 -1392679411 219076111#0 219076111#1 219076111#2 219076111#3 582839862#0 582839862#1 377333811#0 377333844,30,403.63,expanded_map_background_distributed_boundary
expanded_v7_mapwide_00065,620604513#0,117784411#1,620604513#0 395466460#0 395466460#1 395466460#2 620604512#0 620604512#1 620604512#2 620604512#3 1378880611 464233647#1 -464233648#1 -464233648#0 773066532#1 516388936#3 516388936#4 480233462#0 480233462#1 480233462#3 1424068313#1 1424068313#2 1424068313#3 1424068313#4 1424068313#5 619147731 539136610#0 908622900#0 908622900#1 -198564935#3 -198564935#2 -198564935#0 198564933 198564930 218923160#0 218923160#1 218923160#2 218923160#3 218923160#4 219096264 198564925#0 198564925#1 198564925#2 198564925#3 198564925#4 198564925#5 782892488#2 782892488#3 782892488#4 782892488#5 184083183#0 184083183#1 184083183#2 184083183#3 184083183#4 184083183#5 184083183#6 218923184 1456115805 1381133418 117784417#2 117784417#3 -420348553 117784418#2 117784411#1,63,408.55,expanded_map_background_distributed_boundary
expanded_v7_mapwide_00066,-37400066#0,1455524947#1,-37400066#0 -83339285#5 -83339285#4 -83339285#3 -83339285#2 -83339285#1 -83339285#0 -381737978#2 381746718 -381746720 -381746719 -340373565#3 -340373565#2 -340373565#1 420097204#1 381746717 -218960895#1 -218960895#0 -183272309#13 -183272309#12 -183272309#10 -183272309#9 -183272309#8 -183272309#7 -183272309#6 -183272309#4 -420319848#7 -420319848#5 -420319848#4 -420319848#3 -420319848#2 381452175#0 381452175#1 381452175#2 381452175#3 -381452122#3 913009312#9 913009312#10 -218923171#5 183272621 -1455518729#7 -1455518729#6 -1455518729#5 -1455518729#4 -1455518729#2 -327035700#1 -327035700#0 591142225#0 591142225#1 1455518727#1 1455518727#2 117784416 1455524947#0 1455524947#1,54,414.91,expanded_map_background_distributed_boundary
expanded_v7_mapwide_00067,379598611#1,-318883568,379598611#1 703307925 -310911143#1 -310911143#0 -310909619#2 -310909619#1 -379598675 416209832 -379598702#0 -703247074#1 -703247074#0 -379584848#4 -379584827#1 379584843 -379584835#4 -379584861#0 -416206250#0 -379584836 -1455241698#1 -263590234 1455241701#0 1455241701#1 1455240793#0 1455240793#1 1455240793#2 1455240793#3 1455240793#4 183521201#1 379589803#0 379589803#1 379589801#0 379589801#1 379589801#2 379589801#3 -318883568,35,421.26,expanded_map_background_distributed_boundary
expanded_v7_mapwide_00068,381807723#0,-229028339#1,381807723#0 381807723#2 788411960#0 788411960#1 788411960#2 788411960#3 788411961#0 -420078498#4 -420078498#3 -420078498#2 -420078498#1 229028334#5 229028334#6 420078497#3 420078497#4 420078497#5 -229028339#1,17,427.61,expanded_map_background_distributed_boundary
expanded_v7_mapwide_00069,420097199#0,908694578#3,420097199#0 -381746721 -420097197#0 -381746452#3 -381746452#2 -381746452#1 -381746452#0 -218960891#3 -381452099 -381452140#0 381452120#3 381452120#5 381452120#6 -183272309#6 -183272309#4 -420319848#7 -420319848#5 -420319848#4 -420319848#3 -420319848#2 -420319848#1 -420319848#0 381452132 -420331825#4 -420331825#3 -420331825#2 -420331825#1 -420331825#0 913006754#9 1455512067 428260110 381453328#0 -381453321#4 -381453321#2 -381453321#1 381453320#1 -420348556#2 -420348556#1 -420348556#0 381453325#1 -198564928#25 -198564928#24 -198564928#21 -198564928#20 -198564928#19 -198564928#18 -198564928#17 -198564928#16 -198564928#15 -198564928#14 -198564928#13 -198564928#12 -198564928#11 -198564928#10 -198564928#8 -198564928#7 -198564928#6 -198564928#5 1205679418#11 1205679418#12 1205679418#14 329995230#0 228795478#0 228795478#1 228795478#2 913565824#9 913565824#10 913565824#11 908694578#0 908694578#1 908694578#2 908694578#3,72,433.96,expanded_map_background_distributed_boundary
expanded_v7_mapwide_00070,1113247891#6,464770445#0,1113247891#6 -368834998#9 -368834998#8 -368834998#7 -377373577#7 -377373577#6 -377373577#5 -377373577#4 -377373577#2 -377373577#1 -377373577#0 331953294#3 377373670#0 377373670#1 377373670#2 331953288#6 331953288#7 377373635 464380979#1 516169312#12 516169312#13 516169312#14 499417661#0 837752063#1 837752063#2 837752066#0 837752066#1 585352850#3 585352851#0 585352851#1 218707545 619137615#0 619137615#1 619137615#3 619137615#4 464447942#0 244477705#2 244477705#3 244477705#4 244477705#5 244477705#6 244477705#7 244477705#8 -344898677#10 -344898677#7 -344898677#5 -344898677#4 -344898677#3 -344898677#1 -344898677#0 464458362#0 464458362#1 -244477714#2 -244477714#1 -244477714#0 526967879#3 580350029#0 580350029#1 -351672107#4 -351672107#3 -351672107#2 -351672107#1 464770445#0,63,440.32,expanded_map_background_distributed_boundary
expanded_v7_mapwide_00071,-767644535,233651332#0,-767644535 767644534#1 782892491#1 420383143#0 420383143#1 228795477#2 228795477#3 228795463#0 228795463#1 228795463#3 228795463#4 219696192#7 219696192#9 824132484#1 824132486 420383141#0 420383141#1 -506162633 517641026#0 517641026#1 517641026#2 517641026#3 517641017#0 517641017#1 517641017#2 517641017#3 -184444067#6 233651332#0,28,446.67,expanded_map_background_distributed_boundary
expanded_v7_mapwide_00072,-228795463#0,-381452104#0,-228795463#0 228795477#5 228795477#6 228795474#1 228795474#2 228795463#3 228795463#4 198564928#10 198564928#11 198564928#12 198564928#13 198564928#14 198564928#15 198564928#16 198564928#17 198564928#18 198564928#19 198564928#20 198564928#21 198564928#24 198564928#25 198564928#26 198564928#27 198564928#28 -1455518728 -428260116#1 -428260116#0 -1455512067 -913006754#9 420331825#0 420331825#1 420331825#2 420331825#3 420331825#4 -913009312#4 117914343#0 381452104#0 381452104#1 -420319840#1 -420319840#0 -381452174#0 -381452104#0,42,453.02,expanded_map_background_distributed_boundary
expanded_v7_mapwide_00073,416178720#7,-607077076#2,416178720#7 416178720#8 -229027410#4 -229027410#3 -229027410#2 -229027410#1 183521178#8 183521178#9 1153283290 770890583#0 770890583#1 770890583#2 773060741#0 773060741#1 770890587 770890589#0 770890589#1 770890589#2 770890589#3 770890589#4 770890589#5 773066535#0 184083191#2 773066536#0 773066536#1 773066536#2 773066536#3 -420334155#3 -420334155#2 -420334155#1 -420334155#0 -607077076#3 -607077076#2,33,459.38,expanded_map_background_distributed_boundary
expanded_v7_mapwide_00074,420317543#1,-381452108#2,420317543#1 244215552#1 520307306 913009311 913009312#1 913009312#2 913009312#3 117914343#0 117914343#1 381452108#0 -381452106#6 -381452106#4 -381452106#3 381452155 -381452108#3 -381452108#2,16,465.73,expanded_map_background_distributed_boundary
expanded_v7_mapwide_00075,-333725872#4,320463245#4,-333725872#4 -229028026#10 -229028026#9 -379730411#2 -229028019#2 -229028019#1 218923174#2 218923174#3 218923174#4 218923174#5 218923174#6 770890587 770890589#0 770890589#1 770890589#2 770890589#3 770890589#4 770890589#5 773066535#0 218923171#1 218923171#2 218923171#4 183272621 -1455518729#7 -1455518729#6 -1455518729#5 -1455518729#4 -1455518729#2 -1455518729#1 -1455518729#0 -1455518726 -198564928#28 -198564928#27 -198564928#26 -198564928#25 -198564928#24 -198564928#21 -198564928#20 -198564928#19 -198564928#18 -198564928#17 -198564928#16 -198564928#15 381456420#0 381456420#1 381456420#4 381456420#5 381456466#2 320463245#4,49,472.08,expanded_map_background_distributed_boundary
expanded_v7_mapwide_00076,-318750942#0,198691077#7,-318750942#0 -419750456#1 -419750456#0 -73550861#4 -73550861#3 -73550861#1 -73550861#0 37403263#0 -233651294#3 419812894#0 419812894#1 419812896#1 788674831 -419812890#0 -245063636#3 -245063636#2 -245063636#1 -245063636#0 184444067#5 184444067#6 517641017#4 517641017#5 517641017#6 517641017#7 517641017#8 517706841#1 517706841#2 344663892#0 344663892#1 -184443141#4 -184443141#3 -184443141#2 -184443141#1 -184443141#0 -1084408276#1 -1084408276#0 -424940172 -333725870 -218923156#1 1499619440#1 1499619440#2 1499619440#3 1499619440#4 1499619440#5 219096264 198564925#0 198564925#1 198691078#0 198691078#1 198691056#0 198691078#3 198691078#4 198691077#7,53,478.44,expanded_map_background_distributed_boundary
expanded_v7_mapwide_00077,775222468#2,-772279128#0,775222468#2 775222468#3 -273028084#11 -273028084#10 772873181#0 -775222468#4 -775222468#3 -775222468#2 -775222468#1 420361201 767063626 1283636942 -768399563#1 -768399563#0 420361194#0 420361194#1 420361194#2 773060736 781985779#0 781985779#1 781985792#0 781985792#1 781985792#2 781985792#3 273638834#1 273638834#2 273638834#3 273638834#4 273638834#5 273638834#6 273638834#8 223418965#3 223418965#4 223418965#6 223418965#7 223418965#8 223418965#9 788411954#1 -772279128#0,39,484.79,expanded_map_background_distributed_boundary
expanded_v7_mapwide_00078,198691079#2,601902513#0,198691079#2 -198691076#0 198691056#3 198691077#6 198691077#7 198691077#9 198691077#10 198691077#11 198691077#12 198691077#13 198691077#14 218974503#0 218974503#1 218974503#2 218974503#3 218974503#4 218974503#5 218974503#6 1109231377#0 1109231377#1 782892492#0 782892492#1 773060736 781985779#0 781985779#1 781985792#0 781985792#1 781985792#2 781985792#3 785130598#0 785130598#1 785130598#2 785130598#3 785130598#4 785130598#5 785130598#6 785130598#7 785130598#8 1455497343#0 785130601#1 -785130602#0 1455497343#2 1455497343#3 1455497343#4 785130603 428260104 -913006754#9 420331825#0 420331825#1 420331825#2 420331825#3 601902513#0,52,489.71,expanded_map_background_distributed_boundary
expanded_v7_mapwide_00079,381807706#0,1207199730#3,381807706#0 -381807683#1 -482140281#9 -482140281#8 381809117#0 381809117#1 381809117#2 -420086334#2 420078498#4 -482140281#5 -482140281#4 -482140281#2 -482140281#1 -482140281#0 -911522747#1 -911522747#0 -911522751#4 -911522751#1 -911522751#0 -913811577#1 -913811577#0 183521074#0 183521074#1 183521074#2 183521074#3 -913811578 913694024#0 913694024#1 37403503#5 37403503#6 656122996 1199229106#0 1199229106#1 218771978#1 218771978#2 218771978#3 218771978#4 218771978#5 218771978#6 218771978#7 1212424785#0 1212424785#1 1212424785#2 1212424785#3 1212424785#4 1212424785#5 1212424785#6 1212424785#7 1212424785#8 1212424785#9 732213463#0 732213463#2 732213463#3 73550864#0 73550864#1 73550864#2 73550864#3 1207199730#2 1207199730#3,59,496.06,expanded_map_background_distributed_boundary
expanded_v7_mapwide_00080,521770125#0,238535895#0,521770125#0 521770125#1 521770125#2 521770125#3 218910312#0 218910312#2 218910312#3 -1392679400 -218910324#11 -218910324#10 -218910324#9 -218910324#7 -218910324#6 -218910324#5 -420187960#3 239357580#0 -381570321#0 -420187960#1 -420187960#0 -381458583#6 -381458583#5 -381458583#2 -381458583#1 -381458583#0 -218681380#5 -218681380#4 -218681380#3 -218681380#2 -218681380#1 -218681380#0 -520307305#4 -520307305#3 1279010544#0 420187959#1 420187959#2 420187959#3 420187959#4 420187959#5 420187959#6 420187959#7 420187959#8 420187959#9 420187959#10 420187959#11 420187959#12 -913826317 -420319848#5 -420319848#4 -420319848#3 -420319848#2 381452175#0 381452175#1 381452175#2 381452175#3 -381452122#3 913009312#9 913009312#10 -218923171#5 -218923171#4 -218923171#2 -218923171#1 184083191#2 773066536#0 348657481#0 348657481#1 348657481#2 348657481#3 348657481#4 1283637489 607077076#0 607077076#1 -348659730 656122999 656122998#0 218771978#2 218771978#3 218771978#4 238535895#0,78,444.02,expanded_map_background_distributed_boundary
expanded_v7_mapwide_00081,377333837#0,272232099#1,377333837#0 377333837#1 377333837#2 377333837#3 377333864 -377333837#1 -377333837#0 519100623#0 -377333856 -377333891#0 -420181757#2 -420181756 377333825#0 377333825#1 -779239891 -381737989#1 -381737989#0 381737969#4 183272636#0 183272636#1 519071250 413106892 519097168#0 519097168#1 519097168#2 519097168#4 -218681380#7 -218681380#5 -218681380#4 -218681380#3 -218681380#2 -218681380#1 -218681380#0 -520307305#4 -520307305#3 -520307305#2 -520307305#1 -520307305#0 -37928420#2 -37928420#1 -37928420#0 37403487#0 913006753 913006754#0 913006754#1 913006754#2 913006754#3 913006754#4 -1291318446 -268782233#4 -268782233#3 -268782233#2 -268782329#1 -268782329#0 272228143#0 272228143#1 272228143#2 272228143#3 272228143#4 272228143#5 237470575#0 237470575#1 237470575#2 237470575#3 237470575#4 237470575#5 237470575#6 223418965#6 223418965#7 223418965#8 223418965#9 272232099#1,72,450.37,expanded_map_background_distributed_boundary
expanded_v7_mapwide_00082,464770424,-384030401#0,464770424 326189552#9 37403484#1 37403484#2 37403484#3 37403484#4 37403484#5 526967879#0 526967879#1 526967879#2 526967879#3 580350029#0 580350029#1 580350029#2 580350029#3 580350029#5 580350029#6 580350029#7 1339655672#0 1339655672#1 -580350028 1339655669 -778973690 -384030401#1 -384030401#0,25,456.72,expanded_map_background_distributed_boundary
expanded_v7_mapwide_00083,782892488#2,416172064,782892488#2 1205679418#14 329995230#0 329995230#1 228795484#0 228795484#1 228795468#3 908646367#11 218924602#0 218924602#1 218924602#2 218924602#3 656122993 156922850#1 -170403810#3 -170403810#2 -170403810#1 -170403810#0 1207199730#0 1207199730#1 1207199730#2 1207199730#3 1207199731#2 1458158605 218835937 1458158600 1458158598 -1458158597 -517641007 -1458158607 -1458158608 -1458158609 -517583989 -1458158610 -1458158611 -1458158612 -223435053 381218091#0 381218091#1 416172064,40,463.08,expanded_map_background_distributed_boundary
expanded_v7_mapwide_00084,516169308#7,377373566#0,516169308#7 516169308#8 -368834998#9 -368834998#8 -368834998#7 -368834998#6 -368834998#5 -368834998#4 289489780#0 289489780#1 289489780#3 289489780#4 289489780#5 377373668#1 -464412130#2 -464412130#1 -464412130#0 -377373704 -377373601#6 377373725#0 377373725#1 237264677#8 377373566#0,23,469.43,expanded_map_background_distributed_boundary
expanded_v7_mapwide_00085,-221431173#0,-221977892#3,-221431173#0 -221431169#0 37399752#2 37399752#3 37399752#4 37399752#5 37399752#6 37399752#7 37399752#8 37399752#9 141957153 142077711#1 236945321#1 236945321#2 236945321#3 236945321#4 196079107#0 196079107#1 446743583#0 446743583#1 1506928764#0 1506928764#1 1506928764#2 196079104#0 196079104#2 196079104#3 196079104#4 196079104#5 1153283294#0 1153283294#1 619392625 773060739#0 773060739#1 1208411212#0 1208411212#1 37402325#0 37402325#1 913546029 180368916#1 180368916#4 -221977892#3,41,475.78,expanded_map_background_distributed_boundary
expanded_v7_mapwide_00086,-1004836024,-243542155#0,-1004836024 233651280#1 218974504#3 218974504#4 218974504#5 219096265 708672701#0 708672701#1 708672701#2 708672701#3 708672701#4 708672701#5 708672701#6 708672701#7 708672701#8 708858347 -1499619438#0 -383097714 383097722#0 781985788#0 1465558146#0 1465558146#1 383097723 379943276 -243542155#1 -243542155#0,26,482.14,expanded_map_background_distributed_boundary
expanded_v7_mapwide_00087,-233526454#0,229026917#1,-233526454#0 -73550861#4 419752064#0 788674833 -419752060 -419752058#0 180190213#9 180190213#11 220027347#7 220027347#8 220027347#9 220027347#10 1207199730#0 1207199730#1 1207199730#2 1207199730#3 1207199731#2 1458158605 218835937 1458158600 1458158598 -1458158597 -517641007 -1458158607 -1458158608 -1458158609 -517583989 -1458158610 -1458158611 -1458158612 1458158615#0 1458158613#1 1458158613#3 1458158613#4 1458158613#5 1455528504#0 1455528504#1 1455528504#2 381218125#0 381218125#1 -381218124#3 -381218124#2 -381218124#0 381218115#1 381218115#2 381218115#3 -229026916#8 -229026916#5 -229026916#4 -229026916#3 -229026916#2 229026917#1,52,488.49,expanded_map_background_distributed_boundary
expanded_v7_mapwide_00088,-1176532865#1,415967618#6,-1176532865#1 -1176532865#0 -1176532864#0 229026906#1 416204675#0 416204675#1 416204675#2 -379730390#2 -379730390#1 -379730349 416204675#5 416204675#6 416204675#7 416204675#8 416204675#9 416204675#11 -229027410#4 -229027410#3 -229027410#2 -229027410#1 183521178#8 183521178#9 183521195#0 183521195#1 183521195#2 183521195#3 1455546617#0 1455546617#1 381218097 229026919 415967618#6,31,494.84,expanded_map_background_distributed_boundary
expanded_v7_mapwide_00089,420187963#0,238535896#1,420187963#0 381458594#1 381458594#2 381458594#3 381458594#4 -381458597 -381458581#3 -381458581#2 -381458581#1 239357573#19 239357573#20 239357573#21 -520307305#2 -520307305#1 -520307305#0 -37928420#2 -37928420#1 -37928420#0 218662402#0 218662402#1 520307306 913009311 1126339777#0 1126339777#1 -420331831 117914348#0 117914348#1 117914351#0 117914351#2 -420331825#0 913006754#9 1455512067 1455512071 428260116#1 1455518728 1455518727#0 1455518727#1 1455518727#2 1455524944 1455524946 1455524945 218923182 268783056#1 1455524950#0 1455524950#1 1455524952#0 1455524952#1 1455526423 1455526421 1455526422 1455526425#0 1455526425#1 482167259 482167260 1455527229 1455527230 1207481548 1455546620 1207481549#0 1207481549#1 1455546621 238535896#1,62,501.20,expanded_map_background_distributed_boundary
expanded_v7_mapwide_00090,381447829#0,420331831,381447829#0 420331831,2,507.55,expanded_map_background_distributed_boundary
expanded_v7_mapwide_00091,-381743714#2,420086344#0,-381743714#2 -381743714#1 -381743714#0 521770125#2 521770125#3 218910312#0 218910312#2 218910312#3 -1392679400 -218910324#11 -218910324#10 -218910324#9 -218910324#7 -218910324#6 -218910324#5 -420187960#3 239357580#0 -381570321#0 -420187960#1 -420187960#0 -381458583#6 -381458583#5 -381458583#2 -381458583#1 420187962#3 -218910324#0 -218960891#14 -218960891#13 -218960891#12 -218960891#11 -218960891#10 -218960891#9 -218960891#8 -218960891#6 -218960891#5 -218960891#4 -218960891#3 -218960891#2 -218960891#1 -218960891#0 -37399924#11 -37399924#10 -37399924#9 -37399924#8 -37399924#7 -37399924#6 -37399924#5 -37399924#4 -37399924#3 -37399924#2 -37399924#1 -37399924#0 218684411#0 218684411#1 218684411#2 218684411#3 218684411#4 218684411#5 218684411#6 218684411#7 -381807695#0 420080607#1 229028006#2 229028006#4 229028006#5 229028006#6 229028006#8 229028006#9 420086344#0,69,512.47,expanded_map_background_distributed_boundary
expanded_v7_mapwide_00092,-381453329,223418965#9,-381453329 420348556#2 381453320#2 381453320#3 1501824264 -1455497346 -503530174#1 -503530174#0 237470575#0 237470575#1 237470575#2 237470575#3 237470575#4 237470575#5 237470575#6 223418965#6 223418965#7 223418965#8 223418965#9,19,518.82,expanded_map_background_distributed_boundary
expanded_v7_mapwide_00093,-420187960#0,381570309#3,-420187960#0 -420309398#1 -420309398#0 -381570303#4 -381570303#3 -420310508#4 -420310508#3 -420310508#2 381570323 381570309#3,10,525.18,expanded_map_background_distributed_boundary
expanded_v7_mapwide_00094,-381746452#0,-37400066#0,-381746452#0 218960891#4 -381746450#3 -381746450#2 -340373565#6 381746452#2 381746452#3 -420097198#1 -420097207 -381746718 381737978#2 83339285#0 83339285#1 83339285#2 83339285#3 83339285#4 83339285#5 37400066#0 37400066#1 37400066#2 -381793820#3 779239883 779239884 381793815 -779239885 381793828#2 -779239884 -779239883 381793820#3 -37400066#2 -37400066#1 -37400066#0,32,531.53,expanded_map_background_distributed_boundary
expanded_v7_mapwide_00095,377333844,381807723#0,377333844 377333893#1 1442270413#0 1442270413#1 1442270413#2 519071250 413106892 519097168#0 519097168#1 519097168#2 519097168#4 -218960891#14 -218960891#13 -218960891#12 -218960891#11 -218960891#10 -218960891#9 -218960891#8 -218960891#6 -218960891#5 -218960891#4 -218960891#3 -218960891#2 -218960891#1 -218960891#0 -37399924#11 -37399924#10 -37399924#9 -37399924#8 -37399924#7 -37399924#6 -37399924#5 -37399924#4 -37399924#3 -37399924#2 -37399924#1 -37399924#0 218684411#0 218684411#1 218684411#2 218684411#3 218684411#4 218684411#5 -229028337#8 -229028337#7 229028340#9 229028345#10 381807723#0,48,537.88,expanded_map_background_distributed_boundary
expanded_v7_mapwide_00096,464458362#4,651817398#4,464458362#4 580350029#3 580350029#5 580350029#6 580350029#7 1339655672#0 1339655672#1 -580350028 1339655669 1339655668 516163750#0 516163750#1 1206220503#0 1206220503#1 333554718 333554719 219696191#0 219696191#1 619147740 619147739#0 651817398#0 651817398#1 651817398#2 651817398#3 651817398#4,25,544.24,expanded_map_background_distributed_boundary
expanded_v7_mapwide_00097,117784411#1,782892489#2,117784411#1 117784421#3 117784419#0 117784419#1 395564622#2 -198564928#25 -198564928#24 -198564928#21 -198564928#20 -198564928#19 -198564928#18 -198564928#17 -198564928#16 -198564928#15 -198564928#14 -198564928#13 -198564928#12 -198564928#11 -198564928#10 -228795463#4 -228795463#3 -228795463#1 -228795463#0 -228795477#3 -228795477#2 -420383143#1 -420383143#0 -1205679418#1 -767644535 -767644534#0 180368915#3 782892489#1 782892489#2,33,550.59,expanded_map_background_distributed_boundary
expanded_v7_mapwide_00098,244477710,-329995227#2,244477710 244477705#8 -344898677#10 -344898677#7 -344898677#5 -344898677#4 -344898677#3 -344898677#1 -344898677#0 464458362#0 464458362#1 464458362#2 -468168887#2 -468168887#1 -468168887#0 -224260187#6 -376666917 -376666933#0 -224260190#5 -224260190#4 -224260190#3 -224260190#2 -224260190#1 -224260190#0 1206220503#0 1206220503#1 333554718 333554719 219696191#0 219696191#1 619147740 619147739#0 619147739#1 619147739#2 619147739#3 619147739#4 619147739#5 619147739#6 781983103#1 781983103#2 921117704#0 921117704#1 1467498054 -781985788#0 -383097722#0 383097714 1499619438#0 1499619445#2 1499619444 1499619443#0 1499619443#1 1499619443#2 1499619443#3 198691077#0 198691077#1 198691077#2 198691077#3 198691077#4 198691077#5 198691077#6 198691077#7 198691077#9 198691077#10 198691077#11 198691077#12 198691077#13 198691077#14 913565824#1 913565824#2 782892488#2 782892488#3 782892488#4 782892488#5 420383141#0 -329995227#2,75,556.94,expanded_map_background_distributed_boundary
expanded_v7_mapwide_00099,198691078#4,419752057#4,198691078#4 198691077#7 198691077#9 198691077#10 198691077#11 198691077#12 198691077#13 198691077#14 913565824#1 913565824#2 913565824#6 913565824#7 913565824#8 913565824#9 913565824#10 913565824#11 919117822#1 919117822#2 919117822#3 919117822#4 1013396414#1 1013396414#2 306384116#0 306384116#1 419812905#0 419812905#1 -1013396417#0 -37403263#7 -37403263#6 -37403263#5 233651310#0 -329261487 -184445043#1 -184445043#0 -419812286#5 -117784412#0 180190213#3 419750459#0 419752057#3 419752057#4,40,563.30,expanded_map_background_distributed_boundary
expanded_v7_mapwide_00100,-229028339#1,-379584856#1,-229028339#1 -379730398#2 -379730398#1 -379730398#0 -732213457#1 -732213457#0 732213458 229028014#1 238538825#0 238538825#1 238538825#2 238538822#2 -379730387#2 -379730329#4 -379730329#3 -379730329#2 -379730329#1 238538823#4 238538823#5 183521185#13 263590234 1455241699#0 1455241699#1 379584862#1 379584862#2 416206250#0 416206250#1 416206250#2 416206250#3 -379584856#1,30,569.65,expanded_map_background_distributed_boundary
expanded_v7_mapwide_00101,381746724,420317543#1,381746724 -117770541#1 -381746452#2 340373565#6 381746450#2 381746450#3 -420317541#6 -420317541#5 -420317541#4 -420317541#3 -420317541#2 -420317541#1 -420317541#0 -375125209 117914354 420317540 420317543#0 420317543#1,18,576.00,expanded_map_background_distributed_boundary
expanded_v7_mapwide_00102,-331953288#2,-376666928#1,-331953288#2 464399096#0 464399096#1 464380980#1 516169312#9 516169312#10 516169312#11 516169312#12 516169312#13 516169312#14 499417661#0 837752063#1 837752063#2 837752066#0 837752066#1 585352850#3 585352851#0 585352851#1 218707545 619137615#0 619137615#1 619137615#3 619137615#4 464447942#0 464447942#1 464447942#2 464447942#3 344898685 384030384 -464458358#0 -464458860#4 -464458860#3 -464458860#1 -464458860#0 -376666928#2 -376666928#1,36,582.35,expanded_map_background_distributed_boundary
expanded_v7_mapwide_00103,233651332#0,-228795463#0,233651332#0 -788674832 517641017#2 517641017#3 517641017#4 517641017#5 517641017#6 517641017#7 517641017#8 517706841#1 517706841#2 517706841#3 517706841#4 517706841#5 908694579 656122981#0 908646367#5 908646367#6 908646367#7 -329995230#2 -329995230#1 -329995230#0 -1205679418#14 -1205679418#12 -1205679418#11 -1205679418#10 -1205679418#9 -1205679418#8 -1205679418#7 -1205679418#6 228795474#0 228795474#1 228795474#2 -228795463#1 -228795463#0,35,588.71,expanded_map_background_distributed_boundary
expanded_v7_mapwide_00104,266255488#0,-238536650#1,266255488#0 266255488#1 266255488#2 -420108609#2 -420108609#1 -381730930#3 -381730930#1 -381730930#0 -83339285#5 -83339285#4 -83339285#3 -83339285#2 -83339285#1 -83339285#0 -482188707#1 -340373564#4 -340373564#3 -340373564#2 381802856 381802880#1 -340373566#2 -340373566#1 -340373566#0 -420089386#5 -420089386#4 -420089386#3 -420089386#2 -420089386#1 -420089386#0 -870977308#0 -117770551#4 -117770551#3 -117770551#2 -117770551#0 -183272625#1 -174870621#2 381807720#1 381807720#2 381807720#3 381807720#4 800229257#2 911522748#0 911522748#1 183521074#0 183521074#1 183521074#2 -381809847 -238536650#1,48,593.63,expanded_map_background_distributed_boundary
expanded_v7_mapwide_00105,-37399924#8,381807706#0,-37399924#8 -37399924#7 -37399924#6 -37399924#5 -37399924#4 -37399924#3 -37399924#2 -37399924#1 -37399924#0 218684411#0 218684411#1 218684411#2 218684411#3 218684411#4 218684411#5 218684411#6 218684411#7 -381807695#0 420080607#1 420080604#0 420080604#1 420080604#2 229028020#4 229028020#5 229028020#6 229028020#7 229028020#8 420080602#0 420080602#1 420080602#2 381807706#0,31,599.98,expanded_map_background_distributed_boundary
expanded_v7_mapwide_00106,183521195#1,-420092889#1,183521195#1 788674837 381218106#1 -517932075#3 -517932075#2 -517932075#1 -517932075#0 1153283290 770890583#0 770890583#1 770890583#2 773060741#0 773060741#1 770890587 770890589#0 770890589#1 770890589#2 770890589#3 770890589#4 770890589#5 773066535#0 218923178#0 218923178#1 218923178#2 218923178#3 218923178#4 218923178#7 578313749#0 578313749#1 420331816#0 420331816#1 381802847#0 -420331812#4 -420331812#3 -420331812#2 381802858 -381802844#2 -381802844#1 -381802844#0 117914344#2 -117914353#2 -117914353#1 381802883#0 -420092889#2 -420092889#1,45,606.34,expanded_map_background_distributed_boundary
expanded_v7_mapwide_00107,-464155346#0,1216356209#0,-464155346#0 517328038#1 -464154085#2 -464154085#1 -464154085#0 -447956867#2 -447956867#1 1244243645 -37401486#22 -238545096#2 -238545096#1 -238545096#0 516398275#3 516398275#4 516398275#5 516398275#6 516398275#7 516398275#8 516398275#9 908636259#0 908636259#1 908636259#3 908636259#4 908720245#0 908720245#1 -224258726#1 1216356209#0,27,612.69,expanded_map_background_distributed_boundary
expanded_v7_mapwide_00108,320463245#4,381802875,320463245#4 -1125773044 -381456420#7 -381456468#1 -381456468#0 381456466#1 -381456420#5 -381456420#4 -381456420#1 -381456420#0 198564928#15 198564928#16 198564928#17 198564928#18 198564928#19 198564928#20 198564928#21 198564928#24 198564928#25 198564928#26 198564928#27 198564928#28 1455518726 1455518729#0 1455518729#1 1455518729#2 1455518729#4 1455518729#5 1455518729#6 1455518729#7 183272587 -218773868#0 -180368918#8 -180368918#7 -180368918#6 -180368918#5 -180368918#3 -180368918#0 -800229255 -578313748#2 -578313748#0 174870621#0 174870621#2 183272625#1 117770551#0 117770551#2 117770551#3 117770551#4 870977308#0 -37399924#5 381802845#0 381802845#1 381802845#2 381802845#3 381802845#4 420092891#4 420092891#5 381802875,58,619.04,expanded_map_background_distributed_boundary
expanded_v7_mapwide_00109,1207199730#3,1125773042,1207199730#3 170403826#0 170403826#1 170403826#2 170403826#3 37400684#1 37400684#2 37400684#3 732213462 620634300 1212424784 218769254#0 218769254#1 218769254#2 218769254#3 218769254#4 1456115797#0 184083252 333555370 1456115800 1456115801#0 1456115801#1 1456115801#2 1456115801#3 -198564928#21 381456422#1 381456422#3 381456422#4 381456422#6 381456422#7 420383150#1 381456461 320463283 320463177#1 1125773042,35,625.40,expanded_map_background_distributed_boundary
expanded_v7_mapwide_00110,-381741927,219696192#4,-381741927 381741932#4 -218910324#3 -218910324#2 -218910324#1 -218910324#0 -218681380#7 -218681380#5 -218681380#4 -218681380#3 -218681380#2 -218681380#1 -218681380#0 -520307305#4 -520307305#3 -520307305#2 -520307305#1 -520307305#0 -37928420#2 -37928420#1 -37928420#0 37403487#0 913006753 913006754#0 913006754#1 913006754#2 913006754#3 913006754#4 -1291318446 -268782233#4 -268782233#3 -268782233#2 -268782329#1 -268782329#0 272228143#0 272228143#1 272228143#2 272228143#3 272228143#4 272228143#5 237470575#0 237470575#1 237470575#2 237470575#3 237470575#4 -273639501#2 -273639501#1 -273638834#8 -273638834#6 -273638834#5 -273638834#4 -273638834#3 -273638834#2 -273638834#1 219696192#0 219696192#1 219696192#3 219696192#4,58,631.75,expanded_map_background_distributed_boundary
expanded_v7_mapwide_00111,-315658900#5,419812887#2,-315658900#5 -315658900#4 -315658900#3 -315658900#2 -315658900#1 -315658900#0 -315658899#1 -315658899#0 921117704#0 921117704#1 1467498054 -781985788#0 -383097722#0 383097714 1499619438#0 1499619445#2 1499619444 1499619443#0 1499619443#1 1499619443#2 1499619443#3 1499619443#4 1499619443#5 1499619443#6 1499619443#7 1499619443#8 1499619443#9 1499619437 1499619442 1499619439#0 1499619439#1 1499619439#2 1499619439#3 218923156#1 333725870 424940172 1084408276#0 1084408276#1 1482114515#0 1084408281 219053199#0 219053199#1 219053199#2 219053199#3 219053199#4 219053199#5 -217514805#7 -217514805#6 -217514805#5 -217514805#4 -217514805#3 -217514805#2 -217514805#1 -217514805#0 -329261504#2 -895829949 419812887#1 419812887#2,58,638.10,expanded_map_background_distributed_boundary
expanded_v7_mapwide_00112,37400684#3,379584866#0,37400684#3 732213462 620634300 1212424784 1212424783#0 1212424783#1 1212424783#2 1212424783#3 1212424783#4 1455526426#0 1455526426#1 1455526426#2 482167259 482167260 1455527229 1455527230 1207481548 1455546620 1207481549#0 1207481549#1 1455546621 1455546622#0 1455546622#1 1455546623 773060740#1 913698744 180192153#0 180192153#1 180192153#3 180192153#4 180192153#6 180192153#7 180192153#8 180192153#9 180192153#10 180192153#11 180192153#12 183521185#0 183521185#1 183521185#2 183521185#3 183521185#4 183521185#5 183521185#6 183521185#7 183521185#8 183521185#10 183521185#11 183521185#13 263590234 1455241699#0 1455241699#1 379584862#1 379584862#2 416206250#0 416206250#1 416206250#2 416206250#3 416206250#4 416212022#0 379584866#0,61,644.45,expanded_map_background_distributed_boundary
expanded_v7_mapwide_00113,-416172056,-381458595,-416172056 -223435055#0 1458160293 1458158614 1458158612 1458158611 1458158610 517583989 1458158609 1458158608 1458158607 517641007 1458158597 219745508 1458158602 37400684#0 37400684#1 37400684#2 37400684#3 732213462 620634300 1212424784 218769254#0 218769254#1 218769254#2 218769254#3 218769254#4 1456115797#0 184083252 218923184 1456115805 1381133418 117784417#2 117784417#3 -420348553 -117784415 117784421#2 117784421#3 117784421#4 198564928#28 -1455518728 -428260116#1 -428260116#0 -1455512067 -913006754#9 420331825#0 -117914351#2 -117914351#0 -117914348#1 -117914348#0 420331831 -1126339777#1 -1126339777#0 -913009311 -520307306 -218662402#1 -218662402#0 37928420#0 37928420#1 37928420#2 520307305#0 520307305#1 520307305#2 -239357573#21 -239357573#20 -239357573#19 381458581#1 381458581#2 381458581#3 381458597 -381458594#4 -381458595,72,650.81,expanded_map_background_distributed_boundary
expanded_v7_mapwide_00114,416178719#1,420089386#4,416178719#1 416178719#2 416178719#3 416178719#4 416178720#1 416178720#2 416178720#3 416178720#5 416178720#6 416195450#0 416195450#1 379730341#0 379730341#1 379730344 379730377 -416204675#6 -416204675#5 379730349 379730390#1 379730390#2 -416204675#2 -416204675#1 -416204675#0 -318478691 -318478671#1 -318478671#0 -1455543604 -1455543605 -517323577#1 -517323577#0 -180192150 -333725872#8 -333725872#7 -333725872#6 -333725872#5 -333725872#4 -333725872#2 -333725872#1 -482188706 -183895356 -218684408#9 -218684408#8 -218684408#7 -218684408#6 -218684408#5 -218684408#3 -218684408#2 -218684408#1 -218684408#0 37399924#0 37399924#1 37399924#2 37399924#3 37399924#4 37399924#5 420089386#0 420089386#1 420089386#2 420089386#3 420089386#4,60,657.16,expanded_map_background_distributed_boundary
expanded_v7_mapwide_00115,-245063646,-420361194#1,-245063646 184444067#4 184444067#5 184444067#6 517641017#4 517641017#5 517641017#6 517641017#7 517641017#8 517706841#1 517706841#2 517706841#3 517706841#4 517706841#5 908694579 656122981#0 656122981#1 656122981#2 656122981#4 656122981#5 656122981#6 613477341#2 613477341#3 613477341#4 218974503#0 218974503#1 218974503#2 218974503#3 218974503#4 218974503#5 218974503#6 1109231377#0 1109231377#1 782892492#0 782892492#1 -420361194#2 -420361194#1,37,663.51,expanded_map_background_distributed_boundary
expanded_v7_mapwide_00116,770860549,-619137615#8,770860549 821457682#1 333557072#3 -770860548#4 -770860548#3 770860565#0 770860565#1 78628775#5 78628770#1 379943755#1 379943753#0 379943753#1 1339655667#0 1339655667#1 -37403486#2 -37403486#1 -1339655670#2 -1339655670#1 -1339655670#0 -1339655672#1 -1339655672#0 -580350029#7 -580350029#6 -580350029#5 -580350029#3 -580350029#2 -580350029#1 -580350029#0 -526967879#3 -526967879#2 -526967879#1 -526967879#0 -37403484#5 -37403484#4 464458983#0 464458983#2 464458983#3 344898669#0 -344898670#0 -619137615#9 -619137615#8,41,669.87,expanded_map_background_distributed_boundary
expanded_v7_mapwide_00117,773060739#1,379730378#0,773060739#1 1208411212#0 1208411212#1 37402325#0 37402325#1 37402325#2 1506928765 480618375#1 480618375#2 480618375#3 480618375#4 480618375#5 480618375#6 480618375#7 480618375#8 480618375#9 1153283292#1 1153283292#2 1153283292#3 1153283292#4 770899736#0 770899736#1 770899736#2 1458160299 1458160300#0 1458160300#1 1458160300#2 1458160300#4 1458160300#5 1458160300#6 218769263#0 218769263#1 218769263#2 218769263#3 218769263#4 218769263#5 218769263#6 218769263#7 218769263#8 218769263#9 218769263#11 218769263#12 218769263#14 -517932075#9 -517932075#8 -517932075#7 -517932075#6 -517932075#5 -517932075#3 -517932075#2 -517932075#1 -517932075#0 1153283290 913698744 180192153#0 180192153#1 180192153#3 180192153#4 180192153#6 180192153#7 180192153#8 180192153#9 180192153#10 180192153#11 180192153#12 183521185#0 183521185#1 -379730403#4 416175123#0 416175122#2 -229028014#4 -800601984 -238538492#8 -238538492#7 -379730387#2 -379730387#1 -379730387#0 238538826#1 379730378#0,79,674.79,expanded_map_background_distributed_boundary
expanded_v7_mapwide_00118,375125205#4,218771978#3,375125205#4 381807721#0 -381807694#1 381807720#3 381807720#4 800229257#2 911522748#0 911522748#1 183521074#0 183521074#1 183521074#2 183521074#3 -913811578 913694024#0 913694024#1 37403503#5 37403503#6 656122996 1199229106#0 1199229106#1 218771978#1 218771978#2 218771978#3,23,681.14,expanded_map_background_distributed_boundary
expanded_v7_mapwide_00119,244384770#2,183521185#8,244384770#2 244384770#3 244384770#4 244384770#5 244384770#6 244384770#7 244384770#8 244384770#9 244384770#10 244384770#11 244384770#12 244384770#13 244384770#14 244384770#15 913006752#0 913006752#1 218662402#0 218662402#1 520307306 913009311 913009312#1 913009312#2 913009312#3 913009312#4 913009312#5 913009312#6 913009312#7 913009312#8 913009312#9 913009312#10 -218923171#5 -218923171#4 -218923171#2 -218923171#1 37403503#1 37403503#2 37403503#3 37403503#4 37403503#5 37403503#6 656122996 183272548#0 183272548#1 183272548#2 183272548#3 183272548#4 180192153#0 180192153#1 180192153#3 180192153#4 180192153#6 180192153#7 180192153#8 180192153#9 180192153#10 180192153#11 180192153#12 183521185#0 183521185#1 183521185#2 183521185#3 183521185#4 183521185#5 183521185#6 183521185#7 183521185#8,66,687.50,expanded_map_background_distributed_boundary
expanded_v7_mapwide_00120,-381452140#1,420113458#2,-381452140#1 381452099 218960891#3 381746452#0 381746452#1 381746452#2 381746452#3 -420097198#1 -420097207 -381746718 381737978#2 83339285#0 83339285#1 83339285#2 83339285#3 83339285#4 83339285#5 381730930#0 381730930#1 381730930#3 420108609#1 420108609#2 420108609#3 420108609#4 420108609#5 420113453 381730887 381730927 -381730909#2 -420113460 420113458#2,31,693.85,expanded_map_background_distributed_boundary
expanded_v7_mapwide_00121,-328442838#2,516417604#2,-328442838#2 -328442838#1 385962314#1 385962314#2 -385962313#2 -385962313#1 913230876 1507371404#2 480233461 1067765276#0 1067765276#1 1067765276#2 480233459 333580689#1 333580689#2 516388936#0 516948898#8 516948898#9 516948898#10 516948898#11 1214479816#0 1214479816#1 1214479816#2 1214479816#3 1214479816#4 333969025#1 773066533#0 773066533#1 773066533#2 773066533#3 621513157#0 621513157#1 621513157#2 621513156 516417604#0 516417604#2,36,700.20,expanded_map_background_distributed_boundary
expanded_v7_mapwide_00122,422584937#2,1205679418#10,422584937#2 -531796031 -218923177 516948898#3 176728950#0 176728950#1 -344645187 176728955#5 176728955#6 176728955#7 176728955#8 480233462#3 1424068313#1 1424068313#2 1424068313#3 1424068313#4 1424068313#5 619147731 539136610#0 908622900#0 908622900#1 -198564935#3 -198564935#2 -198564935#0 198564933 198564930 218923160#0 218923160#1 218923160#2 218923160#3 218923160#4 219096264 198564925#0 198564925#1 198564925#2 198564925#3 198564925#4 198564925#5 782892488#2 -1205679418#12 -1205679418#11 -1205679418#10 -1205679418#9 -1205679418#8 228795472#0 -228795477#7 -228795474#0 1205679418#6 1205679418#7 1205679418#8 1205679418#9 1205679418#10,52,706.55,expanded_map_background_distributed_boundary
expanded_v7_mapwide_00123,-464148430#0,-464419339#0,-464148430#0 -1144268077#1 -464154095#1 788727983 464148430#1 464148430#2 464148430#3 464154091#0 464154091#1 464154098 -447956867#6 -447956867#5 -447956867#4 -447956867#3 -447956867#2 -447956867#1 1244243645 -37401486#22 -238545096#2 -238545096#1 -238545096#0 516398275#3 516398275#4 516398275#5 516398275#6 516398275#7 516398275#8 516398275#9 908636259#0 908636259#1 908636259#3 908636259#4 908720245#0 908720245#1 1214479815 773066532#0 464233648#0 464233648#1 464233647#2 480233463#7 516388937 218923167#1 1068426572#0 1068426572#1 1424068314#2 1424068314#4 333554714#1 183272313#0 183272313#1 183272448#0 516169312#0 516169312#1 516169312#2 516169312#3 516169312#4 516169312#5 -331951643#7 331951646 -377373686#0 -331953288#1 -331953288#0 -464419339#2 -464419339#0,63,712.91,expanded_map_background_distributed_boundary
expanded_v7_mapwide_00124,420092890#0,218724603,420092890#0 381802870#0 381802870#1 870977310#0 870977310#1 37399924#8 37399924#9 37399924#10 37399924#11 218960891#0 218960891#1 218960891#2 218960891#3 218960891#4 218960891#5 218960891#6 218960891#8 218960891#9 218960891#10 218960891#11 218960891#12 218960891#13 218960891#14 -519097168#4 -519097168#2 -519097168#1 -519097168#0 -413106892 381746310 -381741957#1 781179155 97537664#1 519071257#0 1442271383 218724603,35,719.26,expanded_map_background_distributed_boundary
expanded_v7_mapwide_00125,381452120#6,782892488#2,381452120#6 -183272309#6 -183272309#4 -420319848#7 -420319848#5 -420319848#4 -420319848#3 -420319848#2 -420319848#1 -420319848#0 381452132 -420331825#4 -420331825#3 -420331825#2 -420331825#1 -420331825#0 913006754#9 1455512067 428260110 381453328#0 -381453321#4 -381453321#2 -381453321#1 381453320#1 -420348556#2 -420348556#1 -420348556#0 381453325#1 -198564928#25 -198564928#24 -198564928#21 -198564928#20 -198564928#19 -198564928#18 -198564928#17 -198564928#16 -198564928#15 -198564928#14 -198564928#13 -198564928#12 -198564928#11 -198564928#10 -198564928#8 -198564928#7 -198564928#6 -198564928#5 -198564928#4 -198564928#2 -198564928#0 198564934#0 198564934#1 913565824#1 913565824#2 782892488#2,54,725.61,expanded_map_background_distributed_boundary
expanded_v7_mapwide_00126,-198691076#2,516169308#7,-198691076#2 -198691076#1 198691079#3 198691085#0 198691085#1 198691085#2 198691085#3 198691065#1 198691065#2 383097714 1499619438#0 383097712#1 383097712#2 183272462#1 333972428#1 333972428#2 333972428#3 333972428#4 289213613#0 619342756 585341917 438360329#0 438360329#1 183272574#1 -516948900#4 -516948900#3 -516948900#2 333554715#1 531796031 -422584937#2 -422584937#1 -422584937#0 -516388934#3 475744294#1 183272449#0 183272449#1 183272449#2 183272449#3 516169308#2 516169308#3 516169308#4 516169308#5 516169308#6 516169308#7,44,731.97,expanded_map_background_distributed_boundary
expanded_v7_mapwide_00127,183521178#3,-233526454#0,183521178#3 183521178#4 183521178#5 183521178#6 183521178#7 183521178#8 183521178#9 183521195#0 183521195#1 183521195#2 183521195#3 1455546617#0 1455546617#1 1455546618#0 1455546618#1 1455546619 184083202 1455527231#0 1455527231#1 1455527231#2 1455527231#3 1455527231#4 1455527231#6 1455527231#7 1455527231#8 184083240 1458158606 517641011#0 517641011#1 517641011#2 517641011#3 517641011#4 517641011#5 -318750942#5 -318750942#3 -419750461#3 -419752064#6 -419752064#5 -419752064#4 -419752064#3 -419752064#2 -419752064#1 788674833 -419752056#0 -245063565#6 -245063565#5 -245063565#4 -245063565#3 419750460 -233526454#1 -233526454#0,51,738.32,expanded_map_background_distributed_boundary
expanded_v7_mapwide_00128,272232099#1,-419812285#0,272232099#1 272263605#0 272263605#1 272263605#2 -273639501#2 -273639501#1 -273638834#8 -273638834#6 -273638834#5 -273638834#4 -273638834#3 -273638834#2 -273638834#1 219696192#0 219696192#1 219696192#3 219696192#4 219696192#5 219696192#6 219696192#7 219696192#9 824132484#1 824132486 420383141#0 420383141#1 -506162633 517641026#0 517641026#1 517641026#2 517641026#3 -180190213#11 -233651332#3 233651294#0 233651294#1 233651294#2 233651294#3 -419812286#7 233651265 329261473#0 -184445043#0 -419812286#5 -419812286#4 -419812286#3 -419812286#2 -419812286#1 -419812286#0 -419812287#0 -419812285#0,48,744.67,expanded_map_background_distributed_boundary
expanded_v7_mapwide_00129,37400087#2,-273647557,37400087#2 176728954 493183992#3 -1424068313#5 -1424068313#4 -1424068313#3 -1424068313#2 -1424068313#1 176728952#0 176728952#1 176728952#2 176728952#3 183272613#0 183272613#1 899373686#6 619147734 198566324#0 919984684 619147730#3 1499619449#0 1499619449#1 1499619449#2 1499619448 1499619447#0 1499619447#1 383097727#0 383097727#1 -383097714 383097722#0 781985788#0 781985786#1 781985786#2 781985786#3 781985786#4 781985786#5 781985786#6 781985786#7 781985786#8 781985784 781985783 781985779#0 781985779#1 781985792#0 781985792#1 781985792#2 781985792#3 273638834#1 273638834#2 273638834#3 273638834#4 273638834#5 273638834#6 273638834#8 223418965#3 223418965#4 223418965#6 223418965#7 223418965#8 223418965#9 223418965#10 223418965#11 223418965#12 223418965#13 223418965#14 273647556#1 -273647557,66,751.03,expanded_map_background_distributed_boundary
expanded_v7_mapwide_00130,-239357573#20,-1004836024,-239357573#20 -239357573#19 381458581#1 381458607 -381458587#0 381458592#2 381458600#0 381458600#1 -218681380#1 -218681380#0 -520307305#4 -520307305#3 -520307305#2 -520307305#1 -520307305#0 -37928420#2 -37928420#1 -37928420#0 218662402#0 218662402#1 520307306 913009311 1126339777#0 1126339777#1 -420331831 117914348#0 117914348#1 117914351#0 117914351#2 -420331825#0 913006754#9 1455512067 428260110 381453328#0 -381453321#4 -381453321#2 -381453321#1 381453320#1 -420348556#2 -420348556#1 -420348556#0 381453325#1 -198564928#25 -198564928#24 -198564928#21 -198564928#20 -198564928#19 -198564928#18 -198564928#17 -198564928#16 -198564928#15 -198564928#14 -198564928#13 -198564928#12 -117914848#7 -381456441 -170403787#0 -170403779 219696192#9 824132484#1 824132486 420383141#0 420383141#1 -506162633 1212424791#0 1212424791#1 1212424791#2 1212424791#3 1212424791#4 1212424791#5 1212424791#6 1212424791#7 1212424791#8 908694579 656122981#0 656122981#1 656122981#2 -1004836024,78,755.95,expanded_map_background_distributed_boundary
expanded_v7_mapwide_00131,-376666930#2,1495080554#3,-376666930#2 -376666930#1 -376666932#3 -376666932#2 -376666932#1 -376666932#0 468168887#2 468168887#3 468168887#4 -526967879#3 -526967879#2 -526967879#1 -526967879#0 -37403484#5 464656382#0 464656382#1 464656382#2 464656383#0 464656383#2 464656383#3 -326189552#3 404539446#0 404539446#1 404539446#2 404539446#3 1495080554#2 1495080554#3,27,762.30,expanded_map_background_distributed_boundary
expanded_v7_mapwide_00132,381452132,420187963#0,381452132 -913009312#4 -913009312#3 -913009312#2 -913009312#1 -913009311 -520307306 -218662402#1 -218662402#0 37928420#0 37928420#1 37928420#2 520307305#0 520307305#1 520307305#2 520307305#3 520307305#4 520307305#5 218681380#1 -381458600#1 -381458600#0 -381458592#2 -381458592#1 -381458592#0 420187963#0,25,768.65,expanded_map_background_distributed_boundary
expanded_v7_mapwide_00133,228795463#4,381447829#0,228795463#4 198564928#10 198564928#11 198564928#12 198564928#13 198564928#14 198564928#15 198564928#16 198564928#17 198564928#18 198564928#19 198564928#20 198564928#21 198564928#24 198564928#25 198564928#26 198564928#27 198564928#28 -1455518728 -428260116#1 -428260116#0 -1455512067 -913006754#9 420331825#0 420331825#1 420331825#2 420331825#3 420331825#4 381447829#0,29,775.01,expanded_map_background_distributed_boundary
expanded_v7_mapwide_00134,-243542155#0,-381453329,-243542155#0 -243542154#3 -243542154#2 464461055 -243542154#0 921117704#1 1467498054 781985786#1 781985786#2 781985786#3 781985786#4 781985786#5 781985786#6 781985786#7 781985786#8 781985784 781985783 781985779#0 781985779#1 781985792#0 781985792#1 781985792#2 781985792#3 219696192#0 219696192#1 219696192#3 219696192#4 -228795471 -470453019#7 -470453019#6 -470453019#5 -470453019#4 -470453019#0 -420383160#0 198564928#12 198564928#13 198564928#14 198564928#15 198564928#16 198564928#17 198564928#18 198564928#19 198564928#20 198564928#21 198564928#24 198564928#25 -381453325#1 -420348560 -381453326#2 -381453326#1 -381453329,51,781.36,expanded_map_background_distributed_boundary
expanded_v7_mapwide_00135,1207199730#2,-348626442,1207199730#2 1207199730#3 170403826#0 170403826#1 170403826#2 170403826#3 37400684#1 37400684#2 37400684#3 732213462 620634300 1212424784 218769254#0 218769254#1 218769254#2 218769254#3 218769254#4 1456115797#0 184083252 218923184 1456115805 1381133418 117784417#2 117784417#3 -420348553 -117784415 117784421#2 117784421#3 117784421#4 198564928#28 -1455518728 -348626442,32,787.71,expanded_map_background_distributed_boundary
expanded_v7_mapwide_00136,-404539453#2,413953596#2,-404539453#2 -404539453#1 464656381#1 464656381#3 464656381#4 464656381#5 464656381#7 -464770435#2 -464770436 464770438#1 464770438#2 464770438#3 -464770442#0 351672094#2 351672094#3 464770443 464770445#1 1506939325#6 1506939325#7 1379887973#1 1339697074#1 244399270 37399713#1 37399713#2 37399713#3 244399271#1 773060731 -775222468#16 -775222468#15 -775222468#14 -775222468#13 -775222468#12 -775222468#11 -775222468#9 -775222468#8 -775222468#7 -775222468#6 -772873181#0 -273028084#9 -273028084#7 -273028084#6 -273028084#5 -273028084#4 -273028084#2 -273028084#1 -273028084#0 -913570918 273024752 781985786#6 781985786#7 781985786#8 1109231376 783692390#0 783692390#1 413953596#2,55,794.07,expanded_map_background_distributed_boundary
expanded_v7_mapwide_00137,-381730906,-920025286,-381730906 779239890 381730914#2 -381730893#1 -381730893#0 -381730908#5 -381730908#3 -381730908#2 -420108609#4 -420108609#3 -420108609#2 -420108609#1 -381730930#3 -381730930#1 -381730930#0 -83339285#5 -83339285#4 -83339285#3 -83339285#2 -83339285#1 -83339285#0 -381737978#2 381746718 420097207 420097198#1 -381746452#3 -381746452#2 340373565#6 340373565#7 340373565#8 340373565#9 -420103660#1 -420103660#0 -920025286,34,800.42,expanded_map_background_distributed_boundary
expanded_v7_mapwide_00138,223418965#9,-420187960#0,223418965#9 272232099#1 272263605#0 272263605#1 272263605#2 -273639055#6 -273639055#5 -273639055#4 -273639055#3 -273639055#2 -273639055#0 785130598#7 785130598#8 1455497343#0 785130601#1 785130602#1 272228339#0 272228339#1 272228339#2 272228339#3 272229587#5 268782329#0 268782329#1 268782233#2 268782233#3 268782233#4 268782233#5 -913006754#4 -381447823#1 -381447823#0 -913006754#1 -913006754#0 -913006753 -37403487#0 37928420#0 37928420#1 37928420#2 520307305#0 520307305#1 520307305#2 520307305#3 520307305#4 520307305#5 218681380#1 218681380#2 218681380#3 218681380#4 218681380#5 381458583#0 381458583#1 381458583#2 381458583#5 381458583#6 -420309398#1 239357571#0 381570313 -420187960#0,57,806.77,expanded_map_background_distributed_boundary
expanded_v7_mapwide_00139,1458158609,-381452134,1458158609 1458158608 1458158607 517641007 1458158597 219745508 1458158602 37400684#0 37400684#1 37400684#2 37400684#3 732213462 620634300 1212424784 218769254#0 218769254#1 218769254#2 218769254#3 218769254#4 1456115797#0 184083252 218923184 1456115805 1381133418 -1455524947#2 -1455524947#1 -1455524947#0 -117784416 913841953#0 913841953#2 -591142208#0 327035699#0 327035699#1 327035702#1 327035702#2 327035702#3 327035702#4 327035702#5 327035700#1 1455518729#2 1455518729#4 1455518729#5 1455518729#6 1455518729#7 183272587 -218773868#0 -913009312#10 -913009312#9 381452122#3 -381452175#3 -420319847 -381452149#0 381452160#1 381452160#2 -381452180#1 -381452134,56,813.13,expanded_map_background_distributed_boundary
expanded_v7_mapwide_00140,420331831,420078499#1,420331831 -1126339777#1 -1126339777#0 913009312#1 913009312#2 913009312#3 913009312#4 913009312#5 913009312#6 913009312#7 913009312#8 913009312#9 913009312#10 -180368918#8 -180368918#7 -180368918#6 -180368918#5 -180368918#3 -180368918#0 -800229255 -578313748#2 -578313748#0 174870621#0 174870621#2 174870621#4 174870621#5 174870621#6 174870621#7 174870621#8 174870621#9 174870621#10 218684411#0 218684411#1 218684411#2 218684411#3 218684411#4 218684411#5 218684411#6 218684411#7 -381807695#0 420080607#1 229028006#2 229028006#4 229028006#5 229028006#6 229028006#8 229028006#9 229028006#10 229028006#11 229028006#12 381809117#0 381809117#1 381809117#2 381809117#3 381809117#4 381809117#5 381809117#6 381809117#7 420078497#3 420078497#4 420078497#5 420078499#1,62,819.48,expanded_map_background_distributed_boundary
expanded_v7_mapwide_00141,416175113,788674849,416175113 229028022#3 229028022#4 229028022#5 229028022#6 180192153#6 180192153#7 180192153#8 180192153#9 180192153#10 180192153#11 180192153#12 180192150 517323577#0 517323577#1 1455543605 1455543604 1455543603 1455543602 1455543601 1455543599 1455543598 1455543596 1455543595 229027560#0 229027560#1 229027560#2 788674849,28,825.83,expanded_map_background_distributed_boundary
expanded_v7_mapwide_00142,-821107999#1,-464154090,-821107999#1 899373686#4 899373686#5 -183272613#1 -183272613#0 -176728952#3 -176728952#2 -176728952#1 -821108007 176728955#8 -480233462#1 -480233462#0 480233463#0 480233463#1 480233463#2 480233463#3 516948898#8 516948898#9 516948898#10 516948898#11 1214479816#0 1214479816#1 1214479816#2 1214479816#3 1214479816#4 1214479811 1392913187#0 1392913187#1 1392913188 1392913189 1392913190 1392913191 238545096#0 238545096#1 238545096#2 37401486#22 -1244243646#0 447956867#1 447956867#2 464154085#0 464154085#1 464154087#0 464154089#0 -464154090,44,832.18,expanded_map_background_distributed_boundary
expanded_v7_mapwide_00143,379584855#2,-1054180193#0,379584855#2 -416206250#2 -416206250#1 -416206250#0 -379584836 -1455241698#1 -263590234 1455241701#0 183521053#0 183521053#1 1455185840#2 1455185840#4 1455210367#1 1455210363#0 1455210370 1455210361#0 1455210361#1 1455210361#2 1455210361#3 1455210357 1455210358 1455210359 899856672#0 899856672#1 -229028000#11 -381809121#1 -381809121#0 -229028024#3 -229028024#1 -229028024#0 899856672#3 899856672#4 218781562#1 899499299 899499300 899499301#0 899499301#3 908057245 899499302 -519060520#0 -899499304#1 -899499304#0 -519060521 -922996665#4 -922996665#2 -922996665#1 -922996665#0 -922996664 -922996666 -1102479447#1 -1102479447#0 -519068801#5 -519068801#4 -519068801#3 -519068801#2 -519068801#1 -519068801#0 -37400351#3 -37400351#2 381793820#0 381793828#0 779239885 -37400351#0 -911525664#1 -379966003#2 -379966003#1 -379966003#0 519060519#0 519060519#1 519060519#2 519060519#3 913954388#1 -1054180193#0,73,837.11,expanded_map_background_distributed_boundary
expanded_v7_mapwide_00144,381570309#3,377333844,381570309#3 420310508#4 381570303#3 381570303#4 420309398#0 420309398#1 -381458583#6 -381458583#5 381458593 -218910324#3 -519097167#1 -519097167#0 -381741961#1 -381741961#0 -413106892 381746310 -381741957#1 -381741957#0 519097163#0 519097163#1 519097163#2 -1392679411 219076111#0 219076111#1 219076111#2 219076111#3 582839862#0 582839862#1 377333811#0 377333844,30,843.46,expanded_map_background_distributed_boundary
expanded_v7_mapwide_00145,620604513#0,117784411#1,620604513#0 395466460#0 395466460#1 395466460#2 620604512#0 620604512#1 620604512#2 620604512#3 1378880611 464233647#1 -464233648#1 -464233648#0 773066532#1 516388936#3 516388936#4 480233462#0 480233462#1 480233462#3 1424068313#1 1424068313#2 1424068313#3 1424068313#4 1424068313#5 619147731 539136610#0 908622900#0 908622900#1 -198564935#3 -198564935#2 -198564935#0 198564933 198564930 218923160#0 218923160#1 218923160#2 218923160#3 218923160#4 219096264 198564925#0 198564925#1 198564925#2 198564925#3 198564925#4 198564925#5 782892488#2 782892488#3 782892488#4 782892488#5 184083183#0 184083183#1 184083183#2 184083183#3 184083183#4 184083183#5 184083183#6 218923184 1456115805 1381133418 117784417#2 117784417#3 -420348553 117784418#2 117784411#1,63,849.81,expanded_map_background_distributed_boundary
expanded_v7_mapwide_00146,-37400066#0,1455524947#1,-37400066#0 -83339285#5 -83339285#4 -83339285#3 -83339285#2 -83339285#1 -83339285#0 -381737978#2 381746718 -381746720 -381746719 -340373565#3 -340373565#2 -340373565#1 420097204#1 381746717 -218960895#1 -218960895#0 -183272309#13 -183272309#12 -183272309#10 -183272309#9 -183272309#8 -183272309#7 -183272309#6 -183272309#4 -420319848#7 -420319848#5 -420319848#4 -420319848#3 -420319848#2 381452175#0 381452175#1 381452175#2 381452175#3 -381452122#3 913009312#9 913009312#10 -218923171#5 183272621 -1455518729#7 -1455518729#6 -1455518729#5 -1455518729#4 -1455518729#2 -327035700#1 -327035700#0 591142225#0 591142225#1 1455518727#1 1455518727#2 117784416 1455524947#0 1455524947#1,54,856.17,expanded_map_background_distributed_boundary
expanded_v7_mapwide_00147,379598611#1,-318883568,379598611#1 703307925 -310911143#1 -310911143#0 -310909619#2 -310909619#1 -379598675 416209832 -379598702#0 -703247074#1 -703247074#0 -379584848#4 -379584827#1 379584843 -379584835#4 -379584861#0 -416206250#0 -379584836 -1455241698#1 -263590234 1455241701#0 1455241701#1 1455240793#0 1455240793#1 1455240793#2 1455240793#3 1455240793#4 183521201#1 379589803#0 379589803#1 379589801#0 379589801#1 379589801#2 379589801#3 -318883568,35,862.52,expanded_map_background_distributed_boundary
expanded_v7_mapwide_00148,381807723#0,-229028339#1,381807723#0 381807723#2 788411960#0 788411960#1 788411960#2 788411960#3 788411961#0 -420078498#4 -420078498#3 -420078498#2 -420078498#1 229028334#5 229028334#6 420078497#3 420078497#4 420078497#5 -229028339#1,17,868.87,expanded_map_background_distributed_boundary
expanded_v7_mapwide_00149,420097199#0,908694578#3,420097199#0 -381746721 -420097197#0 -381746452#3 -381746452#2 -381746452#1 -381746452#0 -218960891#3 -381452099 -381452140#0 381452120#3 381452120#5 381452120#6 -183272309#6 -183272309#4 -420319848#7 -420319848#5 -420319848#4 -420319848#3 -420319848#2 -420319848#1 -420319848#0 381452132 -420331825#4 -420331825#3 -420331825#2 -420331825#1 -420331825#0 913006754#9 1455512067 428260110 381453328#0 -381453321#4 -381453321#2 -381453321#1 381453320#1 -420348556#2 -420348556#1 -420348556#0 381453325#1 -198564928#25 -198564928#24 -198564928#21 -198564928#20 -198564928#19 -198564928#18 -198564928#17 -198564928#16 -198564928#15 -198564928#14 -198564928#13 -198564928#12 -198564928#11 -198564928#10 -198564928#8 -198564928#7 -198564928#6 -198564928#5 1205679418#11 1205679418#12 1205679418#14 329995230#0 228795478#0 228795478#1 228795478#2 913565824#9 913565824#10 913565824#11 908694578#0 908694578#1 908694578#2 908694578#3,72,875.23,expanded_map_background_distributed_boundary
expanded_v7_mapwide_00150,1113247891#6,464770445#0,1113247891#6 -368834998#9 -368834998#8 -368834998#7 -377373577#7 -377373577#6 -377373577#5 -377373577#4 -377373577#2 -377373577#1 -377373577#0 331953294#3 377373670#0 377373670#1 377373670#2 331953288#6 331953288#7 377373635 464380979#1 516169312#12 516169312#13 516169312#14 499417661#0 837752063#1 837752063#2 837752066#0 837752066#1 585352850#3 585352851#0 585352851#1 218707545 619137615#0 619137615#1 619137615#3 619137615#4 464447942#0 244477705#2 244477705#3 244477705#4 244477705#5 244477705#6 244477705#7 244477705#8 -344898677#10 -344898677#7 -344898677#5 -344898677#4 -344898677#3 -344898677#1 -344898677#0 464458362#0 464458362#1 -244477714#2 -244477714#1 -244477714#0 526967879#3 580350029#0 580350029#1 -351672107#4 -351672107#3 -351672107#2 -351672107#1 464770445#0,63,881.58,expanded_map_background_distributed_boundary
expanded_v7_mapwide_00151,-767644535,233651332#0,-767644535 767644534#1 782892491#1 420383143#0 420383143#1 228795477#2 228795477#3 228795463#0 228795463#1 228795463#3 228795463#4 219696192#7 219696192#9 824132484#1 824132486 420383141#0 420383141#1 -506162633 517641026#0 517641026#1 517641026#2 517641026#3 517641017#0 517641017#1 517641017#2 517641017#3 -184444067#6 233651332#0,28,887.93,expanded_map_background_distributed_boundary
expanded_v7_mapwide_00152,-228795463#0,-381452104#0,-228795463#0 228795477#5 228795477#6 228795474#1 228795474#2 228795463#3 228795463#4 198564928#10 198564928#11 198564928#12 198564928#13 198564928#14 198564928#15 198564928#16 198564928#17 198564928#18 198564928#19 198564928#20 198564928#21 198564928#24 198564928#25 198564928#26 198564928#27 198564928#28 -1455518728 -428260116#1 -428260116#0 -1455512067 -913006754#9 420331825#0 420331825#1 420331825#2 420331825#3 420331825#4 -913009312#4 117914343#0 381452104#0 381452104#1 -420319840#1 -420319840#0 -381452174#0 -381452104#0,42,894.29,expanded_map_background_distributed_boundary
expanded_v7_mapwide_00153,416178720#7,-607077076#2,416178720#7 416178720#8 -229027410#4 -229027410#3 -229027410#2 -229027410#1 183521178#8 183521178#9 1153283290 770890583#0 770890583#1 770890583#2 773060741#0 773060741#1 770890587 770890589#0 770890589#1 770890589#2 770890589#3 770890589#4 770890589#5 773066535#0 184083191#2 773066536#0 773066536#1 773066536#2 773066536#3 -420334155#3 -420334155#2 -420334155#1 -420334155#0 -607077076#3 -607077076#2,33,900.64,expanded_map_background_distributed_boundary
expanded_v7_mapwide_00154,420317543#1,-381452108#2,420317543#1 244215552#1 520307306 913009311 913009312#1 913009312#2 913009312#3 117914343#0 117914343#1 381452108#0 -381452106#6 -381452106#4 -381452106#3 381452155 -381452108#3 -381452108#2,16,906.99,expanded_map_background_distributed_boundary
expanded_v7_mapwide_00155,-333725872#4,320463245#4,-333725872#4 -229028026#10 -229028026#9 -379730411#2 -229028019#2 -229028019#1 218923174#2 218923174#3 218923174#4 218923174#5 218923174#6 770890587 770890589#0 770890589#1 770890589#2 770890589#3 770890589#4 770890589#5 773066535#0 218923171#1 218923171#2 218923171#4 183272621 -1455518729#7 -1455518729#6 -1455518729#5 -1455518729#4 -1455518729#2 -1455518729#1 -1455518729#0 -1455518726 -198564928#28 -198564928#27 -198564928#26 -198564928#25 -198564928#24 -198564928#21 -198564928#20 -198564928#19 -198564928#18 -198564928#17 -198564928#16 -198564928#15 381456420#0 381456420#1 381456420#4 381456420#5 381456466#2 320463245#4,49,913.34,expanded_map_background_distributed_boundary
expanded_v7_mapwide_00156,-318750942#0,198691077#7,-318750942#0 -419750456#1 -419750456#0 -73550861#4 -73550861#3 -73550861#1 -73550861#0 37403263#0 -233651294#3 419812894#0 419812894#1 419812896#1 788674831 -419812890#0 -245063636#3 -245063636#2 -245063636#1 -245063636#0 184444067#5 184444067#6 517641017#4 517641017#5 517641017#6 517641017#7 517641017#8 517706841#1 517706841#2 344663892#0 344663892#1 -184443141#4 -184443141#3 -184443141#2 -184443141#1 -184443141#0 -1084408276#1 -1084408276#0 -424940172 -333725870 -218923156#1 1499619440#1 1499619440#2 1499619440#3 1499619440#4 1499619440#5 219096264 198564925#0 198564925#1 198691078#0 198691078#1 198691056#0 198691078#3 198691078#4 198691077#7,53,918.27,expanded_map_background_distributed_boundary
expanded_v7_mapwide_00157,775222468#2,-772279128#0,775222468#2 775222468#3 -273028084#11 -273028084#10 772873181#0 -775222468#4 -775222468#3 -775222468#2 -775222468#1 420361201 767063626 1283636942 -768399563#1 -768399563#0 420361194#0 420361194#1 420361194#2 773060736 781985779#0 781985779#1 781985792#0 781985792#1 781985792#2 781985792#3 273638834#1 273638834#2 273638834#3 273638834#4 273638834#5 273638834#6 273638834#8 223418965#3 223418965#4 223418965#6 223418965#7 223418965#8 223418965#9 788411954#1 -772279128#0,39,924.62,expanded_map_background_distributed_boundary
expanded_v7_mapwide_00158,198691079#2,601902513#0,198691079#2 -198691076#0 198691056#3 198691077#6 198691077#7 198691077#9 198691077#10 198691077#11 198691077#12 198691077#13 198691077#14 218974503#0 218974503#1 218974503#2 218974503#3 218974503#4 218974503#5 218974503#6 1109231377#0 1109231377#1 782892492#0 782892492#1 773060736 781985779#0 781985779#1 781985792#0 781985792#1 781985792#2 781985792#3 785130598#0 785130598#1 785130598#2 785130598#3 785130598#4 785130598#5 785130598#6 785130598#7 785130598#8 1455497343#0 785130601#1 -785130602#0 1455497343#2 1455497343#3 1455497343#4 785130603 428260104 -913006754#9 420331825#0 420331825#1 420331825#2 420331825#3 601902513#0,52,930.97,expanded_map_background_distributed_boundary
expanded_v7_mapwide_00159,381807706#0,1207199730#3,381807706#0 -381807683#1 -482140281#9 -482140281#8 381809117#0 381809117#1 381809117#2 -420086334#2 420078498#4 -482140281#5 -482140281#4 -482140281#2 -482140281#1 -482140281#0 -911522747#1 -911522747#0 -911522751#4 -911522751#1 -911522751#0 -913811577#1 -913811577#0 183521074#0 183521074#1 183521074#2 183521074#3 -913811578 913694024#0 913694024#1 37403503#5 37403503#6 656122996 1199229106#0 1199229106#1 218771978#1 218771978#2 218771978#3 218771978#4 218771978#5 218771978#6 218771978#7 1212424785#0 1212424785#1 1212424785#2 1212424785#3 1212424785#4 1212424785#5 1212424785#6 1212424785#7 1212424785#8 1212424785#9 732213463#0 732213463#2 732213463#3 73550864#0 73550864#1 73550864#2 73550864#3 1207199730#2 1207199730#3,59,937.33,expanded_map_background_distributed_boundary
expanded_v7_mapwide_00160,521770125#0,238535895#0,521770125#0 521770125#1 521770125#2 521770125#3 218910312#0 218910312#2 218910312#3 -1392679400 -218910324#11 -218910324#10 -218910324#9 -218910324#7 -218910324#6 -218910324#5 -420187960#3 239357580#0 -381570321#0 -420187960#1 -420187960#0 -381458583#6 -381458583#5 -381458583#2 -381458583#1 -381458583#0 -218681380#5 -218681380#4 -218681380#3 -218681380#2 -218681380#1 -218681380#0 -520307305#4 -520307305#3 1279010544#0 420187959#1 420187959#2 420187959#3 420187959#4 420187959#5 420187959#6 420187959#7 420187959#8 420187959#9 420187959#10 420187959#11 420187959#12 -913826317 -420319848#5 -420319848#4 -420319848#3 -420319848#2 381452175#0 381452175#1 381452175#2 381452175#3 -381452122#3 913009312#9 913009312#10 -218923171#5 -218923171#4 -218923171#2 -218923171#1 184083191#2 773066536#0 348657481#0 348657481#1 348657481#2 348657481#3 348657481#4 1283637489 607077076#0 607077076#1 -348659730 656122999 656122998#0 218771978#2 218771978#3 218771978#4 238535895#0,78,885.28,expanded_map_background_distributed_boundary
expanded_v7_mapwide_00161,377333837#0,272232099#1,377333837#0 377333837#1 377333837#2 377333837#3 377333864 -377333837#1 -377333837#0 519100623#0 -377333856 -377333891#0 -420181757#2 -420181756 377333825#0 377333825#1 -779239891 -381737989#1 -381737989#0 381737969#4 183272636#0 183272636#1 519071250 413106892 519097168#0 519097168#1 519097168#2 519097168#4 -218681380#7 -218681380#5 -218681380#4 -218681380#3 -218681380#2 -218681380#1 -218681380#0 -520307305#4 -520307305#3 -520307305#2 -520307305#1 -520307305#0 -37928420#2 -37928420#1 -37928420#0 37403487#0 913006753 913006754#0 913006754#1 913006754#2 913006754#3 913006754#4 -1291318446 -268782233#4 -268782233#3 -268782233#2 -268782329#1 -268782329#0 272228143#0 272228143#1 272228143#2 272228143#3 272228143#4 272228143#5 237470575#0 237470575#1 237470575#2 237470575#3 237470575#4 237470575#5 237470575#6 223418965#6 223418965#7 223418965#8 223418965#9 272232099#1,72,891.63,expanded_map_background_distributed_boundary
expanded_v7_mapwide_00162,464770424,-384030401#0,464770424 326189552#9 37403484#1 37403484#2 37403484#3 37403484#4 37403484#5 526967879#0 526967879#1 526967879#2 526967879#3 580350029#0 580350029#1 580350029#2 580350029#3 580350029#5 580350029#6 580350029#7 1339655672#0 1339655672#1 -580350028 1339655669 -778973690 -384030401#1 -384030401#0,25,897.99,expanded_map_background_distributed_boundary
expanded_v7_mapwide_00163,782892488#2,416172064,782892488#2 1205679418#14 329995230#0 329995230#1 228795484#0 228795484#1 228795468#3 908646367#11 218924602#0 218924602#1 218924602#2 218924602#3 656122993 156922850#1 -170403810#3 -170403810#2 -170403810#1 -170403810#0 1207199730#0 1207199730#1 1207199730#2 1207199730#3 1207199731#2 1458158605 218835937 1458158600 1458158598 -1458158597 -517641007 -1458158607 -1458158608 -1458158609 -517583989 -1458158610 -1458158611 -1458158612 -223435053 381218091#0 381218091#1 416172064,40,904.34,expanded_map_background_distributed_boundary
expanded_v7_mapwide_00164,516169308#7,377373566#0,516169308#7 516169308#8 -368834998#9 -368834998#8 -368834998#7 -368834998#6 -368834998#5 -368834998#4 289489780#0 289489780#1 289489780#3 289489780#4 289489780#5 377373668#1 -464412130#2 -464412130#1 -464412130#0 -377373704 -377373601#6 377373725#0 377373725#1 237264677#8 377373566#0,23,910.69,expanded_map_background_distributed_boundary
expanded_v7_mapwide_00165,-221431173#0,-221977892#3,-221431173#0 -221431169#0 37399752#2 37399752#3 37399752#4 37399752#5 37399752#6 37399752#7 37399752#8 37399752#9 141957153 142077711#1 236945321#1 236945321#2 236945321#3 236945321#4 196079107#0 196079107#1 446743583#0 446743583#1 1506928764#0 1506928764#1 1506928764#2 196079104#0 196079104#2 196079104#3 196079104#4 196079104#5 1153283294#0 1153283294#1 619392625 773060739#0 773060739#1 1208411212#0 1208411212#1 37402325#0 37402325#1 913546029 180368916#1 180368916#4 -221977892#3,41,917.04,expanded_map_background_distributed_boundary
expanded_v7_mapwide_00166,-1004836024,-243542155#0,-1004836024 233651280#1 218974504#3 218974504#4 218974504#5 219096265 708672701#0 708672701#1 708672701#2 708672701#3 708672701#4 708672701#5 708672701#6 708672701#7 708672701#8 708858347 -1499619438#0 -383097714 383097722#0 781985788#0 1465558146#0 1465558146#1 383097723 379943276 -243542155#1 -243542155#0,26,923.40,expanded_map_background_distributed_boundary
expanded_v7_mapwide_00167,-233526454#0,229026917#1,-233526454#0 -73550861#4 419752064#0 788674833 -419752060 -419752058#0 180190213#9 180190213#11 220027347#7 220027347#8 220027347#9 220027347#10 1207199730#0 1207199730#1 1207199730#2 1207199730#3 1207199731#2 1458158605 218835937 1458158600 1458158598 -1458158597 -517641007 -1458158607 -1458158608 -1458158609 -517583989 -1458158610 -1458158611 -1458158612 1458158615#0 1458158613#1 1458158613#3 1458158613#4 1458158613#5 1455528504#0 1455528504#1 1455528504#2 381218125#0 381218125#1 -381218124#3 -381218124#2 -381218124#0 381218115#1 381218115#2 381218115#3 -229026916#8 -229026916#5 -229026916#4 -229026916#3 -229026916#2 229026917#1,52,929.75,expanded_map_background_distributed_boundary
expanded_v7_mapwide_00168,-1176532865#1,415967618#6,-1176532865#1 -1176532865#0 -1176532864#0 229026906#1 416204675#0 416204675#1 416204675#2 -379730390#2 -379730390#1 -379730349 416204675#5 416204675#6 416204675#7 416204675#8 416204675#9 416204675#11 -229027410#4 -229027410#3 -229027410#2 -229027410#1 183521178#8 183521178#9 183521195#0 183521195#1 183521195#2 183521195#3 1455546617#0 1455546617#1 381218097 229026919 415967618#6,31,936.10,expanded_map_background_distributed_boundary
expanded_v7_mapwide_00169,420187963#0,238535896#1,420187963#0 381458594#1 381458594#2 381458594#3 381458594#4 -381458597 -381458581#3 -381458581#2 -381458581#1 239357573#19 239357573#20 239357573#21 -520307305#2 -520307305#1 -520307305#0 -37928420#2 -37928420#1 -37928420#0 218662402#0 218662402#1 520307306 913009311 1126339777#0 1126339777#1 -420331831 117914348#0 117914348#1 117914351#0 117914351#2 -420331825#0 913006754#9 1455512067 1455512071 428260116#1 1455518728 1455518727#0 1455518727#1 1455518727#2 1455524944 1455524946 1455524945 218923182 268783056#1 1455524950#0 1455524950#1 1455524952#0 1455524952#1 1455526423 1455526421 1455526422 1455526425#0 1455526425#1 482167259 482167260 1455527229 1455527230 1207481548 1455546620 1207481549#0 1207481549#1 1455546621 238535896#1,62,941.03,expanded_map_background_distributed_boundary
expanded_v7_mapwide_00170,381447829#0,420331831,381447829#0 420331831,2,947.38,expanded_map_background_distributed_boundary
expanded_v7_mapwide_00171,-381743714#2,420086344#0,-381743714#2 -381743714#1 -381743714#0 521770125#2 521770125#3 218910312#0 218910312#2 218910312#3 -1392679400 -218910324#11 -218910324#10 -218910324#9 -218910324#7 -218910324#6 -218910324#5 -420187960#3 239357580#0 -381570321#0 -420187960#1 -420187960#0 -381458583#6 -381458583#5 -381458583#2 -381458583#1 420187962#3 -218910324#0 -218960891#14 -218960891#13 -218960891#12 -218960891#11 -218960891#10 -218960891#9 -218960891#8 -218960891#6 -218960891#5 -218960891#4 -218960891#3 -218960891#2 -218960891#1 -218960891#0 -37399924#11 -37399924#10 -37399924#9 -37399924#8 -37399924#7 -37399924#6 -37399924#5 -37399924#4 -37399924#3 -37399924#2 -37399924#1 -37399924#0 218684411#0 218684411#1 218684411#2 218684411#3 218684411#4 218684411#5 218684411#6 218684411#7 -381807695#0 420080607#1 229028006#2 229028006#4 229028006#5 229028006#6 229028006#8 229028006#9 420086344#0,69,953.73,expanded_map_background_distributed_boundary
expanded_v7_mapwide_00172,-381453329,223418965#9,-381453329 420348556#2 381453320#2 381453320#3 1501824264 -1455497346 -503530174#1 -503530174#0 237470575#0 237470575#1 237470575#2 237470575#3 237470575#4 237470575#5 237470575#6 223418965#6 223418965#7 223418965#8 223418965#9,19,960.09,expanded_map_background_distributed_boundary
expanded_v7_mapwide_00173,-420187960#0,381570309#3,-420187960#0 -420309398#1 -420309398#0 -381570303#4 -381570303#3 -420310508#4 -420310508#3 -420310508#2 381570323 381570309#3,10,966.44,expanded_map_background_distributed_boundary
expanded_v7_mapwide_00174,-381746452#0,-37400066#0,-381746452#0 218960891#4 -381746450#3 -381746450#2 -340373565#6 381746452#2 381746452#3 -420097198#1 -420097207 -381746718 381737978#2 83339285#0 83339285#1 83339285#2 83339285#3 83339285#4 83339285#5 37400066#0 37400066#1 37400066#2 -381793820#3 779239883 779239884 381793815 -779239885 381793828#2 -779239884 -779239883 381793820#3 -37400066#2 -37400066#1 -37400066#0,32,972.79,expanded_map_background_distributed_boundary
expanded_v7_mapwide_00175,377333844,381807723#0,377333844 377333893#1 1442270413#0 1442270413#1 1442270413#2 519071250 413106892 519097168#0 519097168#1 519097168#2 519097168#4 -218960891#14 -218960891#13 -218960891#12 -218960891#11 -218960891#10 -218960891#9 -218960891#8 -218960891#6 -218960891#5 -218960891#4 -218960891#3 -218960891#2 -218960891#1 -218960891#0 -37399924#11 -37399924#10 -37399924#9 -37399924#8 -37399924#7 -37399924#6 -37399924#5 -37399924#4 -37399924#3 -37399924#2 -37399924#1 -37399924#0 218684411#0 218684411#1 218684411#2 218684411#3 218684411#4 218684411#5 -229028337#8 -229028337#7 229028340#9 229028345#10 381807723#0,48,979.14,expanded_map_background_distributed_boundary
expanded_v7_mapwide_00176,464458362#4,651817398#4,464458362#4 580350029#3 580350029#5 580350029#6 580350029#7 1339655672#0 1339655672#1 -580350028 1339655669 1339655668 516163750#0 516163750#1 1206220503#0 1206220503#1 333554718 333554719 219696191#0 219696191#1 619147740 619147739#0 651817398#0 651817398#1 651817398#2 651817398#3 651817398#4,25,985.50,expanded_map_background_distributed_boundary
expanded_v7_mapwide_00177,117784411#1,782892489#2,117784411#1 117784421#3 117784419#0 117784419#1 395564622#2 -198564928#25 -198564928#24 -198564928#21 -198564928#20 -198564928#19 -198564928#18 -198564928#17 -198564928#16 -198564928#15 -198564928#14 -198564928#13 -198564928#12 -198564928#11 -198564928#10 -228795463#4 -228795463#3 -228795463#1 -228795463#0 -228795477#3 -228795477#2 -420383143#1 -420383143#0 -1205679418#1 -767644535 -767644534#0 180368915#3 782892489#1 782892489#2,33,991.85,expanded_map_background_distributed_boundary
expanded_v7_mapwide_00178,244477710,-329995227#2,244477710 244477705#8 -344898677#10 -344898677#7 -344898677#5 -344898677#4 -344898677#3 -344898677#1 -344898677#0 464458362#0 464458362#1 464458362#2 -468168887#2 -468168887#1 -468168887#0 -224260187#6 -376666917 -376666933#0 -224260190#5 -224260190#4 -224260190#3 -224260190#2 -224260190#1 -224260190#0 1206220503#0 1206220503#1 333554718 333554719 219696191#0 219696191#1 619147740 619147739#0 619147739#1 619147739#2 619147739#3 619147739#4 619147739#5 619147739#6 781983103#1 781983103#2 921117704#0 921117704#1 1467498054 -781985788#0 -383097722#0 383097714 1499619438#0 1499619445#2 1499619444 1499619443#0 1499619443#1 1499619443#2 1499619443#3 198691077#0 198691077#1 198691077#2 198691077#3 198691077#4 198691077#5 198691077#6 198691077#7 198691077#9 198691077#10 198691077#11 198691077#12 198691077#13 198691077#14 913565824#1 913565824#2 782892488#2 782892488#3 782892488#4 782892488#5 420383141#0 -329995227#2,75,998.20,expanded_map_background_distributed_boundary
expanded_v7_mapwide_00179,198691078#4,419752057#4,198691078#4 198691077#7 198691077#9 198691077#10 198691077#11 198691077#12 198691077#13 198691077#14 913565824#1 913565824#2 913565824#6 913565824#7 913565824#8 913565824#9 913565824#10 913565824#11 919117822#1 919117822#2 919117822#3 919117822#4 1013396414#1 1013396414#2 306384116#0 306384116#1 419812905#0 419812905#1 -1013396417#0 -37403263#7 -37403263#6 -37403263#5 233651310#0 -329261487 -184445043#1 -184445043#0 -419812286#5 -117784412#0 180190213#3 419750459#0 419752057#3 419752057#4,40,1004.56,expanded_map_background_distributed_boundary
expanded_v7_mapwide_00180,-229028339#1,-379584856#1,-229028339#1 -379730398#2 -379730398#1 -379730398#0 -732213457#1 -732213457#0 732213458 229028014#1 238538825#0 238538825#1 238538825#2 238538822#2 -379730387#2 -379730329#4 -379730329#3 -379730329#2 -379730329#1 238538823#4 238538823#5 183521185#13 263590234 1455241699#0 1455241699#1 379584862#1 379584862#2 416206250#0 416206250#1 416206250#2 416206250#3 -379584856#1,30,1010.91,expanded_map_background_distributed_boundary
expanded_v7_mapwide_00181,381746724,420317543#1,381746724 -117770541#1 -381746452#2 340373565#6 381746450#2 381746450#3 -420317541#6 -420317541#5 -420317541#4 -420317541#3 -420317541#2 -420317541#1 -420317541#0 -375125209 117914354 420317540 420317543#0 420317543#1,18,1017.26,expanded_map_background_distributed_boundary
expanded_v7_mapwide_00182,-331953288#2,-376666928#1,-331953288#2 464399096#0 464399096#1 464380980#1 516169312#9 516169312#10 516169312#11 516169312#12 516169312#13 516169312#14 499417661#0 837752063#1 837752063#2 837752066#0 837752066#1 585352850#3 585352851#0 585352851#1 218707545 619137615#0 619137615#1 619137615#3 619137615#4 464447942#0 464447942#1 464447942#2 464447942#3 344898685 384030384 -464458358#0 -464458860#4 -464458860#3 -464458860#1 -464458860#0 -376666928#2 -376666928#1,36,1022.19,expanded_map_background_distributed_boundary
expanded_v7_mapwide_00183,233651332#0,-228795463#0,233651332#0 -788674832 517641017#2 517641017#3 517641017#4 517641017#5 517641017#6 517641017#7 517641017#8 517706841#1 517706841#2 517706841#3 517706841#4 517706841#5 908694579 656122981#0 908646367#5 908646367#6 908646367#7 -329995230#2 -329995230#1 -329995230#0 -1205679418#14 -1205679418#12 -1205679418#11 -1205679418#10 -1205679418#9 -1205679418#8 -1205679418#7 -1205679418#6 228795474#0 228795474#1 228795474#2 -228795463#1 -228795463#0,35,1028.54,expanded_map_background_distributed_boundary
expanded_v7_mapwide_00184,266255488#0,-238536650#1,266255488#0 266255488#1 266255488#2 -420108609#2 -420108609#1 -381730930#3 -381730930#1 -381730930#0 -83339285#5 -83339285#4 -83339285#3 -83339285#2 -83339285#1 -83339285#0 -482188707#1 -340373564#4 -340373564#3 -340373564#2 381802856 381802880#1 -340373566#2 -340373566#1 -340373566#0 -420089386#5 -420089386#4 -420089386#3 -420089386#2 -420089386#1 -420089386#0 -870977308#0 -117770551#4 -117770551#3 -117770551#2 -117770551#0 -183272625#1 -174870621#2 381807720#1 381807720#2 381807720#3 381807720#4 800229257#2 911522748#0 911522748#1 183521074#0 183521074#1 183521074#2 -381809847 -238536650#1,48,1034.89,expanded_map_background_distributed_boundary
expanded_v7_mapwide_00185,-37399924#8,381807706#0,-37399924#8 -37399924#7 -37399924#6 -37399924#5 -37399924#4 -37399924#3 -37399924#2 -37399924#1 -37399924#0 218684411#0 218684411#1 218684411#2 218684411#3 218684411#4 218684411#5 218684411#6 218684411#7 -381807695#0 420080607#1 420080604#0 420080604#1 420080604#2 229028020#4 229028020#5 229028020#6 229028020#7 229028020#8 420080602#0 420080602#1 420080602#2 381807706#0,31,1041.24,expanded_map_background_distributed_boundary
expanded_v7_mapwide_00186,183521195#1,-420092889#1,183521195#1 788674837 381218106#1 -517932075#3 -517932075#2 -517932075#1 -517932075#0 1153283290 770890583#0 770890583#1 770890583#2 773060741#0 773060741#1 770890587 770890589#0 770890589#1 770890589#2 770890589#3 770890589#4 770890589#5 773066535#0 218923178#0 218923178#1 218923178#2 218923178#3 218923178#4 218923178#7 578313749#0 578313749#1 420331816#0 420331816#1 381802847#0 -420331812#4 -420331812#3 -420331812#2 381802858 -381802844#2 -381802844#1 -381802844#0 117914344#2 -117914353#2 -117914353#1 381802883#0 -420092889#2 -420092889#1,45,1047.60,expanded_map_background_distributed_boundary
expanded_v7_mapwide_00187,-464155346#0,1216356209#0,-464155346#0 517328038#1 -464154085#2 -464154085#1 -464154085#0 -447956867#2 -447956867#1 1244243645 -37401486#22 -238545096#2 -238545096#1 -238545096#0 516398275#3 516398275#4 516398275#5 516398275#6 516398275#7 516398275#8 516398275#9 908636259#0 908636259#1 908636259#3 908636259#4 908720245#0 908720245#1 -224258726#1 1216356209#0,27,1053.95,expanded_map_background_distributed_boundary
expanded_v7_mapwide_00188,320463245#4,381802875,320463245#4 -1125773044 -381456420#7 -381456468#1 -381456468#0 381456466#1 -381456420#5 -381456420#4 -381456420#1 -381456420#0 198564928#15 198564928#16 198564928#17 198564928#18 198564928#19 198564928#20 198564928#21 198564928#24 198564928#25 198564928#26 198564928#27 198564928#28 1455518726 1455518729#0 1455518729#1 1455518729#2 1455518729#4 1455518729#5 1455518729#6 1455518729#7 183272587 -218773868#0 -180368918#8 -180368918#7 -180368918#6 -180368918#5 -180368918#3 -180368918#0 -800229255 -578313748#2 -578313748#0 174870621#0 174870621#2 183272625#1 117770551#0 117770551#2 117770551#3 117770551#4 870977308#0 -37399924#5 381802845#0 381802845#1 381802845#2 381802845#3 381802845#4 420092891#4 420092891#5 381802875,58,1060.30,expanded_map_background_distributed_boundary
expanded_v7_mapwide_00189,1207199730#3,1125773042,1207199730#3 170403826#0 170403826#1 170403826#2 170403826#3 37400684#1 37400684#2 37400684#3 732213462 620634300 1212424784 218769254#0 218769254#1 218769254#2 218769254#3 218769254#4 1456115797#0 184083252 333555370 1456115800 1456115801#0 1456115801#1 1456115801#2 1456115801#3 -198564928#21 381456422#1 381456422#3 381456422#4 381456422#6 381456422#7 420383150#1 381456461 320463283 320463177#1 1125773042,35,1066.66,expanded_map_background_distributed_boundary
expanded_v7_mapwide_00190,-381741927,219696192#4,-381741927 381741932#4 -218910324#3 -218910324#2 -218910324#1 -218910324#0 -218681380#7 -218681380#5 -218681380#4 -218681380#3 -218681380#2 -218681380#1 -218681380#0 -520307305#4 -520307305#3 -520307305#2 -520307305#1 -520307305#0 -37928420#2 -37928420#1 -37928420#0 37403487#0 913006753 913006754#0 913006754#1 913006754#2 913006754#3 913006754#4 -1291318446 -268782233#4 -268782233#3 -268782233#2 -268782329#1 -268782329#0 272228143#0 272228143#1 272228143#2 272228143#3 272228143#4 272228143#5 237470575#0 237470575#1 237470575#2 237470575#3 237470575#4 -273639501#2 -273639501#1 -273638834#8 -273638834#6 -273638834#5 -273638834#4 -273638834#3 -273638834#2 -273638834#1 219696192#0 219696192#1 219696192#3 219696192#4,58,1073.01,expanded_map_background_distributed_boundary
expanded_v7_mapwide_00191,-315658900#5,419812887#2,-315658900#5 -315658900#4 -315658900#3 -315658900#2 -315658900#1 -315658900#0 -315658899#1 -315658899#0 921117704#0 921117704#1 1467498054 -781985788#0 -383097722#0 383097714 1499619438#0 1499619445#2 1499619444 1499619443#0 1499619443#1 1499619443#2 1499619443#3 1499619443#4 1499619443#5 1499619443#6 1499619443#7 1499619443#8 1499619443#9 1499619437 1499619442 1499619439#0 1499619439#1 1499619439#2 1499619439#3 218923156#1 333725870 424940172 1084408276#0 1084408276#1 1482114515#0 1084408281 219053199#0 219053199#1 219053199#2 219053199#3 219053199#4 219053199#5 -217514805#7 -217514805#6 -217514805#5 -217514805#4 -217514805#3 -217514805#2 -217514805#1 -217514805#0 -329261504#2 -895829949 419812887#1 419812887#2,58,1079.36,expanded_map_background_distributed_boundary
expanded_v7_mapwide_00192,37400684#3,379584866#0,37400684#3 732213462 620634300 1212424784 1212424783#0 1212424783#1 1212424783#2 1212424783#3 1212424783#4 1455526426#0 1455526426#1 1455526426#2 482167259 482167260 1455527229 1455527230 1207481548 1455546620 1207481549#0 1207481549#1 1455546621 1455546622#0 1455546622#1 1455546623 773060740#1 913698744 180192153#0 180192153#1 180192153#3 180192153#4 180192153#6 180192153#7 180192153#8 180192153#9 180192153#10 180192153#11 180192153#12 183521185#0 183521185#1 183521185#2 183521185#3 183521185#4 183521185#5 183521185#6 183521185#7 183521185#8 183521185#10 183521185#11 183521185#13 263590234 1455241699#0 1455241699#1 379584862#1 379584862#2 416206250#0 416206250#1 416206250#2 416206250#3 416206250#4 416212022#0 379584866#0,61,1085.72,expanded_map_background_distributed_boundary
expanded_v7_mapwide_00193,-416172056,-381458595,-416172056 -223435055#0 1458160293 1458158614 1458158612 1458158611 1458158610 517583989 1458158609 1458158608 1458158607 517641007 1458158597 219745508 1458158602 37400684#0 37400684#1 37400684#2 37400684#3 732213462 620634300 1212424784 218769254#0 218769254#1 218769254#2 218769254#3 218769254#4 1456115797#0 184083252 218923184 1456115805 1381133418 117784417#2 117784417#3 -420348553 -117784415 117784421#2 117784421#3 117784421#4 198564928#28 -1455518728 -428260116#1 -428260116#0 -1455512067 -913006754#9 420331825#0 -117914351#2 -117914351#0 -117914348#1 -117914348#0 420331831 -1126339777#1 -1126339777#0 -913009311 -520307306 -218662402#1 -218662402#0 37928420#0 37928420#1 37928420#2 520307305#0 520307305#1 520307305#2 -239357573#21 -239357573#20 -239357573#19 381458581#1 381458581#2 381458581#3 381458597 -381458594#4 -381458595,72,1092.07,expanded_map_background_distributed_boundary
expanded_v7_mapwide_00194,416178719#1,420089386#4,416178719#1 416178719#2 416178719#3 416178719#4 416178720#1 416178720#2 416178720#3 416178720#5 416178720#6 416195450#0 416195450#1 379730341#0 379730341#1 379730344 379730377 -416204675#6 -416204675#5 379730349 379730390#1 379730390#2 -416204675#2 -416204675#1 -416204675#0 -318478691 -318478671#1 -318478671#0 -1455543604 -1455543605 -517323577#1 -517323577#0 -180192150 -333725872#8 -333725872#7 -333725872#6 -333725872#5 -333725872#4 -333725872#2 -333725872#1 -482188706 -183895356 -218684408#9 -218684408#8 -218684408#7 -218684408#6 -218684408#5 -218684408#3 -218684408#2 -218684408#1 -218684408#0 37399924#0 37399924#1 37399924#2 37399924#3 37399924#4 37399924#5 420089386#0 420089386#1 420089386#2 420089386#3 420089386#4,60,1098.42,expanded_map_background_distributed_boundary
expanded_v7_mapwide_00195,-245063646,-420361194#1,-245063646 184444067#4 184444067#5 184444067#6 517641017#4 517641017#5 517641017#6 517641017#7 517641017#8 517706841#1 517706841#2 517706841#3 517706841#4 517706841#5 908694579 656122981#0 656122981#1 656122981#2 656122981#4 656122981#5 656122981#6 613477341#2 613477341#3 613477341#4 218974503#0 218974503#1 218974503#2 218974503#3 218974503#4 218974503#5 218974503#6 1109231377#0 1109231377#1 782892492#0 782892492#1 -420361194#2 -420361194#1,37,1103.34,expanded_map_background_distributed_boundary
expanded_v7_mapwide_00196,770860549,-619137615#8,770860549 821457682#1 333557072#3 -770860548#4 -770860548#3 770860565#0 770860565#1 78628775#5 78628770#1 379943755#1 379943753#0 379943753#1 1339655667#0 1339655667#1 -37403486#2 -37403486#1 -1339655670#2 -1339655670#1 -1339655670#0 -1339655672#1 -1339655672#0 -580350029#7 -580350029#6 -580350029#5 -580350029#3 -580350029#2 -580350029#1 -580350029#0 -526967879#3 -526967879#2 -526967879#1 -526967879#0 -37403484#5 -37403484#4 464458983#0 464458983#2 464458983#3 344898669#0 -344898670#0 -619137615#9 -619137615#8,41,1109.70,expanded_map_background_distributed_boundary
expanded_v7_mapwide_00197,773060739#1,379730378#0,773060739#1 1208411212#0 1208411212#1 37402325#0 37402325#1 37402325#2 1506928765 480618375#1 480618375#2 480618375#3 480618375#4 480618375#5 480618375#6 480618375#7 480618375#8 480618375#9 1153283292#1 1153283292#2 1153283292#3 1153283292#4 770899736#0 770899736#1 770899736#2 1458160299 1458160300#0 1458160300#1 1458160300#2 1458160300#4 1458160300#5 1458160300#6 218769263#0 218769263#1 218769263#2 218769263#3 218769263#4 218769263#5 218769263#6 218769263#7 218769263#8 218769263#9 218769263#11 218769263#12 218769263#14 -517932075#9 -517932075#8 -517932075#7 -517932075#6 -517932075#5 -517932075#3 -517932075#2 -517932075#1 -517932075#0 1153283290 913698744 180192153#0 180192153#1 180192153#3 180192153#4 180192153#6 180192153#7 180192153#8 180192153#9 180192153#10 180192153#11 180192153#12 183521185#0 183521185#1 -379730403#4 416175123#0 416175122#2 -229028014#4 -800601984 -238538492#8 -238538492#7 -379730387#2 -379730387#1 -379730387#0 238538826#1 379730378#0,79,1116.05,expanded_map_background_distributed_boundary
expanded_v7_mapwide_00198,375125205#4,218771978#3,375125205#4 381807721#0 -381807694#1 381807720#3 381807720#4 800229257#2 911522748#0 911522748#1 183521074#0 183521074#1 183521074#2 183521074#3 -913811578 913694024#0 913694024#1 37403503#5 37403503#6 656122996 1199229106#0 1199229106#1 218771978#1 218771978#2 218771978#3,23,1122.40,expanded_map_background_distributed_boundary
expanded_v7_mapwide_00199,244384770#2,183521185#8,244384770#2 244384770#3 244384770#4 244384770#5 244384770#6 244384770#7 244384770#8 244384770#9 244384770#10 244384770#11 244384770#12 244384770#13 244384770#14 244384770#15 913006752#0 913006752#1 218662402#0 218662402#1 520307306 913009311 913009312#1 913009312#2 913009312#3 913009312#4 913009312#5 913009312#6 913009312#7 913009312#8 913009312#9 913009312#10 -218923171#5 -218923171#4 -218923171#2 -218923171#1 37403503#1 37403503#2 37403503#3 37403503#4 37403503#5 37403503#6 656122996 183272548#0 183272548#1 183272548#2 183272548#3 183272548#4 180192153#0 180192153#1 180192153#3 180192153#4 180192153#6 180192153#7 180192153#8 180192153#9 180192153#10 180192153#11 180192153#12 183521185#0 183521185#1 183521185#2 183521185#3 183521185#4 183521185#5 183521185#6 183521185#7 183521185#8,66,1128.76,expanded_map_background_distributed_boundary
expanded_v7_mapwide_00200,-381452140#1,420113458#2,-381452140#1 381452099 218960891#3 381746452#0 381746452#1 381746452#2 381746452#3 -420097198#1 -420097207 -381746718 381737978#2 83339285#0 83339285#1 83339285#2 83339285#3 83339285#4 83339285#5 381730930#0 381730930#1 381730930#3 420108609#1 420108609#2 420108609#3 420108609#4 420108609#5 420113453 381730887 381730927 -381730909#2 -420113460 420113458#2,31,1135.11,expanded_map_background_distributed_boundary
expanded_v7_mapwide_00201,-328442838#2,516417604#2,-328442838#2 -328442838#1 385962314#1 385962314#2 -385962313#2 -385962313#1 913230876 1507371404#2 480233461 1067765276#0 1067765276#1 1067765276#2 480233459 333580689#1 333580689#2 516388936#0 516948898#8 516948898#9 516948898#10 516948898#11 1214479816#0 1214479816#1 1214479816#2 1214479816#3 1214479816#4 333969025#1 773066533#0 773066533#1 773066533#2 773066533#3 621513157#0 621513157#1 621513157#2 621513156 516417604#0 516417604#2,36,1141.46,expanded_map_background_distributed_boundary
expanded_v7_mapwide_00202,422584937#2,1205679418#10,422584937#2 -531796031 -218923177 516948898#3 176728950#0 176728950#1 -344645187 176728955#5 176728955#6 176728955#7 176728955#8 480233462#3 1424068313#1 1424068313#2 1424068313#3 1424068313#4 1424068313#5 619147731 539136610#0 908622900#0 908622900#1 -198564935#3 -198564935#2 -198564935#0 198564933 198564930 218923160#0 218923160#1 218923160#2 218923160#3 218923160#4 219096264 198564925#0 198564925#1 198564925#2 198564925#3 198564925#4 198564925#5 782892488#2 -1205679418#12 -1205679418#11 -1205679418#10 -1205679418#9 -1205679418#8 228795472#0 -228795477#7 -228795474#0 1205679418#6 1205679418#7 1205679418#8 1205679418#9 1205679418#10,52,1147.82,expanded_map_background_distributed_boundary
expanded_v7_mapwide_00203,-464148430#0,-464419339#0,-464148430#0 -1144268077#1 -464154095#1 788727983 464148430#1 464148430#2 464148430#3 464154091#0 464154091#1 464154098 -447956867#6 -447956867#5 -447956867#4 -447956867#3 -447956867#2 -447956867#1 1244243645 -37401486#22 -238545096#2 -238545096#1 -238545096#0 516398275#3 516398275#4 516398275#5 516398275#6 516398275#7 516398275#8 516398275#9 908636259#0 908636259#1 908636259#3 908636259#4 908720245#0 908720245#1 1214479815 773066532#0 464233648#0 464233648#1 464233647#2 480233463#7 516388937 218923167#1 1068426572#0 1068426572#1 1424068314#2 1424068314#4 333554714#1 183272313#0 183272313#1 183272448#0 516169312#0 516169312#1 516169312#2 516169312#3 516169312#4 516169312#5 -331951643#7 331951646 -377373686#0 -331953288#1 -331953288#0 -464419339#2 -464419339#0,63,1154.17,expanded_map_background_distributed_boundary
expanded_v7_mapwide_00204,420092890#0,218724603,420092890#0 381802870#0 381802870#1 870977310#0 870977310#1 37399924#8 37399924#9 37399924#10 37399924#11 218960891#0 218960891#1 218960891#2 218960891#3 218960891#4 218960891#5 218960891#6 218960891#8 218960891#9 218960891#10 218960891#11 218960891#12 218960891#13 218960891#14 -519097168#4 -519097168#2 -519097168#1 -519097168#0 -413106892 381746310 -381741957#1 781179155 97537664#1 519071257#0 1442271383 218724603,35,1160.52,expanded_map_background_distributed_boundary
expanded_v7_mapwide_00205,381452120#6,782892488#2,381452120#6 -183272309#6 -183272309#4 -420319848#7 -420319848#5 -420319848#4 -420319848#3 -420319848#2 -420319848#1 -420319848#0 381452132 -420331825#4 -420331825#3 -420331825#2 -420331825#1 -420331825#0 913006754#9 1455512067 428260110 381453328#0 -381453321#4 -381453321#2 -381453321#1 381453320#1 -420348556#2 -420348556#1 -420348556#0 381453325#1 -198564928#25 -198564928#24 -198564928#21 -198564928#20 -198564928#19 -198564928#18 -198564928#17 -198564928#16 -198564928#15 -198564928#14 -198564928#13 -198564928#12 -198564928#11 -198564928#10 -198564928#8 -198564928#7 -198564928#6 -198564928#5 -198564928#4 -198564928#2 -198564928#0 198564934#0 198564934#1 913565824#1 913565824#2 782892488#2,54,1166.87,expanded_map_background_distributed_boundary
expanded_v7_mapwide_00206,-198691076#2,516169308#7,-198691076#2 -198691076#1 198691079#3 198691085#0 198691085#1 198691085#2 198691085#3 198691065#1 198691065#2 383097714 1499619438#0 383097712#1 383097712#2 183272462#1 333972428#1 333972428#2 333972428#3 333972428#4 289213613#0 619342756 585341917 438360329#0 438360329#1 183272574#1 -516948900#4 -516948900#3 -516948900#2 333554715#1 531796031 -422584937#2 -422584937#1 -422584937#0 -516388934#3 475744294#1 183272449#0 183272449#1 183272449#2 183272449#3 516169308#2 516169308#3 516169308#4 516169308#5 516169308#6 516169308#7,44,1173.23,expanded_map_background_distributed_boundary
expanded_v7_mapwide_00207,183521178#3,-233526454#0,183521178#3 183521178#4 183521178#5 183521178#6 183521178#7 183521178#8 183521178#9 183521195#0 183521195#1 183521195#2 183521195#3 1455546617#0 1455546617#1 1455546618#0 1455546618#1 1455546619 184083202 1455527231#0 1455527231#1 1455527231#2 1455527231#3 1455527231#4 1455527231#6 1455527231#7 1455527231#8 184083240 1458158606 517641011#0 517641011#1 517641011#2 517641011#3 517641011#4 517641011#5 -318750942#5 -318750942#3 -419750461#3 -419752064#6 -419752064#5 -419752064#4 -419752064#3 -419752064#2 -419752064#1 788674833 -419752056#0 -245063565#6 -245063565#5 -245063565#4 -245063565#3 419750460 -233526454#1 -233526454#0,51,1179.58,expanded_map_background_distributed_boundary
expanded_v7_mapwide_00208,272232099#1,-419812285#0,272232099#1 272263605#0 272263605#1 272263605#2 -273639501#2 -273639501#1 -273638834#8 -273638834#6 -273638834#5 -273638834#4 -273638834#3 -273638834#2 -273638834#1 219696192#0 219696192#1 219696192#3 219696192#4 219696192#5 219696192#6 219696192#7 219696192#9 824132484#1 824132486 420383141#0 420383141#1 -506162633 517641026#0 517641026#1 517641026#2 517641026#3 -180190213#11 -233651332#3 233651294#0 233651294#1 233651294#2 233651294#3 -419812286#7 233651265 329261473#0 -184445043#0 -419812286#5 -419812286#4 -419812286#3 -419812286#2 -419812286#1 -419812286#0 -419812287#0 -419812285#0,48,1184.50,expanded_map_background_distributed_boundary
expanded_v7_mapwide_00209,37400087#2,-273647557,37400087#2 176728954 493183992#3 -1424068313#5 -1424068313#4 -1424068313#3 -1424068313#2 -1424068313#1 176728952#0 176728952#1 176728952#2 176728952#3 183272613#0 183272613#1 899373686#6 619147734 198566324#0 919984684 619147730#3 1499619449#0 1499619449#1 1499619449#2 1499619448 1499619447#0 1499619447#1 383097727#0 383097727#1 -383097714 383097722#0 781985788#0 781985786#1 781985786#2 781985786#3 781985786#4 781985786#5 781985786#6 781985786#7 781985786#8 781985784 781985783 781985779#0 781985779#1 781985792#0 781985792#1 781985792#2 781985792#3 273638834#1 273638834#2 273638834#3 273638834#4 273638834#5 273638834#6 273638834#8 223418965#3 223418965#4 223418965#6 223418965#7 223418965#8 223418965#9 223418965#10 223418965#11 223418965#12 223418965#13 223418965#14 273647556#1 -273647557,66,1190.86,expanded_map_background_distributed_boundary
expanded_v7_mapwide_00210,-239357573#20,-1004836024,-239357573#20 -239357573#19 381458581#1 381458607 -381458587#0 381458592#2 381458600#0 381458600#1 -218681380#1 -218681380#0 -520307305#4 -520307305#3 -520307305#2 -520307305#1 -520307305#0 -37928420#2 -37928420#1 -37928420#0 218662402#0 218662402#1 520307306 913009311 1126339777#0 1126339777#1 -420331831 117914348#0 117914348#1 117914351#0 117914351#2 -420331825#0 913006754#9 1455512067 428260110 381453328#0 -381453321#4 -381453321#2 -381453321#1 381453320#1 -420348556#2 -420348556#1 -420348556#0 381453325#1 -198564928#25 -198564928#24 -198564928#21 -198564928#20 -198564928#19 -198564928#18 -198564928#17 -198564928#16 -198564928#15 -198564928#14 -198564928#13 -198564928#12 -117914848#7 -381456441 -170403787#0 -170403779 219696192#9 824132484#1 824132486 420383141#0 420383141#1 -506162633 1212424791#0 1212424791#1 1212424791#2 1212424791#3 1212424791#4 1212424791#5 1212424791#6 1212424791#7 1212424791#8 908694579 656122981#0 656122981#1 656122981#2 -1004836024,78,1197.21,expanded_map_background_distributed_boundary
expanded_v7_mapwide_00211,-376666930#2,1495080554#3,-376666930#2 -376666930#1 -376666932#3 -376666932#2 -376666932#1 -376666932#0 468168887#2 468168887#3 468168887#4 -526967879#3 -526967879#2 -526967879#1 -526967879#0 -37403484#5 464656382#0 464656382#1 464656382#2 464656383#0 464656383#2 464656383#3 -326189552#3 404539446#0 404539446#1 404539446#2 404539446#3 1495080554#2 1495080554#3,27,1203.56,expanded_map_background_distributed_boundary
expanded_v7_mapwide_00212,381452132,420187963#0,381452132 -913009312#4 -913009312#3 -913009312#2 -913009312#1 -913009311 -520307306 -218662402#1 -218662402#0 37928420#0 37928420#1 37928420#2 520307305#0 520307305#1 520307305#2 520307305#3 520307305#4 520307305#5 218681380#1 -381458600#1 -381458600#0 -381458592#2 -381458592#1 -381458592#0 420187963#0,25,1209.92,expanded_map_background_distributed_boundary
expanded_v7_mapwide_00213,228795463#4,381447829#0,228795463#4 198564928#10 198564928#11 198564928#12 198564928#13 198564928#14 198564928#15 198564928#16 198564928#17 198564928#18 198564928#19 198564928#20 198564928#21 198564928#24 198564928#25 198564928#26 198564928#27 198564928#28 -1455518728 -428260116#1 -428260116#0 -1455512067 -913006754#9 420331825#0 420331825#1 420331825#2 420331825#3 420331825#4 381447829#0,29,1216.27,expanded_map_background_distributed_boundary
expanded_v7_mapwide_00214,-243542155#0,-381453329,-243542155#0 -243542154#3 -243542154#2 464461055 -243542154#0 921117704#1 1467498054 781985786#1 781985786#2 781985786#3 781985786#4 781985786#5 781985786#6 781985786#7 781985786#8 781985784 781985783 781985779#0 781985779#1 781985792#0 781985792#1 781985792#2 781985792#3 219696192#0 219696192#1 219696192#3 219696192#4 -228795471 -470453019#7 -470453019#6 -470453019#5 -470453019#4 -470453019#0 -420383160#0 198564928#12 198564928#13 198564928#14 198564928#15 198564928#16 198564928#17 198564928#18 198564928#19 198564928#20 198564928#21 198564928#24 198564928#25 -381453325#1 -420348560 -381453326#2 -381453326#1 -381453329,51,1222.62,expanded_map_background_distributed_boundary
expanded_v7_mapwide_00215,1207199730#2,-348626442,1207199730#2 1207199730#3 170403826#0 170403826#1 170403826#2 170403826#3 37400684#1 37400684#2 37400684#3 732213462 620634300 1212424784 218769254#0 218769254#1 218769254#2 218769254#3 218769254#4 1456115797#0 184083252 218923184 1456115805 1381133418 117784417#2 117784417#3 -420348553 -117784415 117784421#2 117784421#3 117784421#4 198564928#28 -1455518728 -348626442,32,1228.98,expanded_map_background_distributed_boundary
expanded_v7_mapwide_00216,-404539453#2,413953596#2,-404539453#2 -404539453#1 464656381#1 464656381#3 464656381#4 464656381#5 464656381#7 -464770435#2 -464770436 464770438#1 464770438#2 464770438#3 -464770442#0 351672094#2 351672094#3 464770443 464770445#1 1506939325#6 1506939325#7 1379887973#1 1339697074#1 244399270 37399713#1 37399713#2 37399713#3 244399271#1 773060731 -775222468#16 -775222468#15 -775222468#14 -775222468#13 -775222468#12 -775222468#11 -775222468#9 -775222468#8 -775222468#7 -775222468#6 -772873181#0 -273028084#9 -273028084#7 -273028084#6 -273028084#5 -273028084#4 -273028084#2 -273028084#1 -273028084#0 -913570918 273024752 781985786#6 781985786#7 781985786#8 1109231376 783692390#0 783692390#1 413953596#2,55,1235.33,expanded_map_background_distributed_boundary
expanded_v7_mapwide_00217,-381730906,-920025286,-381730906 779239890 381730914#2 -381730893#1 -381730893#0 -381730908#5 -381730908#3 -381730908#2 -420108609#4 -420108609#3 -420108609#2 -420108609#1 -381730930#3 -381730930#1 -381730930#0 -83339285#5 -83339285#4 -83339285#3 -83339285#2 -83339285#1 -83339285#0 -381737978#2 381746718 420097207 420097198#1 -381746452#3 -381746452#2 340373565#6 340373565#7 340373565#8 340373565#9 -420103660#1 -420103660#0 -920025286,34,1241.68,expanded_map_background_distributed_boundary
expanded_v7_mapwide_00218,223418965#9,-420187960#0,223418965#9 272232099#1 272263605#0 272263605#1 272263605#2 -273639055#6 -273639055#5 -273639055#4 -273639055#3 -273639055#2 -273639055#0 785130598#7 785130598#8 1455497343#0 785130601#1 785130602#1 272228339#0 272228339#1 272228339#2 272228339#3 272229587#5 268782329#0 268782329#1 268782233#2 268782233#3 268782233#4 268782233#5 -913006754#4 -381447823#1 -381447823#0 -913006754#1 -913006754#0 -913006753 -37403487#0 37928420#0 37928420#1 37928420#2 520307305#0 520307305#1 520307305#2 520307305#3 520307305#4 520307305#5 218681380#1 218681380#2 218681380#3 218681380#4 218681380#5 381458583#0 381458583#1 381458583#2 381458583#5 381458583#6 -420309398#1 239357571#0 381570313 -420187960#0,57,1248.03,expanded_map_background_distributed_boundary
expanded_v7_mapwide_00219,1458158609,-381452134,1458158609 1458158608 1458158607 517641007 1458158597 219745508 1458158602 37400684#0 37400684#1 37400684#2 37400684#3 732213462 620634300 1212424784 218769254#0 218769254#1 218769254#2 218769254#3 218769254#4 1456115797#0 184083252 218923184 1456115805 1381133418 -1455524947#2 -1455524947#1 -1455524947#0 -117784416 913841953#0 913841953#2 -591142208#0 327035699#0 327035699#1 327035702#1 327035702#2 327035702#3 327035702#4 327035702#5 327035700#1 1455518729#2 1455518729#4 1455518729#5 1455518729#6 1455518729#7 183272587 -218773868#0 -913009312#10 -913009312#9 381452122#3 -381452175#3 -420319847 -381452149#0 381452160#1 381452160#2 -381452180#1 -381452134,56,1254.39,expanded_map_background_distributed_boundary
expanded_v7_mapwide_00220,420331831,420078499#1,420331831 -1126339777#1 -1126339777#0 913009312#1 913009312#2 913009312#3 913009312#4 913009312#5 913009312#6 913009312#7 913009312#8 913009312#9 913009312#10 -180368918#8 -180368918#7 -180368918#6 -180368918#5 -180368918#3 -180368918#0 -800229255 -578313748#2 -578313748#0 174870621#0 174870621#2 174870621#4 174870621#5 174870621#6 174870621#7 174870621#8 174870621#9 174870621#10 218684411#0 218684411#1 218684411#2 218684411#3 218684411#4 218684411#5 218684411#6 218684411#7 -381807695#0 420080607#1 229028006#2 229028006#4 229028006#5 229028006#6 229028006#8 229028006#9 229028006#10 229028006#11 229028006#12 381809117#0 381809117#1 381809117#2 381809117#3 381809117#4 381809117#5 381809117#6 381809117#7 420078497#3 420078497#4 420078497#5 420078499#1,62,1260.74,expanded_map_background_distributed_boundary
expanded_v7_mapwide_00221,416175113,788674849,416175113 229028022#3 229028022#4 229028022#5 229028022#6 180192153#6 180192153#7 180192153#8 180192153#9 180192153#10 180192153#11 180192153#12 180192150 517323577#0 517323577#1 1455543605 1455543604 1455543603 1455543602 1455543601 1455543599 1455543598 1455543596 1455543595 229027560#0 229027560#1 229027560#2 788674849,28,1265.66,expanded_map_background_distributed_boundary
expanded_v7_mapwide_00222,-821107999#1,-464154090,-821107999#1 899373686#4 899373686#5 -183272613#1 -183272613#0 -176728952#3 -176728952#2 -176728952#1 -821108007 176728955#8 -480233462#1 -480233462#0 480233463#0 480233463#1 480233463#2 480233463#3 516948898#8 516948898#9 516948898#10 516948898#11 1214479816#0 1214479816#1 1214479816#2 1214479816#3 1214479816#4 1214479811 1392913187#0 1392913187#1 1392913188 1392913189 1392913190 1392913191 238545096#0 238545096#1 238545096#2 37401486#22 -1244243646#0 447956867#1 447956867#2 464154085#0 464154085#1 464154087#0 464154089#0 -464154090,44,1272.02,expanded_map_background_distributed_boundary
expanded_v7_mapwide_00223,379584855#2,-1054180193#0,379584855#2 -416206250#2 -416206250#1 -416206250#0 -379584836 -1455241698#1 -263590234 1455241701#0 183521053#0 183521053#1 1455185840#2 1455185840#4 1455210367#1 1455210363#0 1455210370 1455210361#0 1455210361#1 1455210361#2 1455210361#3 1455210357 1455210358 1455210359 899856672#0 899856672#1 -229028000#11 -381809121#1 -381809121#0 -229028024#3 -229028024#1 -229028024#0 899856672#3 899856672#4 218781562#1 899499299 899499300 899499301#0 899499301#3 908057245 899499302 -519060520#0 -899499304#1 -899499304#0 -519060521 -922996665#4 -922996665#2 -922996665#1 -922996665#0 -922996664 -922996666 -1102479447#1 -1102479447#0 -519068801#5 -519068801#4 -519068801#3 -519068801#2 -519068801#1 -519068801#0 -37400351#3 -37400351#2 381793820#0 381793828#0 779239885 -37400351#0 -911525664#1 -379966003#2 -379966003#1 -379966003#0 519060519#0 519060519#1 519060519#2 519060519#3 913954388#1 -1054180193#0,73,1278.37,expanded_map_background_distributed_boundary
expanded_v7_mapwide_00224,381570309#3,377333844,381570309#3 420310508#4 381570303#3 381570303#4 420309398#0 420309398#1 -381458583#6 -381458583#5 381458593 -218910324#3 -519097167#1 -519097167#0 -381741961#1 -381741961#0 -413106892 381746310 -381741957#1 -381741957#0 519097163#0 519097163#1 519097163#2 -1392679411 219076111#0 219076111#1 219076111#2 219076111#3 582839862#0 582839862#1 377333811#0 377333844,30,1284.72,expanded_map_background_distributed_boundary
expanded_v7_mapwide_00225,620604513#0,117784411#1,620604513#0 395466460#0 395466460#1 395466460#2 620604512#0 620604512#1 620604512#2 620604512#3 1378880611 464233647#1 -464233648#1 -464233648#0 773066532#1 516388936#3 516388936#4 480233462#0 480233462#1 480233462#3 1424068313#1 1424068313#2 1424068313#3 1424068313#4 1424068313#5 619147731 539136610#0 908622900#0 908622900#1 -198564935#3 -198564935#2 -198564935#0 198564933 198564930 218923160#0 218923160#1 218923160#2 218923160#3 218923160#4 219096264 198564925#0 198564925#1 198564925#2 198564925#3 198564925#4 198564925#5 782892488#2 782892488#3 782892488#4 782892488#5 184083183#0 184083183#1 184083183#2 184083183#3 184083183#4 184083183#5 184083183#6 218923184 1456115805 1381133418 117784417#2 117784417#3 -420348553 117784418#2 117784411#1,63,1291.08,expanded_map_background_distributed_boundary
expanded_v7_mapwide_00226,-37400066#0,1455524947#1,-37400066#0 -83339285#5 -83339285#4 -83339285#3 -83339285#2 -83339285#1 -83339285#0 -381737978#2 381746718 -381746720 -381746719 -340373565#3 -340373565#2 -340373565#1 420097204#1 381746717 -218960895#1 -218960895#0 -183272309#13 -183272309#12 -183272309#10 -183272309#9 -183272309#8 -183272309#7 -183272309#6 -183272309#4 -420319848#7 -420319848#5 -420319848#4 -420319848#3 -420319848#2 381452175#0 381452175#1 381452175#2 381452175#3 -381452122#3 913009312#9 913009312#10 -218923171#5 183272621 -1455518729#7 -1455518729#6 -1455518729#5 -1455518729#4 -1455518729#2 -327035700#1 -327035700#0 591142225#0 591142225#1 1455518727#1 1455518727#2 117784416 1455524947#0 1455524947#1,54,1297.43,expanded_map_background_distributed_boundary
expanded_v7_mapwide_00227,379598611#1,-318883568,379598611#1 703307925 -310911143#1 -310911143#0 -310909619#2 -310909619#1 -379598675 416209832 -379598702#0 -703247074#1 -703247074#0 -379584848#4 -379584827#1 379584843 -379584835#4 -379584861#0 -416206250#0 -379584836 -1455241698#1 -263590234 1455241701#0 1455241701#1 1455240793#0 1455240793#1 1455240793#2 1455240793#3 1455240793#4 183521201#1 379589803#0 379589803#1 379589801#0 379589801#1 379589801#2 379589801#3 -318883568,35,1303.78,expanded_map_background_distributed_boundary
expanded_v7_mapwide_00228,381807723#0,-229028339#1,381807723#0 381807723#2 788411960#0 788411960#1 788411960#2 788411960#3 788411961#0 -420078498#4 -420078498#3 -420078498#2 -420078498#1 229028334#5 229028334#6 420078497#3 420078497#4 420078497#5 -229028339#1,17,1310.13,expanded_map_background_distributed_boundary
expanded_v7_mapwide_00229,420097199#0,908694578#3,420097199#0 -381746721 -420097197#0 -381746452#3 -381746452#2 -381746452#1 -381746452#0 -218960891#3 -381452099 -381452140#0 381452120#3 381452120#5 381452120#6 -183272309#6 -183272309#4 -420319848#7 -420319848#5 -420319848#4 -420319848#3 -420319848#2 -420319848#1 -420319848#0 381452132 -420331825#4 -420331825#3 -420331825#2 -420331825#1 -420331825#0 913006754#9 1455512067 428260110 381453328#0 -381453321#4 -381453321#2 -381453321#1 381453320#1 -420348556#2 -420348556#1 -420348556#0 381453325#1 -198564928#25 -198564928#24 -198564928#21 -198564928#20 -198564928#19 -198564928#18 -198564928#17 -198564928#16 -198564928#15 -198564928#14 -198564928#13 -198564928#12 -198564928#11 -198564928#10 -198564928#8 -198564928#7 -198564928#6 -198564928#5 1205679418#11 1205679418#12 1205679418#14 329995230#0 228795478#0 228795478#1 228795478#2 913565824#9 913565824#10 913565824#11 908694578#0 908694578#1 908694578#2 908694578#3,72,1316.49,expanded_map_background_distributed_boundary
expanded_v7_mapwide_00230,1113247891#6,464770445#0,1113247891#6 -368834998#9 -368834998#8 -368834998#7 -377373577#7 -377373577#6 -377373577#5 -377373577#4 -377373577#2 -377373577#1 -377373577#0 331953294#3 377373670#0 377373670#1 377373670#2 331953288#6 331953288#7 377373635 464380979#1 516169312#12 516169312#13 516169312#14 499417661#0 837752063#1 837752063#2 837752066#0 837752066#1 585352850#3 585352851#0 585352851#1 218707545 619137615#0 619137615#1 619137615#3 619137615#4 464447942#0 244477705#2 244477705#3 244477705#4 244477705#5 244477705#6 244477705#7 244477705#8 -344898677#10 -344898677#7 -344898677#5 -344898677#4 -344898677#3 -344898677#1 -344898677#0 464458362#0 464458362#1 -244477714#2 -244477714#1 -244477714#0 526967879#3 580350029#0 580350029#1 -351672107#4 -351672107#3 -351672107#2 -351672107#1 464770445#0,63,1322.84,expanded_map_background_distributed_boundary
expanded_v7_mapwide_00231,-767644535,233651332#0,-767644535 767644534#1 782892491#1 420383143#0 420383143#1 228795477#2 228795477#3 228795463#0 228795463#1 228795463#3 228795463#4 219696192#7 219696192#9 824132484#1 824132486 420383141#0 420383141#1 -506162633 517641026#0 517641026#1 517641026#2 517641026#3 517641017#0 517641017#1 517641017#2 517641017#3 -184444067#6 233651332#0,28,1329.19,expanded_map_background_distributed_boundary
expanded_v7_mapwide_00232,-228795463#0,-381452104#0,-228795463#0 228795477#5 228795477#6 228795474#1 228795474#2 228795463#3 228795463#4 198564928#10 198564928#11 198564928#12 198564928#13 198564928#14 198564928#15 198564928#16 198564928#17 198564928#18 198564928#19 198564928#20 198564928#21 198564928#24 198564928#25 198564928#26 198564928#27 198564928#28 -1455518728 -428260116#1 -428260116#0 -1455512067 -913006754#9 420331825#0 420331825#1 420331825#2 420331825#3 420331825#4 -913009312#4 117914343#0 381452104#0 381452104#1 -420319840#1 -420319840#0 -381452174#0 -381452104#0,42,1335.55,expanded_map_background_distributed_boundary
expanded_v7_mapwide_00233,416178720#7,-607077076#2,416178720#7 416178720#8 -229027410#4 -229027410#3 -229027410#2 -229027410#1 183521178#8 183521178#9 1153283290 770890583#0 770890583#1 770890583#2 773060741#0 773060741#1 770890587 770890589#0 770890589#1 770890589#2 770890589#3 770890589#4 770890589#5 773066535#0 184083191#2 773066536#0 773066536#1 773066536#2 773066536#3 -420334155#3 -420334155#2 -420334155#1 -420334155#0 -607077076#3 -607077076#2,33,1341.90,expanded_map_background_distributed_boundary
expanded_v7_mapwide_00234,420317543#1,-381452108#2,420317543#1 244215552#1 520307306 913009311 913009312#1 913009312#2 913009312#3 117914343#0 117914343#1 381452108#0 -381452106#6 -381452106#4 -381452106#3 381452155 -381452108#3 -381452108#2,16,1346.82,expanded_map_background_distributed_boundary
expanded_v7_mapwide_00235,-333725872#4,320463245#4,-333725872#4 -229028026#10 -229028026#9 -379730411#2 -229028019#2 -229028019#1 218923174#2 218923174#3 218923174#4 218923174#5 218923174#6 770890587 770890589#0 770890589#1 770890589#2 770890589#3 770890589#4 770890589#5 773066535#0 218923171#1 218923171#2 218923171#4 183272621 -1455518729#7 -1455518729#6 -1455518729#5 -1455518729#4 -1455518729#2 -1455518729#1 -1455518729#0 -1455518726 -198564928#28 -198564928#27 -198564928#26 -198564928#25 -198564928#24 -198564928#21 -198564928#20 -198564928#19 -198564928#18 -198564928#17 -198564928#16 -198564928#15 381456420#0 381456420#1 381456420#4 381456420#5 381456466#2 320463245#4,49,1353.18,expanded_map_background_distributed_boundary
expanded_v7_mapwide_00236,-318750942#0,198691077#7,-318750942#0 -419750456#1 -419750456#0 -73550861#4 -73550861#3 -73550861#1 -73550861#0 37403263#0 -233651294#3 419812894#0 419812894#1 419812896#1 788674831 -419812890#0 -245063636#3 -245063636#2 -245063636#1 -245063636#0 184444067#5 184444067#6 517641017#4 517641017#5 517641017#6 517641017#7 517641017#8 517706841#1 517706841#2 344663892#0 344663892#1 -184443141#4 -184443141#3 -184443141#2 -184443141#1 -184443141#0 -1084408276#1 -1084408276#0 -424940172 -333725870 -218923156#1 1499619440#1 1499619440#2 1499619440#3 1499619440#4 1499619440#5 219096264 198564925#0 198564925#1 198691078#0 198691078#1 198691056#0 198691078#3 198691078#4 198691077#7,53,1359.53,expanded_map_background_distributed_boundary
expanded_v7_mapwide_00237,775222468#2,-772279128#0,775222468#2 775222468#3 -273028084#11 -273028084#10 772873181#0 -775222468#4 -775222468#3 -775222468#2 -775222468#1 420361201 767063626 1283636942 -768399563#1 -768399563#0 420361194#0 420361194#1 420361194#2 773060736 781985779#0 781985779#1 781985792#0 781985792#1 781985792#2 781985792#3 273638834#1 273638834#2 273638834#3 273638834#4 273638834#5 273638834#6 273638834#8 223418965#3 223418965#4 223418965#6 223418965#7 223418965#8 223418965#9 788411954#1 -772279128#0,39,1365.88,expanded_map_background_distributed_boundary
expanded_v7_mapwide_00238,198691079#2,601902513#0,198691079#2 -198691076#0 198691056#3 198691077#6 198691077#7 198691077#9 198691077#10 198691077#11 198691077#12 198691077#13 198691077#14 218974503#0 218974503#1 218974503#2 218974503#3 218974503#4 218974503#5 218974503#6 1109231377#0 1109231377#1 782892492#0 782892492#1 773060736 781985779#0 781985779#1 781985792#0 781985792#1 781985792#2 781985792#3 785130598#0 785130598#1 785130598#2 785130598#3 785130598#4 785130598#5 785130598#6 785130598#7 785130598#8 1455497343#0 785130601#1 -785130602#0 1455497343#2 1455497343#3 1455497343#4 785130603 428260104 -913006754#9 420331825#0 420331825#1 420331825#2 420331825#3 601902513#0,52,1372.23,expanded_map_background_distributed_boundary
expanded_v7_mapwide_00239,381807706#0,1207199730#3,381807706#0 -381807683#1 -482140281#9 -482140281#8 381809117#0 381809117#1 381809117#2 -420086334#2 420078498#4 -482140281#5 -482140281#4 -482140281#2 -482140281#1 -482140281#0 -911522747#1 -911522747#0 -911522751#4 -911522751#1 -911522751#0 -913811577#1 -913811577#0 183521074#0 183521074#1 183521074#2 183521074#3 -913811578 913694024#0 913694024#1 37403503#5 37403503#6 656122996 1199229106#0 1199229106#1 218771978#1 218771978#2 218771978#3 218771978#4 218771978#5 218771978#6 218771978#7 1212424785#0 1212424785#1 1212424785#2 1212424785#3 1212424785#4 1212424785#5 1212424785#6 1212424785#7 1212424785#8 1212424785#9 732213463#0 732213463#2 732213463#3 73550864#0 73550864#1 73550864#2 73550864#3 1207199730#2 1207199730#3,59,1378.59,expanded_map_background_distributed_boundary
expanded_v7_mapwide_00240,521770125#0,238535895#0,521770125#0 521770125#1 521770125#2 521770125#3 218910312#0 218910312#2 218910312#3 -1392679400 -218910324#11 -218910324#10 -218910324#9 -218910324#7 -218910324#6 -218910324#5 -420187960#3 239357580#0 -381570321#0 -420187960#1 -420187960#0 -381458583#6 -381458583#5 -381458583#2 -381458583#1 -381458583#0 -218681380#5 -218681380#4 -218681380#3 -218681380#2 -218681380#1 -218681380#0 -520307305#4 -520307305#3 1279010544#0 420187959#1 420187959#2 420187959#3 420187959#4 420187959#5 420187959#6 420187959#7 420187959#8 420187959#9 420187959#10 420187959#11 420187959#12 -913826317 -420319848#5 -420319848#4 -420319848#3 -420319848#2 381452175#0 381452175#1 381452175#2 381452175#3 -381452122#3 913009312#9 913009312#10 -218923171#5 -218923171#4 -218923171#2 -218923171#1 184083191#2 773066536#0 348657481#0 348657481#1 348657481#2 348657481#3 348657481#4 1283637489 607077076#0 607077076#1 -348659730 656122999 656122998#0 218771978#2 218771978#3 218771978#4 238535895#0,78,1326.54,expanded_map_background_distributed_boundary
expanded_v7_mapwide_00241,377333837#0,272232099#1,377333837#0 377333837#1 377333837#2 377333837#3 377333864 -377333837#1 -377333837#0 519100623#0 -377333856 -377333891#0 -420181757#2 -420181756 377333825#0 377333825#1 -779239891 -381737989#1 -381737989#0 381737969#4 183272636#0 183272636#1 519071250 413106892 519097168#0 519097168#1 519097168#2 519097168#4 -218681380#7 -218681380#5 -218681380#4 -218681380#3 -218681380#2 -218681380#1 -218681380#0 -520307305#4 -520307305#3 -520307305#2 -520307305#1 -520307305#0 -37928420#2 -37928420#1 -37928420#0 37403487#0 913006753 913006754#0 913006754#1 913006754#2 913006754#3 913006754#4 -1291318446 -268782233#4 -268782233#3 -268782233#2 -268782329#1 -268782329#0 272228143#0 272228143#1 272228143#2 272228143#3 272228143#4 272228143#5 237470575#0 237470575#1 237470575#2 237470575#3 237470575#4 237470575#5 237470575#6 223418965#6 223418965#7 223418965#8 223418965#9 272232099#1,72,1332.89,expanded_map_background_distributed_boundary
expanded_v7_mapwide_00242,464770424,-384030401#0,464770424 326189552#9 37403484#1 37403484#2 37403484#3 37403484#4 37403484#5 526967879#0 526967879#1 526967879#2 526967879#3 580350029#0 580350029#1 580350029#2 580350029#3 580350029#5 580350029#6 580350029#7 1339655672#0 1339655672#1 -580350028 1339655669 -778973690 -384030401#1 -384030401#0,25,1339.25,expanded_map_background_distributed_boundary
expanded_v7_mapwide_00243,782892488#2,416172064,782892488#2 1205679418#14 329995230#0 329995230#1 228795484#0 228795484#1 228795468#3 908646367#11 218924602#0 218924602#1 218924602#2 218924602#3 656122993 156922850#1 -170403810#3 -170403810#2 -170403810#1 -170403810#0 1207199730#0 1207199730#1 1207199730#2 1207199730#3 1207199731#2 1458158605 218835937 1458158600 1458158598 -1458158597 -517641007 -1458158607 -1458158608 -1458158609 -517583989 -1458158610 -1458158611 -1458158612 -223435053 381218091#0 381218091#1 416172064,40,1345.60,expanded_map_background_distributed_boundary
expanded_v7_mapwide_00244,516169308#7,377373566#0,516169308#7 516169308#8 -368834998#9 -368834998#8 -368834998#7 -368834998#6 -368834998#5 -368834998#4 289489780#0 289489780#1 289489780#3 289489780#4 289489780#5 377373668#1 -464412130#2 -464412130#1 -464412130#0 -377373704 -377373601#6 377373725#0 377373725#1 237264677#8 377373566#0,23,1351.95,expanded_map_background_distributed_boundary
expanded_v7_mapwide_00245,-221431173#0,-221977892#3,-221431173#0 -221431169#0 37399752#2 37399752#3 37399752#4 37399752#5 37399752#6 37399752#7 37399752#8 37399752#9 141957153 142077711#1 236945321#1 236945321#2 236945321#3 236945321#4 196079107#0 196079107#1 446743583#0 446743583#1 1506928764#0 1506928764#1 1506928764#2 196079104#0 196079104#2 196079104#3 196079104#4 196079104#5 1153283294#0 1153283294#1 619392625 773060739#0 773060739#1 1208411212#0 1208411212#1 37402325#0 37402325#1 913546029 180368916#1 180368916#4 -221977892#3,41,1358.31,expanded_map_background_distributed_boundary
expanded_v7_mapwide_00246,-1004836024,-243542155#0,-1004836024 233651280#1 218974504#3 218974504#4 218974504#5 219096265 708672701#0 708672701#1 708672701#2 708672701#3 708672701#4 708672701#5 708672701#6 708672701#7 708672701#8 708858347 -1499619438#0 -383097714 383097722#0 781985788#0 1465558146#0 1465558146#1 383097723 379943276 -243542155#1 -243542155#0,26,1364.66,expanded_map_background_distributed_boundary
expanded_v7_mapwide_00247,-233526454#0,229026917#1,-233526454#0 -73550861#4 419752064#0 788674833 -419752060 -419752058#0 180190213#9 180190213#11 220027347#7 220027347#8 220027347#9 220027347#10 1207199730#0 1207199730#1 1207199730#2 1207199730#3 1207199731#2 1458158605 218835937 1458158600 1458158598 -1458158597 -517641007 -1458158607 -1458158608 -1458158609 -517583989 -1458158610 -1458158611 -1458158612 1458158615#0 1458158613#1 1458158613#3 1458158613#4 1458158613#5 1455528504#0 1455528504#1 1455528504#2 381218125#0 381218125#1 -381218124#3 -381218124#2 -381218124#0 381218115#1 381218115#2 381218115#3 -229026916#8 -229026916#5 -229026916#4 -229026916#3 -229026916#2 229026917#1,52,1369.58,expanded_map_background_distributed_boundary
expanded_v7_mapwide_00248,-1176532865#1,415967618#6,-1176532865#1 -1176532865#0 -1176532864#0 229026906#1 416204675#0 416204675#1 416204675#2 -379730390#2 -379730390#1 -379730349 416204675#5 416204675#6 416204675#7 416204675#8 416204675#9 416204675#11 -229027410#4 -229027410#3 -229027410#2 -229027410#1 183521178#8 183521178#9 183521195#0 183521195#1 183521195#2 183521195#3 1455546617#0 1455546617#1 381218097 229026919 415967618#6,31,1375.93,expanded_map_background_distributed_boundary
expanded_v7_mapwide_00249,420187963#0,238535896#1,420187963#0 381458594#1 381458594#2 381458594#3 381458594#4 -381458597 -381458581#3 -381458581#2 -381458581#1 239357573#19 239357573#20 239357573#21 -520307305#2 -520307305#1 -520307305#0 -37928420#2 -37928420#1 -37928420#0 218662402#0 218662402#1 520307306 913009311 1126339777#0 1126339777#1 -420331831 117914348#0 117914348#1 117914351#0 117914351#2 -420331825#0 913006754#9 1455512067 1455512071 428260116#1 1455518728 1455518727#0 1455518727#1 1455518727#2 1455524944 1455524946 1455524945 218923182 268783056#1 1455524950#0 1455524950#1 1455524952#0 1455524952#1 1455526423 1455526421 1455526422 1455526425#0 1455526425#1 482167259 482167260 1455527229 1455527230 1207481548 1455546620 1207481549#0 1207481549#1 1455546621 238535896#1,62,1382.29,expanded_map_background_distributed_boundary
expanded_v7_mapwide_00250,381447829#0,420331831,381447829#0 420331831,2,1388.64,expanded_map_background_distributed_boundary
expanded_v7_mapwide_00251,-381743714#2,420086344#0,-381743714#2 -381743714#1 -381743714#0 521770125#2 521770125#3 218910312#0 218910312#2 218910312#3 -1392679400 -218910324#11 -218910324#10 -218910324#9 -218910324#7 -218910324#6 -218910324#5 -420187960#3 239357580#0 -381570321#0 -420187960#1 -420187960#0 -381458583#6 -381458583#5 -381458583#2 -381458583#1 420187962#3 -218910324#0 -218960891#14 -218960891#13 -218960891#12 -218960891#11 -218960891#10 -218960891#9 -218960891#8 -218960891#6 -218960891#5 -218960891#4 -218960891#3 -218960891#2 -218960891#1 -218960891#0 -37399924#11 -37399924#10 -37399924#9 -37399924#8 -37399924#7 -37399924#6 -37399924#5 -37399924#4 -37399924#3 -37399924#2 -37399924#1 -37399924#0 218684411#0 218684411#1 218684411#2 218684411#3 218684411#4 218684411#5 218684411#6 218684411#7 -381807695#0 420080607#1 229028006#2 229028006#4 229028006#5 229028006#6 229028006#8 229028006#9 420086344#0,69,1394.99,expanded_map_background_distributed_boundary
expanded_v7_mapwide_00252,-381453329,223418965#9,-381453329 420348556#2 381453320#2 381453320#3 1501824264 -1455497346 -503530174#1 -503530174#0 237470575#0 237470575#1 237470575#2 237470575#3 237470575#4 237470575#5 237470575#6 223418965#6 223418965#7 223418965#8 223418965#9,19,1401.35,expanded_map_background_distributed_boundary
expanded_v7_mapwide_00253,-420187960#0,381570309#3,-420187960#0 -420309398#1 -420309398#0 -381570303#4 -381570303#3 -420310508#4 -420310508#3 -420310508#2 381570323 381570309#3,10,1407.70,expanded_map_background_distributed_boundary
expanded_v7_mapwide_00254,-381746452#0,-37400066#0,-381746452#0 218960891#4 -381746450#3 -381746450#2 -340373565#6 381746452#2 381746452#3 -420097198#1 -420097207 -381746718 381737978#2 83339285#0 83339285#1 83339285#2 83339285#3 83339285#4 83339285#5 37400066#0 37400066#1 37400066#2 -381793820#3 779239883 779239884 381793815 -779239885 381793828#2 -779239884 -779239883 381793820#3 -37400066#2 -37400066#1 -37400066#0,32,1414.05,expanded_map_background_distributed_boundary
expanded_v7_mapwide_00255,377333844,381807723#0,377333844 377333893#1 1442270413#0 1442270413#1 1442270413#2 519071250 413106892 519097168#0 519097168#1 519097168#2 519097168#4 -218960891#14 -218960891#13 -218960891#12 -218960891#11 -218960891#10 -218960891#9 -218960891#8 -218960891#6 -218960891#5 -218960891#4 -218960891#3 -218960891#2 -218960891#1 -218960891#0 -37399924#11 -37399924#10 -37399924#9 -37399924#8 -37399924#7 -37399924#6 -37399924#5 -37399924#4 -37399924#3 -37399924#2 -37399924#1 -37399924#0 218684411#0 218684411#1 218684411#2 218684411#3 218684411#4 218684411#5 -229028337#8 -229028337#7 229028340#9 229028345#10 381807723#0,48,1420.41,expanded_map_background_distributed_boundary
expanded_v7_mapwide_00256,464458362#4,651817398#4,464458362#4 580350029#3 580350029#5 580350029#6 580350029#7 1339655672#0 1339655672#1 -580350028 1339655669 1339655668 516163750#0 516163750#1 1206220503#0 1206220503#1 333554718 333554719 219696191#0 219696191#1 619147740 619147739#0 651817398#0 651817398#1 651817398#2 651817398#3 651817398#4,25,1426.76,expanded_map_background_distributed_boundary
expanded_v7_mapwide_00257,117784411#1,782892489#2,117784411#1 117784421#3 117784419#0 117784419#1 395564622#2 -198564928#25 -198564928#24 -198564928#21 -198564928#20 -198564928#19 -198564928#18 -198564928#17 -198564928#16 -198564928#15 -198564928#14 -198564928#13 -198564928#12 -198564928#11 -198564928#10 -228795463#4 -228795463#3 -228795463#1 -228795463#0 -228795477#3 -228795477#2 -420383143#1 -420383143#0 -1205679418#1 -767644535 -767644534#0 180368915#3 782892489#1 782892489#2,33,1433.11,expanded_map_background_distributed_boundary
expanded_v7_mapwide_00258,244477710,-329995227#2,244477710 244477705#8 -344898677#10 -344898677#7 -344898677#5 -344898677#4 -344898677#3 -344898677#1 -344898677#0 464458362#0 464458362#1 464458362#2 -468168887#2 -468168887#1 -468168887#0 -224260187#6 -376666917 -376666933#0 -224260190#5 -224260190#4 -224260190#3 -224260190#2 -224260190#1 -224260190#0 1206220503#0 1206220503#1 333554718 333554719 219696191#0 219696191#1 619147740 619147739#0 619147739#1 619147739#2 619147739#3 619147739#4 619147739#5 619147739#6 781983103#1 781983103#2 921117704#0 921117704#1 1467498054 -781985788#0 -383097722#0 383097714 1499619438#0 1499619445#2 1499619444 1499619443#0 1499619443#1 1499619443#2 1499619443#3 198691077#0 198691077#1 198691077#2 198691077#3 198691077#4 198691077#5 198691077#6 198691077#7 198691077#9 198691077#10 198691077#11 198691077#12 198691077#13 198691077#14 913565824#1 913565824#2 782892488#2 782892488#3 782892488#4 782892488#5 420383141#0 -329995227#2,75,1439.46,expanded_map_background_distributed_boundary
expanded_v7_mapwide_00259,198691078#4,419752057#4,198691078#4 198691077#7 198691077#9 198691077#10 198691077#11 198691077#12 198691077#13 198691077#14 913565824#1 913565824#2 913565824#6 913565824#7 913565824#8 913565824#9 913565824#10 913565824#11 919117822#1 919117822#2 919117822#3 919117822#4 1013396414#1 1013396414#2 306384116#0 306384116#1 419812905#0 419812905#1 -1013396417#0 -37403263#7 -37403263#6 -37403263#5 233651310#0 -329261487 -184445043#1 -184445043#0 -419812286#5 -117784412#0 180190213#3 419750459#0 419752057#3 419752057#4,40,1445.82,expanded_map_background_distributed_boundary
expanded_v7_mapwide_00260,-229028339#1,-379584856#1,-229028339#1 -379730398#2 -379730398#1 -379730398#0 -732213457#1 -732213457#0 732213458 229028014#1 238538825#0 238538825#1 238538825#2 238538822#2 -379730387#2 -379730329#4 -379730329#3 -379730329#2 -379730329#1 238538823#4 238538823#5 183521185#13 263590234 1455241699#0 1455241699#1 379584862#1 379584862#2 416206250#0 416206250#1 416206250#2 416206250#3 -379584856#1,30,1450.74,expanded_map_background_distributed_boundary
expanded_v7_mapwide_00261,381746724,420317543#1,381746724 -117770541#1 -381746452#2 340373565#6 381746450#2 381746450#3 -420317541#6 -420317541#5 -420317541#4 -420317541#3 -420317541#2 -420317541#1 -420317541#0 -375125209 117914354 420317540 420317543#0 420317543#1,18,1457.09,expanded_map_background_distributed_boundary
expanded_v7_mapwide_00262,-331953288#2,-376666928#1,-331953288#2 464399096#0 464399096#1 464380980#1 516169312#9 516169312#10 516169312#11 516169312#12 516169312#13 516169312#14 499417661#0 837752063#1 837752063#2 837752066#0 837752066#1 585352850#3 585352851#0 585352851#1 218707545 619137615#0 619137615#1 619137615#3 619137615#4 464447942#0 464447942#1 464447942#2 464447942#3 344898685 384030384 -464458358#0 -464458860#4 -464458860#3 -464458860#1 -464458860#0 -376666928#2 -376666928#1,36,1463.45,expanded_map_background_distributed_boundary
expanded_v7_mapwide_00263,233651332#0,-228795463#0,233651332#0 -788674832 517641017#2 517641017#3 517641017#4 517641017#5 517641017#6 517641017#7 517641017#8 517706841#1 517706841#2 517706841#3 517706841#4 517706841#5 908694579 656122981#0 908646367#5 908646367#6 908646367#7 -329995230#2 -329995230#1 -329995230#0 -1205679418#14 -1205679418#12 -1205679418#11 -1205679418#10 -1205679418#9 -1205679418#8 -1205679418#7 -1205679418#6 228795474#0 228795474#1 228795474#2 -228795463#1 -228795463#0,35,1469.80,expanded_map_background_distributed_boundary
expanded_v7_mapwide_00264,266255488#0,-238536650#1,266255488#0 266255488#1 266255488#2 -420108609#2 -420108609#1 -381730930#3 -381730930#1 -381730930#0 -83339285#5 -83339285#4 -83339285#3 -83339285#2 -83339285#1 -83339285#0 -482188707#1 -340373564#4 -340373564#3 -340373564#2 381802856 381802880#1 -340373566#2 -340373566#1 -340373566#0 -420089386#5 -420089386#4 -420089386#3 -420089386#2 -420089386#1 -420089386#0 -870977308#0 -117770551#4 -117770551#3 -117770551#2 -117770551#0 -183272625#1 -174870621#2 381807720#1 381807720#2 381807720#3 381807720#4 800229257#2 911522748#0 911522748#1 183521074#0 183521074#1 183521074#2 -381809847 -238536650#1,48,1476.15,expanded_map_background_distributed_boundary
expanded_v7_mapwide_00265,-37399924#8,381807706#0,-37399924#8 -37399924#7 -37399924#6 -37399924#5 -37399924#4 -37399924#3 -37399924#2 -37399924#1 -37399924#0 218684411#0 218684411#1 218684411#2 218684411#3 218684411#4 218684411#5 218684411#6 218684411#7 -381807695#0 420080607#1 420080604#0 420080604#1 420080604#2 229028020#4 229028020#5 229028020#6 229028020#7 229028020#8 420080602#0 420080602#1 420080602#2 381807706#0,31,1482.51,expanded_map_background_distributed_boundary
expanded_v7_mapwide_00266,183521195#1,-420092889#1,183521195#1 788674837 381218106#1 -517932075#3 -517932075#2 -517932075#1 -517932075#0 1153283290 770890583#0 770890583#1 770890583#2 773060741#0 773060741#1 770890587 770890589#0 770890589#1 770890589#2 770890589#3 770890589#4 770890589#5 773066535#0 218923178#0 218923178#1 218923178#2 218923178#3 218923178#4 218923178#7 578313749#0 578313749#1 420331816#0 420331816#1 381802847#0 -420331812#4 -420331812#3 -420331812#2 381802858 -381802844#2 -381802844#1 -381802844#0 117914344#2 -117914353#2 -117914353#1 381802883#0 -420092889#2 -420092889#1,45,1488.86,expanded_map_background_distributed_boundary
expanded_v7_mapwide_00267,-464155346#0,1216356209#0,-464155346#0 517328038#1 -464154085#2 -464154085#1 -464154085#0 -447956867#2 -447956867#1 1244243645 -37401486#22 -238545096#2 -238545096#1 -238545096#0 516398275#3 516398275#4 516398275#5 516398275#6 516398275#7 516398275#8 516398275#9 908636259#0 908636259#1 908636259#3 908636259#4 908720245#0 908720245#1 -224258726#1 1216356209#0,27,1495.21,expanded_map_background_distributed_boundary
expanded_v7_mapwide_00268,320463245#4,381802875,320463245#4 -1125773044 -381456420#7 -381456468#1 -381456468#0 381456466#1 -381456420#5 -381456420#4 -381456420#1 -381456420#0 198564928#15 198564928#16 198564928#17 198564928#18 198564928#19 198564928#20 198564928#21 198564928#24 198564928#25 198564928#26 198564928#27 198564928#28 1455518726 1455518729#0 1455518729#1 1455518729#2 1455518729#4 1455518729#5 1455518729#6 1455518729#7 183272587 -218773868#0 -180368918#8 -180368918#7 -180368918#6 -180368918#5 -180368918#3 -180368918#0 -800229255 -578313748#2 -578313748#0 174870621#0 174870621#2 183272625#1 117770551#0 117770551#2 117770551#3 117770551#4 870977308#0 -37399924#5 381802845#0 381802845#1 381802845#2 381802845#3 381802845#4 420092891#4 420092891#5 381802875,58,1501.57,expanded_map_background_distributed_boundary
expanded_v7_mapwide_00269,1207199730#3,1125773042,1207199730#3 170403826#0 170403826#1 170403826#2 170403826#3 37400684#1 37400684#2 37400684#3 732213462 620634300 1212424784 218769254#0 218769254#1 218769254#2 218769254#3 218769254#4 1456115797#0 184083252 333555370 1456115800 1456115801#0 1456115801#1 1456115801#2 1456115801#3 -198564928#21 381456422#1 381456422#3 381456422#4 381456422#6 381456422#7 420383150#1 381456461 320463283 320463177#1 1125773042,35,1507.92,expanded_map_background_distributed_boundary
expanded_v7_mapwide_00270,-381741927,219696192#4,-381741927 381741932#4 -218910324#3 -218910324#2 -218910324#1 -218910324#0 -218681380#7 -218681380#5 -218681380#4 -218681380#3 -218681380#2 -218681380#1 -218681380#0 -520307305#4 -520307305#3 -520307305#2 -520307305#1 -520307305#0 -37928420#2 -37928420#1 -37928420#0 37403487#0 913006753 913006754#0 913006754#1 913006754#2 913006754#3 913006754#4 -1291318446 -268782233#4 -268782233#3 -268782233#2 -268782329#1 -268782329#0 272228143#0 272228143#1 272228143#2 272228143#3 272228143#4 272228143#5 237470575#0 237470575#1 237470575#2 237470575#3 237470575#4 -273639501#2 -273639501#1 -273638834#8 -273638834#6 -273638834#5 -273638834#4 -273638834#3 -273638834#2 -273638834#1 219696192#0 219696192#1 219696192#3 219696192#4,58,1514.27,expanded_map_background_distributed_boundary
expanded_v7_mapwide_00271,-315658900#5,419812887#2,-315658900#5 -315658900#4 -315658900#3 -315658900#2 -315658900#1 -315658900#0 -315658899#1 -315658899#0 921117704#0 921117704#1 1467498054 -781985788#0 -383097722#0 383097714 1499619438#0 1499619445#2 1499619444 1499619443#0 1499619443#1 1499619443#2 1499619443#3 1499619443#4 1499619443#5 1499619443#6 1499619443#7 1499619443#8 1499619443#9 1499619437 1499619442 1499619439#0 1499619439#1 1499619439#2 1499619439#3 218923156#1 333725870 424940172 1084408276#0 1084408276#1 1482114515#0 1084408281 219053199#0 219053199#1 219053199#2 219053199#3 219053199#4 219053199#5 -217514805#7 -217514805#6 -217514805#5 -217514805#4 -217514805#3 -217514805#2 -217514805#1 -217514805#0 -329261504#2 -895829949 419812887#1 419812887#2,58,1520.62,expanded_map_background_distributed_boundary
expanded_v7_mapwide_00272,37400684#3,379584866#0,37400684#3 732213462 620634300 1212424784 1212424783#0 1212424783#1 1212424783#2 1212424783#3 1212424783#4 1455526426#0 1455526426#1 1455526426#2 482167259 482167260 1455527229 1455527230 1207481548 1455546620 1207481549#0 1207481549#1 1455546621 1455546622#0 1455546622#1 1455546623 773060740#1 913698744 180192153#0 180192153#1 180192153#3 180192153#4 180192153#6 180192153#7 180192153#8 180192153#9 180192153#10 180192153#11 180192153#12 183521185#0 183521185#1 183521185#2 183521185#3 183521185#4 183521185#5 183521185#6 183521185#7 183521185#8 183521185#10 183521185#11 183521185#13 263590234 1455241699#0 1455241699#1 379584862#1 379584862#2 416206250#0 416206250#1 416206250#2 416206250#3 416206250#4 416212022#0 379584866#0,61,1526.98,expanded_map_background_distributed_boundary
expanded_v7_mapwide_00273,-416172056,-381458595,-416172056 -223435055#0 1458160293 1458158614 1458158612 1458158611 1458158610 517583989 1458158609 1458158608 1458158607 517641007 1458158597 219745508 1458158602 37400684#0 37400684#1 37400684#2 37400684#3 732213462 620634300 1212424784 218769254#0 218769254#1 218769254#2 218769254#3 218769254#4 1456115797#0 184083252 218923184 1456115805 1381133418 117784417#2 117784417#3 -420348553 -117784415 117784421#2 117784421#3 117784421#4 198564928#28 -1455518728 -428260116#1 -428260116#0 -1455512067 -913006754#9 420331825#0 -117914351#2 -117914351#0 -117914348#1 -117914348#0 420331831 -1126339777#1 -1126339777#0 -913009311 -520307306 -218662402#1 -218662402#0 37928420#0 37928420#1 37928420#2 520307305#0 520307305#1 520307305#2 -239357573#21 -239357573#20 -239357573#19 381458581#1 381458581#2 381458581#3 381458597 -381458594#4 -381458595,72,1531.90,expanded_map_background_distributed_boundary
expanded_v7_mapwide_00274,416178719#1,420089386#4,416178719#1 416178719#2 416178719#3 416178719#4 416178720#1 416178720#2 416178720#3 416178720#5 416178720#6 416195450#0 416195450#1 379730341#0 379730341#1 379730344 379730377 -416204675#6 -416204675#5 379730349 379730390#1 379730390#2 -416204675#2 -416204675#1 -416204675#0 -318478691 -318478671#1 -318478671#0 -1455543604 -1455543605 -517323577#1 -517323577#0 -180192150 -333725872#8 -333725872#7 -333725872#6 -333725872#5 -333725872#4 -333725872#2 -333725872#1 -482188706 -183895356 -218684408#9 -218684408#8 -218684408#7 -218684408#6 -218684408#5 -218684408#3 -218684408#2 -218684408#1 -218684408#0 37399924#0 37399924#1 37399924#2 37399924#3 37399924#4 37399924#5 420089386#0 420089386#1 420089386#2 420089386#3 420089386#4,60,1538.25,expanded_map_background_distributed_boundary
expanded_v7_mapwide_00275,-245063646,-420361194#1,-245063646 184444067#4 184444067#5 184444067#6 517641017#4 517641017#5 517641017#6 517641017#7 517641017#8 517706841#1 517706841#2 517706841#3 517706841#4 517706841#5 908694579 656122981#0 656122981#1 656122981#2 656122981#4 656122981#5 656122981#6 613477341#2 613477341#3 613477341#4 218974503#0 218974503#1 218974503#2 218974503#3 218974503#4 218974503#5 218974503#6 1109231377#0 1109231377#1 782892492#0 782892492#1 -420361194#2 -420361194#1,37,1544.61,expanded_map_background_distributed_boundary
expanded_v7_mapwide_00276,770860549,-619137615#8,770860549 821457682#1 333557072#3 -770860548#4 -770860548#3 770860565#0 770860565#1 78628775#5 78628770#1 379943755#1 379943753#0 379943753#1 1339655667#0 1339655667#1 -37403486#2 -37403486#1 -1339655670#2 -1339655670#1 -1339655670#0 -1339655672#1 -1339655672#0 -580350029#7 -580350029#6 -580350029#5 -580350029#3 -580350029#2 -580350029#1 -580350029#0 -526967879#3 -526967879#2 -526967879#1 -526967879#0 -37403484#5 -37403484#4 464458983#0 464458983#2 464458983#3 344898669#0 -344898670#0 -619137615#9 -619137615#8,41,1550.96,expanded_map_background_distributed_boundary
expanded_v7_mapwide_00277,773060739#1,379730378#0,773060739#1 1208411212#0 1208411212#1 37402325#0 37402325#1 37402325#2 1506928765 480618375#1 480618375#2 480618375#3 480618375#4 480618375#5 480618375#6 480618375#7 480618375#8 480618375#9 1153283292#1 1153283292#2 1153283292#3 1153283292#4 770899736#0 770899736#1 770899736#2 1458160299 1458160300#0 1458160300#1 1458160300#2 1458160300#4 1458160300#5 1458160300#6 218769263#0 218769263#1 218769263#2 218769263#3 218769263#4 218769263#5 218769263#6 218769263#7 218769263#8 218769263#9 218769263#11 218769263#12 218769263#14 -517932075#9 -517932075#8 -517932075#7 -517932075#6 -517932075#5 -517932075#3 -517932075#2 -517932075#1 -517932075#0 1153283290 913698744 180192153#0 180192153#1 180192153#3 180192153#4 180192153#6 180192153#7 180192153#8 180192153#9 180192153#10 180192153#11 180192153#12 183521185#0 183521185#1 -379730403#4 416175123#0 416175122#2 -229028014#4 -800601984 -238538492#8 -238538492#7 -379730387#2 -379730387#1 -379730387#0 238538826#1 379730378#0,79,1557.31,expanded_map_background_distributed_boundary
expanded_v7_mapwide_00278,375125205#4,218771978#3,375125205#4 381807721#0 -381807694#1 381807720#3 381807720#4 800229257#2 911522748#0 911522748#1 183521074#0 183521074#1 183521074#2 183521074#3 -913811578 913694024#0 913694024#1 37403503#5 37403503#6 656122996 1199229106#0 1199229106#1 218771978#1 218771978#2 218771978#3,23,1563.67,expanded_map_background_distributed_boundary
expanded_v7_mapwide_00279,244384770#2,183521185#8,244384770#2 244384770#3 244384770#4 244384770#5 244384770#6 244384770#7 244384770#8 244384770#9 244384770#10 244384770#11 244384770#12 244384770#13 244384770#14 244384770#15 913006752#0 913006752#1 218662402#0 218662402#1 520307306 913009311 913009312#1 913009312#2 913009312#3 913009312#4 913009312#5 913009312#6 913009312#7 913009312#8 913009312#9 913009312#10 -218923171#5 -218923171#4 -218923171#2 -218923171#1 37403503#1 37403503#2 37403503#3 37403503#4 37403503#5 37403503#6 656122996 183272548#0 183272548#1 183272548#2 183272548#3 183272548#4 180192153#0 180192153#1 180192153#3 180192153#4 180192153#6 180192153#7 180192153#8 180192153#9 180192153#10 180192153#11 180192153#12 183521185#0 183521185#1 183521185#2 183521185#3 183521185#4 183521185#5 183521185#6 183521185#7 183521185#8,66,1570.02,expanded_map_background_distributed_boundary
expanded_v7_mapwide_00280,-381452140#1,420113458#2,-381452140#1 381452099 218960891#3 381746452#0 381746452#1 381746452#2 381746452#3 -420097198#1 -420097207 -381746718 381737978#2 83339285#0 83339285#1 83339285#2 83339285#3 83339285#4 83339285#5 381730930#0 381730930#1 381730930#3 420108609#1 420108609#2 420108609#3 420108609#4 420108609#5 420113453 381730887 381730927 -381730909#2 -420113460 420113458#2,31,1576.37,expanded_map_background_distributed_boundary
expanded_v7_mapwide_00281,-328442838#2,516417604#2,-328442838#2 -328442838#1 385962314#1 385962314#2 -385962313#2 -385962313#1 913230876 1507371404#2 480233461 1067765276#0 1067765276#1 1067765276#2 480233459 333580689#1 333580689#2 516388936#0 516948898#8 516948898#9 516948898#10 516948898#11 1214479816#0 1214479816#1 1214479816#2 1214479816#3 1214479816#4 333969025#1 773066533#0 773066533#1 773066533#2 773066533#3 621513157#0 621513157#1 621513157#2 621513156 516417604#0 516417604#2,36,1582.72,expanded_map_background_distributed_boundary
expanded_v7_mapwide_00282,422584937#2,1205679418#10,422584937#2 -531796031 -218923177 516948898#3 176728950#0 176728950#1 -344645187 176728955#5 176728955#6 176728955#7 176728955#8 480233462#3 1424068313#1 1424068313#2 1424068313#3 1424068313#4 1424068313#5 619147731 539136610#0 908622900#0 908622900#1 -198564935#3 -198564935#2 -198564935#0 198564933 198564930 218923160#0 218923160#1 218923160#2 218923160#3 218923160#4 219096264 198564925#0 198564925#1 198564925#2 198564925#3 198564925#4 198564925#5 782892488#2 -1205679418#12 -1205679418#11 -1205679418#10 -1205679418#9 -1205679418#8 228795472#0 -228795477#7 -228795474#0 1205679418#6 1205679418#7 1205679418#8 1205679418#9 1205679418#10,52,1589.08,expanded_map_background_distributed_boundary
expanded_v7_mapwide_00283,-464148430#0,-464419339#0,-464148430#0 -1144268077#1 -464154095#1 788727983 464148430#1 464148430#2 464148430#3 464154091#0 464154091#1 464154098 -447956867#6 -447956867#5 -447956867#4 -447956867#3 -447956867#2 -447956867#1 1244243645 -37401486#22 -238545096#2 -238545096#1 -238545096#0 516398275#3 516398275#4 516398275#5 516398275#6 516398275#7 516398275#8 516398275#9 908636259#0 908636259#1 908636259#3 908636259#4 908720245#0 908720245#1 1214479815 773066532#0 464233648#0 464233648#1 464233647#2 480233463#7 516388937 218923167#1 1068426572#0 1068426572#1 1424068314#2 1424068314#4 333554714#1 183272313#0 183272313#1 183272448#0 516169312#0 516169312#1 516169312#2 516169312#3 516169312#4 516169312#5 -331951643#7 331951646 -377373686#0 -331953288#1 -331953288#0 -464419339#2 -464419339#0,63,1595.43,expanded_map_background_distributed_boundary
expanded_v7_mapwide_00284,420092890#0,218724603,420092890#0 381802870#0 381802870#1 870977310#0 870977310#1 37399924#8 37399924#9 37399924#10 37399924#11 218960891#0 218960891#1 218960891#2 218960891#3 218960891#4 218960891#5 218960891#6 218960891#8 218960891#9 218960891#10 218960891#11 218960891#12 218960891#13 218960891#14 -519097168#4 -519097168#2 -519097168#1 -519097168#0 -413106892 381746310 -381741957#1 781179155 97537664#1 519071257#0 1442271383 218724603,35,1601.78,expanded_map_background_distributed_boundary
expanded_v7_mapwide_00285,381452120#6,782892488#2,381452120#6 -183272309#6 -183272309#4 -420319848#7 -420319848#5 -420319848#4 -420319848#3 -420319848#2 -420319848#1 -420319848#0 381452132 -420331825#4 -420331825#3 -420331825#2 -420331825#1 -420331825#0 913006754#9 1455512067 428260110 381453328#0 -381453321#4 -381453321#2 -381453321#1 381453320#1 -420348556#2 -420348556#1 -420348556#0 381453325#1 -198564928#25 -198564928#24 -198564928#21 -198564928#20 -198564928#19 -198564928#18 -198564928#17 -198564928#16 -198564928#15 -198564928#14 -198564928#13 -198564928#12 -198564928#11 -198564928#10 -198564928#8 -198564928#7 -198564928#6 -198564928#5 -198564928#4 -198564928#2 -198564928#0 198564934#0 198564934#1 913565824#1 913565824#2 782892488#2,54,1608.14,expanded_map_background_distributed_boundary
expanded_v7_mapwide_00286,-198691076#2,516169308#7,-198691076#2 -198691076#1 198691079#3 198691085#0 198691085#1 198691085#2 198691085#3 198691065#1 198691065#2 383097714 1499619438#0 383097712#1 383097712#2 183272462#1 333972428#1 333972428#2 333972428#3 333972428#4 289213613#0 619342756 585341917 438360329#0 438360329#1 183272574#1 -516948900#4 -516948900#3 -516948900#2 333554715#1 531796031 -422584937#2 -422584937#1 -422584937#0 -516388934#3 475744294#1 183272449#0 183272449#1 183272449#2 183272449#3 516169308#2 516169308#3 516169308#4 516169308#5 516169308#6 516169308#7,44,1613.06,expanded_map_background_distributed_boundary
expanded_v7_mapwide_00287,183521178#3,-233526454#0,183521178#3 183521178#4 183521178#5 183521178#6 183521178#7 183521178#8 183521178#9 183521195#0 183521195#1 183521195#2 183521195#3 1455546617#0 1455546617#1 1455546618#0 1455546618#1 1455546619 184083202 1455527231#0 1455527231#1 1455527231#2 1455527231#3 1455527231#4 1455527231#6 1455527231#7 1455527231#8 184083240 1458158606 517641011#0 517641011#1 517641011#2 517641011#3 517641011#4 517641011#5 -318750942#5 -318750942#3 -419750461#3 -419752064#6 -419752064#5 -419752064#4 -419752064#3 -419752064#2 -419752064#1 788674833 -419752056#0 -245063565#6 -245063565#5 -245063565#4 -245063565#3 419750460 -233526454#1 -233526454#0,51,1619.41,expanded_map_background_distributed_boundary
expanded_v7_mapwide_00288,272232099#1,-419812285#0,272232099#1 272263605#0 272263605#1 272263605#2 -273639501#2 -273639501#1 -273638834#8 -273638834#6 -273638834#5 -273638834#4 -273638834#3 -273638834#2 -273638834#1 219696192#0 219696192#1 219696192#3 219696192#4 219696192#5 219696192#6 219696192#7 219696192#9 824132484#1 824132486 420383141#0 420383141#1 -506162633 517641026#0 517641026#1 517641026#2 517641026#3 -180190213#11 -233651332#3 233651294#0 233651294#1 233651294#2 233651294#3 -419812286#7 233651265 329261473#0 -184445043#0 -419812286#5 -419812286#4 -419812286#3 -419812286#2 -419812286#1 -419812286#0 -419812287#0 -419812285#0,48,1625.77,expanded_map_background_distributed_boundary
expanded_v7_mapwide_00289,37400087#2,-273647557,37400087#2 176728954 493183992#3 -1424068313#5 -1424068313#4 -1424068313#3 -1424068313#2 -1424068313#1 176728952#0 176728952#1 176728952#2 176728952#3 183272613#0 183272613#1 899373686#6 619147734 198566324#0 919984684 619147730#3 1499619449#0 1499619449#1 1499619449#2 1499619448 1499619447#0 1499619447#1 383097727#0 383097727#1 -383097714 383097722#0 781985788#0 781985786#1 781985786#2 781985786#3 781985786#4 781985786#5 781985786#6 781985786#7 781985786#8 781985784 781985783 781985779#0 781985779#1 781985792#0 781985792#1 781985792#2 781985792#3 273638834#1 273638834#2 273638834#3 273638834#4 273638834#5 273638834#6 273638834#8 223418965#3 223418965#4 223418965#6 223418965#7 223418965#8 223418965#9 223418965#10 223418965#11 223418965#12 223418965#13 223418965#14 273647556#1 -273647557,66,1632.12,expanded_map_background_distributed_boundary
expanded_v7_mapwide_00290,-239357573#20,-1004836024,-239357573#20 -239357573#19 381458581#1 381458607 -381458587#0 381458592#2 381458600#0 381458600#1 -218681380#1 -218681380#0 -520307305#4 -520307305#3 -520307305#2 -520307305#1 -520307305#0 -37928420#2 -37928420#1 -37928420#0 218662402#0 218662402#1 520307306 913009311 1126339777#0 1126339777#1 -420331831 117914348#0 117914348#1 117914351#0 117914351#2 -420331825#0 913006754#9 1455512067 428260110 381453328#0 -381453321#4 -381453321#2 -381453321#1 381453320#1 -420348556#2 -420348556#1 -420348556#0 381453325#1 -198564928#25 -198564928#24 -198564928#21 -198564928#20 -198564928#19 -198564928#18 -198564928#17 -198564928#16 -198564928#15 -198564928#14 -198564928#13 -198564928#12 -117914848#7 -381456441 -170403787#0 -170403779 219696192#9 824132484#1 824132486 420383141#0 420383141#1 -506162633 1212424791#0 1212424791#1 1212424791#2 1212424791#3 1212424791#4 1212424791#5 1212424791#6 1212424791#7 1212424791#8 908694579 656122981#0 656122981#1 656122981#2 -1004836024,78,1638.47,expanded_map_background_distributed_boundary
expanded_v7_mapwide_00291,-376666930#2,1495080554#3,-376666930#2 -376666930#1 -376666932#3 -376666932#2 -376666932#1 -376666932#0 468168887#2 468168887#3 468168887#4 -526967879#3 -526967879#2 -526967879#1 -526967879#0 -37403484#5 464656382#0 464656382#1 464656382#2 464656383#0 464656383#2 464656383#3 -326189552#3 404539446#0 404539446#1 404539446#2 404539446#3 1495080554#2 1495080554#3,27,1644.82,expanded_map_background_distributed_boundary
expanded_v7_mapwide_00292,381452132,420187963#0,381452132 -913009312#4 -913009312#3 -913009312#2 -913009312#1 -913009311 -520307306 -218662402#1 -218662402#0 37928420#0 37928420#1 37928420#2 520307305#0 520307305#1 520307305#2 520307305#3 520307305#4 520307305#5 218681380#1 -381458600#1 -381458600#0 -381458592#2 -381458592#1 -381458592#0 420187963#0,25,1651.18,expanded_map_background_distributed_boundary
expanded_v7_mapwide_00293,228795463#4,381447829#0,228795463#4 198564928#10 198564928#11 198564928#12 198564928#13 198564928#14 198564928#15 198564928#16 198564928#17 198564928#18 198564928#19 198564928#20 198564928#21 198564928#24 198564928#25 198564928#26 198564928#27 198564928#28 -1455518728 -428260116#1 -428260116#0 -1455512067 -913006754#9 420331825#0 420331825#1 420331825#2 420331825#3 420331825#4 381447829#0,29,1657.53,expanded_map_background_distributed_boundary
expanded_v7_mapwide_00294,-243542155#0,-381453329,-243542155#0 -243542154#3 -243542154#2 464461055 -243542154#0 921117704#1 1467498054 781985786#1 781985786#2 781985786#3 781985786#4 781985786#5 781985786#6 781985786#7 781985786#8 781985784 781985783 781985779#0 781985779#1 781985792#0 781985792#1 781985792#2 781985792#3 219696192#0 219696192#1 219696192#3 219696192#4 -228795471 -470453019#7 -470453019#6 -470453019#5 -470453019#4 -470453019#0 -420383160#0 198564928#12 198564928#13 198564928#14 198564928#15 198564928#16 198564928#17 198564928#18 198564928#19 198564928#20 198564928#21 198564928#24 198564928#25 -381453325#1 -420348560 -381453326#2 -381453326#1 -381453329,51,1663.88,expanded_map_background_distributed_boundary
expanded_v7_mapwide_00295,1207199730#2,-348626442,1207199730#2 1207199730#3 170403826#0 170403826#1 170403826#2 170403826#3 37400684#1 37400684#2 37400684#3 732213462 620634300 1212424784 218769254#0 218769254#1 218769254#2 218769254#3 218769254#4 1456115797#0 184083252 218923184 1456115805 1381133418 117784417#2 117784417#3 -420348553 -117784415 117784421#2 117784421#3 117784421#4 198564928#28 -1455518728 -348626442,32,1670.24,expanded_map_background_distributed_boundary
expanded_v7_mapwide_00296,-404539453#2,413953596#2,-404539453#2 -404539453#1 464656381#1 464656381#3 464656381#4 464656381#5 464656381#7 -464770435#2 -464770436 464770438#1 464770438#2 464770438#3 -464770442#0 351672094#2 351672094#3 464770443 464770445#1 1506939325#6 1506939325#7 1379887973#1 1339697074#1 244399270 37399713#1 37399713#2 37399713#3 244399271#1 773060731 -775222468#16 -775222468#15 -775222468#14 -775222468#13 -775222468#12 -775222468#11 -775222468#9 -775222468#8 -775222468#7 -775222468#6 -772873181#0 -273028084#9 -273028084#7 -273028084#6 -273028084#5 -273028084#4 -273028084#2 -273028084#1 -273028084#0 -913570918 273024752 781985786#6 781985786#7 781985786#8 1109231376 783692390#0 783692390#1 413953596#2,55,1676.59,expanded_map_background_distributed_boundary
expanded_v7_mapwide_00297,-381730906,-920025286,-381730906 779239890 381730914#2 -381730893#1 -381730893#0 -381730908#5 -381730908#3 -381730908#2 -420108609#4 -420108609#3 -420108609#2 -420108609#1 -381730930#3 -381730930#1 -381730930#0 -83339285#5 -83339285#4 -83339285#3 -83339285#2 -83339285#1 -83339285#0 -381737978#2 381746718 420097207 420097198#1 -381746452#3 -381746452#2 340373565#6 340373565#7 340373565#8 340373565#9 -420103660#1 -420103660#0 -920025286,34,1682.94,expanded_map_background_distributed_boundary
expanded_v7_mapwide_00298,223418965#9,-420187960#0,223418965#9 272232099#1 272263605#0 272263605#1 272263605#2 -273639055#6 -273639055#5 -273639055#4 -273639055#3 -273639055#2 -273639055#0 785130598#7 785130598#8 1455497343#0 785130601#1 785130602#1 272228339#0 272228339#1 272228339#2 272228339#3 272229587#5 268782329#0 268782329#1 268782233#2 268782233#3 268782233#4 268782233#5 -913006754#4 -381447823#1 -381447823#0 -913006754#1 -913006754#0 -913006753 -37403487#0 37928420#0 37928420#1 37928420#2 520307305#0 520307305#1 520307305#2 520307305#3 520307305#4 520307305#5 218681380#1 218681380#2 218681380#3 218681380#4 218681380#5 381458583#0 381458583#1 381458583#2 381458583#5 381458583#6 -420309398#1 239357571#0 381570313 -420187960#0,57,1689.30,expanded_map_background_distributed_boundary
expanded_v7_mapwide_00299,1458158609,-381452134,1458158609 1458158608 1458158607 517641007 1458158597 219745508 1458158602 37400684#0 37400684#1 37400684#2 37400684#3 732213462 620634300 1212424784 218769254#0 218769254#1 218769254#2 218769254#3 218769254#4 1456115797#0 184083252 218923184 1456115805 1381133418 -1455524947#2 -1455524947#1 -1455524947#0 -117784416 913841953#0 913841953#2 -591142208#0 327035699#0 327035699#1 327035702#1 327035702#2 327035702#3 327035702#4 327035702#5 327035700#1 1455518729#2 1455518729#4 1455518729#5 1455518729#6 1455518729#7 183272587 -218773868#0 -913009312#10 -913009312#9 381452122#3 -381452175#3 -420319847 -381452149#0 381452160#1 381452160#2 -381452180#1 -381452134,56,1694.22,expanded_map_background_distributed_boundary
expanded_v7_mapwide_00300,420331831,420078499#1,420331831 -1126339777#1 -1126339777#0 913009312#1 913009312#2 913009312#3 913009312#4 913009312#5 913009312#6 913009312#7 913009312#8 913009312#9 913009312#10 -180368918#8 -180368918#7 -180368918#6 -180368918#5 -180368918#3 -180368918#0 -800229255 -578313748#2 -578313748#0 174870621#0 174870621#2 174870621#4 174870621#5 174870621#6 174870621#7 174870621#8 174870621#9 174870621#10 218684411#0 218684411#1 218684411#2 218684411#3 218684411#4 218684411#5 218684411#6 218684411#7 -381807695#0 420080607#1 229028006#2 229028006#4 229028006#5 229028006#6 229028006#8 229028006#9 229028006#10 229028006#11 229028006#12 381809117#0 381809117#1 381809117#2 381809117#3 381809117#4 381809117#5 381809117#6 381809117#7 420078497#3 420078497#4 420078497#5 420078499#1,62,1700.57,expanded_map_background_distributed_boundary
expanded_v7_mapwide_00301,416175113,788674849,416175113 229028022#3 229028022#4 229028022#5 229028022#6 180192153#6 180192153#7 180192153#8 180192153#9 180192153#10 180192153#11 180192153#12 180192150 517323577#0 517323577#1 1455543605 1455543604 1455543603 1455543602 1455543601 1455543599 1455543598 1455543596 1455543595 229027560#0 229027560#1 229027560#2 788674849,28,1706.92,expanded_map_background_distributed_boundary
expanded_v7_mapwide_00302,-821107999#1,-464154090,-821107999#1 899373686#4 899373686#5 -183272613#1 -183272613#0 -176728952#3 -176728952#2 -176728952#1 -821108007 176728955#8 -480233462#1 -480233462#0 480233463#0 480233463#1 480233463#2 480233463#3 516948898#8 516948898#9 516948898#10 516948898#11 1214479816#0 1214479816#1 1214479816#2 1214479816#3 1214479816#4 1214479811 1392913187#0 1392913187#1 1392913188 1392913189 1392913190 1392913191 238545096#0 238545096#1 238545096#2 37401486#22 -1244243646#0 447956867#1 447956867#2 464154085#0 464154085#1 464154087#0 464154089#0 -464154090,44,1713.28,expanded_map_background_distributed_boundary
expanded_v7_mapwide_00303,379584855#2,-1054180193#0,379584855#2 -416206250#2 -416206250#1 -416206250#0 -379584836 -1455241698#1 -263590234 1455241701#0 183521053#0 183521053#1 1455185840#2 1455185840#4 1455210367#1 1455210363#0 1455210370 1455210361#0 1455210361#1 1455210361#2 1455210361#3 1455210357 1455210358 1455210359 899856672#0 899856672#1 -229028000#11 -381809121#1 -381809121#0 -229028024#3 -229028024#1 -229028024#0 899856672#3 899856672#4 218781562#1 899499299 899499300 899499301#0 899499301#3 908057245 899499302 -519060520#0 -899499304#1 -899499304#0 -519060521 -922996665#4 -922996665#2 -922996665#1 -922996665#0 -922996664 -922996666 -1102479447#1 -1102479447#0 -519068801#5 -519068801#4 -519068801#3 -519068801#2 -519068801#1 -519068801#0 -37400351#3 -37400351#2 381793820#0 381793828#0 779239885 -37400351#0 -911525664#1 -379966003#2 -379966003#1 -379966003#0 519060519#0 519060519#1 519060519#2 519060519#3 913954388#1 -1054180193#0,73,1719.63,expanded_map_background_distributed_boundary
expanded_v7_mapwide_00304,381570309#3,377333844,381570309#3 420310508#4 381570303#3 381570303#4 420309398#0 420309398#1 -381458583#6 -381458583#5 381458593 -218910324#3 -519097167#1 -519097167#0 -381741961#1 -381741961#0 -413106892 381746310 -381741957#1 -381741957#0 519097163#0 519097163#1 519097163#2 -1392679411 219076111#0 219076111#1 219076111#2 219076111#3 582839862#0 582839862#1 377333811#0 377333844,30,1725.98,expanded_map_background_distributed_boundary
expanded_v7_mapwide_00305,620604513#0,117784411#1,620604513#0 395466460#0 395466460#1 395466460#2 620604512#0 620604512#1 620604512#2 620604512#3 1378880611 464233647#1 -464233648#1 -464233648#0 773066532#1 516388936#3 516388936#4 480233462#0 480233462#1 480233462#3 1424068313#1 1424068313#2 1424068313#3 1424068313#4 1424068313#5 619147731 539136610#0 908622900#0 908622900#1 -198564935#3 -198564935#2 -198564935#0 198564933 198564930 218923160#0 218923160#1 218923160#2 218923160#3 218923160#4 219096264 198564925#0 198564925#1 198564925#2 198564925#3 198564925#4 198564925#5 782892488#2 782892488#3 782892488#4 782892488#5 184083183#0 184083183#1 184083183#2 184083183#3 184083183#4 184083183#5 184083183#6 218923184 1456115805 1381133418 117784417#2 117784417#3 -420348553 117784418#2 117784411#1,63,1732.34,expanded_map_background_distributed_boundary
expanded_v7_mapwide_00306,-37400066#0,1455524947#1,-37400066#0 -83339285#5 -83339285#4 -83339285#3 -83339285#2 -83339285#1 -83339285#0 -381737978#2 381746718 -381746720 -381746719 -340373565#3 -340373565#2 -340373565#1 420097204#1 381746717 -218960895#1 -218960895#0 -183272309#13 -183272309#12 -183272309#10 -183272309#9 -183272309#8 -183272309#7 -183272309#6 -183272309#4 -420319848#7 -420319848#5 -420319848#4 -420319848#3 -420319848#2 381452175#0 381452175#1 381452175#2 381452175#3 -381452122#3 913009312#9 913009312#10 -218923171#5 183272621 -1455518729#7 -1455518729#6 -1455518729#5 -1455518729#4 -1455518729#2 -327035700#1 -327035700#0 591142225#0 591142225#1 1455518727#1 1455518727#2 117784416 1455524947#0 1455524947#1,54,1738.69,expanded_map_background_distributed_boundary
expanded_v7_mapwide_00307,379598611#1,-318883568,379598611#1 703307925 -310911143#1 -310911143#0 -310909619#2 -310909619#1 -379598675 416209832 -379598702#0 -703247074#1 -703247074#0 -379584848#4 -379584827#1 379584843 -379584835#4 -379584861#0 -416206250#0 -379584836 -1455241698#1 -263590234 1455241701#0 1455241701#1 1455240793#0 1455240793#1 1455240793#2 1455240793#3 1455240793#4 183521201#1 379589803#0 379589803#1 379589801#0 379589801#1 379589801#2 379589801#3 -318883568,35,1745.04,expanded_map_background_distributed_boundary
expanded_v7_mapwide_00308,381807723#0,-229028339#1,381807723#0 381807723#2 788411960#0 788411960#1 788411960#2 788411960#3 788411961#0 -420078498#4 -420078498#3 -420078498#2 -420078498#1 229028334#5 229028334#6 420078497#3 420078497#4 420078497#5 -229028339#1,17,1751.40,expanded_map_background_distributed_boundary
expanded_v7_mapwide_00309,420097199#0,908694578#3,420097199#0 -381746721 -420097197#0 -381746452#3 -381746452#2 -381746452#1 -381746452#0 -218960891#3 -381452099 -381452140#0 381452120#3 381452120#5 381452120#6 -183272309#6 -183272309#4 -420319848#7 -420319848#5 -420319848#4 -420319848#3 -420319848#2 -420319848#1 -420319848#0 381452132 -420331825#4 -420331825#3 -420331825#2 -420331825#1 -420331825#0 913006754#9 1455512067 428260110 381453328#0 -381453321#4 -381453321#2 -381453321#1 381453320#1 -420348556#2 -420348556#1 -420348556#0 381453325#1 -198564928#25 -198564928#24 -198564928#21 -198564928#20 -198564928#19 -198564928#18 -198564928#17 -198564928#16 -198564928#15 -198564928#14 -198564928#13 -198564928#12 -198564928#11 -198564928#10 -198564928#8 -198564928#7 -198564928#6 -198564928#5 1205679418#11 1205679418#12 1205679418#14 329995230#0 228795478#0 228795478#1 228795478#2 913565824#9 913565824#10 913565824#11 908694578#0 908694578#1 908694578#2 908694578#3,72,1757.75,expanded_map_background_distributed_boundary
expanded_v7_mapwide_00310,1113247891#6,464770445#0,1113247891#6 -368834998#9 -368834998#8 -368834998#7 -377373577#7 -377373577#6 -377373577#5 -377373577#4 -377373577#2 -377373577#1 -377373577#0 331953294#3 377373670#0 377373670#1 377373670#2 331953288#6 331953288#7 377373635 464380979#1 516169312#12 516169312#13 516169312#14 499417661#0 837752063#1 837752063#2 837752066#0 837752066#1 585352850#3 585352851#0 585352851#1 218707545 619137615#0 619137615#1 619137615#3 619137615#4 464447942#0 244477705#2 244477705#3 244477705#4 244477705#5 244477705#6 244477705#7 244477705#8 -344898677#10 -344898677#7 -344898677#5 -344898677#4 -344898677#3 -344898677#1 -344898677#0 464458362#0 464458362#1 -244477714#2 -244477714#1 -244477714#0 526967879#3 580350029#0 580350029#1 -351672107#4 -351672107#3 -351672107#2 -351672107#1 464770445#0,63,1764.10,expanded_map_background_distributed_boundary
expanded_v7_mapwide_00311,-767644535,233651332#0,-767644535 767644534#1 782892491#1 420383143#0 420383143#1 228795477#2 228795477#3 228795463#0 228795463#1 228795463#3 228795463#4 219696192#7 219696192#9 824132484#1 824132486 420383141#0 420383141#1 -506162633 517641026#0 517641026#1 517641026#2 517641026#3 517641017#0 517641017#1 517641017#2 517641017#3 -184444067#6 233651332#0,28,1770.45,expanded_map_background_distributed_boundary
expanded_v7_mapwide_00312,-228795463#0,-381452104#0,-228795463#0 228795477#5 228795477#6 228795474#1 228795474#2 228795463#3 228795463#4 198564928#10 198564928#11 198564928#12 198564928#13 198564928#14 198564928#15 198564928#16 198564928#17 198564928#18 198564928#19 198564928#20 198564928#21 198564928#24 198564928#25 198564928#26 198564928#27 198564928#28 -1455518728 -428260116#1 -428260116#0 -1455512067 -913006754#9 420331825#0 420331825#1 420331825#2 420331825#3 420331825#4 -913009312#4 117914343#0 381452104#0 381452104#1 -420319840#1 -420319840#0 -381452174#0 -381452104#0,42,1775.38,expanded_map_background_distributed_boundary
expanded_v7_mapwide_00313,416178720#7,-607077076#2,416178720#7 416178720#8 -229027410#4 -229027410#3 -229027410#2 -229027410#1 183521178#8 183521178#9 1153283290 770890583#0 770890583#1 770890583#2 773060741#0 773060741#1 770890587 770890589#0 770890589#1 770890589#2 770890589#3 770890589#4 770890589#5 773066535#0 184083191#2 773066536#0 773066536#1 773066536#2 773066536#3 -420334155#3 -420334155#2 -420334155#1 -420334155#0 -607077076#3 -607077076#2,33,1781.73,expanded_map_background_distributed_boundary
expanded_v7_mapwide_00314,420317543#1,-381452108#2,420317543#1 244215552#1 520307306 913009311 913009312#1 913009312#2 913009312#3 117914343#0 117914343#1 381452108#0 -381452106#6 -381452106#4 -381452106#3 381452155 -381452108#3 -381452108#2,16,1788.08,expanded_map_background_distributed_boundary
expanded_v7_mapwide_00315,-333725872#4,320463245#4,-333725872#4 -229028026#10 -229028026#9 -379730411#2 -229028019#2 -229028019#1 218923174#2 218923174#3 218923174#4 218923174#5 218923174#6 770890587 770890589#0 770890589#1 770890589#2 770890589#3 770890589#4 770890589#5 773066535#0 218923171#1 218923171#2 218923171#4 183272621 -1455518729#7 -1455518729#6 -1455518729#5 -1455518729#4 -1455518729#2 -1455518729#1 -1455518729#0 -1455518726 -198564928#28 -198564928#27 -198564928#26 -198564928#25 -198564928#24 -198564928#21 -198564928#20 -198564928#19 -198564928#18 -198564928#17 -198564928#16 -198564928#15 381456420#0 381456420#1 381456420#4 381456420#5 381456466#2 320463245#4,49,1794.44,expanded_map_background_distributed_boundary
expanded_v7_mapwide_00316,-318750942#0,198691077#7,-318750942#0 -419750456#1 -419750456#0 -73550861#4 -73550861#3 -73550861#1 -73550861#0 37403263#0 -233651294#3 419812894#0 419812894#1 419812896#1 788674831 -419812890#0 -245063636#3 -245063636#2 -245063636#1 -245063636#0 184444067#5 184444067#6 517641017#4 517641017#5 517641017#6 517641017#7 517641017#8 517706841#1 517706841#2 344663892#0 344663892#1 -184443141#4 -184443141#3 -184443141#2 -184443141#1 -184443141#0 -1084408276#1 -1084408276#0 -424940172 -333725870 -218923156#1 1499619440#1 1499619440#2 1499619440#3 1499619440#4 1499619440#5 219096264 198564925#0 198564925#1 198691078#0 198691078#1 198691056#0 198691078#3 198691078#4 198691077#7,53,1800.79,expanded_map_background_distributed_boundary
expanded_v7_mapwide_00317,775222468#2,-772279128#0,775222468#2 775222468#3 -273028084#11 -273028084#10 772873181#0 -775222468#4 -775222468#3 -775222468#2 -775222468#1 420361201 767063626 1283636942 -768399563#1 -768399563#0 420361194#0 420361194#1 420361194#2 773060736 781985779#0 781985779#1 781985792#0 781985792#1 781985792#2 781985792#3 273638834#1 273638834#2 273638834#3 273638834#4 273638834#5 273638834#6 273638834#8 223418965#3 223418965#4 223418965#6 223418965#7 223418965#8 223418965#9 788411954#1 -772279128#0,39,1807.14,expanded_map_background_distributed_boundary
expanded_v7_mapwide_00318,198691079#2,601902513#0,198691079#2 -198691076#0 198691056#3 198691077#6 198691077#7 198691077#9 198691077#10 198691077#11 198691077#12 198691077#13 198691077#14 218974503#0 218974503#1 218974503#2 218974503#3 218974503#4 218974503#5 218974503#6 1109231377#0 1109231377#1 782892492#0 782892492#1 773060736 781985779#0 781985779#1 781985792#0 781985792#1 781985792#2 781985792#3 785130598#0 785130598#1 785130598#2 785130598#3 785130598#4 785130598#5 785130598#6 785130598#7 785130598#8 1455497343#0 785130601#1 -785130602#0 1455497343#2 1455497343#3 1455497343#4 785130603 428260104 -913006754#9 420331825#0 420331825#1 420331825#2 420331825#3 601902513#0,52,1813.50,expanded_map_background_distributed_boundary
expanded_v7_mapwide_00319,381807706#0,1207199730#3,381807706#0 -381807683#1 -482140281#9 -482140281#8 381809117#0 381809117#1 381809117#2 -420086334#2 420078498#4 -482140281#5 -482140281#4 -482140281#2 -482140281#1 -482140281#0 -911522747#1 -911522747#0 -911522751#4 -911522751#1 -911522751#0 -913811577#1 -913811577#0 183521074#0 183521074#1 183521074#2 183521074#3 -913811578 913694024#0 913694024#1 37403503#5 37403503#6 656122996 1199229106#0 1199229106#1 218771978#1 218771978#2 218771978#3 218771978#4 218771978#5 218771978#6 218771978#7 1212424785#0 1212424785#1 1212424785#2 1212424785#3 1212424785#4 1212424785#5 1212424785#6 1212424785#7 1212424785#8 1212424785#9 732213463#0 732213463#2 732213463#3 73550864#0 73550864#1 73550864#2 73550864#3 1207199730#2 1207199730#3,59,1819.85,expanded_map_background_distributed_boundary
expanded_v7_mapwide_00320,521770125#0,238535895#0,521770125#0 521770125#1 521770125#2 521770125#3 218910312#0 218910312#2 218910312#3 -1392679400 -218910324#11 -218910324#10 -218910324#9 -218910324#7 -218910324#6 -218910324#5 -420187960#3 239357580#0 -381570321#0 -420187960#1 -420187960#0 -381458583#6 -381458583#5 -381458583#2 -381458583#1 -381458583#0 -218681380#5 -218681380#4 -218681380#3 -218681380#2 -218681380#1 -218681380#0 -520307305#4 -520307305#3 1279010544#0 420187959#1 420187959#2 420187959#3 420187959#4 420187959#5 420187959#6 420187959#7 420187959#8 420187959#9 420187959#10 420187959#11 420187959#12 -913826317 -420319848#5 -420319848#4 -420319848#3 -420319848#2 381452175#0 381452175#1 381452175#2 381452175#3 -381452122#3 913009312#9 913009312#10 -218923171#5 -218923171#4 -218923171#2 -218923171#1 184083191#2 773066536#0 348657481#0 348657481#1 348657481#2 348657481#3 348657481#4 1283637489 607077076#0 607077076#1 -348659730 656122999 656122998#0 218771978#2 218771978#3 218771978#4 238535895#0,78,1767.80,expanded_map_background_distributed_boundary
expanded_v7_mapwide_00321,377333837#0,272232099#1,377333837#0 377333837#1 377333837#2 377333837#3 377333864 -377333837#1 -377333837#0 519100623#0 -377333856 -377333891#0 -420181757#2 -420181756 377333825#0 377333825#1 -779239891 -381737989#1 -381737989#0 381737969#4 183272636#0 183272636#1 519071250 413106892 519097168#0 519097168#1 519097168#2 519097168#4 -218681380#7 -218681380#5 -218681380#4 -218681380#3 -218681380#2 -218681380#1 -218681380#0 -520307305#4 -520307305#3 -520307305#2 -520307305#1 -520307305#0 -37928420#2 -37928420#1 -37928420#0 37403487#0 913006753 913006754#0 913006754#1 913006754#2 913006754#3 913006754#4 -1291318446 -268782233#4 -268782233#3 -268782233#2 -268782329#1 -268782329#0 272228143#0 272228143#1 272228143#2 272228143#3 272228143#4 272228143#5 237470575#0 237470575#1 237470575#2 237470575#3 237470575#4 237470575#5 237470575#6 223418965#6 223418965#7 223418965#8 223418965#9 272232099#1,72,1774.15,expanded_map_background_distributed_boundary
expanded_v7_mapwide_00322,464770424,-384030401#0,464770424 326189552#9 37403484#1 37403484#2 37403484#3 37403484#4 37403484#5 526967879#0 526967879#1 526967879#2 526967879#3 580350029#0 580350029#1 580350029#2 580350029#3 580350029#5 580350029#6 580350029#7 1339655672#0 1339655672#1 -580350028 1339655669 -778973690 -384030401#1 -384030401#0,25,1780.51,expanded_map_background_distributed_boundary
expanded_v7_mapwide_00323,782892488#2,416172064,782892488#2 1205679418#14 329995230#0 329995230#1 228795484#0 228795484#1 228795468#3 908646367#11 218924602#0 218924602#1 218924602#2 218924602#3 656122993 156922850#1 -170403810#3 -170403810#2 -170403810#1 -170403810#0 1207199730#0 1207199730#1 1207199730#2 1207199730#3 1207199731#2 1458158605 218835937 1458158600 1458158598 -1458158597 -517641007 -1458158607 -1458158608 -1458158609 -517583989 -1458158610 -1458158611 -1458158612 -223435053 381218091#0 381218091#1 416172064,40,1786.86,expanded_map_background_distributed_boundary
expanded_v7_mapwide_00324,516169308#7,377373566#0,516169308#7 516169308#8 -368834998#9 -368834998#8 -368834998#7 -368834998#6 -368834998#5 -368834998#4 289489780#0 289489780#1 289489780#3 289489780#4 289489780#5 377373668#1 -464412130#2 -464412130#1 -464412130#0 -377373704 -377373601#6 377373725#0 377373725#1 237264677#8 377373566#0,23,1793.21,expanded_map_background_distributed_boundary
expanded_v7_mapwide_00325,-221431173#0,-221977892#3,-221431173#0 -221431169#0 37399752#2 37399752#3 37399752#4 37399752#5 37399752#6 37399752#7 37399752#8 37399752#9 141957153 142077711#1 236945321#1 236945321#2 236945321#3 236945321#4 196079107#0 196079107#1 446743583#0 446743583#1 1506928764#0 1506928764#1 1506928764#2 196079104#0 196079104#2 196079104#3 196079104#4 196079104#5 1153283294#0 1153283294#1 619392625 773060739#0 773060739#1 1208411212#0 1208411212#1 37402325#0 37402325#1 913546029 180368916#1 180368916#4 -221977892#3,41,1798.14,expanded_map_background_distributed_boundary
expanded_v7_mapwide_00326,-1004836024,-243542155#0,-1004836024 233651280#1 218974504#3 218974504#4 218974504#5 219096265 708672701#0 708672701#1 708672701#2 708672701#3 708672701#4 708672701#5 708672701#6 708672701#7 708672701#8 708858347 -1499619438#0 -383097714 383097722#0 781985788#0 1465558146#0 1465558146#1 383097723 379943276 -243542155#1 -243542155#0,26,1804.49,expanded_map_background_distributed_boundary
expanded_v7_mapwide_00327,-233526454#0,229026917#1,-233526454#0 -73550861#4 419752064#0 788674833 -419752060 -419752058#0 180190213#9 180190213#11 220027347#7 220027347#8 220027347#9 220027347#10 1207199730#0 1207199730#1 1207199730#2 1207199730#3 1207199731#2 1458158605 218835937 1458158600 1458158598 -1458158597 -517641007 -1458158607 -1458158608 -1458158609 -517583989 -1458158610 -1458158611 -1458158612 1458158615#0 1458158613#1 1458158613#3 1458158613#4 1458158613#5 1455528504#0 1455528504#1 1455528504#2 381218125#0 381218125#1 -381218124#3 -381218124#2 -381218124#0 381218115#1 381218115#2 381218115#3 -229026916#8 -229026916#5 -229026916#4 -229026916#3 -229026916#2 229026917#1,52,1810.84,expanded_map_background_distributed_boundary
expanded_v7_mapwide_00328,-1176532865#1,415967618#6,-1176532865#1 -1176532865#0 -1176532864#0 229026906#1 416204675#0 416204675#1 416204675#2 -379730390#2 -379730390#1 -379730349 416204675#5 416204675#6 416204675#7 416204675#8 416204675#9 416204675#11 -229027410#4 -229027410#3 -229027410#2 -229027410#1 183521178#8 183521178#9 183521195#0 183521195#1 183521195#2 183521195#3 1455546617#0 1455546617#1 381218097 229026919 415967618#6,31,1817.20,expanded_map_background_distributed_boundary
expanded_v7_mapwide_00329,420187963#0,238535896#1,420187963#0 381458594#1 381458594#2 381458594#3 381458594#4 -381458597 -381458581#3 -381458581#2 -381458581#1 239357573#19 239357573#20 239357573#21 -520307305#2 -520307305#1 -520307305#0 -37928420#2 -37928420#1 -37928420#0 218662402#0 218662402#1 520307306 913009311 1126339777#0 1126339777#1 -420331831 117914348#0 117914348#1 117914351#0 117914351#2 -420331825#0 913006754#9 1455512067 1455512071 428260116#1 1455518728 1455518727#0 1455518727#1 1455518727#2 1455524944 1455524946 1455524945 218923182 268783056#1 1455524950#0 1455524950#1 1455524952#0 1455524952#1 1455526423 1455526421 1455526422 1455526425#0 1455526425#1 482167259 482167260 1455527229 1455527230 1207481548 1455546620 1207481549#0 1207481549#1 1455546621 238535896#1,62,1823.55,expanded_map_background_distributed_boundary
expanded_v7_mapwide_00330,381447829#0,420331831,381447829#0 420331831,2,1829.90,expanded_map_background_distributed_boundary
expanded_v7_mapwide_00331,-381743714#2,420086344#0,-381743714#2 -381743714#1 -381743714#0 521770125#2 521770125#3 218910312#0 218910312#2 218910312#3 -1392679400 -218910324#11 -218910324#10 -218910324#9 -218910324#7 -218910324#6 -218910324#5 -420187960#3 239357580#0 -381570321#0 -420187960#1 -420187960#0 -381458583#6 -381458583#5 -381458583#2 -381458583#1 420187962#3 -218910324#0 -218960891#14 -218960891#13 -218960891#12 -218960891#11 -218960891#10 -218960891#9 -218960891#8 -218960891#6 -218960891#5 -218960891#4 -218960891#3 -218960891#2 -218960891#1 -218960891#0 -37399924#11 -37399924#10 -37399924#9 -37399924#8 -37399924#7 -37399924#6 -37399924#5 -37399924#4 -37399924#3 -37399924#2 -37399924#1 -37399924#0 218684411#0 218684411#1 218684411#2 218684411#3 218684411#4 218684411#5 218684411#6 218684411#7 -381807695#0 420080607#1 229028006#2 229028006#4 229028006#5 229028006#6 229028006#8 229028006#9 420086344#0,69,1836.26,expanded_map_background_distributed_boundary
expanded_v7_mapwide_00332,-381453329,223418965#9,-381453329 420348556#2 381453320#2 381453320#3 1501824264 -1455497346 -503530174#1 -503530174#0 237470575#0 237470575#1 237470575#2 237470575#3 237470575#4 237470575#5 237470575#6 223418965#6 223418965#7 223418965#8 223418965#9,19,1842.61,expanded_map_background_distributed_boundary
expanded_v7_mapwide_00333,-420187960#0,381570309#3,-420187960#0 -420309398#1 -420309398#0 -381570303#4 -381570303#3 -420310508#4 -420310508#3 -420310508#2 381570323 381570309#3,10,1848.96,expanded_map_background_distributed_boundary
expanded_v7_mapwide_00334,-381746452#0,-37400066#0,-381746452#0 218960891#4 -381746450#3 -381746450#2 -340373565#6 381746452#2 381746452#3 -420097198#1 -420097207 -381746718 381737978#2 83339285#0 83339285#1 83339285#2 83339285#3 83339285#4 83339285#5 37400066#0 37400066#1 37400066#2 -381793820#3 779239883 779239884 381793815 -779239885 381793828#2 -779239884 -779239883 381793820#3 -37400066#2 -37400066#1 -37400066#0,32,1855.31,expanded_map_background_distributed_boundary
expanded_v7_mapwide_00335,377333844,381807723#0,377333844 377333893#1 1442270413#0 1442270413#1 1442270413#2 519071250 413106892 519097168#0 519097168#1 519097168#2 519097168#4 -218960891#14 -218960891#13 -218960891#12 -218960891#11 -218960891#10 -218960891#9 -218960891#8 -218960891#6 -218960891#5 -218960891#4 -218960891#3 -218960891#2 -218960891#1 -218960891#0 -37399924#11 -37399924#10 -37399924#9 -37399924#8 -37399924#7 -37399924#6 -37399924#5 -37399924#4 -37399924#3 -37399924#2 -37399924#1 -37399924#0 218684411#0 218684411#1 218684411#2 218684411#3 218684411#4 218684411#5 -229028337#8 -229028337#7 229028340#9 229028345#10 381807723#0,48,1861.67,expanded_map_background_distributed_boundary
expanded_v7_mapwide_00336,464458362#4,651817398#4,464458362#4 580350029#3 580350029#5 580350029#6 580350029#7 1339655672#0 1339655672#1 -580350028 1339655669 1339655668 516163750#0 516163750#1 1206220503#0 1206220503#1 333554718 333554719 219696191#0 219696191#1 619147740 619147739#0 651817398#0 651817398#1 651817398#2 651817398#3 651817398#4,25,1868.02,expanded_map_background_distributed_boundary
expanded_v7_mapwide_00337,117784411#1,782892489#2,117784411#1 117784421#3 117784419#0 117784419#1 395564622#2 -198564928#25 -198564928#24 -198564928#21 -198564928#20 -198564928#19 -198564928#18 -198564928#17 -198564928#16 -198564928#15 -198564928#14 -198564928#13 -198564928#12 -198564928#11 -198564928#10 -228795463#4 -228795463#3 -228795463#1 -228795463#0 -228795477#3 -228795477#2 -420383143#1 -420383143#0 -1205679418#1 -767644535 -767644534#0 180368915#3 782892489#1 782892489#2,33,1874.37,expanded_map_background_distributed_boundary
expanded_v7_mapwide_00338,244477710,-329995227#2,244477710 244477705#8 -344898677#10 -344898677#7 -344898677#5 -344898677#4 -344898677#3 -344898677#1 -344898677#0 464458362#0 464458362#1 464458362#2 -468168887#2 -468168887#1 -468168887#0 -224260187#6 -376666917 -376666933#0 -224260190#5 -224260190#4 -224260190#3 -224260190#2 -224260190#1 -224260190#0 1206220503#0 1206220503#1 333554718 333554719 219696191#0 219696191#1 619147740 619147739#0 619147739#1 619147739#2 619147739#3 619147739#4 619147739#5 619147739#6 781983103#1 781983103#2 921117704#0 921117704#1 1467498054 -781985788#0 -383097722#0 383097714 1499619438#0 1499619445#2 1499619444 1499619443#0 1499619443#1 1499619443#2 1499619443#3 198691077#0 198691077#1 198691077#2 198691077#3 198691077#4 198691077#5 198691077#6 198691077#7 198691077#9 198691077#10 198691077#11 198691077#12 198691077#13 198691077#14 913565824#1 913565824#2 782892488#2 782892488#3 782892488#4 782892488#5 420383141#0 -329995227#2,75,1879.30,expanded_map_background_distributed_boundary
expanded_v7_mapwide_00339,198691078#4,419752057#4,198691078#4 198691077#7 198691077#9 198691077#10 198691077#11 198691077#12 198691077#13 198691077#14 913565824#1 913565824#2 913565824#6 913565824#7 913565824#8 913565824#9 913565824#10 913565824#11 919117822#1 919117822#2 919117822#3 919117822#4 1013396414#1 1013396414#2 306384116#0 306384116#1 419812905#0 419812905#1 -1013396417#0 -37403263#7 -37403263#6 -37403263#5 233651310#0 -329261487 -184445043#1 -184445043#0 -419812286#5 -117784412#0 180190213#3 419750459#0 419752057#3 419752057#4,40,1885.65,expanded_map_background_distributed_boundary
expanded_v7_mapwide_00340,-229028339#1,-379584856#1,-229028339#1 -379730398#2 -379730398#1 -379730398#0 -732213457#1 -732213457#0 732213458 229028014#1 238538825#0 238538825#1 238538825#2 238538822#2 -379730387#2 -379730329#4 -379730329#3 -379730329#2 -379730329#1 238538823#4 238538823#5 183521185#13 263590234 1455241699#0 1455241699#1 379584862#1 379584862#2 416206250#0 416206250#1 416206250#2 416206250#3 -379584856#1,30,1892.00,expanded_map_background_distributed_boundary
expanded_v7_mapwide_00341,381746724,420317543#1,381746724 -117770541#1 -381746452#2 340373565#6 381746450#2 381746450#3 -420317541#6 -420317541#5 -420317541#4 -420317541#3 -420317541#2 -420317541#1 -420317541#0 -375125209 117914354 420317540 420317543#0 420317543#1,18,1898.36,expanded_map_background_distributed_boundary
expanded_v7_mapwide_00342,-331953288#2,-376666928#1,-331953288#2 464399096#0 464399096#1 464380980#1 516169312#9 516169312#10 516169312#11 516169312#12 516169312#13 516169312#14 499417661#0 837752063#1 837752063#2 837752066#0 837752066#1 585352850#3 585352851#0 585352851#1 218707545 619137615#0 619137615#1 619137615#3 619137615#4 464447942#0 464447942#1 464447942#2 464447942#3 344898685 384030384 -464458358#0 -464458860#4 -464458860#3 -464458860#1 -464458860#0 -376666928#2 -376666928#1,36,1904.71,expanded_map_background_distributed_boundary
expanded_v7_mapwide_00343,233651332#0,-228795463#0,233651332#0 -788674832 517641017#2 517641017#3 517641017#4 517641017#5 517641017#6 517641017#7 517641017#8 517706841#1 517706841#2 517706841#3 517706841#4 517706841#5 908694579 656122981#0 908646367#5 908646367#6 908646367#7 -329995230#2 -329995230#1 -329995230#0 -1205679418#14 -1205679418#12 -1205679418#11 -1205679418#10 -1205679418#9 -1205679418#8 -1205679418#7 -1205679418#6 228795474#0 228795474#1 228795474#2 -228795463#1 -228795463#0,35,1911.06,expanded_map_background_distributed_boundary
expanded_v7_mapwide_00344,266255488#0,-238536650#1,266255488#0 266255488#1 266255488#2 -420108609#2 -420108609#1 -381730930#3 -381730930#1 -381730930#0 -83339285#5 -83339285#4 -83339285#3 -83339285#2 -83339285#1 -83339285#0 -482188707#1 -340373564#4 -340373564#3 -340373564#2 381802856 381802880#1 -340373566#2 -340373566#1 -340373566#0 -420089386#5 -420089386#4 -420089386#3 -420089386#2 -420089386#1 -420089386#0 -870977308#0 -117770551#4 -117770551#3 -117770551#2 -117770551#0 -183272625#1 -174870621#2 381807720#1 381807720#2 381807720#3 381807720#4 800229257#2 911522748#0 911522748#1 183521074#0 183521074#1 183521074#2 -381809847 -238536650#1,48,1917.41,expanded_map_background_distributed_boundary
expanded_v7_mapwide_00345,-37399924#8,381807706#0,-37399924#8 -37399924#7 -37399924#6 -37399924#5 -37399924#4 -37399924#3 -37399924#2 -37399924#1 -37399924#0 218684411#0 218684411#1 218684411#2 218684411#3 218684411#4 218684411#5 218684411#6 218684411#7 -381807695#0 420080607#1 420080604#0 420080604#1 420080604#2 229028020#4 229028020#5 229028020#6 229028020#7 229028020#8 420080602#0 420080602#1 420080602#2 381807706#0,31,1923.77,expanded_map_background_distributed_boundary
expanded_v7_mapwide_00346,183521195#1,-420092889#1,183521195#1 788674837 381218106#1 -517932075#3 -517932075#2 -517932075#1 -517932075#0 1153283290 770890583#0 770890583#1 770890583#2 773060741#0 773060741#1 770890587 770890589#0 770890589#1 770890589#2 770890589#3 770890589#4 770890589#5 773066535#0 218923178#0 218923178#1 218923178#2 218923178#3 218923178#4 218923178#7 578313749#0 578313749#1 420331816#0 420331816#1 381802847#0 -420331812#4 -420331812#3 -420331812#2 381802858 -381802844#2 -381802844#1 -381802844#0 117914344#2 -117914353#2 -117914353#1 381802883#0 -420092889#2 -420092889#1,45,1930.12,expanded_map_background_distributed_boundary
expanded_v7_mapwide_00347,-464155346#0,1216356209#0,-464155346#0 517328038#1 -464154085#2 -464154085#1 -464154085#0 -447956867#2 -447956867#1 1244243645 -37401486#22 -238545096#2 -238545096#1 -238545096#0 516398275#3 516398275#4 516398275#5 516398275#6 516398275#7 516398275#8 516398275#9 908636259#0 908636259#1 908636259#3 908636259#4 908720245#0 908720245#1 -224258726#1 1216356209#0,27,1936.47,expanded_map_background_distributed_boundary
expanded_v7_mapwide_00348,320463245#4,381802875,320463245#4 -1125773044 -381456420#7 -381456468#1 -381456468#0 381456466#1 -381456420#5 -381456420#4 -381456420#1 -381456420#0 198564928#15 198564928#16 198564928#17 198564928#18 198564928#19 198564928#20 198564928#21 198564928#24 198564928#25 198564928#26 198564928#27 198564928#28 1455518726 1455518729#0 1455518729#1 1455518729#2 1455518729#4 1455518729#5 1455518729#6 1455518729#7 183272587 -218773868#0 -180368918#8 -180368918#7 -180368918#6 -180368918#5 -180368918#3 -180368918#0 -800229255 -578313748#2 -578313748#0 174870621#0 174870621#2 183272625#1 117770551#0 117770551#2 117770551#3 117770551#4 870977308#0 -37399924#5 381802845#0 381802845#1 381802845#2 381802845#3 381802845#4 420092891#4 420092891#5 381802875,58,1942.83,expanded_map_background_distributed_boundary
expanded_v7_mapwide_00349,1207199730#3,1125773042,1207199730#3 170403826#0 170403826#1 170403826#2 170403826#3 37400684#1 37400684#2 37400684#3 732213462 620634300 1212424784 218769254#0 218769254#1 218769254#2 218769254#3 218769254#4 1456115797#0 184083252 333555370 1456115800 1456115801#0 1456115801#1 1456115801#2 1456115801#3 -198564928#21 381456422#1 381456422#3 381456422#4 381456422#6 381456422#7 420383150#1 381456461 320463283 320463177#1 1125773042,35,1949.18,expanded_map_background_distributed_boundary
expanded_v7_mapwide_00350,-381741927,219696192#4,-381741927 381741932#4 -218910324#3 -218910324#2 -218910324#1 -218910324#0 -218681380#7 -218681380#5 -218681380#4 -218681380#3 -218681380#2 -218681380#1 -218681380#0 -520307305#4 -520307305#3 -520307305#2 -520307305#1 -520307305#0 -37928420#2 -37928420#1 -37928420#0 37403487#0 913006753 913006754#0 913006754#1 913006754#2 913006754#3 913006754#4 -1291318446 -268782233#4 -268782233#3 -268782233#2 -268782329#1 -268782329#0 272228143#0 272228143#1 272228143#2 272228143#3 272228143#4 272228143#5 237470575#0 237470575#1 237470575#2 237470575#3 237470575#4 -273639501#2 -273639501#1 -273638834#8 -273638834#6 -273638834#5 -273638834#4 -273638834#3 -273638834#2 -273638834#1 219696192#0 219696192#1 219696192#3 219696192#4,58,1955.53,expanded_map_background_distributed_boundary
expanded_v7_mapwide_00351,-315658900#5,419812887#2,-315658900#5 -315658900#4 -315658900#3 -315658900#2 -315658900#1 -315658900#0 -315658899#1 -315658899#0 921117704#0 921117704#1 1467498054 -781985788#0 -383097722#0 383097714 1499619438#0 1499619445#2 1499619444 1499619443#0 1499619443#1 1499619443#2 1499619443#3 1499619443#4 1499619443#5 1499619443#6 1499619443#7 1499619443#8 1499619443#9 1499619437 1499619442 1499619439#0 1499619439#1 1499619439#2 1499619439#3 218923156#1 333725870 424940172 1084408276#0 1084408276#1 1482114515#0 1084408281 219053199#0 219053199#1 219053199#2 219053199#3 219053199#4 219053199#5 -217514805#7 -217514805#6 -217514805#5 -217514805#4 -217514805#3 -217514805#2 -217514805#1 -217514805#0 -329261504#2 -895829949 419812887#1 419812887#2,58,1960.46,expanded_map_background_distributed_boundary
expanded_v7_mapwide_00352,37400684#3,379584866#0,37400684#3 732213462 620634300 1212424784 1212424783#0 1212424783#1 1212424783#2 1212424783#3 1212424783#4 1455526426#0 1455526426#1 1455526426#2 482167259 482167260 1455527229 1455527230 1207481548 1455546620 1207481549#0 1207481549#1 1455546621 1455546622#0 1455546622#1 1455546623 773060740#1 913698744 180192153#0 180192153#1 180192153#3 180192153#4 180192153#6 180192153#7 180192153#8 180192153#9 180192153#10 180192153#11 180192153#12 183521185#0 183521185#1 183521185#2 183521185#3 183521185#4 183521185#5 183521185#6 183521185#7 183521185#8 183521185#10 183521185#11 183521185#13 263590234 1455241699#0 1455241699#1 379584862#1 379584862#2 416206250#0 416206250#1 416206250#2 416206250#3 416206250#4 416212022#0 379584866#0,61,1966.81,expanded_map_background_distributed_boundary
expanded_v7_mapwide_00353,-416172056,-381458595,-416172056 -223435055#0 1458160293 1458158614 1458158612 1458158611 1458158610 517583989 1458158609 1458158608 1458158607 517641007 1458158597 219745508 1458158602 37400684#0 37400684#1 37400684#2 37400684#3 732213462 620634300 1212424784 218769254#0 218769254#1 218769254#2 218769254#3 218769254#4 1456115797#0 184083252 218923184 1456115805 1381133418 117784417#2 117784417#3 -420348553 -117784415 117784421#2 117784421#3 117784421#4 198564928#28 -1455518728 -428260116#1 -428260116#0 -1455512067 -913006754#9 420331825#0 -117914351#2 -117914351#0 -117914348#1 -117914348#0 420331831 -1126339777#1 -1126339777#0 -913009311 -520307306 -218662402#1 -218662402#0 37928420#0 37928420#1 37928420#2 520307305#0 520307305#1 520307305#2 -239357573#21 -239357573#20 -239357573#19 381458581#1 381458581#2 381458581#3 381458597 -381458594#4 -381458595,72,1973.16,expanded_map_background_distributed_boundary
expanded_v7_mapwide_00354,416178719#1,420089386#4,416178719#1 416178719#2 416178719#3 416178719#4 416178720#1 416178720#2 416178720#3 416178720#5 416178720#6 416195450#0 416195450#1 379730341#0 379730341#1 379730344 379730377 -416204675#6 -416204675#5 379730349 379730390#1 379730390#2 -416204675#2 -416204675#1 -416204675#0 -318478691 -318478671#1 -318478671#0 -1455543604 -1455543605 -517323577#1 -517323577#0 -180192150 -333725872#8 -333725872#7 -333725872#6 -333725872#5 -333725872#4 -333725872#2 -333725872#1 -482188706 -183895356 -218684408#9 -218684408#8 -218684408#7 -218684408#6 -218684408#5 -218684408#3 -218684408#2 -218684408#1 -218684408#0 37399924#0 37399924#1 37399924#2 37399924#3 37399924#4 37399924#5 420089386#0 420089386#1 420089386#2 420089386#3 420089386#4,60,1979.51,expanded_map_background_distributed_boundary
expanded_v7_mapwide_00355,-245063646,-420361194#1,-245063646 184444067#4 184444067#5 184444067#6 517641017#4 517641017#5 517641017#6 517641017#7 517641017#8 517706841#1 517706841#2 517706841#3 517706841#4 517706841#5 908694579 656122981#0 656122981#1 656122981#2 656122981#4 656122981#5 656122981#6 613477341#2 613477341#3 613477341#4 218974503#0 218974503#1 218974503#2 218974503#3 218974503#4 218974503#5 218974503#6 1109231377#0 1109231377#1 782892492#0 782892492#1 -420361194#2 -420361194#1,37,1985.87,expanded_map_background_distributed_boundary
expanded_v7_mapwide_00356,770860549,-619137615#8,770860549 821457682#1 333557072#3 -770860548#4 -770860548#3 770860565#0 770860565#1 78628775#5 78628770#1 379943755#1 379943753#0 379943753#1 1339655667#0 1339655667#1 -37403486#2 -37403486#1 -1339655670#2 -1339655670#1 -1339655670#0 -1339655672#1 -1339655672#0 -580350029#7 -580350029#6 -580350029#5 -580350029#3 -580350029#2 -580350029#1 -580350029#0 -526967879#3 -526967879#2 -526967879#1 -526967879#0 -37403484#5 -37403484#4 464458983#0 464458983#2 464458983#3 344898669#0 -344898670#0 -619137615#9 -619137615#8,41,1992.22,expanded_map_background_distributed_boundary
expanded_v7_mapwide_00357,773060739#1,379730378#0,773060739#1 1208411212#0 1208411212#1 37402325#0 37402325#1 37402325#2 1506928765 480618375#1 480618375#2 480618375#3 480618375#4 480618375#5 480618375#6 480618375#7 480618375#8 480618375#9 1153283292#1 1153283292#2 1153283292#3 1153283292#4 770899736#0 770899736#1 770899736#2 1458160299 1458160300#0 1458160300#1 1458160300#2 1458160300#4 1458160300#5 1458160300#6 218769263#0 218769263#1 218769263#2 218769263#3 218769263#4 218769263#5 218769263#6 218769263#7 218769263#8 218769263#9 218769263#11 218769263#12 218769263#14 -517932075#9 -517932075#8 -517932075#7 -517932075#6 -517932075#5 -517932075#3 -517932075#2 -517932075#1 -517932075#0 1153283290 913698744 180192153#0 180192153#1 180192153#3 180192153#4 180192153#6 180192153#7 180192153#8 180192153#9 180192153#10 180192153#11 180192153#12 183521185#0 183521185#1 -379730403#4 416175123#0 416175122#2 -229028014#4 -800601984 -238538492#8 -238538492#7 -379730387#2 -379730387#1 -379730387#0 238538826#1 379730378#0,79,1998.57,expanded_map_background_distributed_boundary
expanded_v7_mapwide_00358,375125205#4,218771978#3,375125205#4 381807721#0 -381807694#1 381807720#3 381807720#4 800229257#2 911522748#0 911522748#1 183521074#0 183521074#1 183521074#2 183521074#3 -913811578 913694024#0 913694024#1 37403503#5 37403503#6 656122996 1199229106#0 1199229106#1 218771978#1 218771978#2 218771978#3,23,2004.93,expanded_map_background_distributed_boundary
expanded_v7_mapwide_00359,244384770#2,183521185#8,244384770#2 244384770#3 244384770#4 244384770#5 244384770#6 244384770#7 244384770#8 244384770#9 244384770#10 244384770#11 244384770#12 244384770#13 244384770#14 244384770#15 913006752#0 913006752#1 218662402#0 218662402#1 520307306 913009311 913009312#1 913009312#2 913009312#3 913009312#4 913009312#5 913009312#6 913009312#7 913009312#8 913009312#9 913009312#10 -218923171#5 -218923171#4 -218923171#2 -218923171#1 37403503#1 37403503#2 37403503#3 37403503#4 37403503#5 37403503#6 656122996 183272548#0 183272548#1 183272548#2 183272548#3 183272548#4 180192153#0 180192153#1 180192153#3 180192153#4 180192153#6 180192153#7 180192153#8 180192153#9 180192153#10 180192153#11 180192153#12 183521185#0 183521185#1 183521185#2 183521185#3 183521185#4 183521185#5 183521185#6 183521185#7 183521185#8,66,2011.28,expanded_map_background_distributed_boundary
expanded_v7_mapwide_00360,-381452140#1,420113458#2,-381452140#1 381452099 218960891#3 381746452#0 381746452#1 381746452#2 381746452#3 -420097198#1 -420097207 -381746718 381737978#2 83339285#0 83339285#1 83339285#2 83339285#3 83339285#4 83339285#5 381730930#0 381730930#1 381730930#3 420108609#1 420108609#2 420108609#3 420108609#4 420108609#5 420113453 381730887 381730927 -381730909#2 -420113460 420113458#2,31,2017.63,expanded_map_background_distributed_boundary
expanded_v7_mapwide_00361,-328442838#2,516417604#2,-328442838#2 -328442838#1 385962314#1 385962314#2 -385962313#2 -385962313#1 913230876 1507371404#2 480233461 1067765276#0 1067765276#1 1067765276#2 480233459 333580689#1 333580689#2 516388936#0 516948898#8 516948898#9 516948898#10 516948898#11 1214479816#0 1214479816#1 1214479816#2 1214479816#3 1214479816#4 333969025#1 773066533#0 773066533#1 773066533#2 773066533#3 621513157#0 621513157#1 621513157#2 621513156 516417604#0 516417604#2,36,2023.99,expanded_map_background_distributed_boundary
expanded_v7_mapwide_00362,422584937#2,1205679418#10,422584937#2 -531796031 -218923177 516948898#3 176728950#0 176728950#1 -344645187 176728955#5 176728955#6 176728955#7 176728955#8 480233462#3 1424068313#1 1424068313#2 1424068313#3 1424068313#4 1424068313#5 619147731 539136610#0 908622900#0 908622900#1 -198564935#3 -198564935#2 -198564935#0 198564933 198564930 218923160#0 218923160#1 218923160#2 218923160#3 218923160#4 219096264 198564925#0 198564925#1 198564925#2 198564925#3 198564925#4 198564925#5 782892488#2 -1205679418#12 -1205679418#11 -1205679418#10 -1205679418#9 -1205679418#8 228795472#0 -228795477#7 -228795474#0 1205679418#6 1205679418#7 1205679418#8 1205679418#9 1205679418#10,52,2030.34,expanded_map_background_distributed_boundary
expanded_v7_mapwide_00363,-464148430#0,-464419339#0,-464148430#0 -1144268077#1 -464154095#1 788727983 464148430#1 464148430#2 464148430#3 464154091#0 464154091#1 464154098 -447956867#6 -447956867#5 -447956867#4 -447956867#3 -447956867#2 -447956867#1 1244243645 -37401486#22 -238545096#2 -238545096#1 -238545096#0 516398275#3 516398275#4 516398275#5 516398275#6 516398275#7 516398275#8 516398275#9 908636259#0 908636259#1 908636259#3 908636259#4 908720245#0 908720245#1 1214479815 773066532#0 464233648#0 464233648#1 464233647#2 480233463#7 516388937 218923167#1 1068426572#0 1068426572#1 1424068314#2 1424068314#4 333554714#1 183272313#0 183272313#1 183272448#0 516169312#0 516169312#1 516169312#2 516169312#3 516169312#4 516169312#5 -331951643#7 331951646 -377373686#0 -331953288#1 -331953288#0 -464419339#2 -464419339#0,63,2036.69,expanded_map_background_distributed_boundary
expanded_v7_mapwide_00364,420092890#0,218724603,420092890#0 381802870#0 381802870#1 870977310#0 870977310#1 37399924#8 37399924#9 37399924#10 37399924#11 218960891#0 218960891#1 218960891#2 218960891#3 218960891#4 218960891#5 218960891#6 218960891#8 218960891#9 218960891#10 218960891#11 218960891#12 218960891#13 218960891#14 -519097168#4 -519097168#2 -519097168#1 -519097168#0 -413106892 381746310 -381741957#1 781179155 97537664#1 519071257#0 1442271383 218724603,35,2041.61,expanded_map_background_distributed_boundary
expanded_v7_mapwide_00365,381452120#6,782892488#2,381452120#6 -183272309#6 -183272309#4 -420319848#7 -420319848#5 -420319848#4 -420319848#3 -420319848#2 -420319848#1 -420319848#0 381452132 -420331825#4 -420331825#3 -420331825#2 -420331825#1 -420331825#0 913006754#9 1455512067 428260110 381453328#0 -381453321#4 -381453321#2 -381453321#1 381453320#1 -420348556#2 -420348556#1 -420348556#0 381453325#1 -198564928#25 -198564928#24 -198564928#21 -198564928#20 -198564928#19 -198564928#18 -198564928#17 -198564928#16 -198564928#15 -198564928#14 -198564928#13 -198564928#12 -198564928#11 -198564928#10 -198564928#8 -198564928#7 -198564928#6 -198564928#5 -198564928#4 -198564928#2 -198564928#0 198564934#0 198564934#1 913565824#1 913565824#2 782892488#2,54,2047.97,expanded_map_background_distributed_boundary
expanded_v7_mapwide_00366,-198691076#2,516169308#7,-198691076#2 -198691076#1 198691079#3 198691085#0 198691085#1 198691085#2 198691085#3 198691065#1 198691065#2 383097714 1499619438#0 383097712#1 383097712#2 183272462#1 333972428#1 333972428#2 333972428#3 333972428#4 289213613#0 619342756 585341917 438360329#0 438360329#1 183272574#1 -516948900#4 -516948900#3 -516948900#2 333554715#1 531796031 -422584937#2 -422584937#1 -422584937#0 -516388934#3 475744294#1 183272449#0 183272449#1 183272449#2 183272449#3 516169308#2 516169308#3 516169308#4 516169308#5 516169308#6 516169308#7,44,2054.32,expanded_map_background_distributed_boundary
expanded_v7_mapwide_00367,183521178#3,-233526454#0,183521178#3 183521178#4 183521178#5 183521178#6 183521178#7 183521178#8 183521178#9 183521195#0 183521195#1 183521195#2 183521195#3 1455546617#0 1455546617#1 1455546618#0 1455546618#1 1455546619 184083202 1455527231#0 1455527231#1 1455527231#2 1455527231#3 1455527231#4 1455527231#6 1455527231#7 1455527231#8 184083240 1458158606 517641011#0 517641011#1 517641011#2 517641011#3 517641011#4 517641011#5 -318750942#5 -318750942#3 -419750461#3 -419752064#6 -419752064#5 -419752064#4 -419752064#3 -419752064#2 -419752064#1 788674833 -419752056#0 -245063565#6 -245063565#5 -245063565#4 -245063565#3 419750460 -233526454#1 -233526454#0,51,2060.67,expanded_map_background_distributed_boundary
expanded_v7_mapwide_00368,272232099#1,-419812285#0,272232099#1 272263605#0 272263605#1 272263605#2 -273639501#2 -273639501#1 -273638834#8 -273638834#6 -273638834#5 -273638834#4 -273638834#3 -273638834#2 -273638834#1 219696192#0 219696192#1 219696192#3 219696192#4 219696192#5 219696192#6 219696192#7 219696192#9 824132484#1 824132486 420383141#0 420383141#1 -506162633 517641026#0 517641026#1 517641026#2 517641026#3 -180190213#11 -233651332#3 233651294#0 233651294#1 233651294#2 233651294#3 -419812286#7 233651265 329261473#0 -184445043#0 -419812286#5 -419812286#4 -419812286#3 -419812286#2 -419812286#1 -419812286#0 -419812287#0 -419812285#0,48,2067.03,expanded_map_background_distributed_boundary
expanded_v7_mapwide_00369,37400087#2,-273647557,37400087#2 176728954 493183992#3 -1424068313#5 -1424068313#4 -1424068313#3 -1424068313#2 -1424068313#1 176728952#0 176728952#1 176728952#2 176728952#3 183272613#0 183272613#1 899373686#6 619147734 198566324#0 919984684 619147730#3 1499619449#0 1499619449#1 1499619449#2 1499619448 1499619447#0 1499619447#1 383097727#0 383097727#1 -383097714 383097722#0 781985788#0 781985786#1 781985786#2 781985786#3 781985786#4 781985786#5 781985786#6 781985786#7 781985786#8 781985784 781985783 781985779#0 781985779#1 781985792#0 781985792#1 781985792#2 781985792#3 273638834#1 273638834#2 273638834#3 273638834#4 273638834#5 273638834#6 273638834#8 223418965#3 223418965#4 223418965#6 223418965#7 223418965#8 223418965#9 223418965#10 223418965#11 223418965#12 223418965#13 223418965#14 273647556#1 -273647557,66,2073.38,expanded_map_background_distributed_boundary
expanded_v7_mapwide_00370,-239357573#20,-1004836024,-239357573#20 -239357573#19 381458581#1 381458607 -381458587#0 381458592#2 381458600#0 381458600#1 -218681380#1 -218681380#0 -520307305#4 -520307305#3 -520307305#2 -520307305#1 -520307305#0 -37928420#2 -37928420#1 -37928420#0 218662402#0 218662402#1 520307306 913009311 1126339777#0 1126339777#1 -420331831 117914348#0 117914348#1 117914351#0 117914351#2 -420331825#0 913006754#9 1455512067 428260110 381453328#0 -381453321#4 -381453321#2 -381453321#1 381453320#1 -420348556#2 -420348556#1 -420348556#0 381453325#1 -198564928#25 -198564928#24 -198564928#21 -198564928#20 -198564928#19 -198564928#18 -198564928#17 -198564928#16 -198564928#15 -198564928#14 -198564928#13 -198564928#12 -117914848#7 -381456441 -170403787#0 -170403779 219696192#9 824132484#1 824132486 420383141#0 420383141#1 -506162633 1212424791#0 1212424791#1 1212424791#2 1212424791#3 1212424791#4 1212424791#5 1212424791#6 1212424791#7 1212424791#8 908694579 656122981#0 656122981#1 656122981#2 -1004836024,78,2079.73,expanded_map_background_distributed_boundary
expanded_v7_mapwide_00371,-376666930#2,1495080554#3,-376666930#2 -376666930#1 -376666932#3 -376666932#2 -376666932#1 -376666932#0 468168887#2 468168887#3 468168887#4 -526967879#3 -526967879#2 -526967879#1 -526967879#0 -37403484#5 464656382#0 464656382#1 464656382#2 464656383#0 464656383#2 464656383#3 -326189552#3 404539446#0 404539446#1 404539446#2 404539446#3 1495080554#2 1495080554#3,27,2086.09,expanded_map_background_distributed_boundary
expanded_v7_mapwide_00372,381452132,420187963#0,381452132 -913009312#4 -913009312#3 -913009312#2 -913009312#1 -913009311 -520307306 -218662402#1 -218662402#0 37928420#0 37928420#1 37928420#2 520307305#0 520307305#1 520307305#2 520307305#3 520307305#4 520307305#5 218681380#1 -381458600#1 -381458600#0 -381458592#2 -381458592#1 -381458592#0 420187963#0,25,2092.44,expanded_map_background_distributed_boundary
expanded_v7_mapwide_00373,228795463#4,381447829#0,228795463#4 198564928#10 198564928#11 198564928#12 198564928#13 198564928#14 198564928#15 198564928#16 198564928#17 198564928#18 198564928#19 198564928#20 198564928#21 198564928#24 198564928#25 198564928#26 198564928#27 198564928#28 -1455518728 -428260116#1 -428260116#0 -1455512067 -913006754#9 420331825#0 420331825#1 420331825#2 420331825#3 420331825#4 381447829#0,29,2098.79,expanded_map_background_distributed_boundary
expanded_v7_mapwide_00374,-243542155#0,-381453329,-243542155#0 -243542154#3 -243542154#2 464461055 -243542154#0 921117704#1 1467498054 781985786#1 781985786#2 781985786#3 781985786#4 781985786#5 781985786#6 781985786#7 781985786#8 781985784 781985783 781985779#0 781985779#1 781985792#0 781985792#1 781985792#2 781985792#3 219696192#0 219696192#1 219696192#3 219696192#4 -228795471 -470453019#7 -470453019#6 -470453019#5 -470453019#4 -470453019#0 -420383160#0 198564928#12 198564928#13 198564928#14 198564928#15 198564928#16 198564928#17 198564928#18 198564928#19 198564928#20 198564928#21 198564928#24 198564928#25 -381453325#1 -420348560 -381453326#2 -381453326#1 -381453329,51,2105.14,expanded_map_background_distributed_boundary
expanded_v7_mapwide_00375,1207199730#2,-348626442,1207199730#2 1207199730#3 170403826#0 170403826#1 170403826#2 170403826#3 37400684#1 37400684#2 37400684#3 732213462 620634300 1212424784 218769254#0 218769254#1 218769254#2 218769254#3 218769254#4 1456115797#0 184083252 218923184 1456115805 1381133418 117784417#2 117784417#3 -420348553 -117784415 117784421#2 117784421#3 117784421#4 198564928#28 -1455518728 -348626442,32,2111.50,expanded_map_background_distributed_boundary
expanded_v7_mapwide_00376,-404539453#2,413953596#2,-404539453#2 -404539453#1 464656381#1 464656381#3 464656381#4 464656381#5 464656381#7 -464770435#2 -464770436 464770438#1 464770438#2 464770438#3 -464770442#0 351672094#2 351672094#3 464770443 464770445#1 1506939325#6 1506939325#7 1379887973#1 1339697074#1 244399270 37399713#1 37399713#2 37399713#3 244399271#1 773060731 -775222468#16 -775222468#15 -775222468#14 -775222468#13 -775222468#12 -775222468#11 -775222468#9 -775222468#8 -775222468#7 -775222468#6 -772873181#0 -273028084#9 -273028084#7 -273028084#6 -273028084#5 -273028084#4 -273028084#2 -273028084#1 -273028084#0 -913570918 273024752 781985786#6 781985786#7 781985786#8 1109231376 783692390#0 783692390#1 413953596#2,55,2117.85,expanded_map_background_distributed_boundary
expanded_v7_mapwide_00377,-381730906,-920025286,-381730906 779239890 381730914#2 -381730893#1 -381730893#0 -381730908#5 -381730908#3 -381730908#2 -420108609#4 -420108609#3 -420108609#2 -420108609#1 -381730930#3 -381730930#1 -381730930#0 -83339285#5 -83339285#4 -83339285#3 -83339285#2 -83339285#1 -83339285#0 -381737978#2 381746718 420097207 420097198#1 -381746452#3 -381746452#2 340373565#6 340373565#7 340373565#8 340373565#9 -420103660#1 -420103660#0 -920025286,34,2122.77,expanded_map_background_distributed_boundary
expanded_v7_mapwide_00378,223418965#9,-420187960#0,223418965#9 272232099#1 272263605#0 272263605#1 272263605#2 -273639055#6 -273639055#5 -273639055#4 -273639055#3 -273639055#2 -273639055#0 785130598#7 785130598#8 1455497343#0 785130601#1 785130602#1 272228339#0 272228339#1 272228339#2 272228339#3 272229587#5 268782329#0 268782329#1 268782233#2 268782233#3 268782233#4 268782233#5 -913006754#4 -381447823#1 -381447823#0 -913006754#1 -913006754#0 -913006753 -37403487#0 37928420#0 37928420#1 37928420#2 520307305#0 520307305#1 520307305#2 520307305#3 520307305#4 520307305#5 218681380#1 218681380#2 218681380#3 218681380#4 218681380#5 381458583#0 381458583#1 381458583#2 381458583#5 381458583#6 -420309398#1 239357571#0 381570313 -420187960#0,57,2129.13,expanded_map_background_distributed_boundary
expanded_v7_mapwide_00379,1458158609,-381452134,1458158609 1458158608 1458158607 517641007 1458158597 219745508 1458158602 37400684#0 37400684#1 37400684#2 37400684#3 732213462 620634300 1212424784 218769254#0 218769254#1 218769254#2 218769254#3 218769254#4 1456115797#0 184083252 218923184 1456115805 1381133418 -1455524947#2 -1455524947#1 -1455524947#0 -117784416 913841953#0 913841953#2 -591142208#0 327035699#0 327035699#1 327035702#1 327035702#2 327035702#3 327035702#4 327035702#5 327035700#1 1455518729#2 1455518729#4 1455518729#5 1455518729#6 1455518729#7 183272587 -218773868#0 -913009312#10 -913009312#9 381452122#3 -381452175#3 -420319847 -381452149#0 381452160#1 381452160#2 -381452180#1 -381452134,56,2135.48,expanded_map_background_distributed_boundary
expanded_v7_mapwide_00380,420331831,420078499#1,420331831 -1126339777#1 -1126339777#0 913009312#1 913009312#2 913009312#3 913009312#4 913009312#5 913009312#6 913009312#7 913009312#8 913009312#9 913009312#10 -180368918#8 -180368918#7 -180368918#6 -180368918#5 -180368918#3 -180368918#0 -800229255 -578313748#2 -578313748#0 174870621#0 174870621#2 174870621#4 174870621#5 174870621#6 174870621#7 174870621#8 174870621#9 174870621#10 218684411#0 218684411#1 218684411#2 218684411#3 218684411#4 218684411#5 218684411#6 218684411#7 -381807695#0 420080607#1 229028006#2 229028006#4 229028006#5 229028006#6 229028006#8 229028006#9 229028006#10 229028006#11 229028006#12 381809117#0 381809117#1 381809117#2 381809117#3 381809117#4 381809117#5 381809117#6 381809117#7 420078497#3 420078497#4 420078497#5 420078499#1,62,2141.83,expanded_map_background_distributed_boundary
expanded_v7_mapwide_00381,416175113,788674849,416175113 229028022#3 229028022#4 229028022#5 229028022#6 180192153#6 180192153#7 180192153#8 180192153#9 180192153#10 180192153#11 180192153#12 180192150 517323577#0 517323577#1 1455543605 1455543604 1455543603 1455543602 1455543601 1455543599 1455543598 1455543596 1455543595 229027560#0 229027560#1 229027560#2 788674849,28,2148.19,expanded_map_background_distributed_boundary
expanded_v7_mapwide_00382,-821107999#1,-464154090,-821107999#1 899373686#4 899373686#5 -183272613#1 -183272613#0 -176728952#3 -176728952#2 -176728952#1 -821108007 176728955#8 -480233462#1 -480233462#0 480233463#0 480233463#1 480233463#2 480233463#3 516948898#8 516948898#9 516948898#10 516948898#11 1214479816#0 1214479816#1 1214479816#2 1214479816#3 1214479816#4 1214479811 1392913187#0 1392913187#1 1392913188 1392913189 1392913190 1392913191 238545096#0 238545096#1 238545096#2 37401486#22 -1244243646#0 447956867#1 447956867#2 464154085#0 464154085#1 464154087#0 464154089#0 -464154090,44,2154.54,expanded_map_background_distributed_boundary
expanded_v7_mapwide_00383,379584855#2,-1054180193#0,379584855#2 -416206250#2 -416206250#1 -416206250#0 -379584836 -1455241698#1 -263590234 1455241701#0 183521053#0 183521053#1 1455185840#2 1455185840#4 1455210367#1 1455210363#0 1455210370 1455210361#0 1455210361#1 1455210361#2 1455210361#3 1455210357 1455210358 1455210359 899856672#0 899856672#1 -229028000#11 -381809121#1 -381809121#0 -229028024#3 -229028024#1 -229028024#0 899856672#3 899856672#4 218781562#1 899499299 899499300 899499301#0 899499301#3 908057245 899499302 -519060520#0 -899499304#1 -899499304#0 -519060521 -922996665#4 -922996665#2 -922996665#1 -922996665#0 -922996664 -922996666 -1102479447#1 -1102479447#0 -519068801#5 -519068801#4 -519068801#3 -519068801#2 -519068801#1 -519068801#0 -37400351#3 -37400351#2 381793820#0 381793828#0 779239885 -37400351#0 -911525664#1 -379966003#2 -379966003#1 -379966003#0 519060519#0 519060519#1 519060519#2 519060519#3 913954388#1 -1054180193#0,73,2160.89,expanded_map_background_distributed_boundary
expanded_v7_mapwide_00384,381570309#3,377333844,381570309#3 420310508#4 381570303#3 381570303#4 420309398#0 420309398#1 -381458583#6 -381458583#5 381458593 -218910324#3 -519097167#1 -519097167#0 -381741961#1 -381741961#0 -413106892 381746310 -381741957#1 -381741957#0 519097163#0 519097163#1 519097163#2 -1392679411 219076111#0 219076111#1 219076111#2 219076111#3 582839862#0 582839862#1 377333811#0 377333844,30,2167.24,expanded_map_background_distributed_boundary
expanded_v7_mapwide_00385,620604513#0,117784411#1,620604513#0 395466460#0 395466460#1 395466460#2 620604512#0 620604512#1 620604512#2 620604512#3 1378880611 464233647#1 -464233648#1 -464233648#0 773066532#1 516388936#3 516388936#4 480233462#0 480233462#1 480233462#3 1424068313#1 1424068313#2 1424068313#3 1424068313#4 1424068313#5 619147731 539136610#0 908622900#0 908622900#1 -198564935#3 -198564935#2 -198564935#0 198564933 198564930 218923160#0 218923160#1 218923160#2 218923160#3 218923160#4 219096264 198564925#0 198564925#1 198564925#2 198564925#3 198564925#4 198564925#5 782892488#2 782892488#3 782892488#4 782892488#5 184083183#0 184083183#1 184083183#2 184083183#3 184083183#4 184083183#5 184083183#6 218923184 1456115805 1381133418 117784417#2 117784417#3 -420348553 117784418#2 117784411#1,63,2173.60,expanded_map_background_distributed_boundary
expanded_v7_mapwide_00386,-37400066#0,1455524947#1,-37400066#0 -83339285#5 -83339285#4 -83339285#3 -83339285#2 -83339285#1 -83339285#0 -381737978#2 381746718 -381746720 -381746719 -340373565#3 -340373565#2 -340373565#1 420097204#1 381746717 -218960895#1 -218960895#0 -183272309#13 -183272309#12 -183272309#10 -183272309#9 -183272309#8 -183272309#7 -183272309#6 -183272309#4 -420319848#7 -420319848#5 -420319848#4 -420319848#3 -420319848#2 381452175#0 381452175#1 381452175#2 381452175#3 -381452122#3 913009312#9 913009312#10 -218923171#5 183272621 -1455518729#7 -1455518729#6 -1455518729#5 -1455518729#4 -1455518729#2 -327035700#1 -327035700#0 591142225#0 591142225#1 1455518727#1 1455518727#2 117784416 1455524947#0 1455524947#1,54,2179.95,expanded_map_background_distributed_boundary
expanded_v7_mapwide_00387,379598611#1,-318883568,379598611#1 703307925 -310911143#1 -310911143#0 -310909619#2 -310909619#1 -379598675 416209832 -379598702#0 -703247074#1 -703247074#0 -379584848#4 -379584827#1 379584843 -379584835#4 -379584861#0 -416206250#0 -379584836 -1455241698#1 -263590234 1455241701#0 1455241701#1 1455240793#0 1455240793#1 1455240793#2 1455240793#3 1455240793#4 183521201#1 379589803#0 379589803#1 379589801#0 379589801#1 379589801#2 379589801#3 -318883568,35,2186.30,expanded_map_background_distributed_boundary
expanded_v7_mapwide_00388,381807723#0,-229028339#1,381807723#0 381807723#2 788411960#0 788411960#1 788411960#2 788411960#3 788411961#0 -420078498#4 -420078498#3 -420078498#2 -420078498#1 229028334#5 229028334#6 420078497#3 420078497#4 420078497#5 -229028339#1,17,2192.66,expanded_map_background_distributed_boundary
expanded_v7_mapwide_00389,420097199#0,908694578#3,420097199#0 -381746721 -420097197#0 -381746452#3 -381746452#2 -381746452#1 -381746452#0 -218960891#3 -381452099 -381452140#0 381452120#3 381452120#5 381452120#6 -183272309#6 -183272309#4 -420319848#7 -420319848#5 -420319848#4 -420319848#3 -420319848#2 -420319848#1 -420319848#0 381452132 -420331825#4 -420331825#3 -420331825#2 -420331825#1 -420331825#0 913006754#9 1455512067 428260110 381453328#0 -381453321#4 -381453321#2 -381453321#1 381453320#1 -420348556#2 -420348556#1 -420348556#0 381453325#1 -198564928#25 -198564928#24 -198564928#21 -198564928#20 -198564928#19 -198564928#18 -198564928#17 -198564928#16 -198564928#15 -198564928#14 -198564928#13 -198564928#12 -198564928#11 -198564928#10 -198564928#8 -198564928#7 -198564928#6 -198564928#5 1205679418#11 1205679418#12 1205679418#14 329995230#0 228795478#0 228795478#1 228795478#2 913565824#9 913565824#10 913565824#11 908694578#0 908694578#1 908694578#2 908694578#3,72,2199.01,expanded_map_background_distributed_boundary
expanded_v7_mapwide_00390,1113247891#6,464770445#0,1113247891#6 -368834998#9 -368834998#8 -368834998#7 -377373577#7 -377373577#6 -377373577#5 -377373577#4 -377373577#2 -377373577#1 -377373577#0 331953294#3 377373670#0 377373670#1 377373670#2 331953288#6 331953288#7 377373635 464380979#1 516169312#12 516169312#13 516169312#14 499417661#0 837752063#1 837752063#2 837752066#0 837752066#1 585352850#3 585352851#0 585352851#1 218707545 619137615#0 619137615#1 619137615#3 619137615#4 464447942#0 244477705#2 244477705#3 244477705#4 244477705#5 244477705#6 244477705#7 244477705#8 -344898677#10 -344898677#7 -344898677#5 -344898677#4 -344898677#3 -344898677#1 -344898677#0 464458362#0 464458362#1 -244477714#2 -244477714#1 -244477714#0 526967879#3 580350029#0 580350029#1 -351672107#4 -351672107#3 -351672107#2 -351672107#1 464770445#0,63,2203.93,expanded_map_background_distributed_boundary
expanded_v7_mapwide_00391,-767644535,233651332#0,-767644535 767644534#1 782892491#1 420383143#0 420383143#1 228795477#2 228795477#3 228795463#0 228795463#1 228795463#3 228795463#4 219696192#7 219696192#9 824132484#1 824132486 420383141#0 420383141#1 -506162633 517641026#0 517641026#1 517641026#2 517641026#3 517641017#0 517641017#1 517641017#2 517641017#3 -184444067#6 233651332#0,28,2210.29,expanded_map_background_distributed_boundary
expanded_v7_mapwide_00392,-228795463#0,-381452104#0,-228795463#0 228795477#5 228795477#6 228795474#1 228795474#2 228795463#3 228795463#4 198564928#10 198564928#11 198564928#12 198564928#13 198564928#14 198564928#15 198564928#16 198564928#17 198564928#18 198564928#19 198564928#20 198564928#21 198564928#24 198564928#25 198564928#26 198564928#27 198564928#28 -1455518728 -428260116#1 -428260116#0 -1455512067 -913006754#9 420331825#0 420331825#1 420331825#2 420331825#3 420331825#4 -913009312#4 117914343#0 381452104#0 381452104#1 -420319840#1 -420319840#0 -381452174#0 -381452104#0,42,2216.64,expanded_map_background_distributed_boundary
expanded_v7_mapwide_00393,416178720#7,-607077076#2,416178720#7 416178720#8 -229027410#4 -229027410#3 -229027410#2 -229027410#1 183521178#8 183521178#9 1153283290 770890583#0 770890583#1 770890583#2 773060741#0 773060741#1 770890587 770890589#0 770890589#1 770890589#2 770890589#3 770890589#4 770890589#5 773066535#0 184083191#2 773066536#0 773066536#1 773066536#2 773066536#3 -420334155#3 -420334155#2 -420334155#1 -420334155#0 -607077076#3 -607077076#2,33,2222.99,expanded_map_background_distributed_boundary
expanded_v7_mapwide_00394,420317543#1,-381452108#2,420317543#1 244215552#1 520307306 913009311 913009312#1 913009312#2 913009312#3 117914343#0 117914343#1 381452108#0 -381452106#6 -381452106#4 -381452106#3 381452155 -381452108#3 -381452108#2,16,2229.35,expanded_map_background_distributed_boundary
expanded_v7_mapwide_00395,-333725872#4,320463245#4,-333725872#4 -229028026#10 -229028026#9 -379730411#2 -229028019#2 -229028019#1 218923174#2 218923174#3 218923174#4 218923174#5 218923174#6 770890587 770890589#0 770890589#1 770890589#2 770890589#3 770890589#4 770890589#5 773066535#0 218923171#1 218923171#2 218923171#4 183272621 -1455518729#7 -1455518729#6 -1455518729#5 -1455518729#4 -1455518729#2 -1455518729#1 -1455518729#0 -1455518726 -198564928#28 -198564928#27 -198564928#26 -198564928#25 -198564928#24 -198564928#21 -198564928#20 -198564928#19 -198564928#18 -198564928#17 -198564928#16 -198564928#15 381456420#0 381456420#1 381456420#4 381456420#5 381456466#2 320463245#4,49,2235.70,expanded_map_background_distributed_boundary
expanded_v7_mapwide_00396,-318750942#0,198691077#7,-318750942#0 -419750456#1 -419750456#0 -73550861#4 -73550861#3 -73550861#1 -73550861#0 37403263#0 -233651294#3 419812894#0 419812894#1 419812896#1 788674831 -419812890#0 -245063636#3 -245063636#2 -245063636#1 -245063636#0 184444067#5 184444067#6 517641017#4 517641017#5 517641017#6 517641017#7 517641017#8 517706841#1 517706841#2 344663892#0 344663892#1 -184443141#4 -184443141#3 -184443141#2 -184443141#1 -184443141#0 -1084408276#1 -1084408276#0 -424940172 -333725870 -218923156#1 1499619440#1 1499619440#2 1499619440#3 1499619440#4 1499619440#5 219096264 198564925#0 198564925#1 198691078#0 198691078#1 198691056#0 198691078#3 198691078#4 198691077#7,53,2242.05,expanded_map_background_distributed_boundary
expanded_v7_mapwide_00397,775222468#2,-772279128#0,775222468#2 775222468#3 -273028084#11 -273028084#10 772873181#0 -775222468#4 -775222468#3 -775222468#2 -775222468#1 420361201 767063626 1283636942 -768399563#1 -768399563#0 420361194#0 420361194#1 420361194#2 773060736 781985779#0 781985779#1 781985792#0 781985792#1 781985792#2 781985792#3 273638834#1 273638834#2 273638834#3 273638834#4 273638834#5 273638834#6 273638834#8 223418965#3 223418965#4 223418965#6 223418965#7 223418965#8 223418965#9 788411954#1 -772279128#0,39,2248.40,expanded_map_background_distributed_boundary
expanded_v7_mapwide_00398,198691079#2,601902513#0,198691079#2 -198691076#0 198691056#3 198691077#6 198691077#7 198691077#9 198691077#10 198691077#11 198691077#12 198691077#13 198691077#14 218974503#0 218974503#1 218974503#2 218974503#3 218974503#4 218974503#5 218974503#6 1109231377#0 1109231377#1 782892492#0 782892492#1 773060736 781985779#0 781985779#1 781985792#0 781985792#1 781985792#2 781985792#3 785130598#0 785130598#1 785130598#2 785130598#3 785130598#4 785130598#5 785130598#6 785130598#7 785130598#8 1455497343#0 785130601#1 -785130602#0 1455497343#2 1455497343#3 1455497343#4 785130603 428260104 -913006754#9 420331825#0 420331825#1 420331825#2 420331825#3 601902513#0,52,2254.76,expanded_map_background_distributed_boundary
expanded_v7_mapwide_00399,381807706#0,1207199730#3,381807706#0 -381807683#1 -482140281#9 -482140281#8 381809117#0 381809117#1 381809117#2 -420086334#2 420078498#4 -482140281#5 -482140281#4 -482140281#2 -482140281#1 -482140281#0 -911522747#1 -911522747#0 -911522751#4 -911522751#1 -911522751#0 -913811577#1 -913811577#0 183521074#0 183521074#1 183521074#2 183521074#3 -913811578 913694024#0 913694024#1 37403503#5 37403503#6 656122996 1199229106#0 1199229106#1 218771978#1 218771978#2 218771978#3 218771978#4 218771978#5 218771978#6 218771978#7 1212424785#0 1212424785#1 1212424785#2 1212424785#3 1212424785#4 1212424785#5 1212424785#6 1212424785#7 1212424785#8 1212424785#9 732213463#0 732213463#2 732213463#3 73550864#0 73550864#1 73550864#2 73550864#3 1207199730#2 1207199730#3,59,2261.11,expanded_map_background_distributed_boundary
expanded_v7_mapwide_00400,521770125#0,238535895#0,521770125#0 521770125#1 521770125#2 521770125#3 218910312#0 218910312#2 218910312#3 -1392679400 -218910324#11 -218910324#10 -218910324#9 -218910324#7 -218910324#6 -218910324#5 -420187960#3 239357580#0 -381570321#0 -420187960#1 -420187960#0 -381458583#6 -381458583#5 -381458583#2 -381458583#1 -381458583#0 -218681380#5 -218681380#4 -218681380#3 -218681380#2 -218681380#1 -218681380#0 -520307305#4 -520307305#3 1279010544#0 420187959#1 420187959#2 420187959#3 420187959#4 420187959#5 420187959#6 420187959#7 420187959#8 420187959#9 420187959#10 420187959#11 420187959#12 -913826317 -420319848#5 -420319848#4 -420319848#3 -420319848#2 381452175#0 381452175#1 381452175#2 381452175#3 -381452122#3 913009312#9 913009312#10 -218923171#5 -218923171#4 -218923171#2 -218923171#1 184083191#2 773066536#0 348657481#0 348657481#1 348657481#2 348657481#3 348657481#4 1283637489 607077076#0 607077076#1 -348659730 656122999 656122998#0 218771978#2 218771978#3 218771978#4 238535895#0,78,2209.06,expanded_map_background_distributed_boundary
expanded_v7_mapwide_00401,377333837#0,272232099#1,377333837#0 377333837#1 377333837#2 377333837#3 377333864 -377333837#1 -377333837#0 519100623#0 -377333856 -377333891#0 -420181757#2 -420181756 377333825#0 377333825#1 -779239891 -381737989#1 -381737989#0 381737969#4 183272636#0 183272636#1 519071250 413106892 519097168#0 519097168#1 519097168#2 519097168#4 -218681380#7 -218681380#5 -218681380#4 -218681380#3 -218681380#2 -218681380#1 -218681380#0 -520307305#4 -520307305#3 -520307305#2 -520307305#1 -520307305#0 -37928420#2 -37928420#1 -37928420#0 37403487#0 913006753 913006754#0 913006754#1 913006754#2 913006754#3 913006754#4 -1291318446 -268782233#4 -268782233#3 -268782233#2 -268782329#1 -268782329#0 272228143#0 272228143#1 272228143#2 272228143#3 272228143#4 272228143#5 237470575#0 237470575#1 237470575#2 237470575#3 237470575#4 237470575#5 237470575#6 223418965#6 223418965#7 223418965#8 223418965#9 272232099#1,72,2215.42,expanded_map_background_distributed_boundary
expanded_v7_mapwide_00402,464770424,-384030401#0,464770424 326189552#9 37403484#1 37403484#2 37403484#3 37403484#4 37403484#5 526967879#0 526967879#1 526967879#2 526967879#3 580350029#0 580350029#1 580350029#2 580350029#3 580350029#5 580350029#6 580350029#7 1339655672#0 1339655672#1 -580350028 1339655669 -778973690 -384030401#1 -384030401#0,25,2221.77,expanded_map_background_distributed_boundary
expanded_v7_mapwide_00403,782892488#2,416172064,782892488#2 1205679418#14 329995230#0 329995230#1 228795484#0 228795484#1 228795468#3 908646367#11 218924602#0 218924602#1 218924602#2 218924602#3 656122993 156922850#1 -170403810#3 -170403810#2 -170403810#1 -170403810#0 1207199730#0 1207199730#1 1207199730#2 1207199730#3 1207199731#2 1458158605 218835937 1458158600 1458158598 -1458158597 -517641007 -1458158607 -1458158608 -1458158609 -517583989 -1458158610 -1458158611 -1458158612 -223435053 381218091#0 381218091#1 416172064,40,2226.69,expanded_map_background_distributed_boundary
expanded_v7_mapwide_00404,516169308#7,377373566#0,516169308#7 516169308#8 -368834998#9 -368834998#8 -368834998#7 -368834998#6 -368834998#5 -368834998#4 289489780#0 289489780#1 289489780#3 289489780#4 289489780#5 377373668#1 -464412130#2 -464412130#1 -464412130#0 -377373704 -377373601#6 377373725#0 377373725#1 237264677#8 377373566#0,23,2233.05,expanded_map_background_distributed_boundary
expanded_v7_mapwide_00405,-221431173#0,-221977892#3,-221431173#0 -221431169#0 37399752#2 37399752#3 37399752#4 37399752#5 37399752#6 37399752#7 37399752#8 37399752#9 141957153 142077711#1 236945321#1 236945321#2 236945321#3 236945321#4 196079107#0 196079107#1 446743583#0 446743583#1 1506928764#0 1506928764#1 1506928764#2 196079104#0 196079104#2 196079104#3 196079104#4 196079104#5 1153283294#0 1153283294#1 619392625 773060739#0 773060739#1 1208411212#0 1208411212#1 37402325#0 37402325#1 913546029 180368916#1 180368916#4 -221977892#3,41,2239.40,expanded_map_background_distributed_boundary
expanded_v7_mapwide_00406,-1004836024,-243542155#0,-1004836024 233651280#1 218974504#3 218974504#4 218974504#5 219096265 708672701#0 708672701#1 708672701#2 708672701#3 708672701#4 708672701#5 708672701#6 708672701#7 708672701#8 708858347 -1499619438#0 -383097714 383097722#0 781985788#0 1465558146#0 1465558146#1 383097723 379943276 -243542155#1 -243542155#0,26,2245.75,expanded_map_background_distributed_boundary
expanded_v7_mapwide_00407,-233526454#0,229026917#1,-233526454#0 -73550861#4 419752064#0 788674833 -419752060 -419752058#0 180190213#9 180190213#11 220027347#7 220027347#8 220027347#9 220027347#10 1207199730#0 1207199730#1 1207199730#2 1207199730#3 1207199731#2 1458158605 218835937 1458158600 1458158598 -1458158597 -517641007 -1458158607 -1458158608 -1458158609 -517583989 -1458158610 -1458158611 -1458158612 1458158615#0 1458158613#1 1458158613#3 1458158613#4 1458158613#5 1455528504#0 1455528504#1 1455528504#2 381218125#0 381218125#1 -381218124#3 -381218124#2 -381218124#0 381218115#1 381218115#2 381218115#3 -229026916#8 -229026916#5 -229026916#4 -229026916#3 -229026916#2 229026917#1,52,2252.10,expanded_map_background_distributed_boundary
expanded_v7_mapwide_00408,-1176532865#1,415967618#6,-1176532865#1 -1176532865#0 -1176532864#0 229026906#1 416204675#0 416204675#1 416204675#2 -379730390#2 -379730390#1 -379730349 416204675#5 416204675#6 416204675#7 416204675#8 416204675#9 416204675#11 -229027410#4 -229027410#3 -229027410#2 -229027410#1 183521178#8 183521178#9 183521195#0 183521195#1 183521195#2 183521195#3 1455546617#0 1455546617#1 381218097 229026919 415967618#6,31,2258.46,expanded_map_background_distributed_boundary
expanded_v7_mapwide_00409,420187963#0,238535896#1,420187963#0 381458594#1 381458594#2 381458594#3 381458594#4 -381458597 -381458581#3 -381458581#2 -381458581#1 239357573#19 239357573#20 239357573#21 -520307305#2 -520307305#1 -520307305#0 -37928420#2 -37928420#1 -37928420#0 218662402#0 218662402#1 520307306 913009311 1126339777#0 1126339777#1 -420331831 117914348#0 117914348#1 117914351#0 117914351#2 -420331825#0 913006754#9 1455512067 1455512071 428260116#1 1455518728 1455518727#0 1455518727#1 1455518727#2 1455524944 1455524946 1455524945 218923182 268783056#1 1455524950#0 1455524950#1 1455524952#0 1455524952#1 1455526423 1455526421 1455526422 1455526425#0 1455526425#1 482167259 482167260 1455527229 1455527230 1207481548 1455546620 1207481549#0 1207481549#1 1455546621 238535896#1,62,2264.81,expanded_map_background_distributed_boundary
expanded_v7_mapwide_00410,381447829#0,420331831,381447829#0 420331831,2,2271.16,expanded_map_background_distributed_boundary
expanded_v7_mapwide_00411,-381743714#2,420086344#0,-381743714#2 -381743714#1 -381743714#0 521770125#2 521770125#3 218910312#0 218910312#2 218910312#3 -1392679400 -218910324#11 -218910324#10 -218910324#9 -218910324#7 -218910324#6 -218910324#5 -420187960#3 239357580#0 -381570321#0 -420187960#1 -420187960#0 -381458583#6 -381458583#5 -381458583#2 -381458583#1 420187962#3 -218910324#0 -218960891#14 -218960891#13 -218960891#12 -218960891#11 -218960891#10 -218960891#9 -218960891#8 -218960891#6 -218960891#5 -218960891#4 -218960891#3 -218960891#2 -218960891#1 -218960891#0 -37399924#11 -37399924#10 -37399924#9 -37399924#8 -37399924#7 -37399924#6 -37399924#5 -37399924#4 -37399924#3 -37399924#2 -37399924#1 -37399924#0 218684411#0 218684411#1 218684411#2 218684411#3 218684411#4 218684411#5 218684411#6 218684411#7 -381807695#0 420080607#1 229028006#2 229028006#4 229028006#5 229028006#6 229028006#8 229028006#9 420086344#0,69,2277.52,expanded_map_background_distributed_boundary
expanded_v7_mapwide_00412,-381453329,223418965#9,-381453329 420348556#2 381453320#2 381453320#3 1501824264 -1455497346 -503530174#1 -503530174#0 237470575#0 237470575#1 237470575#2 237470575#3 237470575#4 237470575#5 237470575#6 223418965#6 223418965#7 223418965#8 223418965#9,19,2283.87,expanded_map_background_distributed_boundary
expanded_v7_mapwide_00413,-420187960#0,381570309#3,-420187960#0 -420309398#1 -420309398#0 -381570303#4 -381570303#3 -420310508#4 -420310508#3 -420310508#2 381570323 381570309#3,10,2290.22,expanded_map_background_distributed_boundary
expanded_v7_mapwide_00414,-381746452#0,-37400066#0,-381746452#0 218960891#4 -381746450#3 -381746450#2 -340373565#6 381746452#2 381746452#3 -420097198#1 -420097207 -381746718 381737978#2 83339285#0 83339285#1 83339285#2 83339285#3 83339285#4 83339285#5 37400066#0 37400066#1 37400066#2 -381793820#3 779239883 779239884 381793815 -779239885 381793828#2 -779239884 -779239883 381793820#3 -37400066#2 -37400066#1 -37400066#0,32,2296.58,expanded_map_background_distributed_boundary
expanded_v7_mapwide_00415,377333844,381807723#0,377333844 377333893#1 1442270413#0 1442270413#1 1442270413#2 519071250 413106892 519097168#0 519097168#1 519097168#2 519097168#4 -218960891#14 -218960891#13 -218960891#12 -218960891#11 -218960891#10 -218960891#9 -218960891#8 -218960891#6 -218960891#5 -218960891#4 -218960891#3 -218960891#2 -218960891#1 -218960891#0 -37399924#11 -37399924#10 -37399924#9 -37399924#8 -37399924#7 -37399924#6 -37399924#5 -37399924#4 -37399924#3 -37399924#2 -37399924#1 -37399924#0 218684411#0 218684411#1 218684411#2 218684411#3 218684411#4 218684411#5 -229028337#8 -229028337#7 229028340#9 229028345#10 381807723#0,48,2302.93,expanded_map_background_distributed_boundary
expanded_v7_mapwide_00416,464458362#4,651817398#4,464458362#4 580350029#3 580350029#5 580350029#6 580350029#7 1339655672#0 1339655672#1 -580350028 1339655669 1339655668 516163750#0 516163750#1 1206220503#0 1206220503#1 333554718 333554719 219696191#0 219696191#1 619147740 619147739#0 651817398#0 651817398#1 651817398#2 651817398#3 651817398#4,25,2307.85,expanded_map_background_distributed_boundary
expanded_v7_mapwide_00417,117784411#1,782892489#2,117784411#1 117784421#3 117784419#0 117784419#1 395564622#2 -198564928#25 -198564928#24 -198564928#21 -198564928#20 -198564928#19 -198564928#18 -198564928#17 -198564928#16 -198564928#15 -198564928#14 -198564928#13 -198564928#12 -198564928#11 -198564928#10 -228795463#4 -228795463#3 -228795463#1 -228795463#0 -228795477#3 -228795477#2 -420383143#1 -420383143#0 -1205679418#1 -767644535 -767644534#0 180368915#3 782892489#1 782892489#2,33,2314.20,expanded_map_background_distributed_boundary
expanded_v7_mapwide_00418,244477710,-329995227#2,244477710 244477705#8 -344898677#10 -344898677#7 -344898677#5 -344898677#4 -344898677#3 -344898677#1 -344898677#0 464458362#0 464458362#1 464458362#2 -468168887#2 -468168887#1 -468168887#0 -224260187#6 -376666917 -376666933#0 -224260190#5 -224260190#4 -224260190#3 -224260190#2 -224260190#1 -224260190#0 1206220503#0 1206220503#1 333554718 333554719 219696191#0 219696191#1 619147740 619147739#0 619147739#1 619147739#2 619147739#3 619147739#4 619147739#5 619147739#6 781983103#1 781983103#2 921117704#0 921117704#1 1467498054 -781985788#0 -383097722#0 383097714 1499619438#0 1499619445#2 1499619444 1499619443#0 1499619443#1 1499619443#2 1499619443#3 198691077#0 198691077#1 198691077#2 198691077#3 198691077#4 198691077#5 198691077#6 198691077#7 198691077#9 198691077#10 198691077#11 198691077#12 198691077#13 198691077#14 913565824#1 913565824#2 782892488#2 782892488#3 782892488#4 782892488#5 420383141#0 -329995227#2,75,2320.56,expanded_map_background_distributed_boundary
expanded_v7_mapwide_00419,198691078#4,419752057#4,198691078#4 198691077#7 198691077#9 198691077#10 198691077#11 198691077#12 198691077#13 198691077#14 913565824#1 913565824#2 913565824#6 913565824#7 913565824#8 913565824#9 913565824#10 913565824#11 919117822#1 919117822#2 919117822#3 919117822#4 1013396414#1 1013396414#2 306384116#0 306384116#1 419812905#0 419812905#1 -1013396417#0 -37403263#7 -37403263#6 -37403263#5 233651310#0 -329261487 -184445043#1 -184445043#0 -419812286#5 -117784412#0 180190213#3 419750459#0 419752057#3 419752057#4,40,2326.91,expanded_map_background_distributed_boundary
expanded_v7_mapwide_00420,-229028339#1,-379584856#1,-229028339#1 -379730398#2 -379730398#1 -379730398#0 -732213457#1 -732213457#0 732213458 229028014#1 238538825#0 238538825#1 238538825#2 238538822#2 -379730387#2 -379730329#4 -379730329#3 -379730329#2 -379730329#1 238538823#4 238538823#5 183521185#13 263590234 1455241699#0 1455241699#1 379584862#1 379584862#2 416206250#0 416206250#1 416206250#2 416206250#3 -379584856#1,30,2333.26,expanded_map_background_distributed_boundary
expanded_v7_mapwide_00421,381746724,420317543#1,381746724 -117770541#1 -381746452#2 340373565#6 381746450#2 381746450#3 -420317541#6 -420317541#5 -420317541#4 -420317541#3 -420317541#2 -420317541#1 -420317541#0 -375125209 117914354 420317540 420317543#0 420317543#1,18,2339.62,expanded_map_background_distributed_boundary
expanded_v7_mapwide_00422,-331953288#2,-376666928#1,-331953288#2 464399096#0 464399096#1 464380980#1 516169312#9 516169312#10 516169312#11 516169312#12 516169312#13 516169312#14 499417661#0 837752063#1 837752063#2 837752066#0 837752066#1 585352850#3 585352851#0 585352851#1 218707545 619137615#0 619137615#1 619137615#3 619137615#4 464447942#0 464447942#1 464447942#2 464447942#3 344898685 384030384 -464458358#0 -464458860#4 -464458860#3 -464458860#1 -464458860#0 -376666928#2 -376666928#1,36,2345.97,expanded_map_background_distributed_boundary
expanded_v7_mapwide_00423,233651332#0,-228795463#0,233651332#0 -788674832 517641017#2 517641017#3 517641017#4 517641017#5 517641017#6 517641017#7 517641017#8 517706841#1 517706841#2 517706841#3 517706841#4 517706841#5 908694579 656122981#0 908646367#5 908646367#6 908646367#7 -329995230#2 -329995230#1 -329995230#0 -1205679418#14 -1205679418#12 -1205679418#11 -1205679418#10 -1205679418#9 -1205679418#8 -1205679418#7 -1205679418#6 228795474#0 228795474#1 228795474#2 -228795463#1 -228795463#0,35,2352.32,expanded_map_background_distributed_boundary
expanded_v7_mapwide_00424,266255488#0,-238536650#1,266255488#0 266255488#1 266255488#2 -420108609#2 -420108609#1 -381730930#3 -381730930#1 -381730930#0 -83339285#5 -83339285#4 -83339285#3 -83339285#2 -83339285#1 -83339285#0 -482188707#1 -340373564#4 -340373564#3 -340373564#2 381802856 381802880#1 -340373566#2 -340373566#1 -340373566#0 -420089386#5 -420089386#4 -420089386#3 -420089386#2 -420089386#1 -420089386#0 -870977308#0 -117770551#4 -117770551#3 -117770551#2 -117770551#0 -183272625#1 -174870621#2 381807720#1 381807720#2 381807720#3 381807720#4 800229257#2 911522748#0 911522748#1 183521074#0 183521074#1 183521074#2 -381809847 -238536650#1,48,2358.68,expanded_map_background_distributed_boundary
expanded_v7_mapwide_00425,-37399924#8,381807706#0,-37399924#8 -37399924#7 -37399924#6 -37399924#5 -37399924#4 -37399924#3 -37399924#2 -37399924#1 -37399924#0 218684411#0 218684411#1 218684411#2 218684411#3 218684411#4 218684411#5 218684411#6 218684411#7 -381807695#0 420080607#1 420080604#0 420080604#1 420080604#2 229028020#4 229028020#5 229028020#6 229028020#7 229028020#8 420080602#0 420080602#1 420080602#2 381807706#0,31,2365.03,expanded_map_background_distributed_boundary
expanded_v7_mapwide_00426,183521195#1,-420092889#1,183521195#1 788674837 381218106#1 -517932075#3 -517932075#2 -517932075#1 -517932075#0 1153283290 770890583#0 770890583#1 770890583#2 773060741#0 773060741#1 770890587 770890589#0 770890589#1 770890589#2 770890589#3 770890589#4 770890589#5 773066535#0 218923178#0 218923178#1 218923178#2 218923178#3 218923178#4 218923178#7 578313749#0 578313749#1 420331816#0 420331816#1 381802847#0 -420331812#4 -420331812#3 -420331812#2 381802858 -381802844#2 -381802844#1 -381802844#0 117914344#2 -117914353#2 -117914353#1 381802883#0 -420092889#2 -420092889#1,45,2371.38,expanded_map_background_distributed_boundary
expanded_v7_mapwide_00427,-464155346#0,1216356209#0,-464155346#0 517328038#1 -464154085#2 -464154085#1 -464154085#0 -447956867#2 -447956867#1 1244243645 -37401486#22 -238545096#2 -238545096#1 -238545096#0 516398275#3 516398275#4 516398275#5 516398275#6 516398275#7 516398275#8 516398275#9 908636259#0 908636259#1 908636259#3 908636259#4 908720245#0 908720245#1 -224258726#1 1216356209#0,27,2377.73,expanded_map_background_distributed_boundary
expanded_v7_mapwide_00428,320463245#4,381802875,320463245#4 -1125773044 -381456420#7 -381456468#1 -381456468#0 381456466#1 -381456420#5 -381456420#4 -381456420#1 -381456420#0 198564928#15 198564928#16 198564928#17 198564928#18 198564928#19 198564928#20 198564928#21 198564928#24 198564928#25 198564928#26 198564928#27 198564928#28 1455518726 1455518729#0 1455518729#1 1455518729#2 1455518729#4 1455518729#5 1455518729#6 1455518729#7 183272587 -218773868#0 -180368918#8 -180368918#7 -180368918#6 -180368918#5 -180368918#3 -180368918#0 -800229255 -578313748#2 -578313748#0 174870621#0 174870621#2 183272625#1 117770551#0 117770551#2 117770551#3 117770551#4 870977308#0 -37399924#5 381802845#0 381802845#1 381802845#2 381802845#3 381802845#4 420092891#4 420092891#5 381802875,58,2384.09,expanded_map_background_distributed_boundary
expanded_v7_mapwide_00429,1207199730#3,1125773042,1207199730#3 170403826#0 170403826#1 170403826#2 170403826#3 37400684#1 37400684#2 37400684#3 732213462 620634300 1212424784 218769254#0 218769254#1 218769254#2 218769254#3 218769254#4 1456115797#0 184083252 333555370 1456115800 1456115801#0 1456115801#1 1456115801#2 1456115801#3 -198564928#21 381456422#1 381456422#3 381456422#4 381456422#6 381456422#7 420383150#1 381456461 320463283 320463177#1 1125773042,35,2389.01,expanded_map_background_distributed_boundary
expanded_v7_mapwide_00430,-381741927,219696192#4,-381741927 381741932#4 -218910324#3 -218910324#2 -218910324#1 -218910324#0 -218681380#7 -218681380#5 -218681380#4 -218681380#3 -218681380#2 -218681380#1 -218681380#0 -520307305#4 -520307305#3 -520307305#2 -520307305#1 -520307305#0 -37928420#2 -37928420#1 -37928420#0 37403487#0 913006753 913006754#0 913006754#1 913006754#2 913006754#3 913006754#4 -1291318446 -268782233#4 -268782233#3 -268782233#2 -268782329#1 -268782329#0 272228143#0 272228143#1 272228143#2 272228143#3 272228143#4 272228143#5 237470575#0 237470575#1 237470575#2 237470575#3 237470575#4 -273639501#2 -273639501#1 -273638834#8 -273638834#6 -273638834#5 -273638834#4 -273638834#3 -273638834#2 -273638834#1 219696192#0 219696192#1 219696192#3 219696192#4,58,2395.36,expanded_map_background_distributed_boundary
expanded_v7_mapwide_00431,-315658900#5,419812887#2,-315658900#5 -315658900#4 -315658900#3 -315658900#2 -315658900#1 -315658900#0 -315658899#1 -315658899#0 921117704#0 921117704#1 1467498054 -781985788#0 -383097722#0 383097714 1499619438#0 1499619445#2 1499619444 1499619443#0 1499619443#1 1499619443#2 1499619443#3 1499619443#4 1499619443#5 1499619443#6 1499619443#7 1499619443#8 1499619443#9 1499619437 1499619442 1499619439#0 1499619439#1 1499619439#2 1499619439#3 218923156#1 333725870 424940172 1084408276#0 1084408276#1 1482114515#0 1084408281 219053199#0 219053199#1 219053199#2 219053199#3 219053199#4 219053199#5 -217514805#7 -217514805#6 -217514805#5 -217514805#4 -217514805#3 -217514805#2 -217514805#1 -217514805#0 -329261504#2 -895829949 419812887#1 419812887#2,58,2401.72,expanded_map_background_distributed_boundary
expanded_v7_mapwide_00432,37400684#3,379584866#0,37400684#3 732213462 620634300 1212424784 1212424783#0 1212424783#1 1212424783#2 1212424783#3 1212424783#4 1455526426#0 1455526426#1 1455526426#2 482167259 482167260 1455527229 1455527230 1207481548 1455546620 1207481549#0 1207481549#1 1455546621 1455546622#0 1455546622#1 1455546623 773060740#1 913698744 180192153#0 180192153#1 180192153#3 180192153#4 180192153#6 180192153#7 180192153#8 180192153#9 180192153#10 180192153#11 180192153#12 183521185#0 183521185#1 183521185#2 183521185#3 183521185#4 183521185#5 183521185#6 183521185#7 183521185#8 183521185#10 183521185#11 183521185#13 263590234 1455241699#0 1455241699#1 379584862#1 379584862#2 416206250#0 416206250#1 416206250#2 416206250#3 416206250#4 416212022#0 379584866#0,61,2408.07,expanded_map_background_distributed_boundary
expanded_v7_mapwide_00433,-416172056,-381458595,-416172056 -223435055#0 1458160293 1458158614 1458158612 1458158611 1458158610 517583989 1458158609 1458158608 1458158607 517641007 1458158597 219745508 1458158602 37400684#0 37400684#1 37400684#2 37400684#3 732213462 620634300 1212424784 218769254#0 218769254#1 218769254#2 218769254#3 218769254#4 1456115797#0 184083252 218923184 1456115805 1381133418 117784417#2 117784417#3 -420348553 -117784415 117784421#2 117784421#3 117784421#4 198564928#28 -1455518728 -428260116#1 -428260116#0 -1455512067 -913006754#9 420331825#0 -117914351#2 -117914351#0 -117914348#1 -117914348#0 420331831 -1126339777#1 -1126339777#0 -913009311 -520307306 -218662402#1 -218662402#0 37928420#0 37928420#1 37928420#2 520307305#0 520307305#1 520307305#2 -239357573#21 -239357573#20 -239357573#19 381458581#1 381458581#2 381458581#3 381458597 -381458594#4 -381458595,72,2414.42,expanded_map_background_distributed_boundary
expanded_v7_mapwide_00434,416178719#1,420089386#4,416178719#1 416178719#2 416178719#3 416178719#4 416178720#1 416178720#2 416178720#3 416178720#5 416178720#6 416195450#0 416195450#1 379730341#0 379730341#1 379730344 379730377 -416204675#6 -416204675#5 379730349 379730390#1 379730390#2 -416204675#2 -416204675#1 -416204675#0 -318478691 -318478671#1 -318478671#0 -1455543604 -1455543605 -517323577#1 -517323577#0 -180192150 -333725872#8 -333725872#7 -333725872#6 -333725872#5 -333725872#4 -333725872#2 -333725872#1 -482188706 -183895356 -218684408#9 -218684408#8 -218684408#7 -218684408#6 -218684408#5 -218684408#3 -218684408#2 -218684408#1 -218684408#0 37399924#0 37399924#1 37399924#2 37399924#3 37399924#4 37399924#5 420089386#0 420089386#1 420089386#2 420089386#3 420089386#4,60,2420.78,expanded_map_background_distributed_boundary
expanded_v7_mapwide_00435,-245063646,-420361194#1,-245063646 184444067#4 184444067#5 184444067#6 517641017#4 517641017#5 517641017#6 517641017#7 517641017#8 517706841#1 517706841#2 517706841#3 517706841#4 517706841#5 908694579 656122981#0 656122981#1 656122981#2 656122981#4 656122981#5 656122981#6 613477341#2 613477341#3 613477341#4 218974503#0 218974503#1 218974503#2 218974503#3 218974503#4 218974503#5 218974503#6 1109231377#0 1109231377#1 782892492#0 782892492#1 -420361194#2 -420361194#1,37,2427.13,expanded_map_background_distributed_boundary
expanded_v7_mapwide_00436,770860549,-619137615#8,770860549 821457682#1 333557072#3 -770860548#4 -770860548#3 770860565#0 770860565#1 78628775#5 78628770#1 379943755#1 379943753#0 379943753#1 1339655667#0 1339655667#1 -37403486#2 -37403486#1 -1339655670#2 -1339655670#1 -1339655670#0 -1339655672#1 -1339655672#0 -580350029#7 -580350029#6 -580350029#5 -580350029#3 -580350029#2 -580350029#1 -580350029#0 -526967879#3 -526967879#2 -526967879#1 -526967879#0 -37403484#5 -37403484#4 464458983#0 464458983#2 464458983#3 344898669#0 -344898670#0 -619137615#9 -619137615#8,41,2433.48,expanded_map_background_distributed_boundary
expanded_v7_mapwide_00437,773060739#1,379730378#0,773060739#1 1208411212#0 1208411212#1 37402325#0 37402325#1 37402325#2 1506928765 480618375#1 480618375#2 480618375#3 480618375#4 480618375#5 480618375#6 480618375#7 480618375#8 480618375#9 1153283292#1 1153283292#2 1153283292#3 1153283292#4 770899736#0 770899736#1 770899736#2 1458160299 1458160300#0 1458160300#1 1458160300#2 1458160300#4 1458160300#5 1458160300#6 218769263#0 218769263#1 218769263#2 218769263#3 218769263#4 218769263#5 218769263#6 218769263#7 218769263#8 218769263#9 218769263#11 218769263#12 218769263#14 -517932075#9 -517932075#8 -517932075#7 -517932075#6 -517932075#5 -517932075#3 -517932075#2 -517932075#1 -517932075#0 1153283290 913698744 180192153#0 180192153#1 180192153#3 180192153#4 180192153#6 180192153#7 180192153#8 180192153#9 180192153#10 180192153#11 180192153#12 183521185#0 183521185#1 -379730403#4 416175123#0 416175122#2 -229028014#4 -800601984 -238538492#8 -238538492#7 -379730387#2 -379730387#1 -379730387#0 238538826#1 379730378#0,79,2439.83,expanded_map_background_distributed_boundary
expanded_v7_mapwide_00438,375125205#4,218771978#3,375125205#4 381807721#0 -381807694#1 381807720#3 381807720#4 800229257#2 911522748#0 911522748#1 183521074#0 183521074#1 183521074#2 183521074#3 -913811578 913694024#0 913694024#1 37403503#5 37403503#6 656122996 1199229106#0 1199229106#1 218771978#1 218771978#2 218771978#3,23,2446.19,expanded_map_background_distributed_boundary
expanded_v7_mapwide_00439,244384770#2,183521185#8,244384770#2 244384770#3 244384770#4 244384770#5 244384770#6 244384770#7 244384770#8 244384770#9 244384770#10 244384770#11 244384770#12 244384770#13 244384770#14 244384770#15 913006752#0 913006752#1 218662402#0 218662402#1 520307306 913009311 913009312#1 913009312#2 913009312#3 913009312#4 913009312#5 913009312#6 913009312#7 913009312#8 913009312#9 913009312#10 -218923171#5 -218923171#4 -218923171#2 -218923171#1 37403503#1 37403503#2 37403503#3 37403503#4 37403503#5 37403503#6 656122996 183272548#0 183272548#1 183272548#2 183272548#3 183272548#4 180192153#0 180192153#1 180192153#3 180192153#4 180192153#6 180192153#7 180192153#8 180192153#9 180192153#10 180192153#11 180192153#12 183521185#0 183521185#1 183521185#2 183521185#3 183521185#4 183521185#5 183521185#6 183521185#7 183521185#8,66,2452.54,expanded_map_background_distributed_boundary
expanded_v7_mapwide_00440,-381452140#1,420113458#2,-381452140#1 381452099 218960891#3 381746452#0 381746452#1 381746452#2 381746452#3 -420097198#1 -420097207 -381746718 381737978#2 83339285#0 83339285#1 83339285#2 83339285#3 83339285#4 83339285#5 381730930#0 381730930#1 381730930#3 420108609#1 420108609#2 420108609#3 420108609#4 420108609#5 420113453 381730887 381730927 -381730909#2 -420113460 420113458#2,31,2458.89,expanded_map_background_distributed_boundary
expanded_v7_mapwide_00441,-328442838#2,516417604#2,-328442838#2 -328442838#1 385962314#1 385962314#2 -385962313#2 -385962313#1 913230876 1507371404#2 480233461 1067765276#0 1067765276#1 1067765276#2 480233459 333580689#1 333580689#2 516388936#0 516948898#8 516948898#9 516948898#10 516948898#11 1214479816#0 1214479816#1 1214479816#2 1214479816#3 1214479816#4 333969025#1 773066533#0 773066533#1 773066533#2 773066533#3 621513157#0 621513157#1 621513157#2 621513156 516417604#0 516417604#2,36,2465.25,expanded_map_background_distributed_boundary
expanded_v7_mapwide_00442,422584937#2,1205679418#10,422584937#2 -531796031 -218923177 516948898#3 176728950#0 176728950#1 -344645187 176728955#5 176728955#6 176728955#7 176728955#8 480233462#3 1424068313#1 1424068313#2 1424068313#3 1424068313#4 1424068313#5 619147731 539136610#0 908622900#0 908622900#1 -198564935#3 -198564935#2 -198564935#0 198564933 198564930 218923160#0 218923160#1 218923160#2 218923160#3 218923160#4 219096264 198564925#0 198564925#1 198564925#2 198564925#3 198564925#4 198564925#5 782892488#2 -1205679418#12 -1205679418#11 -1205679418#10 -1205679418#9 -1205679418#8 228795472#0 -228795477#7 -228795474#0 1205679418#6 1205679418#7 1205679418#8 1205679418#9 1205679418#10,52,2470.17,expanded_map_background_distributed_boundary
expanded_v7_mapwide_00443,-464148430#0,-464419339#0,-464148430#0 -1144268077#1 -464154095#1 788727983 464148430#1 464148430#2 464148430#3 464154091#0 464154091#1 464154098 -447956867#6 -447956867#5 -447956867#4 -447956867#3 -447956867#2 -447956867#1 1244243645 -37401486#22 -238545096#2 -238545096#1 -238545096#0 516398275#3 516398275#4 516398275#5 516398275#6 516398275#7 516398275#8 516398275#9 908636259#0 908636259#1 908636259#3 908636259#4 908720245#0 908720245#1 1214479815 773066532#0 464233648#0 464233648#1 464233647#2 480233463#7 516388937 218923167#1 1068426572#0 1068426572#1 1424068314#2 1424068314#4 333554714#1 183272313#0 183272313#1 183272448#0 516169312#0 516169312#1 516169312#2 516169312#3 516169312#4 516169312#5 -331951643#7 331951646 -377373686#0 -331953288#1 -331953288#0 -464419339#2 -464419339#0,63,2476.52,expanded_map_background_distributed_boundary
expanded_v7_mapwide_00444,420092890#0,218724603,420092890#0 381802870#0 381802870#1 870977310#0 870977310#1 37399924#8 37399924#9 37399924#10 37399924#11 218960891#0 218960891#1 218960891#2 218960891#3 218960891#4 218960891#5 218960891#6 218960891#8 218960891#9 218960891#10 218960891#11 218960891#12 218960891#13 218960891#14 -519097168#4 -519097168#2 -519097168#1 -519097168#0 -413106892 381746310 -381741957#1 781179155 97537664#1 519071257#0 1442271383 218724603,35,2482.88,expanded_map_background_distributed_boundary
expanded_v7_mapwide_00445,381452120#6,782892488#2,381452120#6 -183272309#6 -183272309#4 -420319848#7 -420319848#5 -420319848#4 -420319848#3 -420319848#2 -420319848#1 -420319848#0 381452132 -420331825#4 -420331825#3 -420331825#2 -420331825#1 -420331825#0 913006754#9 1455512067 428260110 381453328#0 -381453321#4 -381453321#2 -381453321#1 381453320#1 -420348556#2 -420348556#1 -420348556#0 381453325#1 -198564928#25 -198564928#24 -198564928#21 -198564928#20 -198564928#19 -198564928#18 -198564928#17 -198564928#16 -198564928#15 -198564928#14 -198564928#13 -198564928#12 -198564928#11 -198564928#10 -198564928#8 -198564928#7 -198564928#6 -198564928#5 -198564928#4 -198564928#2 -198564928#0 198564934#0 198564934#1 913565824#1 913565824#2 782892488#2,54,2489.23,expanded_map_background_distributed_boundary
expanded_v7_mapwide_00446,-198691076#2,516169308#7,-198691076#2 -198691076#1 198691079#3 198691085#0 198691085#1 198691085#2 198691085#3 198691065#1 198691065#2 383097714 1499619438#0 383097712#1 383097712#2 183272462#1 333972428#1 333972428#2 333972428#3 333972428#4 289213613#0 619342756 585341917 438360329#0 438360329#1 183272574#1 -516948900#4 -516948900#3 -516948900#2 333554715#1 531796031 -422584937#2 -422584937#1 -422584937#0 -516388934#3 475744294#1 183272449#0 183272449#1 183272449#2 183272449#3 516169308#2 516169308#3 516169308#4 516169308#5 516169308#6 516169308#7,44,2495.58,expanded_map_background_distributed_boundary
expanded_v7_mapwide_00447,183521178#3,-233526454#0,183521178#3 183521178#4 183521178#5 183521178#6 183521178#7 183521178#8 183521178#9 183521195#0 183521195#1 183521195#2 183521195#3 1455546617#0 1455546617#1 1455546618#0 1455546618#1 1455546619 184083202 1455527231#0 1455527231#1 1455527231#2 1455527231#3 1455527231#4 1455527231#6 1455527231#7 1455527231#8 184083240 1458158606 517641011#0 517641011#1 517641011#2 517641011#3 517641011#4 517641011#5 -318750942#5 -318750942#3 -419750461#3 -419752064#6 -419752064#5 -419752064#4 -419752064#3 -419752064#2 -419752064#1 788674833 -419752056#0 -245063565#6 -245063565#5 -245063565#4 -245063565#3 419750460 -233526454#1 -233526454#0,51,2501.94,expanded_map_background_distributed_boundary
expanded_v7_mapwide_00448,272232099#1,-419812285#0,272232099#1 272263605#0 272263605#1 272263605#2 -273639501#2 -273639501#1 -273638834#8 -273638834#6 -273638834#5 -273638834#4 -273638834#3 -273638834#2 -273638834#1 219696192#0 219696192#1 219696192#3 219696192#4 219696192#5 219696192#6 219696192#7 219696192#9 824132484#1 824132486 420383141#0 420383141#1 -506162633 517641026#0 517641026#1 517641026#2 517641026#3 -180190213#11 -233651332#3 233651294#0 233651294#1 233651294#2 233651294#3 -419812286#7 233651265 329261473#0 -184445043#0 -419812286#5 -419812286#4 -419812286#3 -419812286#2 -419812286#1 -419812286#0 -419812287#0 -419812285#0,48,2508.29,expanded_map_background_distributed_boundary
expanded_v7_mapwide_00449,37400087#2,-273647557,37400087#2 176728954 493183992#3 -1424068313#5 -1424068313#4 -1424068313#3 -1424068313#2 -1424068313#1 176728952#0 176728952#1 176728952#2 176728952#3 183272613#0 183272613#1 899373686#6 619147734 198566324#0 919984684 619147730#3 1499619449#0 1499619449#1 1499619449#2 1499619448 1499619447#0 1499619447#1 383097727#0 383097727#1 -383097714 383097722#0 781985788#0 781985786#1 781985786#2 781985786#3 781985786#4 781985786#5 781985786#6 781985786#7 781985786#8 781985784 781985783 781985779#0 781985779#1 781985792#0 781985792#1 781985792#2 781985792#3 273638834#1 273638834#2 273638834#3 273638834#4 273638834#5 273638834#6 273638834#8 223418965#3 223418965#4 223418965#6 223418965#7 223418965#8 223418965#9 223418965#10 223418965#11 223418965#12 223418965#13 223418965#14 273647556#1 -273647557,66,2514.64,expanded_map_background_distributed_boundary
expanded_v7_mapwide_00450,-239357573#20,-1004836024,-239357573#20 -239357573#19 381458581#1 381458607 -381458587#0 381458592#2 381458600#0 381458600#1 -218681380#1 -218681380#0 -520307305#4 -520307305#3 -520307305#2 -520307305#1 -520307305#0 -37928420#2 -37928420#1 -37928420#0 218662402#0 218662402#1 520307306 913009311 1126339777#0 1126339777#1 -420331831 117914348#0 117914348#1 117914351#0 117914351#2 -420331825#0 913006754#9 1455512067 428260110 381453328#0 -381453321#4 -381453321#2 -381453321#1 381453320#1 -420348556#2 -420348556#1 -420348556#0 381453325#1 -198564928#25 -198564928#24 -198564928#21 -198564928#20 -198564928#19 -198564928#18 -198564928#17 -198564928#16 -198564928#15 -198564928#14 -198564928#13 -198564928#12 -117914848#7 -381456441 -170403787#0 -170403779 219696192#9 824132484#1 824132486 420383141#0 420383141#1 -506162633 1212424791#0 1212424791#1 1212424791#2 1212424791#3 1212424791#4 1212424791#5 1212424791#6 1212424791#7 1212424791#8 908694579 656122981#0 656122981#1 656122981#2 -1004836024,78,2520.99,expanded_map_background_distributed_boundary
expanded_v7_mapwide_00451,-376666930#2,1495080554#3,-376666930#2 -376666930#1 -376666932#3 -376666932#2 -376666932#1 -376666932#0 468168887#2 468168887#3 468168887#4 -526967879#3 -526967879#2 -526967879#1 -526967879#0 -37403484#5 464656382#0 464656382#1 464656382#2 464656383#0 464656383#2 464656383#3 -326189552#3 404539446#0 404539446#1 404539446#2 404539446#3 1495080554#2 1495080554#3,27,2527.35,expanded_map_background_distributed_boundary
expanded_v7_mapwide_00452,381452132,420187963#0,381452132 -913009312#4 -913009312#3 -913009312#2 -913009312#1 -913009311 -520307306 -218662402#1 -218662402#0 37928420#0 37928420#1 37928420#2 520307305#0 520307305#1 520307305#2 520307305#3 520307305#4 520307305#5 218681380#1 -381458600#1 -381458600#0 -381458592#2 -381458592#1 -381458592#0 420187963#0,25,2533.70,expanded_map_background_distributed_boundary
expanded_v7_mapwide_00453,228795463#4,381447829#0,228795463#4 198564928#10 198564928#11 198564928#12 198564928#13 198564928#14 198564928#15 198564928#16 198564928#17 198564928#18 198564928#19 198564928#20 198564928#21 198564928#24 198564928#25 198564928#26 198564928#27 198564928#28 -1455518728 -428260116#1 -428260116#0 -1455512067 -913006754#9 420331825#0 420331825#1 420331825#2 420331825#3 420331825#4 381447829#0,29,2540.05,expanded_map_background_distributed_boundary
expanded_v7_mapwide_00454,-243542155#0,-381453329,-243542155#0 -243542154#3 -243542154#2 464461055 -243542154#0 921117704#1 1467498054 781985786#1 781985786#2 781985786#3 781985786#4 781985786#5 781985786#6 781985786#7 781985786#8 781985784 781985783 781985779#0 781985779#1 781985792#0 781985792#1 781985792#2 781985792#3 219696192#0 219696192#1 219696192#3 219696192#4 -228795471 -470453019#7 -470453019#6 -470453019#5 -470453019#4 -470453019#0 -420383160#0 198564928#12 198564928#13 198564928#14 198564928#15 198564928#16 198564928#17 198564928#18 198564928#19 198564928#20 198564928#21 198564928#24 198564928#25 -381453325#1 -420348560 -381453326#2 -381453326#1 -381453329,51,2546.41,expanded_map_background_distributed_boundary
expanded_v7_mapwide_00455,1207199730#2,-348626442,1207199730#2 1207199730#3 170403826#0 170403826#1 170403826#2 170403826#3 37400684#1 37400684#2 37400684#3 732213462 620634300 1212424784 218769254#0 218769254#1 218769254#2 218769254#3 218769254#4 1456115797#0 184083252 218923184 1456115805 1381133418 117784417#2 117784417#3 -420348553 -117784415 117784421#2 117784421#3 117784421#4 198564928#28 -1455518728 -348626442,32,2551.33,expanded_map_background_distributed_boundary
expanded_v7_mapwide_00456,-404539453#2,413953596#2,-404539453#2 -404539453#1 464656381#1 464656381#3 464656381#4 464656381#5 464656381#7 -464770435#2 -464770436 464770438#1 464770438#2 464770438#3 -464770442#0 351672094#2 351672094#3 464770443 464770445#1 1506939325#6 1506939325#7 1379887973#1 1339697074#1 244399270 37399713#1 37399713#2 37399713#3 244399271#1 773060731 -775222468#16 -775222468#15 -775222468#14 -775222468#13 -775222468#12 -775222468#11 -775222468#9 -775222468#8 -775222468#7 -775222468#6 -772873181#0 -273028084#9 -273028084#7 -273028084#6 -273028084#5 -273028084#4 -273028084#2 -273028084#1 -273028084#0 -913570918 273024752 781985786#6 781985786#7 781985786#8 1109231376 783692390#0 783692390#1 413953596#2,55,2557.68,expanded_map_background_distributed_boundary
expanded_v7_mapwide_00457,-381730906,-920025286,-381730906 779239890 381730914#2 -381730893#1 -381730893#0 -381730908#5 -381730908#3 -381730908#2 -420108609#4 -420108609#3 -420108609#2 -420108609#1 -381730930#3 -381730930#1 -381730930#0 -83339285#5 -83339285#4 -83339285#3 -83339285#2 -83339285#1 -83339285#0 -381737978#2 381746718 420097207 420097198#1 -381746452#3 -381746452#2 340373565#6 340373565#7 340373565#8 340373565#9 -420103660#1 -420103660#0 -920025286,34,2564.04,expanded_map_background_distributed_boundary
expanded_v7_mapwide_00458,223418965#9,-420187960#0,223418965#9 272232099#1 272263605#0 272263605#1 272263605#2 -273639055#6 -273639055#5 -273639055#4 -273639055#3 -273639055#2 -273639055#0 785130598#7 785130598#8 1455497343#0 785130601#1 785130602#1 272228339#0 272228339#1 272228339#2 272228339#3 272229587#5 268782329#0 268782329#1 268782233#2 268782233#3 268782233#4 268782233#5 -913006754#4 -381447823#1 -381447823#0 -913006754#1 -913006754#0 -913006753 -37403487#0 37928420#0 37928420#1 37928420#2 520307305#0 520307305#1 520307305#2 520307305#3 520307305#4 520307305#5 218681380#1 218681380#2 218681380#3 218681380#4 218681380#5 381458583#0 381458583#1 381458583#2 381458583#5 381458583#6 -420309398#1 239357571#0 381570313 -420187960#0,57,2570.39,expanded_map_background_distributed_boundary
expanded_v7_mapwide_00459,1458158609,-381452134,1458158609 1458158608 1458158607 517641007 1458158597 219745508 1458158602 37400684#0 37400684#1 37400684#2 37400684#3 732213462 620634300 1212424784 218769254#0 218769254#1 218769254#2 218769254#3 218769254#4 1456115797#0 184083252 218923184 1456115805 1381133418 -1455524947#2 -1455524947#1 -1455524947#0 -117784416 913841953#0 913841953#2 -591142208#0 327035699#0 327035699#1 327035702#1 327035702#2 327035702#3 327035702#4 327035702#5 327035700#1 1455518729#2 1455518729#4 1455518729#5 1455518729#6 1455518729#7 183272587 -218773868#0 -913009312#10 -913009312#9 381452122#3 -381452175#3 -420319847 -381452149#0 381452160#1 381452160#2 -381452180#1 -381452134,56,2576.74,expanded_map_background_distributed_boundary
expanded_v7_mapwide_00460,420331831,420078499#1,420331831 -1126339777#1 -1126339777#0 913009312#1 913009312#2 913009312#3 913009312#4 913009312#5 913009312#6 913009312#7 913009312#8 913009312#9 913009312#10 -180368918#8 -180368918#7 -180368918#6 -180368918#5 -180368918#3 -180368918#0 -800229255 -578313748#2 -578313748#0 174870621#0 174870621#2 174870621#4 174870621#5 174870621#6 174870621#7 174870621#8 174870621#9 174870621#10 218684411#0 218684411#1 218684411#2 218684411#3 218684411#4 218684411#5 218684411#6 218684411#7 -381807695#0 420080607#1 229028006#2 229028006#4 229028006#5 229028006#6 229028006#8 229028006#9 229028006#10 229028006#11 229028006#12 381809117#0 381809117#1 381809117#2 381809117#3 381809117#4 381809117#5 381809117#6 381809117#7 420078497#3 420078497#4 420078497#5 420078499#1,62,2583.09,expanded_map_background_distributed_boundary
expanded_v7_mapwide_00461,416175113,788674849,416175113 229028022#3 229028022#4 229028022#5 229028022#6 180192153#6 180192153#7 180192153#8 180192153#9 180192153#10 180192153#11 180192153#12 180192150 517323577#0 517323577#1 1455543605 1455543604 1455543603 1455543602 1455543601 1455543599 1455543598 1455543596 1455543595 229027560#0 229027560#1 229027560#2 788674849,28,2589.45,expanded_map_background_distributed_boundary
expanded_v7_mapwide_00462,-821107999#1,-464154090,-821107999#1 899373686#4 899373686#5 -183272613#1 -183272613#0 -176728952#3 -176728952#2 -176728952#1 -821108007 176728955#8 -480233462#1 -480233462#0 480233463#0 480233463#1 480233463#2 480233463#3 516948898#8 516948898#9 516948898#10 516948898#11 1214479816#0 1214479816#1 1214479816#2 1214479816#3 1214479816#4 1214479811 1392913187#0 1392913187#1 1392913188 1392913189 1392913190 1392913191 238545096#0 238545096#1 238545096#2 37401486#22 -1244243646#0 447956867#1 447956867#2 464154085#0 464154085#1 464154087#0 464154089#0 -464154090,44,2595.80,expanded_map_background_distributed_boundary
expanded_v7_mapwide_00463,379584855#2,-1054180193#0,379584855#2 -416206250#2 -416206250#1 -416206250#0 -379584836 -1455241698#1 -263590234 1455241701#0 183521053#0 183521053#1 1455185840#2 1455185840#4 1455210367#1 1455210363#0 1455210370 1455210361#0 1455210361#1 1455210361#2 1455210361#3 1455210357 1455210358 1455210359 899856672#0 899856672#1 -229028000#11 -381809121#1 -381809121#0 -229028024#3 -229028024#1 -229028024#0 899856672#3 899856672#4 218781562#1 899499299 899499300 899499301#0 899499301#3 908057245 899499302 -519060520#0 -899499304#1 -899499304#0 -519060521 -922996665#4 -922996665#2 -922996665#1 -922996665#0 -922996664 -922996666 -1102479447#1 -1102479447#0 -519068801#5 -519068801#4 -519068801#3 -519068801#2 -519068801#1 -519068801#0 -37400351#3 -37400351#2 381793820#0 381793828#0 779239885 -37400351#0 -911525664#1 -379966003#2 -379966003#1 -379966003#0 519060519#0 519060519#1 519060519#2 519060519#3 913954388#1 -1054180193#0,73,2602.15,expanded_map_background_distributed_boundary
expanded_v7_mapwide_00464,381570309#3,377333844,381570309#3 420310508#4 381570303#3 381570303#4 420309398#0 420309398#1 -381458583#6 -381458583#5 381458593 -218910324#3 -519097167#1 -519097167#0 -381741961#1 -381741961#0 -413106892 381746310 -381741957#1 -381741957#0 519097163#0 519097163#1 519097163#2 -1392679411 219076111#0 219076111#1 219076111#2 219076111#3 582839862#0 582839862#1 377333811#0 377333844,30,2608.51,expanded_map_background_distributed_boundary
expanded_v7_mapwide_00465,620604513#0,117784411#1,620604513#0 395466460#0 395466460#1 395466460#2 620604512#0 620604512#1 620604512#2 620604512#3 1378880611 464233647#1 -464233648#1 -464233648#0 773066532#1 516388936#3 516388936#4 480233462#0 480233462#1 480233462#3 1424068313#1 1424068313#2 1424068313#3 1424068313#4 1424068313#5 619147731 539136610#0 908622900#0 908622900#1 -198564935#3 -198564935#2 -198564935#0 198564933 198564930 218923160#0 218923160#1 218923160#2 218923160#3 218923160#4 219096264 198564925#0 198564925#1 198564925#2 198564925#3 198564925#4 198564925#5 782892488#2 782892488#3 782892488#4 782892488#5 184083183#0 184083183#1 184083183#2 184083183#3 184083183#4 184083183#5 184083183#6 218923184 1456115805 1381133418 117784417#2 117784417#3 -420348553 117784418#2 117784411#1,63,2614.86,expanded_map_background_distributed_boundary
expanded_v7_mapwide_00466,-37400066#0,1455524947#1,-37400066#0 -83339285#5 -83339285#4 -83339285#3 -83339285#2 -83339285#1 -83339285#0 -381737978#2 381746718 -381746720 -381746719 -340373565#3 -340373565#2 -340373565#1 420097204#1 381746717 -218960895#1 -218960895#0 -183272309#13 -183272309#12 -183272309#10 -183272309#9 -183272309#8 -183272309#7 -183272309#6 -183272309#4 -420319848#7 -420319848#5 -420319848#4 -420319848#3 -420319848#2 381452175#0 381452175#1 381452175#2 381452175#3 -381452122#3 913009312#9 913009312#10 -218923171#5 183272621 -1455518729#7 -1455518729#6 -1455518729#5 -1455518729#4 -1455518729#2 -327035700#1 -327035700#0 591142225#0 591142225#1 1455518727#1 1455518727#2 117784416 1455524947#0 1455524947#1,54,2621.21,expanded_map_background_distributed_boundary
expanded_v7_mapwide_00467,379598611#1,-318883568,379598611#1 703307925 -310911143#1 -310911143#0 -310909619#2 -310909619#1 -379598675 416209832 -379598702#0 -703247074#1 -703247074#0 -379584848#4 -379584827#1 379584843 -379584835#4 -379584861#0 -416206250#0 -379584836 -1455241698#1 -263590234 1455241701#0 1455241701#1 1455240793#0 1455240793#1 1455240793#2 1455240793#3 1455240793#4 183521201#1 379589803#0 379589803#1 379589801#0 379589801#1 379589801#2 379589801#3 -318883568,35,2627.57,expanded_map_background_distributed_boundary
expanded_v7_mapwide_00468,381807723#0,-229028339#1,381807723#0 381807723#2 788411960#0 788411960#1 788411960#2 788411960#3 788411961#0 -420078498#4 -420078498#3 -420078498#2 -420078498#1 229028334#5 229028334#6 420078497#3 420078497#4 420078497#5 -229028339#1,17,2632.49,expanded_map_background_distributed_boundary
expanded_v7_mapwide_00469,420097199#0,908694578#3,420097199#0 -381746721 -420097197#0 -381746452#3 -381746452#2 -381746452#1 -381746452#0 -218960891#3 -381452099 -381452140#0 381452120#3 381452120#5 381452120#6 -183272309#6 -183272309#4 -420319848#7 -420319848#5 -420319848#4 -420319848#3 -420319848#2 -420319848#1 -420319848#0 381452132 -420331825#4 -420331825#3 -420331825#2 -420331825#1 -420331825#0 913006754#9 1455512067 428260110 381453328#0 -381453321#4 -381453321#2 -381453321#1 381453320#1 -420348556#2 -420348556#1 -420348556#0 381453325#1 -198564928#25 -198564928#24 -198564928#21 -198564928#20 -198564928#19 -198564928#18 -198564928#17 -198564928#16 -198564928#15 -198564928#14 -198564928#13 -198564928#12 -198564928#11 -198564928#10 -198564928#8 -198564928#7 -198564928#6 -198564928#5 1205679418#11 1205679418#12 1205679418#14 329995230#0 228795478#0 228795478#1 228795478#2 913565824#9 913565824#10 913565824#11 908694578#0 908694578#1 908694578#2 908694578#3,72,2638.84,expanded_map_background_distributed_boundary
expanded_v7_mapwide_00470,1113247891#6,464770445#0,1113247891#6 -368834998#9 -368834998#8 -368834998#7 -377373577#7 -377373577#6 -377373577#5 -377373577#4 -377373577#2 -377373577#1 -377373577#0 331953294#3 377373670#0 377373670#1 377373670#2 331953288#6 331953288#7 377373635 464380979#1 516169312#12 516169312#13 516169312#14 499417661#0 837752063#1 837752063#2 837752066#0 837752066#1 585352850#3 585352851#0 585352851#1 218707545 619137615#0 619137615#1 619137615#3 619137615#4 464447942#0 244477705#2 244477705#3 244477705#4 244477705#5 244477705#6 244477705#7 244477705#8 -344898677#10 -344898677#7 -344898677#5 -344898677#4 -344898677#3 -344898677#1 -344898677#0 464458362#0 464458362#1 -244477714#2 -244477714#1 -244477714#0 526967879#3 580350029#0 580350029#1 -351672107#4 -351672107#3 -351672107#2 -351672107#1 464770445#0,63,2645.19,expanded_map_background_distributed_boundary
expanded_v7_mapwide_00471,-767644535,233651332#0,-767644535 767644534#1 782892491#1 420383143#0 420383143#1 228795477#2 228795477#3 228795463#0 228795463#1 228795463#3 228795463#4 219696192#7 219696192#9 824132484#1 824132486 420383141#0 420383141#1 -506162633 517641026#0 517641026#1 517641026#2 517641026#3 517641017#0 517641017#1 517641017#2 517641017#3 -184444067#6 233651332#0,28,2651.55,expanded_map_background_distributed_boundary
expanded_v7_mapwide_00472,-228795463#0,-381452104#0,-228795463#0 228795477#5 228795477#6 228795474#1 228795474#2 228795463#3 228795463#4 198564928#10 198564928#11 198564928#12 198564928#13 198564928#14 198564928#15 198564928#16 198564928#17 198564928#18 198564928#19 198564928#20 198564928#21 198564928#24 198564928#25 198564928#26 198564928#27 198564928#28 -1455518728 -428260116#1 -428260116#0 -1455512067 -913006754#9 420331825#0 420331825#1 420331825#2 420331825#3 420331825#4 -913009312#4 117914343#0 381452104#0 381452104#1 -420319840#1 -420319840#0 -381452174#0 -381452104#0,42,2657.90,expanded_map_background_distributed_boundary
expanded_v7_mapwide_00473,416178720#7,-607077076#2,416178720#7 416178720#8 -229027410#4 -229027410#3 -229027410#2 -229027410#1 183521178#8 183521178#9 1153283290 770890583#0 770890583#1 770890583#2 773060741#0 773060741#1 770890587 770890589#0 770890589#1 770890589#2 770890589#3 770890589#4 770890589#5 773066535#0 184083191#2 773066536#0 773066536#1 773066536#2 773066536#3 -420334155#3 -420334155#2 -420334155#1 -420334155#0 -607077076#3 -607077076#2,33,2664.25,expanded_map_background_distributed_boundary
expanded_v7_mapwide_00474,420317543#1,-381452108#2,420317543#1 244215552#1 520307306 913009311 913009312#1 913009312#2 913009312#3 117914343#0 117914343#1 381452108#0 -381452106#6 -381452106#4 -381452106#3 381452155 -381452108#3 -381452108#2,16,2670.61,expanded_map_background_distributed_boundary
expanded_v7_mapwide_00475,-333725872#4,320463245#4,-333725872#4 -229028026#10 -229028026#9 -379730411#2 -229028019#2 -229028019#1 218923174#2 218923174#3 218923174#4 218923174#5 218923174#6 770890587 770890589#0 770890589#1 770890589#2 770890589#3 770890589#4 770890589#5 773066535#0 218923171#1 218923171#2 218923171#4 183272621 -1455518729#7 -1455518729#6 -1455518729#5 -1455518729#4 -1455518729#2 -1455518729#1 -1455518729#0 -1455518726 -198564928#28 -198564928#27 -198564928#26 -198564928#25 -198564928#24 -198564928#21 -198564928#20 -198564928#19 -198564928#18 -198564928#17 -198564928#16 -198564928#15 381456420#0 381456420#1 381456420#4 381456420#5 381456466#2 320463245#4,49,2676.96,expanded_map_background_distributed_boundary
expanded_v7_mapwide_00476,-318750942#0,198691077#7,-318750942#0 -419750456#1 -419750456#0 -73550861#4 -73550861#3 -73550861#1 -73550861#0 37403263#0 -233651294#3 419812894#0 419812894#1 419812896#1 788674831 -419812890#0 -245063636#3 -245063636#2 -245063636#1 -245063636#0 184444067#5 184444067#6 517641017#4 517641017#5 517641017#6 517641017#7 517641017#8 517706841#1 517706841#2 344663892#0 344663892#1 -184443141#4 -184443141#3 -184443141#2 -184443141#1 -184443141#0 -1084408276#1 -1084408276#0 -424940172 -333725870 -218923156#1 1499619440#1 1499619440#2 1499619440#3 1499619440#4 1499619440#5 219096264 198564925#0 198564925#1 198691078#0 198691078#1 198691056#0 198691078#3 198691078#4 198691077#7,53,2683.31,expanded_map_background_distributed_boundary
expanded_v7_mapwide_00477,775222468#2,-772279128#0,775222468#2 775222468#3 -273028084#11 -273028084#10 772873181#0 -775222468#4 -775222468#3 -775222468#2 -775222468#1 420361201 767063626 1283636942 -768399563#1 -768399563#0 420361194#0 420361194#1 420361194#2 773060736 781985779#0 781985779#1 781985792#0 781985792#1 781985792#2 781985792#3 273638834#1 273638834#2 273638834#3 273638834#4 273638834#5 273638834#6 273638834#8 223418965#3 223418965#4 223418965#6 223418965#7 223418965#8 223418965#9 788411954#1 -772279128#0,39,2689.67,expanded_map_background_distributed_boundary
expanded_v7_mapwide_00478,198691079#2,601902513#0,198691079#2 -198691076#0 198691056#3 198691077#6 198691077#7 198691077#9 198691077#10 198691077#11 198691077#12 198691077#13 198691077#14 218974503#0 218974503#1 218974503#2 218974503#3 218974503#4 218974503#5 218974503#6 1109231377#0 1109231377#1 782892492#0 782892492#1 773060736 781985779#0 781985779#1 781985792#0 781985792#1 781985792#2 781985792#3 785130598#0 785130598#1 785130598#2 785130598#3 785130598#4 785130598#5 785130598#6 785130598#7 785130598#8 1455497343#0 785130601#1 -785130602#0 1455497343#2 1455497343#3 1455497343#4 785130603 428260104 -913006754#9 420331825#0 420331825#1 420331825#2 420331825#3 601902513#0,52,2696.02,expanded_map_background_distributed_boundary
expanded_v7_mapwide_00479,381807706#0,1207199730#3,381807706#0 -381807683#1 -482140281#9 -482140281#8 381809117#0 381809117#1 381809117#2 -420086334#2 420078498#4 -482140281#5 -482140281#4 -482140281#2 -482140281#1 -482140281#0 -911522747#1 -911522747#0 -911522751#4 -911522751#1 -911522751#0 -913811577#1 -913811577#0 183521074#0 183521074#1 183521074#2 183521074#3 -913811578 913694024#0 913694024#1 37403503#5 37403503#6 656122996 1199229106#0 1199229106#1 218771978#1 218771978#2 218771978#3 218771978#4 218771978#5 218771978#6 218771978#7 1212424785#0 1212424785#1 1212424785#2 1212424785#3 1212424785#4 1212424785#5 1212424785#6 1212424785#7 1212424785#8 1212424785#9 732213463#0 732213463#2 732213463#3 73550864#0 73550864#1 73550864#2 73550864#3 1207199730#2 1207199730#3,59,2702.37,expanded_map_background_distributed_boundary
expanded_v7_mapwide_00480,521770125#0,238535895#0,521770125#0 521770125#1 521770125#2 521770125#3 218910312#0 218910312#2 218910312#3 -1392679400 -218910324#11 -218910324#10 -218910324#9 -218910324#7 -218910324#6 -218910324#5 -420187960#3 239357580#0 -381570321#0 -420187960#1 -420187960#0 -381458583#6 -381458583#5 -381458583#2 -381458583#1 -381458583#0 -218681380#5 -218681380#4 -218681380#3 -218681380#2 -218681380#1 -218681380#0 -520307305#4 -520307305#3 1279010544#0 420187959#1 420187959#2 420187959#3 420187959#4 420187959#5 420187959#6 420187959#7 420187959#8 420187959#9 420187959#10 420187959#11 420187959#12 -913826317 -420319848#5 -420319848#4 -420319848#3 -420319848#2 381452175#0 381452175#1 381452175#2 381452175#3 -381452122#3 913009312#9 913009312#10 -218923171#5 -218923171#4 -218923171#2 -218923171#1 184083191#2 773066536#0 348657481#0 348657481#1 348657481#2 348657481#3 348657481#4 1283637489 607077076#0 607077076#1 -348659730 656122999 656122998#0 218771978#2 218771978#3 218771978#4 238535895#0,78,2650.32,expanded_map_background_distributed_boundary
expanded_v7_mapwide_00481,377333837#0,272232099#1,377333837#0 377333837#1 377333837#2 377333837#3 377333864 -377333837#1 -377333837#0 519100623#0 -377333856 -377333891#0 -420181757#2 -420181756 377333825#0 377333825#1 -779239891 -381737989#1 -381737989#0 381737969#4 183272636#0 183272636#1 519071250 413106892 519097168#0 519097168#1 519097168#2 519097168#4 -218681380#7 -218681380#5 -218681380#4 -218681380#3 -218681380#2 -218681380#1 -218681380#0 -520307305#4 -520307305#3 -520307305#2 -520307305#1 -520307305#0 -37928420#2 -37928420#1 -37928420#0 37403487#0 913006753 913006754#0 913006754#1 913006754#2 913006754#3 913006754#4 -1291318446 -268782233#4 -268782233#3 -268782233#2 -268782329#1 -268782329#0 272228143#0 272228143#1 272228143#2 272228143#3 272228143#4 272228143#5 237470575#0 237470575#1 237470575#2 237470575#3 237470575#4 237470575#5 237470575#6 223418965#6 223418965#7 223418965#8 223418965#9 272232099#1,72,2655.25,expanded_map_background_distributed_boundary
expanded_v7_mapwide_00482,464770424,-384030401#0,464770424 326189552#9 37403484#1 37403484#2 37403484#3 37403484#4 37403484#5 526967879#0 526967879#1 526967879#2 526967879#3 580350029#0 580350029#1 580350029#2 580350029#3 580350029#5 580350029#6 580350029#7 1339655672#0 1339655672#1 -580350028 1339655669 -778973690 -384030401#1 -384030401#0,25,2661.60,expanded_map_background_distributed_boundary
expanded_v7_mapwide_00483,782892488#2,416172064,782892488#2 1205679418#14 329995230#0 329995230#1 228795484#0 228795484#1 228795468#3 908646367#11 218924602#0 218924602#1 218924602#2 218924602#3 656122993 156922850#1 -170403810#3 -170403810#2 -170403810#1 -170403810#0 1207199730#0 1207199730#1 1207199730#2 1207199730#3 1207199731#2 1458158605 218835937 1458158600 1458158598 -1458158597 -517641007 -1458158607 -1458158608 -1458158609 -517583989 -1458158610 -1458158611 -1458158612 -223435053 381218091#0 381218091#1 416172064,40,2667.95,expanded_map_background_distributed_boundary
expanded_v7_mapwide_00484,516169308#7,377373566#0,516169308#7 516169308#8 -368834998#9 -368834998#8 -368834998#7 -368834998#6 -368834998#5 -368834998#4 289489780#0 289489780#1 289489780#3 289489780#4 289489780#5 377373668#1 -464412130#2 -464412130#1 -464412130#0 -377373704 -377373601#6 377373725#0 377373725#1 237264677#8 377373566#0,23,2674.31,expanded_map_background_distributed_boundary
expanded_v7_mapwide_00485,-221431173#0,-221977892#3,-221431173#0 -221431169#0 37399752#2 37399752#3 37399752#4 37399752#5 37399752#6 37399752#7 37399752#8 37399752#9 141957153 142077711#1 236945321#1 236945321#2 236945321#3 236945321#4 196079107#0 196079107#1 446743583#0 446743583#1 1506928764#0 1506928764#1 1506928764#2 196079104#0 196079104#2 196079104#3 196079104#4 196079104#5 1153283294#0 1153283294#1 619392625 773060739#0 773060739#1 1208411212#0 1208411212#1 37402325#0 37402325#1 913546029 180368916#1 180368916#4 -221977892#3,41,2680.66,expanded_map_background_distributed_boundary
expanded_v7_mapwide_00486,-1004836024,-243542155#0,-1004836024 233651280#1 218974504#3 218974504#4 218974504#5 219096265 708672701#0 708672701#1 708672701#2 708672701#3 708672701#4 708672701#5 708672701#6 708672701#7 708672701#8 708858347 -1499619438#0 -383097714 383097722#0 781985788#0 1465558146#0 1465558146#1 383097723 379943276 -243542155#1 -243542155#0,26,2687.01,expanded_map_background_distributed_boundary
expanded_v7_mapwide_00487,-233526454#0,229026917#1,-233526454#0 -73550861#4 419752064#0 788674833 -419752060 -419752058#0 180190213#9 180190213#11 220027347#7 220027347#8 220027347#9 220027347#10 1207199730#0 1207199730#1 1207199730#2 1207199730#3 1207199731#2 1458158605 218835937 1458158600 1458158598 -1458158597 -517641007 -1458158607 -1458158608 -1458158609 -517583989 -1458158610 -1458158611 -1458158612 1458158615#0 1458158613#1 1458158613#3 1458158613#4 1458158613#5 1455528504#0 1455528504#1 1455528504#2 381218125#0 381218125#1 -381218124#3 -381218124#2 -381218124#0 381218115#1 381218115#2 381218115#3 -229026916#8 -229026916#5 -229026916#4 -229026916#3 -229026916#2 229026917#1,52,2693.37,expanded_map_background_distributed_boundary
expanded_v7_mapwide_00488,-1176532865#1,415967618#6,-1176532865#1 -1176532865#0 -1176532864#0 229026906#1 416204675#0 416204675#1 416204675#2 -379730390#2 -379730390#1 -379730349 416204675#5 416204675#6 416204675#7 416204675#8 416204675#9 416204675#11 -229027410#4 -229027410#3 -229027410#2 -229027410#1 183521178#8 183521178#9 183521195#0 183521195#1 183521195#2 183521195#3 1455546617#0 1455546617#1 381218097 229026919 415967618#6,31,2699.72,expanded_map_background_distributed_boundary
expanded_v7_mapwide_00489,420187963#0,238535896#1,420187963#0 381458594#1 381458594#2 381458594#3 381458594#4 -381458597 -381458581#3 -381458581#2 -381458581#1 239357573#19 239357573#20 239357573#21 -520307305#2 -520307305#1 -520307305#0 -37928420#2 -37928420#1 -37928420#0 218662402#0 218662402#1 520307306 913009311 1126339777#0 1126339777#1 -420331831 117914348#0 117914348#1 117914351#0 117914351#2 -420331825#0 913006754#9 1455512067 1455512071 428260116#1 1455518728 1455518727#0 1455518727#1 1455518727#2 1455524944 1455524946 1455524945 218923182 268783056#1 1455524950#0 1455524950#1 1455524952#0 1455524952#1 1455526423 1455526421 1455526422 1455526425#0 1455526425#1 482167259 482167260 1455527229 1455527230 1207481548 1455546620 1207481549#0 1207481549#1 1455546621 238535896#1,62,2706.07,expanded_map_background_distributed_boundary
expanded_v7_mapwide_00490,381447829#0,420331831,381447829#0 420331831,2,2712.42,expanded_map_background_distributed_boundary
expanded_v7_mapwide_00491,-381743714#2,420086344#0,-381743714#2 -381743714#1 -381743714#0 521770125#2 521770125#3 218910312#0 218910312#2 218910312#3 -1392679400 -218910324#11 -218910324#10 -218910324#9 -218910324#7 -218910324#6 -218910324#5 -420187960#3 239357580#0 -381570321#0 -420187960#1 -420187960#0 -381458583#6 -381458583#5 -381458583#2 -381458583#1 420187962#3 -218910324#0 -218960891#14 -218960891#13 -218960891#12 -218960891#11 -218960891#10 -218960891#9 -218960891#8 -218960891#6 -218960891#5 -218960891#4 -218960891#3 -218960891#2 -218960891#1 -218960891#0 -37399924#11 -37399924#10 -37399924#9 -37399924#8 -37399924#7 -37399924#6 -37399924#5 -37399924#4 -37399924#3 -37399924#2 -37399924#1 -37399924#0 218684411#0 218684411#1 218684411#2 218684411#3 218684411#4 218684411#5 218684411#6 218684411#7 -381807695#0 420080607#1 229028006#2 229028006#4 229028006#5 229028006#6 229028006#8 229028006#9 420086344#0,69,2718.78,expanded_map_background_distributed_boundary
expanded_v7_mapwide_00492,-381453329,223418965#9,-381453329 420348556#2 381453320#2 381453320#3 1501824264 -1455497346 -503530174#1 -503530174#0 237470575#0 237470575#1 237470575#2 237470575#3 237470575#4 237470575#5 237470575#6 223418965#6 223418965#7 223418965#8 223418965#9,19,2725.13,expanded_map_background_distributed_boundary
expanded_v7_mapwide_00493,-420187960#0,381570309#3,-420187960#0 -420309398#1 -420309398#0 -381570303#4 -381570303#3 -420310508#4 -420310508#3 -420310508#2 381570323 381570309#3,10,2731.48,expanded_map_background_distributed_boundary
expanded_v7_mapwide_00494,-381746452#0,-37400066#0,-381746452#0 218960891#4 -381746450#3 -381746450#2 -340373565#6 381746452#2 381746452#3 -420097198#1 -420097207 -381746718 381737978#2 83339285#0 83339285#1 83339285#2 83339285#3 83339285#4 83339285#5 37400066#0 37400066#1 37400066#2 -381793820#3 779239883 779239884 381793815 -779239885 381793828#2 -779239884 -779239883 381793820#3 -37400066#2 -37400066#1 -37400066#0,32,2736.41,expanded_map_background_distributed_boundary
expanded_v7_mapwide_00495,377333844,381807723#0,377333844 377333893#1 1442270413#0 1442270413#1 1442270413#2 519071250 413106892 519097168#0 519097168#1 519097168#2 519097168#4 -218960891#14 -218960891#13 -218960891#12 -218960891#11 -218960891#10 -218960891#9 -218960891#8 -218960891#6 -218960891#5 -218960891#4 -218960891#3 -218960891#2 -218960891#1 -218960891#0 -37399924#11 -37399924#10 -37399924#9 -37399924#8 -37399924#7 -37399924#6 -37399924#5 -37399924#4 -37399924#3 -37399924#2 -37399924#1 -37399924#0 218684411#0 218684411#1 218684411#2 218684411#3 218684411#4 218684411#5 -229028337#8 -229028337#7 229028340#9 229028345#10 381807723#0,48,2742.76,expanded_map_background_distributed_boundary
expanded_v7_mapwide_00496,464458362#4,651817398#4,464458362#4 580350029#3 580350029#5 580350029#6 580350029#7 1339655672#0 1339655672#1 -580350028 1339655669 1339655668 516163750#0 516163750#1 1206220503#0 1206220503#1 333554718 333554719 219696191#0 219696191#1 619147740 619147739#0 651817398#0 651817398#1 651817398#2 651817398#3 651817398#4,25,2749.11,expanded_map_background_distributed_boundary
expanded_v7_mapwide_00497,117784411#1,782892489#2,117784411#1 117784421#3 117784419#0 117784419#1 395564622#2 -198564928#25 -198564928#24 -198564928#21 -198564928#20 -198564928#19 -198564928#18 -198564928#17 -198564928#16 -198564928#15 -198564928#14 -198564928#13 -198564928#12 -198564928#11 -198564928#10 -228795463#4 -228795463#3 -228795463#1 -228795463#0 -228795477#3 -228795477#2 -420383143#1 -420383143#0 -1205679418#1 -767644535 -767644534#0 180368915#3 782892489#1 782892489#2,33,2755.47,expanded_map_background_distributed_boundary
expanded_v7_mapwide_00498,244477710,-329995227#2,244477710 244477705#8 -344898677#10 -344898677#7 -344898677#5 -344898677#4 -344898677#3 -344898677#1 -344898677#0 464458362#0 464458362#1 464458362#2 -468168887#2 -468168887#1 -468168887#0 -224260187#6 -376666917 -376666933#0 -224260190#5 -224260190#4 -224260190#3 -224260190#2 -224260190#1 -224260190#0 1206220503#0 1206220503#1 333554718 333554719 219696191#0 219696191#1 619147740 619147739#0 619147739#1 619147739#2 619147739#3 619147739#4 619147739#5 619147739#6 781983103#1 781983103#2 921117704#0 921117704#1 1467498054 -781985788#0 -383097722#0 383097714 1499619438#0 1499619445#2 1499619444 1499619443#0 1499619443#1 1499619443#2 1499619443#3 198691077#0 198691077#1 198691077#2 198691077#3 198691077#4 198691077#5 198691077#6 198691077#7 198691077#9 198691077#10 198691077#11 198691077#12 198691077#13 198691077#14 913565824#1 913565824#2 782892488#2 782892488#3 782892488#4 782892488#5 420383141#0 -329995227#2,75,2761.82,expanded_map_background_distributed_boundary
expanded_v7_mapwide_00499,198691078#4,419752057#4,198691078#4 198691077#7 198691077#9 198691077#10 198691077#11 198691077#12 198691077#13 198691077#14 913565824#1 913565824#2 913565824#6 913565824#7 913565824#8 913565824#9 913565824#10 913565824#11 919117822#1 919117822#2 919117822#3 919117822#4 1013396414#1 1013396414#2 306384116#0 306384116#1 419812905#0 419812905#1 -1013396417#0 -37403263#7 -37403263#6 -37403263#5 233651310#0 -329261487 -184445043#1 -184445043#0 -419812286#5 -117784412#0 180190213#3 419750459#0 419752057#3 419752057#4,40,2768.17,expanded_map_background_distributed_boundary
expanded_v7_mapwide_00500,-229028339#1,-379584856#1,-229028339#1 -379730398#2 -379730398#1 -379730398#0 -732213457#1 -732213457#0 732213458 229028014#1 238538825#0 238538825#1 238538825#2 238538822#2 -379730387#2 -379730329#4 -379730329#3 -379730329#2 -379730329#1 238538823#4 238538823#5 183521185#13 263590234 1455241699#0 1455241699#1 379584862#1 379584862#2 416206250#0 416206250#1 416206250#2 416206250#3 -379584856#1,30,2774.52,expanded_map_background_distributed_boundary
expanded_v7_mapwide_00501,381746724,420317543#1,381746724 -117770541#1 -381746452#2 340373565#6 381746450#2 381746450#3 -420317541#6 -420317541#5 -420317541#4 -420317541#3 -420317541#2 -420317541#1 -420317541#0 -375125209 117914354 420317540 420317543#0 420317543#1,18,2780.88,expanded_map_background_distributed_boundary
expanded_v7_mapwide_00502,-331953288#2,-376666928#1,-331953288#2 464399096#0 464399096#1 464380980#1 516169312#9 516169312#10 516169312#11 516169312#12 516169312#13 516169312#14 499417661#0 837752063#1 837752063#2 837752066#0 837752066#1 585352850#3 585352851#0 585352851#1 218707545 619137615#0 619137615#1 619137615#3 619137615#4 464447942#0 464447942#1 464447942#2 464447942#3 344898685 384030384 -464458358#0 -464458860#4 -464458860#3 -464458860#1 -464458860#0 -376666928#2 -376666928#1,36,2787.23,expanded_map_background_distributed_boundary
expanded_v7_mapwide_00503,233651332#0,-228795463#0,233651332#0 -788674832 517641017#2 517641017#3 517641017#4 517641017#5 517641017#6 517641017#7 517641017#8 517706841#1 517706841#2 517706841#3 517706841#4 517706841#5 908694579 656122981#0 908646367#5 908646367#6 908646367#7 -329995230#2 -329995230#1 -329995230#0 -1205679418#14 -1205679418#12 -1205679418#11 -1205679418#10 -1205679418#9 -1205679418#8 -1205679418#7 -1205679418#6 228795474#0 228795474#1 228795474#2 -228795463#1 -228795463#0,35,2793.58,expanded_map_background_distributed_boundary
expanded_v7_mapwide_00504,266255488#0,-238536650#1,266255488#0 266255488#1 266255488#2 -420108609#2 -420108609#1 -381730930#3 -381730930#1 -381730930#0 -83339285#5 -83339285#4 -83339285#3 -83339285#2 -83339285#1 -83339285#0 -482188707#1 -340373564#4 -340373564#3 -340373564#2 381802856 381802880#1 -340373566#2 -340373566#1 -340373566#0 -420089386#5 -420089386#4 -420089386#3 -420089386#2 -420089386#1 -420089386#0 -870977308#0 -117770551#4 -117770551#3 -117770551#2 -117770551#0 -183272625#1 -174870621#2 381807720#1 381807720#2 381807720#3 381807720#4 800229257#2 911522748#0 911522748#1 183521074#0 183521074#1 183521074#2 -381809847 -238536650#1,48,2799.94,expanded_map_background_distributed_boundary
expanded_v7_mapwide_00505,-37399924#8,381807706#0,-37399924#8 -37399924#7 -37399924#6 -37399924#5 -37399924#4 -37399924#3 -37399924#2 -37399924#1 -37399924#0 218684411#0 218684411#1 218684411#2 218684411#3 218684411#4 218684411#5 218684411#6 218684411#7 -381807695#0 420080607#1 420080604#0 420080604#1 420080604#2 229028020#4 229028020#5 229028020#6 229028020#7 229028020#8 420080602#0 420080602#1 420080602#2 381807706#0,31,2806.29,expanded_map_background_distributed_boundary
expanded_v7_mapwide_00506,183521195#1,-420092889#1,183521195#1 788674837 381218106#1 -517932075#3 -517932075#2 -517932075#1 -517932075#0 1153283290 770890583#0 770890583#1 770890583#2 773060741#0 773060741#1 770890587 770890589#0 770890589#1 770890589#2 770890589#3 770890589#4 770890589#5 773066535#0 218923178#0 218923178#1 218923178#2 218923178#3 218923178#4 218923178#7 578313749#0 578313749#1 420331816#0 420331816#1 381802847#0 -420331812#4 -420331812#3 -420331812#2 381802858 -381802844#2 -381802844#1 -381802844#0 117914344#2 -117914353#2 -117914353#1 381802883#0 -420092889#2 -420092889#1,45,2812.64,expanded_map_background_distributed_boundary
expanded_v7_mapwide_00507,-464155346#0,1216356209#0,-464155346#0 517328038#1 -464154085#2 -464154085#1 -464154085#0 -447956867#2 -447956867#1 1244243645 -37401486#22 -238545096#2 -238545096#1 -238545096#0 516398275#3 516398275#4 516398275#5 516398275#6 516398275#7 516398275#8 516398275#9 908636259#0 908636259#1 908636259#3 908636259#4 908720245#0 908720245#1 -224258726#1 1216356209#0,27,2817.57,expanded_map_background_distributed_boundary
expanded_v7_mapwide_00508,320463245#4,381802875,320463245#4 -1125773044 -381456420#7 -381456468#1 -381456468#0 381456466#1 -381456420#5 -381456420#4 -381456420#1 -381456420#0 198564928#15 198564928#16 198564928#17 198564928#18 198564928#19 198564928#20 198564928#21 198564928#24 198564928#25 198564928#26 198564928#27 198564928#28 1455518726 1455518729#0 1455518729#1 1455518729#2 1455518729#4 1455518729#5 1455518729#6 1455518729#7 183272587 -218773868#0 -180368918#8 -180368918#7 -180368918#6 -180368918#5 -180368918#3 -180368918#0 -800229255 -578313748#2 -578313748#0 174870621#0 174870621#2 183272625#1 117770551#0 117770551#2 117770551#3 117770551#4 870977308#0 -37399924#5 381802845#0 381802845#1 381802845#2 381802845#3 381802845#4 420092891#4 420092891#5 381802875,58,2823.92,expanded_map_background_distributed_boundary
expanded_v7_mapwide_00509,1207199730#3,1125773042,1207199730#3 170403826#0 170403826#1 170403826#2 170403826#3 37400684#1 37400684#2 37400684#3 732213462 620634300 1212424784 218769254#0 218769254#1 218769254#2 218769254#3 218769254#4 1456115797#0 184083252 333555370 1456115800 1456115801#0 1456115801#1 1456115801#2 1456115801#3 -198564928#21 381456422#1 381456422#3 381456422#4 381456422#6 381456422#7 420383150#1 381456461 320463283 320463177#1 1125773042,35,2830.27,expanded_map_background_distributed_boundary
expanded_v7_mapwide_00510,-381741927,219696192#4,-381741927 381741932#4 -218910324#3 -218910324#2 -218910324#1 -218910324#0 -218681380#7 -218681380#5 -218681380#4 -218681380#3 -218681380#2 -218681380#1 -218681380#0 -520307305#4 -520307305#3 -520307305#2 -520307305#1 -520307305#0 -37928420#2 -37928420#1 -37928420#0 37403487#0 913006753 913006754#0 913006754#1 913006754#2 913006754#3 913006754#4 -1291318446 -268782233#4 -268782233#3 -268782233#2 -268782329#1 -268782329#0 272228143#0 272228143#1 272228143#2 272228143#3 272228143#4 272228143#5 237470575#0 237470575#1 237470575#2 237470575#3 237470575#4 -273639501#2 -273639501#1 -273638834#8 -273638834#6 -273638834#5 -273638834#4 -273638834#3 -273638834#2 -273638834#1 219696192#0 219696192#1 219696192#3 219696192#4,58,2836.63,expanded_map_background_distributed_boundary
expanded_v7_mapwide_00511,-315658900#5,419812887#2,-315658900#5 -315658900#4 -315658900#3 -315658900#2 -315658900#1 -315658900#0 -315658899#1 -315658899#0 921117704#0 921117704#1 1467498054 -781985788#0 -383097722#0 383097714 1499619438#0 1499619445#2 1499619444 1499619443#0 1499619443#1 1499619443#2 1499619443#3 1499619443#4 1499619443#5 1499619443#6 1499619443#7 1499619443#8 1499619443#9 1499619437 1499619442 1499619439#0 1499619439#1 1499619439#2 1499619439#3 218923156#1 333725870 424940172 1084408276#0 1084408276#1 1482114515#0 1084408281 219053199#0 219053199#1 219053199#2 219053199#3 219053199#4 219053199#5 -217514805#7 -217514805#6 -217514805#5 -217514805#4 -217514805#3 -217514805#2 -217514805#1 -217514805#0 -329261504#2 -895829949 419812887#1 419812887#2,58,2842.98,expanded_map_background_distributed_boundary
expanded_v7_mapwide_00512,37400684#3,379584866#0,37400684#3 732213462 620634300 1212424784 1212424783#0 1212424783#1 1212424783#2 1212424783#3 1212424783#4 1455526426#0 1455526426#1 1455526426#2 482167259 482167260 1455527229 1455527230 1207481548 1455546620 1207481549#0 1207481549#1 1455546621 1455546622#0 1455546622#1 1455546623 773060740#1 913698744 180192153#0 180192153#1 180192153#3 180192153#4 180192153#6 180192153#7 180192153#8 180192153#9 180192153#10 180192153#11 180192153#12 183521185#0 183521185#1 183521185#2 183521185#3 183521185#4 183521185#5 183521185#6 183521185#7 183521185#8 183521185#10 183521185#11 183521185#13 263590234 1455241699#0 1455241699#1 379584862#1 379584862#2 416206250#0 416206250#1 416206250#2 416206250#3 416206250#4 416212022#0 379584866#0,61,2849.33,expanded_map_background_distributed_boundary
expanded_v7_mapwide_00513,-416172056,-381458595,-416172056 -223435055#0 1458160293 1458158614 1458158612 1458158611 1458158610 517583989 1458158609 1458158608 1458158607 517641007 1458158597 219745508 1458158602 37400684#0 37400684#1 37400684#2 37400684#3 732213462 620634300 1212424784 218769254#0 218769254#1 218769254#2 218769254#3 218769254#4 1456115797#0 184083252 218923184 1456115805 1381133418 117784417#2 117784417#3 -420348553 -117784415 117784421#2 117784421#3 117784421#4 198564928#28 -1455518728 -428260116#1 -428260116#0 -1455512067 -913006754#9 420331825#0 -117914351#2 -117914351#0 -117914348#1 -117914348#0 420331831 -1126339777#1 -1126339777#0 -913009311 -520307306 -218662402#1 -218662402#0 37928420#0 37928420#1 37928420#2 520307305#0 520307305#1 520307305#2 -239357573#21 -239357573#20 -239357573#19 381458581#1 381458581#2 381458581#3 381458597 -381458594#4 -381458595,72,2855.68,expanded_map_background_distributed_boundary
expanded_v7_mapwide_00514,416178719#1,420089386#4,416178719#1 416178719#2 416178719#3 416178719#4 416178720#1 416178720#2 416178720#3 416178720#5 416178720#6 416195450#0 416195450#1 379730341#0 379730341#1 379730344 379730377 -416204675#6 -416204675#5 379730349 379730390#1 379730390#2 -416204675#2 -416204675#1 -416204675#0 -318478691 -318478671#1 -318478671#0 -1455543604 -1455543605 -517323577#1 -517323577#0 -180192150 -333725872#8 -333725872#7 -333725872#6 -333725872#5 -333725872#4 -333725872#2 -333725872#1 -482188706 -183895356 -218684408#9 -218684408#8 -218684408#7 -218684408#6 -218684408#5 -218684408#3 -218684408#2 -218684408#1 -218684408#0 37399924#0 37399924#1 37399924#2 37399924#3 37399924#4 37399924#5 420089386#0 420089386#1 420089386#2 420089386#3 420089386#4,60,2862.04,expanded_map_background_distributed_boundary
expanded_v7_mapwide_00515,-245063646,-420361194#1,-245063646 184444067#4 184444067#5 184444067#6 517641017#4 517641017#5 517641017#6 517641017#7 517641017#8 517706841#1 517706841#2 517706841#3 517706841#4 517706841#5 908694579 656122981#0 656122981#1 656122981#2 656122981#4 656122981#5 656122981#6 613477341#2 613477341#3 613477341#4 218974503#0 218974503#1 218974503#2 218974503#3 218974503#4 218974503#5 218974503#6 1109231377#0 1109231377#1 782892492#0 782892492#1 -420361194#2 -420361194#1,37,2868.39,expanded_map_background_distributed_boundary
expanded_v7_mapwide_00516,770860549,-619137615#8,770860549 821457682#1 333557072#3 -770860548#4 -770860548#3 770860565#0 770860565#1 78628775#5 78628770#1 379943755#1 379943753#0 379943753#1 1339655667#0 1339655667#1 -37403486#2 -37403486#1 -1339655670#2 -1339655670#1 -1339655670#0 -1339655672#1 -1339655672#0 -580350029#7 -580350029#6 -580350029#5 -580350029#3 -580350029#2 -580350029#1 -580350029#0 -526967879#3 -526967879#2 -526967879#1 -526967879#0 -37403484#5 -37403484#4 464458983#0 464458983#2 464458983#3 344898669#0 -344898670#0 -619137615#9 -619137615#8,41,2874.74,expanded_map_background_distributed_boundary
expanded_v7_mapwide_00517,773060739#1,379730378#0,773060739#1 1208411212#0 1208411212#1 37402325#0 37402325#1 37402325#2 1506928765 480618375#1 480618375#2 480618375#3 480618375#4 480618375#5 480618375#6 480618375#7 480618375#8 480618375#9 1153283292#1 1153283292#2 1153283292#3 1153283292#4 770899736#0 770899736#1 770899736#2 1458160299 1458160300#0 1458160300#1 1458160300#2 1458160300#4 1458160300#5 1458160300#6 218769263#0 218769263#1 218769263#2 218769263#3 218769263#4 218769263#5 218769263#6 218769263#7 218769263#8 218769263#9 218769263#11 218769263#12 218769263#14 -517932075#9 -517932075#8 -517932075#7 -517932075#6 -517932075#5 -517932075#3 -517932075#2 -517932075#1 -517932075#0 1153283290 913698744 180192153#0 180192153#1 180192153#3 180192153#4 180192153#6 180192153#7 180192153#8 180192153#9 180192153#10 180192153#11 180192153#12 183521185#0 183521185#1 -379730403#4 416175123#0 416175122#2 -229028014#4 -800601984 -238538492#8 -238538492#7 -379730387#2 -379730387#1 -379730387#0 238538826#1 379730378#0,79,2881.10,expanded_map_background_distributed_boundary
expanded_v7_mapwide_00518,375125205#4,218771978#3,375125205#4 381807721#0 -381807694#1 381807720#3 381807720#4 800229257#2 911522748#0 911522748#1 183521074#0 183521074#1 183521074#2 183521074#3 -913811578 913694024#0 913694024#1 37403503#5 37403503#6 656122996 1199229106#0 1199229106#1 218771978#1 218771978#2 218771978#3,23,2887.45,expanded_map_background_distributed_boundary
expanded_v7_mapwide_00519,244384770#2,183521185#8,244384770#2 244384770#3 244384770#4 244384770#5 244384770#6 244384770#7 244384770#8 244384770#9 244384770#10 244384770#11 244384770#12 244384770#13 244384770#14 244384770#15 913006752#0 913006752#1 218662402#0 218662402#1 520307306 913009311 913009312#1 913009312#2 913009312#3 913009312#4 913009312#5 913009312#6 913009312#7 913009312#8 913009312#9 913009312#10 -218923171#5 -218923171#4 -218923171#2 -218923171#1 37403503#1 37403503#2 37403503#3 37403503#4 37403503#5 37403503#6 656122996 183272548#0 183272548#1 183272548#2 183272548#3 183272548#4 180192153#0 180192153#1 180192153#3 180192153#4 180192153#6 180192153#7 180192153#8 180192153#9 180192153#10 180192153#11 180192153#12 183521185#0 183521185#1 183521185#2 183521185#3 183521185#4 183521185#5 183521185#6 183521185#7 183521185#8,66,2893.80,expanded_map_background_distributed_boundary
expanded_v7_mapwide_00520,-381452140#1,420113458#2,-381452140#1 381452099 218960891#3 381746452#0 381746452#1 381746452#2 381746452#3 -420097198#1 -420097207 -381746718 381737978#2 83339285#0 83339285#1 83339285#2 83339285#3 83339285#4 83339285#5 381730930#0 381730930#1 381730930#3 420108609#1 420108609#2 420108609#3 420108609#4 420108609#5 420113453 381730887 381730927 -381730909#2 -420113460 420113458#2,31,2898.73,expanded_map_background_distributed_boundary
expanded_v7_mapwide_00521,-328442838#2,516417604#2,-328442838#2 -328442838#1 385962314#1 385962314#2 -385962313#2 -385962313#1 913230876 1507371404#2 480233461 1067765276#0 1067765276#1 1067765276#2 480233459 333580689#1 333580689#2 516388936#0 516948898#8 516948898#9 516948898#10 516948898#11 1214479816#0 1214479816#1 1214479816#2 1214479816#3 1214479816#4 333969025#1 773066533#0 773066533#1 773066533#2 773066533#3 621513157#0 621513157#1 621513157#2 621513156 516417604#0 516417604#2,36,2905.08,expanded_map_background_distributed_boundary
expanded_v7_mapwide_00522,422584937#2,1205679418#10,422584937#2 -531796031 -218923177 516948898#3 176728950#0 176728950#1 -344645187 176728955#5 176728955#6 176728955#7 176728955#8 480233462#3 1424068313#1 1424068313#2 1424068313#3 1424068313#4 1424068313#5 619147731 539136610#0 908622900#0 908622900#1 -198564935#3 -198564935#2 -198564935#0 198564933 198564930 218923160#0 218923160#1 218923160#2 218923160#3 218923160#4 219096264 198564925#0 198564925#1 198564925#2 198564925#3 198564925#4 198564925#5 782892488#2 -1205679418#12 -1205679418#11 -1205679418#10 -1205679418#9 -1205679418#8 228795472#0 -228795477#7 -228795474#0 1205679418#6 1205679418#7 1205679418#8 1205679418#9 1205679418#10,52,2911.43,expanded_map_background_distributed_boundary
expanded_v7_mapwide_00523,-464148430#0,-464419339#0,-464148430#0 -1144268077#1 -464154095#1 788727983 464148430#1 464148430#2 464148430#3 464154091#0 464154091#1 464154098 -447956867#6 -447956867#5 -447956867#4 -447956867#3 -447956867#2 -447956867#1 1244243645 -37401486#22 -238545096#2 -238545096#1 -238545096#0 516398275#3 516398275#4 516398275#5 516398275#6 516398275#7 516398275#8 516398275#9 908636259#0 908636259#1 908636259#3 908636259#4 908720245#0 908720245#1 1214479815 773066532#0 464233648#0 464233648#1 464233647#2 480233463#7 516388937 218923167#1 1068426572#0 1068426572#1 1424068314#2 1424068314#4 333554714#1 183272313#0 183272313#1 183272448#0 516169312#0 516169312#1 516169312#2 516169312#3 516169312#4 516169312#5 -331951643#7 331951646 -377373686#0 -331953288#1 -331953288#0 -464419339#2 -464419339#0,63,2917.78,expanded_map_background_distributed_boundary
expanded_v7_mapwide_00524,420092890#0,218724603,420092890#0 381802870#0 381802870#1 870977310#0 870977310#1 37399924#8 37399924#9 37399924#10 37399924#11 218960891#0 218960891#1 218960891#2 218960891#3 218960891#4 218960891#5 218960891#6 218960891#8 218960891#9 218960891#10 218960891#11 218960891#12 218960891#13 218960891#14 -519097168#4 -519097168#2 -519097168#1 -519097168#0 -413106892 381746310 -381741957#1 781179155 97537664#1 519071257#0 1442271383 218724603,35,2924.14,expanded_map_background_distributed_boundary
expanded_v7_mapwide_00525,381452120#6,782892488#2,381452120#6 -183272309#6 -183272309#4 -420319848#7 -420319848#5 -420319848#4 -420319848#3 -420319848#2 -420319848#1 -420319848#0 381452132 -420331825#4 -420331825#3 -420331825#2 -420331825#1 -420331825#0 913006754#9 1455512067 428260110 381453328#0 -381453321#4 -381453321#2 -381453321#1 381453320#1 -420348556#2 -420348556#1 -420348556#0 381453325#1 -198564928#25 -198564928#24 -198564928#21 -198564928#20 -198564928#19 -198564928#18 -198564928#17 -198564928#16 -198564928#15 -198564928#14 -198564928#13 -198564928#12 -198564928#11 -198564928#10 -198564928#8 -198564928#7 -198564928#6 -198564928#5 -198564928#4 -198564928#2 -198564928#0 198564934#0 198564934#1 913565824#1 913565824#2 782892488#2,54,2930.49,expanded_map_background_distributed_boundary
expanded_v7_mapwide_00526,-198691076#2,516169308#7,-198691076#2 -198691076#1 198691079#3 198691085#0 198691085#1 198691085#2 198691085#3 198691065#1 198691065#2 383097714 1499619438#0 383097712#1 383097712#2 183272462#1 333972428#1 333972428#2 333972428#3 333972428#4 289213613#0 619342756 585341917 438360329#0 438360329#1 183272574#1 -516948900#4 -516948900#3 -516948900#2 333554715#1 531796031 -422584937#2 -422584937#1 -422584937#0 -516388934#3 475744294#1 183272449#0 183272449#1 183272449#2 183272449#3 516169308#2 516169308#3 516169308#4 516169308#5 516169308#6 516169308#7,44,2936.84,expanded_map_background_distributed_boundary
expanded_v7_mapwide_00527,183521178#3,-233526454#0,183521178#3 183521178#4 183521178#5 183521178#6 183521178#7 183521178#8 183521178#9 183521195#0 183521195#1 183521195#2 183521195#3 1455546617#0 1455546617#1 1455546618#0 1455546618#1 1455546619 184083202 1455527231#0 1455527231#1 1455527231#2 1455527231#3 1455527231#4 1455527231#6 1455527231#7 1455527231#8 184083240 1458158606 517641011#0 517641011#1 517641011#2 517641011#3 517641011#4 517641011#5 -318750942#5 -318750942#3 -419750461#3 -419752064#6 -419752064#5 -419752064#4 -419752064#3 -419752064#2 -419752064#1 788674833 -419752056#0 -245063565#6 -245063565#5 -245063565#4 -245063565#3 419750460 -233526454#1 -233526454#0,51,2943.20,expanded_map_background_distributed_boundary
expanded_v7_mapwide_00528,272232099#1,-419812285#0,272232099#1 272263605#0 272263605#1 272263605#2 -273639501#2 -273639501#1 -273638834#8 -273638834#6 -273638834#5 -273638834#4 -273638834#3 -273638834#2 -273638834#1 219696192#0 219696192#1 219696192#3 219696192#4 219696192#5 219696192#6 219696192#7 219696192#9 824132484#1 824132486 420383141#0 420383141#1 -506162633 517641026#0 517641026#1 517641026#2 517641026#3 -180190213#11 -233651332#3 233651294#0 233651294#1 233651294#2 233651294#3 -419812286#7 233651265 329261473#0 -184445043#0 -419812286#5 -419812286#4 -419812286#3 -419812286#2 -419812286#1 -419812286#0 -419812287#0 -419812285#0,48,2949.55,expanded_map_background_distributed_boundary
expanded_v7_mapwide_00529,37400087#2,-273647557,37400087#2 176728954 493183992#3 -1424068313#5 -1424068313#4 -1424068313#3 -1424068313#2 -1424068313#1 176728952#0 176728952#1 176728952#2 176728952#3 183272613#0 183272613#1 899373686#6 619147734 198566324#0 919984684 619147730#3 1499619449#0 1499619449#1 1499619449#2 1499619448 1499619447#0 1499619447#1 383097727#0 383097727#1 -383097714 383097722#0 781985788#0 781985786#1 781985786#2 781985786#3 781985786#4 781985786#5 781985786#6 781985786#7 781985786#8 781985784 781985783 781985779#0 781985779#1 781985792#0 781985792#1 781985792#2 781985792#3 273638834#1 273638834#2 273638834#3 273638834#4 273638834#5 273638834#6 273638834#8 223418965#3 223418965#4 223418965#6 223418965#7 223418965#8 223418965#9 223418965#10 223418965#11 223418965#12 223418965#13 223418965#14 273647556#1 -273647557,66,2955.90,expanded_map_background_distributed_boundary
expanded_v7_mapwide_00530,-239357573#20,-1004836024,-239357573#20 -239357573#19 381458581#1 381458607 -381458587#0 381458592#2 381458600#0 381458600#1 -218681380#1 -218681380#0 -520307305#4 -520307305#3 -520307305#2 -520307305#1 -520307305#0 -37928420#2 -37928420#1 -37928420#0 218662402#0 218662402#1 520307306 913009311 1126339777#0 1126339777#1 -420331831 117914348#0 117914348#1 117914351#0 117914351#2 -420331825#0 913006754#9 1455512067 428260110 381453328#0 -381453321#4 -381453321#2 -381453321#1 381453320#1 -420348556#2 -420348556#1 -420348556#0 381453325#1 -198564928#25 -198564928#24 -198564928#21 -198564928#20 -198564928#19 -198564928#18 -198564928#17 -198564928#16 -198564928#15 -198564928#14 -198564928#13 -198564928#12 -117914848#7 -381456441 -170403787#0 -170403779 219696192#9 824132484#1 824132486 420383141#0 420383141#1 -506162633 1212424791#0 1212424791#1 1212424791#2 1212424791#3 1212424791#4 1212424791#5 1212424791#6 1212424791#7 1212424791#8 908694579 656122981#0 656122981#1 656122981#2 -1004836024,78,2962.26,expanded_map_background_distributed_boundary
expanded_v7_mapwide_00531,-376666930#2,1495080554#3,-376666930#2 -376666930#1 -376666932#3 -376666932#2 -376666932#1 -376666932#0 468168887#2 468168887#3 468168887#4 -526967879#3 -526967879#2 -526967879#1 -526967879#0 -37403484#5 464656382#0 464656382#1 464656382#2 464656383#0 464656383#2 464656383#3 -326189552#3 404539446#0 404539446#1 404539446#2 404539446#3 1495080554#2 1495080554#3,27,2968.61,expanded_map_background_distributed_boundary
expanded_v7_mapwide_00532,381452132,420187963#0,381452132 -913009312#4 -913009312#3 -913009312#2 -913009312#1 -913009311 -520307306 -218662402#1 -218662402#0 37928420#0 37928420#1 37928420#2 520307305#0 520307305#1 520307305#2 520307305#3 520307305#4 520307305#5 218681380#1 -381458600#1 -381458600#0 -381458592#2 -381458592#1 -381458592#0 420187963#0,25,2974.96,expanded_map_background_distributed_boundary
expanded_v7_mapwide_00533,228795463#4,381447829#0,228795463#4 198564928#10 198564928#11 198564928#12 198564928#13 198564928#14 198564928#15 198564928#16 198564928#17 198564928#18 198564928#19 198564928#20 198564928#21 198564928#24 198564928#25 198564928#26 198564928#27 198564928#28 -1455518728 -428260116#1 -428260116#0 -1455512067 -913006754#9 420331825#0 420331825#1 420331825#2 420331825#3 420331825#4 381447829#0,29,2979.88,expanded_map_background_distributed_boundary
expanded_v7_mapwide_00534,-243542155#0,-381453329,-243542155#0 -243542154#3 -243542154#2 464461055 -243542154#0 921117704#1 1467498054 781985786#1 781985786#2 781985786#3 781985786#4 781985786#5 781985786#6 781985786#7 781985786#8 781985784 781985783 781985779#0 781985779#1 781985792#0 781985792#1 781985792#2 781985792#3 219696192#0 219696192#1 219696192#3 219696192#4 -228795471 -470453019#7 -470453019#6 -470453019#5 -470453019#4 -470453019#0 -420383160#0 198564928#12 198564928#13 198564928#14 198564928#15 198564928#16 198564928#17 198564928#18 198564928#19 198564928#20 198564928#21 198564928#24 198564928#25 -381453325#1 -420348560 -381453326#2 -381453326#1 -381453329,51,2986.24,expanded_map_background_distributed_boundary
expanded_v7_mapwide_00535,1207199730#2,-348626442,1207199730#2 1207199730#3 170403826#0 170403826#1 170403826#2 170403826#3 37400684#1 37400684#2 37400684#3 732213462 620634300 1212424784 218769254#0 218769254#1 218769254#2 218769254#3 218769254#4 1456115797#0 184083252 218923184 1456115805 1381133418 117784417#2 117784417#3 -420348553 -117784415 117784421#2 117784421#3 117784421#4 198564928#28 -1455518728 -348626442,32,2992.59,expanded_map_background_distributed_boundary
expanded_v7_mapwide_00536,-404539453#2,413953596#2,-404539453#2 -404539453#1 464656381#1 464656381#3 464656381#4 464656381#5 464656381#7 -464770435#2 -464770436 464770438#1 464770438#2 464770438#3 -464770442#0 351672094#2 351672094#3 464770443 464770445#1 1506939325#6 1506939325#7 1379887973#1 1339697074#1 244399270 37399713#1 37399713#2 37399713#3 244399271#1 773060731 -775222468#16 -775222468#15 -775222468#14 -775222468#13 -775222468#12 -775222468#11 -775222468#9 -775222468#8 -775222468#7 -775222468#6 -772873181#0 -273028084#9 -273028084#7 -273028084#6 -273028084#5 -273028084#4 -273028084#2 -273028084#1 -273028084#0 -913570918 273024752 781985786#6 781985786#7 781985786#8 1109231376 783692390#0 783692390#1 413953596#2,55,2998.94,expanded_map_background_distributed_boundary
expanded_v7_mapwide_00537,-381730906,-920025286,-381730906 779239890 381730914#2 -381730893#1 -381730893#0 -381730908#5 -381730908#3 -381730908#2 -420108609#4 -420108609#3 -420108609#2 -420108609#1 -381730930#3 -381730930#1 -381730930#0 -83339285#5 -83339285#4 -83339285#3 -83339285#2 -83339285#1 -83339285#0 -381737978#2 381746718 420097207 420097198#1 -381746452#3 -381746452#2 340373565#6 340373565#7 340373565#8 340373565#9 -420103660#1 -420103660#0 -920025286,34,3005.30,expanded_map_background_distributed_boundary
expanded_v7_mapwide_00538,223418965#9,-420187960#0,223418965#9 272232099#1 272263605#0 272263605#1 272263605#2 -273639055#6 -273639055#5 -273639055#4 -273639055#3 -273639055#2 -273639055#0 785130598#7 785130598#8 1455497343#0 785130601#1 785130602#1 272228339#0 272228339#1 272228339#2 272228339#3 272229587#5 268782329#0 268782329#1 268782233#2 268782233#3 268782233#4 268782233#5 -913006754#4 -381447823#1 -381447823#0 -913006754#1 -913006754#0 -913006753 -37403487#0 37928420#0 37928420#1 37928420#2 520307305#0 520307305#1 520307305#2 520307305#3 520307305#4 520307305#5 218681380#1 218681380#2 218681380#3 218681380#4 218681380#5 381458583#0 381458583#1 381458583#2 381458583#5 381458583#6 -420309398#1 239357571#0 381570313 -420187960#0,57,3011.65,expanded_map_background_distributed_boundary
expanded_v7_mapwide_00539,1458158609,-381452134,1458158609 1458158608 1458158607 517641007 1458158597 219745508 1458158602 37400684#0 37400684#1 37400684#2 37400684#3 732213462 620634300 1212424784 218769254#0 218769254#1 218769254#2 218769254#3 218769254#4 1456115797#0 184083252 218923184 1456115805 1381133418 -1455524947#2 -1455524947#1 -1455524947#0 -117784416 913841953#0 913841953#2 -591142208#0 327035699#0 327035699#1 327035702#1 327035702#2 327035702#3 327035702#4 327035702#5 327035700#1 1455518729#2 1455518729#4 1455518729#5 1455518729#6 1455518729#7 183272587 -218773868#0 -913009312#10 -913009312#9 381452122#3 -381452175#3 -420319847 -381452149#0 381452160#1 381452160#2 -381452180#1 -381452134,56,3018.00,expanded_map_background_distributed_boundary
expanded_v7_mapwide_00540,420331831,420078499#1,420331831 -1126339777#1 -1126339777#0 913009312#1 913009312#2 913009312#3 913009312#4 913009312#5 913009312#6 913009312#7 913009312#8 913009312#9 913009312#10 -180368918#8 -180368918#7 -180368918#6 -180368918#5 -180368918#3 -180368918#0 -800229255 -578313748#2 -578313748#0 174870621#0 174870621#2 174870621#4 174870621#5 174870621#6 174870621#7 174870621#8 174870621#9 174870621#10 218684411#0 218684411#1 218684411#2 218684411#3 218684411#4 218684411#5 218684411#6 218684411#7 -381807695#0 420080607#1 229028006#2 229028006#4 229028006#5 229028006#6 229028006#8 229028006#9 229028006#10 229028006#11 229028006#12 381809117#0 381809117#1 381809117#2 381809117#3 381809117#4 381809117#5 381809117#6 381809117#7 420078497#3 420078497#4 420078497#5 420078499#1,62,3024.36,expanded_map_background_distributed_boundary
expanded_v7_mapwide_00541,416175113,788674849,416175113 229028022#3 229028022#4 229028022#5 229028022#6 180192153#6 180192153#7 180192153#8 180192153#9 180192153#10 180192153#11 180192153#12 180192150 517323577#0 517323577#1 1455543605 1455543604 1455543603 1455543602 1455543601 1455543599 1455543598 1455543596 1455543595 229027560#0 229027560#1 229027560#2 788674849,28,3030.71,expanded_map_background_distributed_boundary
expanded_v7_mapwide_00542,-821107999#1,-464154090,-821107999#1 899373686#4 899373686#5 -183272613#1 -183272613#0 -176728952#3 -176728952#2 -176728952#1 -821108007 176728955#8 -480233462#1 -480233462#0 480233463#0 480233463#1 480233463#2 480233463#3 516948898#8 516948898#9 516948898#10 516948898#11 1214479816#0 1214479816#1 1214479816#2 1214479816#3 1214479816#4 1214479811 1392913187#0 1392913187#1 1392913188 1392913189 1392913190 1392913191 238545096#0 238545096#1 238545096#2 37401486#22 -1244243646#0 447956867#1 447956867#2 464154085#0 464154085#1 464154087#0 464154089#0 -464154090,44,3037.06,expanded_map_background_distributed_boundary
expanded_v7_mapwide_00543,379584855#2,-1054180193#0,379584855#2 -416206250#2 -416206250#1 -416206250#0 -379584836 -1455241698#1 -263590234 1455241701#0 183521053#0 183521053#1 1455185840#2 1455185840#4 1455210367#1 1455210363#0 1455210370 1455210361#0 1455210361#1 1455210361#2 1455210361#3 1455210357 1455210358 1455210359 899856672#0 899856672#1 -229028000#11 -381809121#1 -381809121#0 -229028024#3 -229028024#1 -229028024#0 899856672#3 899856672#4 218781562#1 899499299 899499300 899499301#0 899499301#3 908057245 899499302 -519060520#0 -899499304#1 -899499304#0 -519060521 -922996665#4 -922996665#2 -922996665#1 -922996665#0 -922996664 -922996666 -1102479447#1 -1102479447#0 -519068801#5 -519068801#4 -519068801#3 -519068801#2 -519068801#1 -519068801#0 -37400351#3 -37400351#2 381793820#0 381793828#0 779239885 -37400351#0 -911525664#1 -379966003#2 -379966003#1 -379966003#0 519060519#0 519060519#1 519060519#2 519060519#3 913954388#1 -1054180193#0,73,3043.41,expanded_map_background_distributed_boundary
expanded_v7_mapwide_00544,381570309#3,377333844,381570309#3 420310508#4 381570303#3 381570303#4 420309398#0 420309398#1 -381458583#6 -381458583#5 381458593 -218910324#3 -519097167#1 -519097167#0 -381741961#1 -381741961#0 -413106892 381746310 -381741957#1 -381741957#0 519097163#0 519097163#1 519097163#2 -1392679411 219076111#0 219076111#1 219076111#2 219076111#3 582839862#0 582839862#1 377333811#0 377333844,30,3049.77,expanded_map_background_distributed_boundary
expanded_v7_mapwide_00545,620604513#0,117784411#1,620604513#0 395466460#0 395466460#1 395466460#2 620604512#0 620604512#1 620604512#2 620604512#3 1378880611 464233647#1 -464233648#1 -464233648#0 773066532#1 516388936#3 516388936#4 480233462#0 480233462#1 480233462#3 1424068313#1 1424068313#2 1424068313#3 1424068313#4 1424068313#5 619147731 539136610#0 908622900#0 908622900#1 -198564935#3 -198564935#2 -198564935#0 198564933 198564930 218923160#0 218923160#1 218923160#2 218923160#3 218923160#4 219096264 198564925#0 198564925#1 198564925#2 198564925#3 198564925#4 198564925#5 782892488#2 782892488#3 782892488#4 782892488#5 184083183#0 184083183#1 184083183#2 184083183#3 184083183#4 184083183#5 184083183#6 218923184 1456115805 1381133418 117784417#2 117784417#3 -420348553 117784418#2 117784411#1,63,3056.12,expanded_map_background_distributed_boundary
expanded_v7_mapwide_00546,-37400066#0,1455524947#1,-37400066#0 -83339285#5 -83339285#4 -83339285#3 -83339285#2 -83339285#1 -83339285#0 -381737978#2 381746718 -381746720 -381746719 -340373565#3 -340373565#2 -340373565#1 420097204#1 381746717 -218960895#1 -218960895#0 -183272309#13 -183272309#12 -183272309#10 -183272309#9 -183272309#8 -183272309#7 -183272309#6 -183272309#4 -420319848#7 -420319848#5 -420319848#4 -420319848#3 -420319848#2 381452175#0 381452175#1 381452175#2 381452175#3 -381452122#3 913009312#9 913009312#10 -218923171#5 183272621 -1455518729#7 -1455518729#6 -1455518729#5 -1455518729#4 -1455518729#2 -327035700#1 -327035700#0 591142225#0 591142225#1 1455518727#1 1455518727#2 117784416 1455524947#0 1455524947#1,54,3061.04,expanded_map_background_distributed_boundary
expanded_v7_mapwide_00547,379598611#1,-318883568,379598611#1 703307925 -310911143#1 -310911143#0 -310909619#2 -310909619#1 -379598675 416209832 -379598702#0 -703247074#1 -703247074#0 -379584848#4 -379584827#1 379584843 -379584835#4 -379584861#0 -416206250#0 -379584836 -1455241698#1 -263590234 1455241701#0 1455241701#1 1455240793#0 1455240793#1 1455240793#2 1455240793#3 1455240793#4 183521201#1 379589803#0 379589803#1 379589801#0 379589801#1 379589801#2 379589801#3 -318883568,35,3067.40,expanded_map_background_distributed_boundary
expanded_v7_mapwide_00548,381807723#0,-229028339#1,381807723#0 381807723#2 788411960#0 788411960#1 788411960#2 788411960#3 788411961#0 -420078498#4 -420078498#3 -420078498#2 -420078498#1 229028334#5 229028334#6 420078497#3 420078497#4 420078497#5 -229028339#1,17,3073.75,expanded_map_background_distributed_boundary
expanded_v7_mapwide_00549,420097199#0,908694578#3,420097199#0 -381746721 -420097197#0 -381746452#3 -381746452#2 -381746452#1 -381746452#0 -218960891#3 -381452099 -381452140#0 381452120#3 381452120#5 381452120#6 -183272309#6 -183272309#4 -420319848#7 -420319848#5 -420319848#4 -420319848#3 -420319848#2 -420319848#1 -420319848#0 381452132 -420331825#4 -420331825#3 -420331825#2 -420331825#1 -420331825#0 913006754#9 1455512067 428260110 381453328#0 -381453321#4 -381453321#2 -381453321#1 381453320#1 -420348556#2 -420348556#1 -420348556#0 381453325#1 -198564928#25 -198564928#24 -198564928#21 -198564928#20 -198564928#19 -198564928#18 -198564928#17 -198564928#16 -198564928#15 -198564928#14 -198564928#13 -198564928#12 -198564928#11 -198564928#10 -198564928#8 -198564928#7 -198564928#6 -198564928#5 1205679418#11 1205679418#12 1205679418#14 329995230#0 228795478#0 228795478#1 228795478#2 913565824#9 913565824#10 913565824#11 908694578#0 908694578#1 908694578#2 908694578#3,72,3080.10,expanded_map_background_distributed_boundary
expanded_v7_mapwide_00550,1113247891#6,464770445#0,1113247891#6 -368834998#9 -368834998#8 -368834998#7 -377373577#7 -377373577#6 -377373577#5 -377373577#4 -377373577#2 -377373577#1 -377373577#0 331953294#3 377373670#0 377373670#1 377373670#2 331953288#6 331953288#7 377373635 464380979#1 516169312#12 516169312#13 516169312#14 499417661#0 837752063#1 837752063#2 837752066#0 837752066#1 585352850#3 585352851#0 585352851#1 218707545 619137615#0 619137615#1 619137615#3 619137615#4 464447942#0 244477705#2 244477705#3 244477705#4 244477705#5 244477705#6 244477705#7 244477705#8 -344898677#10 -344898677#7 -344898677#5 -344898677#4 -344898677#3 -344898677#1 -344898677#0 464458362#0 464458362#1 -244477714#2 -244477714#1 -244477714#0 526967879#3 580350029#0 580350029#1 -351672107#4 -351672107#3 -351672107#2 -351672107#1 464770445#0,63,3086.46,expanded_map_background_distributed_boundary
expanded_v7_mapwide_00551,-767644535,233651332#0,-767644535 767644534#1 782892491#1 420383143#0 420383143#1 228795477#2 228795477#3 228795463#0 228795463#1 228795463#3 228795463#4 219696192#7 219696192#9 824132484#1 824132486 420383141#0 420383141#1 -506162633 517641026#0 517641026#1 517641026#2 517641026#3 517641017#0 517641017#1 517641017#2 517641017#3 -184444067#6 233651332#0,28,3092.81,expanded_map_background_distributed_boundary
expanded_v7_mapwide_00552,-228795463#0,-381452104#0,-228795463#0 228795477#5 228795477#6 228795474#1 228795474#2 228795463#3 228795463#4 198564928#10 198564928#11 198564928#12 198564928#13 198564928#14 198564928#15 198564928#16 198564928#17 198564928#18 198564928#19 198564928#20 198564928#21 198564928#24 198564928#25 198564928#26 198564928#27 198564928#28 -1455518728 -428260116#1 -428260116#0 -1455512067 -913006754#9 420331825#0 420331825#1 420331825#2 420331825#3 420331825#4 -913009312#4 117914343#0 381452104#0 381452104#1 -420319840#1 -420319840#0 -381452174#0 -381452104#0,42,3099.16,expanded_map_background_distributed_boundary
expanded_v7_mapwide_00553,416178720#7,-607077076#2,416178720#7 416178720#8 -229027410#4 -229027410#3 -229027410#2 -229027410#1 183521178#8 183521178#9 1153283290 770890583#0 770890583#1 770890583#2 773060741#0 773060741#1 770890587 770890589#0 770890589#1 770890589#2 770890589#3 770890589#4 770890589#5 773066535#0 184083191#2 773066536#0 773066536#1 773066536#2 773066536#3 -420334155#3 -420334155#2 -420334155#1 -420334155#0 -607077076#3 -607077076#2,33,3105.51,expanded_map_background_distributed_boundary
expanded_v7_mapwide_00554,420317543#1,-381452108#2,420317543#1 244215552#1 520307306 913009311 913009312#1 913009312#2 913009312#3 117914343#0 117914343#1 381452108#0 -381452106#6 -381452106#4 -381452106#3 381452155 -381452108#3 -381452108#2,16,3111.87,expanded_map_background_distributed_boundary
expanded_v7_mapwide_00555,-333725872#4,320463245#4,-333725872#4 -229028026#10 -229028026#9 -379730411#2 -229028019#2 -229028019#1 218923174#2 218923174#3 218923174#4 218923174#5 218923174#6 770890587 770890589#0 770890589#1 770890589#2 770890589#3 770890589#4 770890589#5 773066535#0 218923171#1 218923171#2 218923171#4 183272621 -1455518729#7 -1455518729#6 -1455518729#5 -1455518729#4 -1455518729#2 -1455518729#1 -1455518729#0 -1455518726 -198564928#28 -198564928#27 -198564928#26 -198564928#25 -198564928#24 -198564928#21 -198564928#20 -198564928#19 -198564928#18 -198564928#17 -198564928#16 -198564928#15 381456420#0 381456420#1 381456420#4 381456420#5 381456466#2 320463245#4,49,3118.22,expanded_map_background_distributed_boundary
expanded_v7_mapwide_00556,-318750942#0,198691077#7,-318750942#0 -419750456#1 -419750456#0 -73550861#4 -73550861#3 -73550861#1 -73550861#0 37403263#0 -233651294#3 419812894#0 419812894#1 419812896#1 788674831 -419812890#0 -245063636#3 -245063636#2 -245063636#1 -245063636#0 184444067#5 184444067#6 517641017#4 517641017#5 517641017#6 517641017#7 517641017#8 517706841#1 517706841#2 344663892#0 344663892#1 -184443141#4 -184443141#3 -184443141#2 -184443141#1 -184443141#0 -1084408276#1 -1084408276#0 -424940172 -333725870 -218923156#1 1499619440#1 1499619440#2 1499619440#3 1499619440#4 1499619440#5 219096264 198564925#0 198564925#1 198691078#0 198691078#1 198691056#0 198691078#3 198691078#4 198691077#7,53,3124.57,expanded_map_background_distributed_boundary
expanded_v7_mapwide_00557,775222468#2,-772279128#0,775222468#2 775222468#3 -273028084#11 -273028084#10 772873181#0 -775222468#4 -775222468#3 -775222468#2 -775222468#1 420361201 767063626 1283636942 -768399563#1 -768399563#0 420361194#0 420361194#1 420361194#2 773060736 781985779#0 781985779#1 781985792#0 781985792#1 781985792#2 781985792#3 273638834#1 273638834#2 273638834#3 273638834#4 273638834#5 273638834#6 273638834#8 223418965#3 223418965#4 223418965#6 223418965#7 223418965#8 223418965#9 788411954#1 -772279128#0,39,3130.93,expanded_map_background_distributed_boundary
expanded_v7_mapwide_00558,198691079#2,601902513#0,198691079#2 -198691076#0 198691056#3 198691077#6 198691077#7 198691077#9 198691077#10 198691077#11 198691077#12 198691077#13 198691077#14 218974503#0 218974503#1 218974503#2 218974503#3 218974503#4 218974503#5 218974503#6 1109231377#0 1109231377#1 782892492#0 782892492#1 773060736 781985779#0 781985779#1 781985792#0 781985792#1 781985792#2 781985792#3 785130598#0 785130598#1 785130598#2 785130598#3 785130598#4 785130598#5 785130598#6 785130598#7 785130598#8 1455497343#0 785130601#1 -785130602#0 1455497343#2 1455497343#3 1455497343#4 785130603 428260104 -913006754#9 420331825#0 420331825#1 420331825#2 420331825#3 601902513#0,52,3137.28,expanded_map_background_distributed_boundary
expanded_v7_mapwide_00559,381807706#0,1207199730#3,381807706#0 -381807683#1 -482140281#9 -482140281#8 381809117#0 381809117#1 381809117#2 -420086334#2 420078498#4 -482140281#5 -482140281#4 -482140281#2 -482140281#1 -482140281#0 -911522747#1 -911522747#0 -911522751#4 -911522751#1 -911522751#0 -913811577#1 -913811577#0 183521074#0 183521074#1 183521074#2 183521074#3 -913811578 913694024#0 913694024#1 37403503#5 37403503#6 656122996 1199229106#0 1199229106#1 218771978#1 218771978#2 218771978#3 218771978#4 218771978#5 218771978#6 218771978#7 1212424785#0 1212424785#1 1212424785#2 1212424785#3 1212424785#4 1212424785#5 1212424785#6 1212424785#7 1212424785#8 1212424785#9 732213463#0 732213463#2 732213463#3 73550864#0 73550864#1 73550864#2 73550864#3 1207199730#2 1207199730#3,59,3142.20,expanded_map_background_distributed_boundary
expanded_v7_mapwide_00560,521770125#0,238535895#0,521770125#0 521770125#1 521770125#2 521770125#3 218910312#0 218910312#2 218910312#3 -1392679400 -218910324#11 -218910324#10 -218910324#9 -218910324#7 -218910324#6 -218910324#5 -420187960#3 239357580#0 -381570321#0 -420187960#1 -420187960#0 -381458583#6 -381458583#5 -381458583#2 -381458583#1 -381458583#0 -218681380#5 -218681380#4 -218681380#3 -218681380#2 -218681380#1 -218681380#0 -520307305#4 -520307305#3 1279010544#0 420187959#1 420187959#2 420187959#3 420187959#4 420187959#5 420187959#6 420187959#7 420187959#8 420187959#9 420187959#10 420187959#11 420187959#12 -913826317 -420319848#5 -420319848#4 -420319848#3 -420319848#2 381452175#0 381452175#1 381452175#2 381452175#3 -381452122#3 913009312#9 913009312#10 -218923171#5 -218923171#4 -218923171#2 -218923171#1 184083191#2 773066536#0 348657481#0 348657481#1 348657481#2 348657481#3 348657481#4 1283637489 607077076#0 607077076#1 -348659730 656122999 656122998#0 218771978#2 218771978#3 218771978#4 238535895#0,78,3090.16,expanded_map_background_distributed_boundary
expanded_v7_mapwide_00561,377333837#0,272232099#1,377333837#0 377333837#1 377333837#2 377333837#3 377333864 -377333837#1 -377333837#0 519100623#0 -377333856 -377333891#0 -420181757#2 -420181756 377333825#0 377333825#1 -779239891 -381737989#1 -381737989#0 381737969#4 183272636#0 183272636#1 519071250 413106892 519097168#0 519097168#1 519097168#2 519097168#4 -218681380#7 -218681380#5 -218681380#4 -218681380#3 -218681380#2 -218681380#1 -218681380#0 -520307305#4 -520307305#3 -520307305#2 -520307305#1 -520307305#0 -37928420#2 -37928420#1 -37928420#0 37403487#0 913006753 913006754#0 913006754#1 913006754#2 913006754#3 913006754#4 -1291318446 -268782233#4 -268782233#3 -268782233#2 -268782329#1 -268782329#0 272228143#0 272228143#1 272228143#2 272228143#3 272228143#4 272228143#5 237470575#0 237470575#1 237470575#2 237470575#3 237470575#4 237470575#5 237470575#6 223418965#6 223418965#7 223418965#8 223418965#9 272232099#1,72,3096.51,expanded_map_background_distributed_boundary
expanded_v7_mapwide_00562,464770424,-384030401#0,464770424 326189552#9 37403484#1 37403484#2 37403484#3 37403484#4 37403484#5 526967879#0 526967879#1 526967879#2 526967879#3 580350029#0 580350029#1 580350029#2 580350029#3 580350029#5 580350029#6 580350029#7 1339655672#0 1339655672#1 -580350028 1339655669 -778973690 -384030401#1 -384030401#0,25,3102.86,expanded_map_background_distributed_boundary
expanded_v7_mapwide_00563,782892488#2,416172064,782892488#2 1205679418#14 329995230#0 329995230#1 228795484#0 228795484#1 228795468#3 908646367#11 218924602#0 218924602#1 218924602#2 218924602#3 656122993 156922850#1 -170403810#3 -170403810#2 -170403810#1 -170403810#0 1207199730#0 1207199730#1 1207199730#2 1207199730#3 1207199731#2 1458158605 218835937 1458158600 1458158598 -1458158597 -517641007 -1458158607 -1458158608 -1458158609 -517583989 -1458158610 -1458158611 -1458158612 -223435053 381218091#0 381218091#1 416172064,40,3109.21,expanded_map_background_distributed_boundary
expanded_v7_mapwide_00564,516169308#7,377373566#0,516169308#7 516169308#8 -368834998#9 -368834998#8 -368834998#7 -368834998#6 -368834998#5 -368834998#4 289489780#0 289489780#1 289489780#3 289489780#4 289489780#5 377373668#1 -464412130#2 -464412130#1 -464412130#0 -377373704 -377373601#6 377373725#0 377373725#1 237264677#8 377373566#0,23,3115.57,expanded_map_background_distributed_boundary
expanded_v7_mapwide_00565,-221431173#0,-221977892#3,-221431173#0 -221431169#0 37399752#2 37399752#3 37399752#4 37399752#5 37399752#6 37399752#7 37399752#8 37399752#9 141957153 142077711#1 236945321#1 236945321#2 236945321#3 236945321#4 196079107#0 196079107#1 446743583#0 446743583#1 1506928764#0 1506928764#1 1506928764#2 196079104#0 196079104#2 196079104#3 196079104#4 196079104#5 1153283294#0 1153283294#1 619392625 773060739#0 773060739#1 1208411212#0 1208411212#1 37402325#0 37402325#1 913546029 180368916#1 180368916#4 -221977892#3,41,3121.92,expanded_map_background_distributed_boundary
expanded_v7_mapwide_00566,-1004836024,-243542155#0,-1004836024 233651280#1 218974504#3 218974504#4 218974504#5 219096265 708672701#0 708672701#1 708672701#2 708672701#3 708672701#4 708672701#5 708672701#6 708672701#7 708672701#8 708858347 -1499619438#0 -383097714 383097722#0 781985788#0 1465558146#0 1465558146#1 383097723 379943276 -243542155#1 -243542155#0,26,3128.27,expanded_map_background_distributed_boundary
expanded_v7_mapwide_00567,-233526454#0,229026917#1,-233526454#0 -73550861#4 419752064#0 788674833 -419752060 -419752058#0 180190213#9 180190213#11 220027347#7 220027347#8 220027347#9 220027347#10 1207199730#0 1207199730#1 1207199730#2 1207199730#3 1207199731#2 1458158605 218835937 1458158600 1458158598 -1458158597 -517641007 -1458158607 -1458158608 -1458158609 -517583989 -1458158610 -1458158611 -1458158612 1458158615#0 1458158613#1 1458158613#3 1458158613#4 1458158613#5 1455528504#0 1455528504#1 1455528504#2 381218125#0 381218125#1 -381218124#3 -381218124#2 -381218124#0 381218115#1 381218115#2 381218115#3 -229026916#8 -229026916#5 -229026916#4 -229026916#3 -229026916#2 229026917#1,52,3134.63,expanded_map_background_distributed_boundary
expanded_v7_mapwide_00568,-1176532865#1,415967618#6,-1176532865#1 -1176532865#0 -1176532864#0 229026906#1 416204675#0 416204675#1 416204675#2 -379730390#2 -379730390#1 -379730349 416204675#5 416204675#6 416204675#7 416204675#8 416204675#9 416204675#11 -229027410#4 -229027410#3 -229027410#2 -229027410#1 183521178#8 183521178#9 183521195#0 183521195#1 183521195#2 183521195#3 1455546617#0 1455546617#1 381218097 229026919 415967618#6,31,3140.98,expanded_map_background_distributed_boundary
expanded_v7_mapwide_00569,420187963#0,238535896#1,420187963#0 381458594#1 381458594#2 381458594#3 381458594#4 -381458597 -381458581#3 -381458581#2 -381458581#1 239357573#19 239357573#20 239357573#21 -520307305#2 -520307305#1 -520307305#0 -37928420#2 -37928420#1 -37928420#0 218662402#0 218662402#1 520307306 913009311 1126339777#0 1126339777#1 -420331831 117914348#0 117914348#1 117914351#0 117914351#2 -420331825#0 913006754#9 1455512067 1455512071 428260116#1 1455518728 1455518727#0 1455518727#1 1455518727#2 1455524944 1455524946 1455524945 218923182 268783056#1 1455524950#0 1455524950#1 1455524952#0 1455524952#1 1455526423 1455526421 1455526422 1455526425#0 1455526425#1 482167259 482167260 1455527229 1455527230 1207481548 1455546620 1207481549#0 1207481549#1 1455546621 238535896#1,62,3147.33,expanded_map_background_distributed_boundary
expanded_v7_mapwide_00570,381447829#0,420331831,381447829#0 420331831,2,3153.69,expanded_map_background_distributed_boundary
expanded_v7_mapwide_00571,-381743714#2,420086344#0,-381743714#2 -381743714#1 -381743714#0 521770125#2 521770125#3 218910312#0 218910312#2 218910312#3 -1392679400 -218910324#11 -218910324#10 -218910324#9 -218910324#7 -218910324#6 -218910324#5 -420187960#3 239357580#0 -381570321#0 -420187960#1 -420187960#0 -381458583#6 -381458583#5 -381458583#2 -381458583#1 420187962#3 -218910324#0 -218960891#14 -218960891#13 -218960891#12 -218960891#11 -218960891#10 -218960891#9 -218960891#8 -218960891#6 -218960891#5 -218960891#4 -218960891#3 -218960891#2 -218960891#1 -218960891#0 -37399924#11 -37399924#10 -37399924#9 -37399924#8 -37399924#7 -37399924#6 -37399924#5 -37399924#4 -37399924#3 -37399924#2 -37399924#1 -37399924#0 218684411#0 218684411#1 218684411#2 218684411#3 218684411#4 218684411#5 218684411#6 218684411#7 -381807695#0 420080607#1 229028006#2 229028006#4 229028006#5 229028006#6 229028006#8 229028006#9 420086344#0,69,3160.04,expanded_map_background_distributed_boundary
expanded_v7_mapwide_00572,-381453329,223418965#9,-381453329 420348556#2 381453320#2 381453320#3 1501824264 -1455497346 -503530174#1 -503530174#0 237470575#0 237470575#1 237470575#2 237470575#3 237470575#4 237470575#5 237470575#6 223418965#6 223418965#7 223418965#8 223418965#9,19,3164.96,expanded_map_background_distributed_boundary
expanded_v7_mapwide_00573,-420187960#0,381570309#3,-420187960#0 -420309398#1 -420309398#0 -381570303#4 -381570303#3 -420310508#4 -420310508#3 -420310508#2 381570323 381570309#3,10,3171.32,expanded_map_background_distributed_boundary
expanded_v7_mapwide_00574,-381746452#0,-37400066#0,-381746452#0 218960891#4 -381746450#3 -381746450#2 -340373565#6 381746452#2 381746452#3 -420097198#1 -420097207 -381746718 381737978#2 83339285#0 83339285#1 83339285#2 83339285#3 83339285#4 83339285#5 37400066#0 37400066#1 37400066#2 -381793820#3 779239883 779239884 381793815 -779239885 381793828#2 -779239884 -779239883 381793820#3 -37400066#2 -37400066#1 -37400066#0,32,3177.67,expanded_map_background_distributed_boundary
expanded_v7_mapwide_00575,377333844,381807723#0,377333844 377333893#1 1442270413#0 1442270413#1 1442270413#2 519071250 413106892 519097168#0 519097168#1 519097168#2 519097168#4 -218960891#14 -218960891#13 -218960891#12 -218960891#11 -218960891#10 -218960891#9 -218960891#8 -218960891#6 -218960891#5 -218960891#4 -218960891#3 -218960891#2 -218960891#1 -218960891#0 -37399924#11 -37399924#10 -37399924#9 -37399924#8 -37399924#7 -37399924#6 -37399924#5 -37399924#4 -37399924#3 -37399924#2 -37399924#1 -37399924#0 218684411#0 218684411#1 218684411#2 218684411#3 218684411#4 218684411#5 -229028337#8 -229028337#7 229028340#9 229028345#10 381807723#0,48,3184.02,expanded_map_background_distributed_boundary
expanded_v7_mapwide_00576,464458362#4,651817398#4,464458362#4 580350029#3 580350029#5 580350029#6 580350029#7 1339655672#0 1339655672#1 -580350028 1339655669 1339655668 516163750#0 516163750#1 1206220503#0 1206220503#1 333554718 333554719 219696191#0 219696191#1 619147740 619147739#0 651817398#0 651817398#1 651817398#2 651817398#3 651817398#4,25,3190.37,expanded_map_background_distributed_boundary
expanded_v7_mapwide_00577,117784411#1,782892489#2,117784411#1 117784421#3 117784419#0 117784419#1 395564622#2 -198564928#25 -198564928#24 -198564928#21 -198564928#20 -198564928#19 -198564928#18 -198564928#17 -198564928#16 -198564928#15 -198564928#14 -198564928#13 -198564928#12 -198564928#11 -198564928#10 -228795463#4 -228795463#3 -228795463#1 -228795463#0 -228795477#3 -228795477#2 -420383143#1 -420383143#0 -1205679418#1 -767644535 -767644534#0 180368915#3 782892489#1 782892489#2,33,3196.73,expanded_map_background_distributed_boundary
expanded_v7_mapwide_00578,244477710,-329995227#2,244477710 244477705#8 -344898677#10 -344898677#7 -344898677#5 -344898677#4 -344898677#3 -344898677#1 -344898677#0 464458362#0 464458362#1 464458362#2 -468168887#2 -468168887#1 -468168887#0 -224260187#6 -376666917 -376666933#0 -224260190#5 -224260190#4 -224260190#3 -224260190#2 -224260190#1 -224260190#0 1206220503#0 1206220503#1 333554718 333554719 219696191#0 219696191#1 619147740 619147739#0 619147739#1 619147739#2 619147739#3 619147739#4 619147739#5 619147739#6 781983103#1 781983103#2 921117704#0 921117704#1 1467498054 -781985788#0 -383097722#0 383097714 1499619438#0 1499619445#2 1499619444 1499619443#0 1499619443#1 1499619443#2 1499619443#3 198691077#0 198691077#1 198691077#2 198691077#3 198691077#4 198691077#5 198691077#6 198691077#7 198691077#9 198691077#10 198691077#11 198691077#12 198691077#13 198691077#14 913565824#1 913565824#2 782892488#2 782892488#3 782892488#4 782892488#5 420383141#0 -329995227#2,75,3203.08,expanded_map_background_distributed_boundary
expanded_v7_mapwide_00579,198691078#4,419752057#4,198691078#4 198691077#7 198691077#9 198691077#10 198691077#11 198691077#12 198691077#13 198691077#14 913565824#1 913565824#2 913565824#6 913565824#7 913565824#8 913565824#9 913565824#10 913565824#11 919117822#1 919117822#2 919117822#3 919117822#4 1013396414#1 1013396414#2 306384116#0 306384116#1 419812905#0 419812905#1 -1013396417#0 -37403263#7 -37403263#6 -37403263#5 233651310#0 -329261487 -184445043#1 -184445043#0 -419812286#5 -117784412#0 180190213#3 419750459#0 419752057#3 419752057#4,40,3209.43,expanded_map_background_distributed_boundary
expanded_v7_mapwide_00580,-229028339#1,-379584856#1,-229028339#1 -379730398#2 -379730398#1 -379730398#0 -732213457#1 -732213457#0 732213458 229028014#1 238538825#0 238538825#1 238538825#2 238538822#2 -379730387#2 -379730329#4 -379730329#3 -379730329#2 -379730329#1 238538823#4 238538823#5 183521185#13 263590234 1455241699#0 1455241699#1 379584862#1 379584862#2 416206250#0 416206250#1 416206250#2 416206250#3 -379584856#1,30,3215.79,expanded_map_background_distributed_boundary
expanded_v7_mapwide_00581,381746724,420317543#1,381746724 -117770541#1 -381746452#2 340373565#6 381746450#2 381746450#3 -420317541#6 -420317541#5 -420317541#4 -420317541#3 -420317541#2 -420317541#1 -420317541#0 -375125209 117914354 420317540 420317543#0 420317543#1,18,3222.14,expanded_map_background_distributed_boundary
expanded_v7_mapwide_00582,-331953288#2,-376666928#1,-331953288#2 464399096#0 464399096#1 464380980#1 516169312#9 516169312#10 516169312#11 516169312#12 516169312#13 516169312#14 499417661#0 837752063#1 837752063#2 837752066#0 837752066#1 585352850#3 585352851#0 585352851#1 218707545 619137615#0 619137615#1 619137615#3 619137615#4 464447942#0 464447942#1 464447942#2 464447942#3 344898685 384030384 -464458358#0 -464458860#4 -464458860#3 -464458860#1 -464458860#0 -376666928#2 -376666928#1,36,3228.49,expanded_map_background_distributed_boundary
expanded_v7_mapwide_00583,233651332#0,-228795463#0,233651332#0 -788674832 517641017#2 517641017#3 517641017#4 517641017#5 517641017#6 517641017#7 517641017#8 517706841#1 517706841#2 517706841#3 517706841#4 517706841#5 908694579 656122981#0 908646367#5 908646367#6 908646367#7 -329995230#2 -329995230#1 -329995230#0 -1205679418#14 -1205679418#12 -1205679418#11 -1205679418#10 -1205679418#9 -1205679418#8 -1205679418#7 -1205679418#6 228795474#0 228795474#1 228795474#2 -228795463#1 -228795463#0,35,3234.85,expanded_map_background_distributed_boundary
expanded_v7_mapwide_00584,266255488#0,-238536650#1,266255488#0 266255488#1 266255488#2 -420108609#2 -420108609#1 -381730930#3 -381730930#1 -381730930#0 -83339285#5 -83339285#4 -83339285#3 -83339285#2 -83339285#1 -83339285#0 -482188707#1 -340373564#4 -340373564#3 -340373564#2 381802856 381802880#1 -340373566#2 -340373566#1 -340373566#0 -420089386#5 -420089386#4 -420089386#3 -420089386#2 -420089386#1 -420089386#0 -870977308#0 -117770551#4 -117770551#3 -117770551#2 -117770551#0 -183272625#1 -174870621#2 381807720#1 381807720#2 381807720#3 381807720#4 800229257#2 911522748#0 911522748#1 183521074#0 183521074#1 183521074#2 -381809847 -238536650#1,48,3241.20,expanded_map_background_distributed_boundary
expanded_v7_mapwide_00585,-37399924#8,381807706#0,-37399924#8 -37399924#7 -37399924#6 -37399924#5 -37399924#4 -37399924#3 -37399924#2 -37399924#1 -37399924#0 218684411#0 218684411#1 218684411#2 218684411#3 218684411#4 218684411#5 218684411#6 218684411#7 -381807695#0 420080607#1 420080604#0 420080604#1 420080604#2 229028020#4 229028020#5 229028020#6 229028020#7 229028020#8 420080602#0 420080602#1 420080602#2 381807706#0,31,3246.12,expanded_map_background_distributed_boundary
expanded_v7_mapwide_00586,183521195#1,-420092889#1,183521195#1 788674837 381218106#1 -517932075#3 -517932075#2 -517932075#1 -517932075#0 1153283290 770890583#0 770890583#1 770890583#2 773060741#0 773060741#1 770890587 770890589#0 770890589#1 770890589#2 770890589#3 770890589#4 770890589#5 773066535#0 218923178#0 218923178#1 218923178#2 218923178#3 218923178#4 218923178#7 578313749#0 578313749#1 420331816#0 420331816#1 381802847#0 -420331812#4 -420331812#3 -420331812#2 381802858 -381802844#2 -381802844#1 -381802844#0 117914344#2 -117914353#2 -117914353#1 381802883#0 -420092889#2 -420092889#1,45,3252.47,expanded_map_background_distributed_boundary
expanded_v7_mapwide_00587,-464155346#0,1216356209#0,-464155346#0 517328038#1 -464154085#2 -464154085#1 -464154085#0 -447956867#2 -447956867#1 1244243645 -37401486#22 -238545096#2 -238545096#1 -238545096#0 516398275#3 516398275#4 516398275#5 516398275#6 516398275#7 516398275#8 516398275#9 908636259#0 908636259#1 908636259#3 908636259#4 908720245#0 908720245#1 -224258726#1 1216356209#0,27,3258.83,expanded_map_background_distributed_boundary
expanded_v7_mapwide_00588,320463245#4,381802875,320463245#4 -1125773044 -381456420#7 -381456468#1 -381456468#0 381456466#1 -381456420#5 -381456420#4 -381456420#1 -381456420#0 198564928#15 198564928#16 198564928#17 198564928#18 198564928#19 198564928#20 198564928#21 198564928#24 198564928#25 198564928#26 198564928#27 198564928#28 1455518726 1455518729#0 1455518729#1 1455518729#2 1455518729#4 1455518729#5 1455518729#6 1455518729#7 183272587 -218773868#0 -180368918#8 -180368918#7 -180368918#6 -180368918#5 -180368918#3 -180368918#0 -800229255 -578313748#2 -578313748#0 174870621#0 174870621#2 183272625#1 117770551#0 117770551#2 117770551#3 117770551#4 870977308#0 -37399924#5 381802845#0 381802845#1 381802845#2 381802845#3 381802845#4 420092891#4 420092891#5 381802875,58,3265.18,expanded_map_background_distributed_boundary
expanded_v7_mapwide_00589,1207199730#3,1125773042,1207199730#3 170403826#0 170403826#1 170403826#2 170403826#3 37400684#1 37400684#2 37400684#3 732213462 620634300 1212424784 218769254#0 218769254#1 218769254#2 218769254#3 218769254#4 1456115797#0 184083252 333555370 1456115800 1456115801#0 1456115801#1 1456115801#2 1456115801#3 -198564928#21 381456422#1 381456422#3 381456422#4 381456422#6 381456422#7 420383150#1 381456461 320463283 320463177#1 1125773042,35,3271.53,expanded_map_background_distributed_boundary
expanded_v7_mapwide_00590,-381741927,219696192#4,-381741927 381741932#4 -218910324#3 -218910324#2 -218910324#1 -218910324#0 -218681380#7 -218681380#5 -218681380#4 -218681380#3 -218681380#2 -218681380#1 -218681380#0 -520307305#4 -520307305#3 -520307305#2 -520307305#1 -520307305#0 -37928420#2 -37928420#1 -37928420#0 37403487#0 913006753 913006754#0 913006754#1 913006754#2 913006754#3 913006754#4 -1291318446 -268782233#4 -268782233#3 -268782233#2 -268782329#1 -268782329#0 272228143#0 272228143#1 272228143#2 272228143#3 272228143#4 272228143#5 237470575#0 237470575#1 237470575#2 237470575#3 237470575#4 -273639501#2 -273639501#1 -273638834#8 -273638834#6 -273638834#5 -273638834#4 -273638834#3 -273638834#2 -273638834#1 219696192#0 219696192#1 219696192#3 219696192#4,58,3277.89,expanded_map_background_distributed_boundary
expanded_v7_mapwide_00591,-315658900#5,419812887#2,-315658900#5 -315658900#4 -315658900#3 -315658900#2 -315658900#1 -315658900#0 -315658899#1 -315658899#0 921117704#0 921117704#1 1467498054 -781985788#0 -383097722#0 383097714 1499619438#0 1499619445#2 1499619444 1499619443#0 1499619443#1 1499619443#2 1499619443#3 1499619443#4 1499619443#5 1499619443#6 1499619443#7 1499619443#8 1499619443#9 1499619437 1499619442 1499619439#0 1499619439#1 1499619439#2 1499619439#3 218923156#1 333725870 424940172 1084408276#0 1084408276#1 1482114515#0 1084408281 219053199#0 219053199#1 219053199#2 219053199#3 219053199#4 219053199#5 -217514805#7 -217514805#6 -217514805#5 -217514805#4 -217514805#3 -217514805#2 -217514805#1 -217514805#0 -329261504#2 -895829949 419812887#1 419812887#2,58,3284.24,expanded_map_background_distributed_boundary
expanded_v7_mapwide_00592,37400684#3,379584866#0,37400684#3 732213462 620634300 1212424784 1212424783#0 1212424783#1 1212424783#2 1212424783#3 1212424783#4 1455526426#0 1455526426#1 1455526426#2 482167259 482167260 1455527229 1455527230 1207481548 1455546620 1207481549#0 1207481549#1 1455546621 1455546622#0 1455546622#1 1455546623 773060740#1 913698744 180192153#0 180192153#1 180192153#3 180192153#4 180192153#6 180192153#7 180192153#8 180192153#9 180192153#10 180192153#11 180192153#12 183521185#0 183521185#1 183521185#2 183521185#3 183521185#4 183521185#5 183521185#6 183521185#7 183521185#8 183521185#10 183521185#11 183521185#13 263590234 1455241699#0 1455241699#1 379584862#1 379584862#2 416206250#0 416206250#1 416206250#2 416206250#3 416206250#4 416212022#0 379584866#0,61,3290.59,expanded_map_background_distributed_boundary
expanded_v7_mapwide_00593,-416172056,-381458595,-416172056 -223435055#0 1458160293 1458158614 1458158612 1458158611 1458158610 517583989 1458158609 1458158608 1458158607 517641007 1458158597 219745508 1458158602 37400684#0 37400684#1 37400684#2 37400684#3 732213462 620634300 1212424784 218769254#0 218769254#1 218769254#2 218769254#3 218769254#4 1456115797#0 184083252 218923184 1456115805 1381133418 117784417#2 117784417#3 -420348553 -117784415 117784421#2 117784421#3 117784421#4 198564928#28 -1455518728 -428260116#1 -428260116#0 -1455512067 -913006754#9 420331825#0 -117914351#2 -117914351#0 -117914348#1 -117914348#0 420331831 -1126339777#1 -1126339777#0 -913009311 -520307306 -218662402#1 -218662402#0 37928420#0 37928420#1 37928420#2 520307305#0 520307305#1 520307305#2 -239357573#21 -239357573#20 -239357573#19 381458581#1 381458581#2 381458581#3 381458597 -381458594#4 -381458595,72,3296.95,expanded_map_background_distributed_boundary
expanded_v7_mapwide_00594,416178719#1,420089386#4,416178719#1 416178719#2 416178719#3 416178719#4 416178720#1 416178720#2 416178720#3 416178720#5 416178720#6 416195450#0 416195450#1 379730341#0 379730341#1 379730344 379730377 -416204675#6 -416204675#5 379730349 379730390#1 379730390#2 -416204675#2 -416204675#1 -416204675#0 -318478691 -318478671#1 -318478671#0 -1455543604 -1455543605 -517323577#1 -517323577#0 -180192150 -333725872#8 -333725872#7 -333725872#6 -333725872#5 -333725872#4 -333725872#2 -333725872#1 -482188706 -183895356 -218684408#9 -218684408#8 -218684408#7 -218684408#6 -218684408#5 -218684408#3 -218684408#2 -218684408#1 -218684408#0 37399924#0 37399924#1 37399924#2 37399924#3 37399924#4 37399924#5 420089386#0 420089386#1 420089386#2 420089386#3 420089386#4,60,3303.30,expanded_map_background_distributed_boundary
expanded_v7_mapwide_00595,-245063646,-420361194#1,-245063646 184444067#4 184444067#5 184444067#6 517641017#4 517641017#5 517641017#6 517641017#7 517641017#8 517706841#1 517706841#2 517706841#3 517706841#4 517706841#5 908694579 656122981#0 656122981#1 656122981#2 656122981#4 656122981#5 656122981#6 613477341#2 613477341#3 613477341#4 218974503#0 218974503#1 218974503#2 218974503#3 218974503#4 218974503#5 218974503#6 1109231377#0 1109231377#1 782892492#0 782892492#1 -420361194#2 -420361194#1,37,3309.65,expanded_map_background_distributed_boundary
expanded_v7_mapwide_00596,770860549,-619137615#8,770860549 821457682#1 333557072#3 -770860548#4 -770860548#3 770860565#0 770860565#1 78628775#5 78628770#1 379943755#1 379943753#0 379943753#1 1339655667#0 1339655667#1 -37403486#2 -37403486#1 -1339655670#2 -1339655670#1 -1339655670#0 -1339655672#1 -1339655672#0 -580350029#7 -580350029#6 -580350029#5 -580350029#3 -580350029#2 -580350029#1 -580350029#0 -526967879#3 -526967879#2 -526967879#1 -526967879#0 -37403484#5 -37403484#4 464458983#0 464458983#2 464458983#3 344898669#0 -344898670#0 -619137615#9 -619137615#8,41,3316.00,expanded_map_background_distributed_boundary
expanded_v7_mapwide_00597,773060739#1,379730378#0,773060739#1 1208411212#0 1208411212#1 37402325#0 37402325#1 37402325#2 1506928765 480618375#1 480618375#2 480618375#3 480618375#4 480618375#5 480618375#6 480618375#7 480618375#8 480618375#9 1153283292#1 1153283292#2 1153283292#3 1153283292#4 770899736#0 770899736#1 770899736#2 1458160299 1458160300#0 1458160300#1 1458160300#2 1458160300#4 1458160300#5 1458160300#6 218769263#0 218769263#1 218769263#2 218769263#3 218769263#4 218769263#5 218769263#6 218769263#7 218769263#8 218769263#9 218769263#11 218769263#12 218769263#14 -517932075#9 -517932075#8 -517932075#7 -517932075#6 -517932075#5 -517932075#3 -517932075#2 -517932075#1 -517932075#0 1153283290 913698744 180192153#0 180192153#1 180192153#3 180192153#4 180192153#6 180192153#7 180192153#8 180192153#9 180192153#10 180192153#11 180192153#12 183521185#0 183521185#1 -379730403#4 416175123#0 416175122#2 -229028014#4 -800601984 -238538492#8 -238538492#7 -379730387#2 -379730387#1 -379730387#0 238538826#1 379730378#0,79,3322.36,expanded_map_background_distributed_boundary
expanded_v7_mapwide_00598,375125205#4,218771978#3,375125205#4 381807721#0 -381807694#1 381807720#3 381807720#4 800229257#2 911522748#0 911522748#1 183521074#0 183521074#1 183521074#2 183521074#3 -913811578 913694024#0 913694024#1 37403503#5 37403503#6 656122996 1199229106#0 1199229106#1 218771978#1 218771978#2 218771978#3,23,3327.28,expanded_map_background_distributed_boundary
expanded_v7_mapwide_00599,244384770#2,183521185#8,244384770#2 244384770#3 244384770#4 244384770#5 244384770#6 244384770#7 244384770#8 244384770#9 244384770#10 244384770#11 244384770#12 244384770#13 244384770#14 244384770#15 913006752#0 913006752#1 218662402#0 218662402#1 520307306 913009311 913009312#1 913009312#2 913009312#3 913009312#4 913009312#5 913009312#6 913009312#7 913009312#8 913009312#9 913009312#10 -218923171#5 -218923171#4 -218923171#2 -218923171#1 37403503#1 37403503#2 37403503#3 37403503#4 37403503#5 37403503#6 656122996 183272548#0 183272548#1 183272548#2 183272548#3 183272548#4 180192153#0 180192153#1 180192153#3 180192153#4 180192153#6 180192153#7 180192153#8 180192153#9 180192153#10 180192153#11 180192153#12 183521185#0 183521185#1 183521185#2 183521185#3 183521185#4 183521185#5 183521185#6 183521185#7 183521185#8,66,3333.63,expanded_map_background_distributed_boundary
expanded_v7_mapwide_00600,-381452140#1,420113458#2,-381452140#1 381452099 218960891#3 381746452#0 381746452#1 381746452#2 381746452#3 -420097198#1 -420097207 -381746718 381737978#2 83339285#0 83339285#1 83339285#2 83339285#3 83339285#4 83339285#5 381730930#0 381730930#1 381730930#3 420108609#1 420108609#2 420108609#3 420108609#4 420108609#5 420113453 381730887 381730927 -381730909#2 -420113460 420113458#2,31,3339.99,expanded_map_background_distributed_boundary
expanded_v7_mapwide_00601,-328442838#2,516417604#2,-328442838#2 -328442838#1 385962314#1 385962314#2 -385962313#2 -385962313#1 913230876 1507371404#2 480233461 1067765276#0 1067765276#1 1067765276#2 480233459 333580689#1 333580689#2 516388936#0 516948898#8 516948898#9 516948898#10 516948898#11 1214479816#0 1214479816#1 1214479816#2 1214479816#3 1214479816#4 333969025#1 773066533#0 773066533#1 773066533#2 773066533#3 621513157#0 621513157#1 621513157#2 621513156 516417604#0 516417604#2,36,3346.34,expanded_map_background_distributed_boundary
expanded_v7_mapwide_00602,422584937#2,1205679418#10,422584937#2 -531796031 -218923177 516948898#3 176728950#0 176728950#1 -344645187 176728955#5 176728955#6 176728955#7 176728955#8 480233462#3 1424068313#1 1424068313#2 1424068313#3 1424068313#4 1424068313#5 619147731 539136610#0 908622900#0 908622900#1 -198564935#3 -198564935#2 -198564935#0 198564933 198564930 218923160#0 218923160#1 218923160#2 218923160#3 218923160#4 219096264 198564925#0 198564925#1 198564925#2 198564925#3 198564925#4 198564925#5 782892488#2 -1205679418#12 -1205679418#11 -1205679418#10 -1205679418#9 -1205679418#8 228795472#0 -228795477#7 -228795474#0 1205679418#6 1205679418#7 1205679418#8 1205679418#9 1205679418#10,52,3352.69,expanded_map_background_distributed_boundary
expanded_v7_mapwide_00603,-464148430#0,-464419339#0,-464148430#0 -1144268077#1 -464154095#1 788727983 464148430#1 464148430#2 464148430#3 464154091#0 464154091#1 464154098 -447956867#6 -447956867#5 -447956867#4 -447956867#3 -447956867#2 -447956867#1 1244243645 -37401486#22 -238545096#2 -238545096#1 -238545096#0 516398275#3 516398275#4 516398275#5 516398275#6 516398275#7 516398275#8 516398275#9 908636259#0 908636259#1 908636259#3 908636259#4 908720245#0 908720245#1 1214479815 773066532#0 464233648#0 464233648#1 464233647#2 480233463#7 516388937 218923167#1 1068426572#0 1068426572#1 1424068314#2 1424068314#4 333554714#1 183272313#0 183272313#1 183272448#0 516169312#0 516169312#1 516169312#2 516169312#3 516169312#4 516169312#5 -331951643#7 331951646 -377373686#0 -331953288#1 -331953288#0 -464419339#2 -464419339#0,63,3359.05,expanded_map_background_distributed_boundary
expanded_v7_mapwide_00604,420092890#0,218724603,420092890#0 381802870#0 381802870#1 870977310#0 870977310#1 37399924#8 37399924#9 37399924#10 37399924#11 218960891#0 218960891#1 218960891#2 218960891#3 218960891#4 218960891#5 218960891#6 218960891#8 218960891#9 218960891#10 218960891#11 218960891#12 218960891#13 218960891#14 -519097168#4 -519097168#2 -519097168#1 -519097168#0 -413106892 381746310 -381741957#1 781179155 97537664#1 519071257#0 1442271383 218724603,35,3365.40,expanded_map_background_distributed_boundary
expanded_v7_mapwide_00605,381452120#6,782892488#2,381452120#6 -183272309#6 -183272309#4 -420319848#7 -420319848#5 -420319848#4 -420319848#3 -420319848#2 -420319848#1 -420319848#0 381452132 -420331825#4 -420331825#3 -420331825#2 -420331825#1 -420331825#0 913006754#9 1455512067 428260110 381453328#0 -381453321#4 -381453321#2 -381453321#1 381453320#1 -420348556#2 -420348556#1 -420348556#0 381453325#1 -198564928#25 -198564928#24 -198564928#21 -198564928#20 -198564928#19 -198564928#18 -198564928#17 -198564928#16 -198564928#15 -198564928#14 -198564928#13 -198564928#12 -198564928#11 -198564928#10 -198564928#8 -198564928#7 -198564928#6 -198564928#5 -198564928#4 -198564928#2 -198564928#0 198564934#0 198564934#1 913565824#1 913565824#2 782892488#2,54,3371.75,expanded_map_background_distributed_boundary
expanded_v7_mapwide_00606,-198691076#2,516169308#7,-198691076#2 -198691076#1 198691079#3 198691085#0 198691085#1 198691085#2 198691085#3 198691065#1 198691065#2 383097714 1499619438#0 383097712#1 383097712#2 183272462#1 333972428#1 333972428#2 333972428#3 333972428#4 289213613#0 619342756 585341917 438360329#0 438360329#1 183272574#1 -516948900#4 -516948900#3 -516948900#2 333554715#1 531796031 -422584937#2 -422584937#1 -422584937#0 -516388934#3 475744294#1 183272449#0 183272449#1 183272449#2 183272449#3 516169308#2 516169308#3 516169308#4 516169308#5 516169308#6 516169308#7,44,3378.10,expanded_map_background_distributed_boundary
expanded_v7_mapwide_00607,183521178#3,-233526454#0,183521178#3 183521178#4 183521178#5 183521178#6 183521178#7 183521178#8 183521178#9 183521195#0 183521195#1 183521195#2 183521195#3 1455546617#0 1455546617#1 1455546618#0 1455546618#1 1455546619 184083202 1455527231#0 1455527231#1 1455527231#2 1455527231#3 1455527231#4 1455527231#6 1455527231#7 1455527231#8 184083240 1458158606 517641011#0 517641011#1 517641011#2 517641011#3 517641011#4 517641011#5 -318750942#5 -318750942#3 -419750461#3 -419752064#6 -419752064#5 -419752064#4 -419752064#3 -419752064#2 -419752064#1 788674833 -419752056#0 -245063565#6 -245063565#5 -245063565#4 -245063565#3 419750460 -233526454#1 -233526454#0,51,3384.46,expanded_map_background_distributed_boundary
expanded_v7_mapwide_00608,272232099#1,-419812285#0,272232099#1 272263605#0 272263605#1 272263605#2 -273639501#2 -273639501#1 -273638834#8 -273638834#6 -273638834#5 -273638834#4 -273638834#3 -273638834#2 -273638834#1 219696192#0 219696192#1 219696192#3 219696192#4 219696192#5 219696192#6 219696192#7 219696192#9 824132484#1 824132486 420383141#0 420383141#1 -506162633 517641026#0 517641026#1 517641026#2 517641026#3 -180190213#11 -233651332#3 233651294#0 233651294#1 233651294#2 233651294#3 -419812286#7 233651265 329261473#0 -184445043#0 -419812286#5 -419812286#4 -419812286#3 -419812286#2 -419812286#1 -419812286#0 -419812287#0 -419812285#0,48,3390.81,expanded_map_background_distributed_boundary
expanded_v7_mapwide_00609,37400087#2,-273647557,37400087#2 176728954 493183992#3 -1424068313#5 -1424068313#4 -1424068313#3 -1424068313#2 -1424068313#1 176728952#0 176728952#1 176728952#2 176728952#3 183272613#0 183272613#1 899373686#6 619147734 198566324#0 919984684 619147730#3 1499619449#0 1499619449#1 1499619449#2 1499619448 1499619447#0 1499619447#1 383097727#0 383097727#1 -383097714 383097722#0 781985788#0 781985786#1 781985786#2 781985786#3 781985786#4 781985786#5 781985786#6 781985786#7 781985786#8 781985784 781985783 781985779#0 781985779#1 781985792#0 781985792#1 781985792#2 781985792#3 273638834#1 273638834#2 273638834#3 273638834#4 273638834#5 273638834#6 273638834#8 223418965#3 223418965#4 223418965#6 223418965#7 223418965#8 223418965#9 223418965#10 223418965#11 223418965#12 223418965#13 223418965#14 273647556#1 -273647557,66,3397.16,expanded_map_background_distributed_boundary
expanded_v7_mapwide_00610,-239357573#20,-1004836024,-239357573#20 -239357573#19 381458581#1 381458607 -381458587#0 381458592#2 381458600#0 381458600#1 -218681380#1 -218681380#0 -520307305#4 -520307305#3 -520307305#2 -520307305#1 -520307305#0 -37928420#2 -37928420#1 -37928420#0 218662402#0 218662402#1 520307306 913009311 1126339777#0 1126339777#1 -420331831 117914348#0 117914348#1 117914351#0 117914351#2 -420331825#0 913006754#9 1455512067 428260110 381453328#0 -381453321#4 -381453321#2 -381453321#1 381453320#1 -420348556#2 -420348556#1 -420348556#0 381453325#1 -198564928#25 -198564928#24 -198564928#21 -198564928#20 -198564928#19 -198564928#18 -198564928#17 -198564928#16 -198564928#15 -198564928#14 -198564928#13 -198564928#12 -117914848#7 -381456441 -170403787#0 -170403779 219696192#9 824132484#1 824132486 420383141#0 420383141#1 -506162633 1212424791#0 1212424791#1 1212424791#2 1212424791#3 1212424791#4 1212424791#5 1212424791#6 1212424791#7 1212424791#8 908694579 656122981#0 656122981#1 656122981#2 -1004836024,78,3403.52,expanded_map_background_distributed_boundary
expanded_v7_mapwide_00611,-376666930#2,1495080554#3,-376666930#2 -376666930#1 -376666932#3 -376666932#2 -376666932#1 -376666932#0 468168887#2 468168887#3 468168887#4 -526967879#3 -526967879#2 -526967879#1 -526967879#0 -37403484#5 464656382#0 464656382#1 464656382#2 464656383#0 464656383#2 464656383#3 -326189552#3 404539446#0 404539446#1 404539446#2 404539446#3 1495080554#2 1495080554#3,27,3408.44,expanded_map_background_distributed_boundary
expanded_v7_mapwide_00612,381452132,420187963#0,381452132 -913009312#4 -913009312#3 -913009312#2 -913009312#1 -913009311 -520307306 -218662402#1 -218662402#0 37928420#0 37928420#1 37928420#2 520307305#0 520307305#1 520307305#2 520307305#3 520307305#4 520307305#5 218681380#1 -381458600#1 -381458600#0 -381458592#2 -381458592#1 -381458592#0 420187963#0,25,3414.79,expanded_map_background_distributed_boundary
expanded_v7_mapwide_00613,228795463#4,381447829#0,228795463#4 198564928#10 198564928#11 198564928#12 198564928#13 198564928#14 198564928#15 198564928#16 198564928#17 198564928#18 198564928#19 198564928#20 198564928#21 198564928#24 198564928#25 198564928#26 198564928#27 198564928#28 -1455518728 -428260116#1 -428260116#0 -1455512067 -913006754#9 420331825#0 420331825#1 420331825#2 420331825#3 420331825#4 381447829#0,29,3421.15,expanded_map_background_distributed_boundary
expanded_v7_mapwide_00614,-243542155#0,-381453329,-243542155#0 -243542154#3 -243542154#2 464461055 -243542154#0 921117704#1 1467498054 781985786#1 781985786#2 781985786#3 781985786#4 781985786#5 781985786#6 781985786#7 781985786#8 781985784 781985783 781985779#0 781985779#1 781985792#0 781985792#1 781985792#2 781985792#3 219696192#0 219696192#1 219696192#3 219696192#4 -228795471 -470453019#7 -470453019#6 -470453019#5 -470453019#4 -470453019#0 -420383160#0 198564928#12 198564928#13 198564928#14 198564928#15 198564928#16 198564928#17 198564928#18 198564928#19 198564928#20 198564928#21 198564928#24 198564928#25 -381453325#1 -420348560 -381453326#2 -381453326#1 -381453329,51,3427.50,expanded_map_background_distributed_boundary
expanded_v7_mapwide_00615,1207199730#2,-348626442,1207199730#2 1207199730#3 170403826#0 170403826#1 170403826#2 170403826#3 37400684#1 37400684#2 37400684#3 732213462 620634300 1212424784 218769254#0 218769254#1 218769254#2 218769254#3 218769254#4 1456115797#0 184083252 218923184 1456115805 1381133418 117784417#2 117784417#3 -420348553 -117784415 117784421#2 117784421#3 117784421#4 198564928#28 -1455518728 -348626442,32,3433.85,expanded_map_background_distributed_boundary
expanded_v7_mapwide_00616,-404539453#2,413953596#2,-404539453#2 -404539453#1 464656381#1 464656381#3 464656381#4 464656381#5 464656381#7 -464770435#2 -464770436 464770438#1 464770438#2 464770438#3 -464770442#0 351672094#2 351672094#3 464770443 464770445#1 1506939325#6 1506939325#7 1379887973#1 1339697074#1 244399270 37399713#1 37399713#2 37399713#3 244399271#1 773060731 -775222468#16 -775222468#15 -775222468#14 -775222468#13 -775222468#12 -775222468#11 -775222468#9 -775222468#8 -775222468#7 -775222468#6 -772873181#0 -273028084#9 -273028084#7 -273028084#6 -273028084#5 -273028084#4 -273028084#2 -273028084#1 -273028084#0 -913570918 273024752 781985786#6 781985786#7 781985786#8 1109231376 783692390#0 783692390#1 413953596#2,55,3440.20,expanded_map_background_distributed_boundary
expanded_v7_mapwide_00617,-381730906,-920025286,-381730906 779239890 381730914#2 -381730893#1 -381730893#0 -381730908#5 -381730908#3 -381730908#2 -420108609#4 -420108609#3 -420108609#2 -420108609#1 -381730930#3 -381730930#1 -381730930#0 -83339285#5 -83339285#4 -83339285#3 -83339285#2 -83339285#1 -83339285#0 -381737978#2 381746718 420097207 420097198#1 -381746452#3 -381746452#2 340373565#6 340373565#7 340373565#8 340373565#9 -420103660#1 -420103660#0 -920025286,34,3446.56,expanded_map_background_distributed_boundary
expanded_v7_mapwide_00618,223418965#9,-420187960#0,223418965#9 272232099#1 272263605#0 272263605#1 272263605#2 -273639055#6 -273639055#5 -273639055#4 -273639055#3 -273639055#2 -273639055#0 785130598#7 785130598#8 1455497343#0 785130601#1 785130602#1 272228339#0 272228339#1 272228339#2 272228339#3 272229587#5 268782329#0 268782329#1 268782233#2 268782233#3 268782233#4 268782233#5 -913006754#4 -381447823#1 -381447823#0 -913006754#1 -913006754#0 -913006753 -37403487#0 37928420#0 37928420#1 37928420#2 520307305#0 520307305#1 520307305#2 520307305#3 520307305#4 520307305#5 218681380#1 218681380#2 218681380#3 218681380#4 218681380#5 381458583#0 381458583#1 381458583#2 381458583#5 381458583#6 -420309398#1 239357571#0 381570313 -420187960#0,57,3452.91,expanded_map_background_distributed_boundary
expanded_v7_mapwide_00619,1458158609,-381452134,1458158609 1458158608 1458158607 517641007 1458158597 219745508 1458158602 37400684#0 37400684#1 37400684#2 37400684#3 732213462 620634300 1212424784 218769254#0 218769254#1 218769254#2 218769254#3 218769254#4 1456115797#0 184083252 218923184 1456115805 1381133418 -1455524947#2 -1455524947#1 -1455524947#0 -117784416 913841953#0 913841953#2 -591142208#0 327035699#0 327035699#1 327035702#1 327035702#2 327035702#3 327035702#4 327035702#5 327035700#1 1455518729#2 1455518729#4 1455518729#5 1455518729#6 1455518729#7 183272587 -218773868#0 -913009312#10 -913009312#9 381452122#3 -381452175#3 -420319847 -381452149#0 381452160#1 381452160#2 -381452180#1 -381452134,56,3459.26,expanded_map_background_distributed_boundary
expanded_v7_mapwide_00620,420331831,420078499#1,420331831 -1126339777#1 -1126339777#0 913009312#1 913009312#2 913009312#3 913009312#4 913009312#5 913009312#6 913009312#7 913009312#8 913009312#9 913009312#10 -180368918#8 -180368918#7 -180368918#6 -180368918#5 -180368918#3 -180368918#0 -800229255 -578313748#2 -578313748#0 174870621#0 174870621#2 174870621#4 174870621#5 174870621#6 174870621#7 174870621#8 174870621#9 174870621#10 218684411#0 218684411#1 218684411#2 218684411#3 218684411#4 218684411#5 218684411#6 218684411#7 -381807695#0 420080607#1 229028006#2 229028006#4 229028006#5 229028006#6 229028006#8 229028006#9 229028006#10 229028006#11 229028006#12 381809117#0 381809117#1 381809117#2 381809117#3 381809117#4 381809117#5 381809117#6 381809117#7 420078497#3 420078497#4 420078497#5 420078499#1,62,3465.62,expanded_map_background_distributed_boundary
expanded_v7_mapwide_00621,416175113,788674849,416175113 229028022#3 229028022#4 229028022#5 229028022#6 180192153#6 180192153#7 180192153#8 180192153#9 180192153#10 180192153#11 180192153#12 180192150 517323577#0 517323577#1 1455543605 1455543604 1455543603 1455543602 1455543601 1455543599 1455543598 1455543596 1455543595 229027560#0 229027560#1 229027560#2 788674849,28,3471.97,expanded_map_background_distributed_boundary
expanded_v7_mapwide_00622,-821107999#1,-464154090,-821107999#1 899373686#4 899373686#5 -183272613#1 -183272613#0 -176728952#3 -176728952#2 -176728952#1 -821108007 176728955#8 -480233462#1 -480233462#0 480233463#0 480233463#1 480233463#2 480233463#3 516948898#8 516948898#9 516948898#10 516948898#11 1214479816#0 1214479816#1 1214479816#2 1214479816#3 1214479816#4 1214479811 1392913187#0 1392913187#1 1392913188 1392913189 1392913190 1392913191 238545096#0 238545096#1 238545096#2 37401486#22 -1244243646#0 447956867#1 447956867#2 464154085#0 464154085#1 464154087#0 464154089#0 -464154090,44,3478.32,expanded_map_background_distributed_boundary
expanded_v7_mapwide_00623,379584855#2,-1054180193#0,379584855#2 -416206250#2 -416206250#1 -416206250#0 -379584836 -1455241698#1 -263590234 1455241701#0 183521053#0 183521053#1 1455185840#2 1455185840#4 1455210367#1 1455210363#0 1455210370 1455210361#0 1455210361#1 1455210361#2 1455210361#3 1455210357 1455210358 1455210359 899856672#0 899856672#1 -229028000#11 -381809121#1 -381809121#0 -229028024#3 -229028024#1 -229028024#0 899856672#3 899856672#4 218781562#1 899499299 899499300 899499301#0 899499301#3 908057245 899499302 -519060520#0 -899499304#1 -899499304#0 -519060521 -922996665#4 -922996665#2 -922996665#1 -922996665#0 -922996664 -922996666 -1102479447#1 -1102479447#0 -519068801#5 -519068801#4 -519068801#3 -519068801#2 -519068801#1 -519068801#0 -37400351#3 -37400351#2 381793820#0 381793828#0 779239885 -37400351#0 -911525664#1 -379966003#2 -379966003#1 -379966003#0 519060519#0 519060519#1 519060519#2 519060519#3 913954388#1 -1054180193#0,73,3484.68,expanded_map_background_distributed_boundary
expanded_v7_mapwide_00624,381570309#3,377333844,381570309#3 420310508#4 381570303#3 381570303#4 420309398#0 420309398#1 -381458583#6 -381458583#5 381458593 -218910324#3 -519097167#1 -519097167#0 -381741961#1 -381741961#0 -413106892 381746310 -381741957#1 -381741957#0 519097163#0 519097163#1 519097163#2 -1392679411 219076111#0 219076111#1 219076111#2 219076111#3 582839862#0 582839862#1 377333811#0 377333844,30,3489.60,expanded_map_background_distributed_boundary
expanded_v7_mapwide_00625,620604513#0,117784411#1,620604513#0 395466460#0 395466460#1 395466460#2 620604512#0 620604512#1 620604512#2 620604512#3 1378880611 464233647#1 -464233648#1 -464233648#0 773066532#1 516388936#3 516388936#4 480233462#0 480233462#1 480233462#3 1424068313#1 1424068313#2 1424068313#3 1424068313#4 1424068313#5 619147731 539136610#0 908622900#0 908622900#1 -198564935#3 -198564935#2 -198564935#0 198564933 198564930 218923160#0 218923160#1 218923160#2 218923160#3 218923160#4 219096264 198564925#0 198564925#1 198564925#2 198564925#3 198564925#4 198564925#5 782892488#2 782892488#3 782892488#4 782892488#5 184083183#0 184083183#1 184083183#2 184083183#3 184083183#4 184083183#5 184083183#6 218923184 1456115805 1381133418 117784417#2 117784417#3 -420348553 117784418#2 117784411#1,63,3495.95,expanded_map_background_distributed_boundary
expanded_v7_mapwide_00626,-37400066#0,1455524947#1,-37400066#0 -83339285#5 -83339285#4 -83339285#3 -83339285#2 -83339285#1 -83339285#0 -381737978#2 381746718 -381746720 -381746719 -340373565#3 -340373565#2 -340373565#1 420097204#1 381746717 -218960895#1 -218960895#0 -183272309#13 -183272309#12 -183272309#10 -183272309#9 -183272309#8 -183272309#7 -183272309#6 -183272309#4 -420319848#7 -420319848#5 -420319848#4 -420319848#3 -420319848#2 381452175#0 381452175#1 381452175#2 381452175#3 -381452122#3 913009312#9 913009312#10 -218923171#5 183272621 -1455518729#7 -1455518729#6 -1455518729#5 -1455518729#4 -1455518729#2 -327035700#1 -327035700#0 591142225#0 591142225#1 1455518727#1 1455518727#2 117784416 1455524947#0 1455524947#1,54,3502.31,expanded_map_background_distributed_boundary
expanded_v7_mapwide_00627,379598611#1,-318883568,379598611#1 703307925 -310911143#1 -310911143#0 -310909619#2 -310909619#1 -379598675 416209832 -379598702#0 -703247074#1 -703247074#0 -379584848#4 -379584827#1 379584843 -379584835#4 -379584861#0 -416206250#0 -379584836 -1455241698#1 -263590234 1455241701#0 1455241701#1 1455240793#0 1455240793#1 1455240793#2 1455240793#3 1455240793#4 183521201#1 379589803#0 379589803#1 379589801#0 379589801#1 379589801#2 379589801#3 -318883568,35,3508.66,expanded_map_background_distributed_boundary
expanded_v7_mapwide_00628,381807723#0,-229028339#1,381807723#0 381807723#2 788411960#0 788411960#1 788411960#2 788411960#3 788411961#0 -420078498#4 -420078498#3 -420078498#2 -420078498#1 229028334#5 229028334#6 420078497#3 420078497#4 420078497#5 -229028339#1,17,3515.01,expanded_map_background_distributed_boundary
expanded_v7_mapwide_00629,420097199#0,908694578#3,420097199#0 -381746721 -420097197#0 -381746452#3 -381746452#2 -381746452#1 -381746452#0 -218960891#3 -381452099 -381452140#0 381452120#3 381452120#5 381452120#6 -183272309#6 -183272309#4 -420319848#7 -420319848#5 -420319848#4 -420319848#3 -420319848#2 -420319848#1 -420319848#0 381452132 -420331825#4 -420331825#3 -420331825#2 -420331825#1 -420331825#0 913006754#9 1455512067 428260110 381453328#0 -381453321#4 -381453321#2 -381453321#1 381453320#1 -420348556#2 -420348556#1 -420348556#0 381453325#1 -198564928#25 -198564928#24 -198564928#21 -198564928#20 -198564928#19 -198564928#18 -198564928#17 -198564928#16 -198564928#15 -198564928#14 -198564928#13 -198564928#12 -198564928#11 -198564928#10 -198564928#8 -198564928#7 -198564928#6 -198564928#5 1205679418#11 1205679418#12 1205679418#14 329995230#0 228795478#0 228795478#1 228795478#2 913565824#9 913565824#10 913565824#11 908694578#0 908694578#1 908694578#2 908694578#3,72,3521.36,expanded_map_background_distributed_boundary
expanded_v7_mapwide_00630,1113247891#6,464770445#0,1113247891#6 -368834998#9 -368834998#8 -368834998#7 -377373577#7 -377373577#6 -377373577#5 -377373577#4 -377373577#2 -377373577#1 -377373577#0 331953294#3 377373670#0 377373670#1 377373670#2 331953288#6 331953288#7 377373635 464380979#1 516169312#12 516169312#13 516169312#14 499417661#0 837752063#1 837752063#2 837752066#0 837752066#1 585352850#3 585352851#0 585352851#1 218707545 619137615#0 619137615#1 619137615#3 619137615#4 464447942#0 244477705#2 244477705#3 244477705#4 244477705#5 244477705#6 244477705#7 244477705#8 -344898677#10 -344898677#7 -344898677#5 -344898677#4 -344898677#3 -344898677#1 -344898677#0 464458362#0 464458362#1 -244477714#2 -244477714#1 -244477714#0 526967879#3 580350029#0 580350029#1 -351672107#4 -351672107#3 -351672107#2 -351672107#1 464770445#0,63,3527.72,expanded_map_background_distributed_boundary
expanded_v7_mapwide_00631,-767644535,233651332#0,-767644535 767644534#1 782892491#1 420383143#0 420383143#1 228795477#2 228795477#3 228795463#0 228795463#1 228795463#3 228795463#4 219696192#7 219696192#9 824132484#1 824132486 420383141#0 420383141#1 -506162633 517641026#0 517641026#1 517641026#2 517641026#3 517641017#0 517641017#1 517641017#2 517641017#3 -184444067#6 233651332#0,28,3534.07,expanded_map_background_distributed_boundary
expanded_v7_mapwide_00632,-228795463#0,-381452104#0,-228795463#0 228795477#5 228795477#6 228795474#1 228795474#2 228795463#3 228795463#4 198564928#10 198564928#11 198564928#12 198564928#13 198564928#14 198564928#15 198564928#16 198564928#17 198564928#18 198564928#19 198564928#20 198564928#21 198564928#24 198564928#25 198564928#26 198564928#27 198564928#28 -1455518728 -428260116#1 -428260116#0 -1455512067 -913006754#9 420331825#0 420331825#1 420331825#2 420331825#3 420331825#4 -913009312#4 117914343#0 381452104#0 381452104#1 -420319840#1 -420319840#0 -381452174#0 -381452104#0,42,3540.42,expanded_map_background_distributed_boundary
expanded_v7_mapwide_00633,416178720#7,-607077076#2,416178720#7 416178720#8 -229027410#4 -229027410#3 -229027410#2 -229027410#1 183521178#8 183521178#9 1153283290 770890583#0 770890583#1 770890583#2 773060741#0 773060741#1 770890587 770890589#0 770890589#1 770890589#2 770890589#3 770890589#4 770890589#5 773066535#0 184083191#2 773066536#0 773066536#1 773066536#2 773066536#3 -420334155#3 -420334155#2 -420334155#1 -420334155#0 -607077076#3 -607077076#2,33,3546.78,expanded_map_background_distributed_boundary
expanded_v7_mapwide_00634,420317543#1,-381452108#2,420317543#1 244215552#1 520307306 913009311 913009312#1 913009312#2 913009312#3 117914343#0 117914343#1 381452108#0 -381452106#6 -381452106#4 -381452106#3 381452155 -381452108#3 -381452108#2,16,3553.13,expanded_map_background_distributed_boundary
expanded_v7_mapwide_00635,-333725872#4,320463245#4,-333725872#4 -229028026#10 -229028026#9 -379730411#2 -229028019#2 -229028019#1 218923174#2 218923174#3 218923174#4 218923174#5 218923174#6 770890587 770890589#0 770890589#1 770890589#2 770890589#3 770890589#4 770890589#5 773066535#0 218923171#1 218923171#2 218923171#4 183272621 -1455518729#7 -1455518729#6 -1455518729#5 -1455518729#4 -1455518729#2 -1455518729#1 -1455518729#0 -1455518726 -198564928#28 -198564928#27 -198564928#26 -198564928#25 -198564928#24 -198564928#21 -198564928#20 -198564928#19 -198564928#18 -198564928#17 -198564928#16 -198564928#15 381456420#0 381456420#1 381456420#4 381456420#5 381456466#2 320463245#4,49,3559.48,expanded_map_background_distributed_boundary
expanded_v7_mapwide_00636,-318750942#0,198691077#7,-318750942#0 -419750456#1 -419750456#0 -73550861#4 -73550861#3 -73550861#1 -73550861#0 37403263#0 -233651294#3 419812894#0 419812894#1 419812896#1 788674831 -419812890#0 -245063636#3 -245063636#2 -245063636#1 -245063636#0 184444067#5 184444067#6 517641017#4 517641017#5 517641017#6 517641017#7 517641017#8 517706841#1 517706841#2 344663892#0 344663892#1 -184443141#4 -184443141#3 -184443141#2 -184443141#1 -184443141#0 -1084408276#1 -1084408276#0 -424940172 -333725870 -218923156#1 1499619440#1 1499619440#2 1499619440#3 1499619440#4 1499619440#5 219096264 198564925#0 198564925#1 198691078#0 198691078#1 198691056#0 198691078#3 198691078#4 198691077#7,53,3565.84,expanded_map_background_distributed_boundary
expanded_v7_mapwide_00637,775222468#2,-772279128#0,775222468#2 775222468#3 -273028084#11 -273028084#10 772873181#0 -775222468#4 -775222468#3 -775222468#2 -775222468#1 420361201 767063626 1283636942 -768399563#1 -768399563#0 420361194#0 420361194#1 420361194#2 773060736 781985779#0 781985779#1 781985792#0 781985792#1 781985792#2 781985792#3 273638834#1 273638834#2 273638834#3 273638834#4 273638834#5 273638834#6 273638834#8 223418965#3 223418965#4 223418965#6 223418965#7 223418965#8 223418965#9 788411954#1 -772279128#0,39,3570.76,expanded_map_background_distributed_boundary
expanded_v7_mapwide_00638,198691079#2,601902513#0,198691079#2 -198691076#0 198691056#3 198691077#6 198691077#7 198691077#9 198691077#10 198691077#11 198691077#12 198691077#13 198691077#14 218974503#0 218974503#1 218974503#2 218974503#3 218974503#4 218974503#5 218974503#6 1109231377#0 1109231377#1 782892492#0 782892492#1 773060736 781985779#0 781985779#1 781985792#0 781985792#1 781985792#2 781985792#3 785130598#0 785130598#1 785130598#2 785130598#3 785130598#4 785130598#5 785130598#6 785130598#7 785130598#8 1455497343#0 785130601#1 -785130602#0 1455497343#2 1455497343#3 1455497343#4 785130603 428260104 -913006754#9 420331825#0 420331825#1 420331825#2 420331825#3 601902513#0,52,3577.11,expanded_map_background_distributed_boundary
expanded_v7_mapwide_00639,381807706#0,1207199730#3,381807706#0 -381807683#1 -482140281#9 -482140281#8 381809117#0 381809117#1 381809117#2 -420086334#2 420078498#4 -482140281#5 -482140281#4 -482140281#2 -482140281#1 -482140281#0 -911522747#1 -911522747#0 -911522751#4 -911522751#1 -911522751#0 -913811577#1 -913811577#0 183521074#0 183521074#1 183521074#2 183521074#3 -913811578 913694024#0 913694024#1 37403503#5 37403503#6 656122996 1199229106#0 1199229106#1 218771978#1 218771978#2 218771978#3 218771978#4 218771978#5 218771978#6 218771978#7 1212424785#0 1212424785#1 1212424785#2 1212424785#3 1212424785#4 1212424785#5 1212424785#6 1212424785#7 1212424785#8 1212424785#9 732213463#0 732213463#2 732213463#3 73550864#0 73550864#1 73550864#2 73550864#3 1207199730#2 1207199730#3,59,3583.46,expanded_map_background_distributed_boundary
expanded_v7_mapwide_00640,521770125#0,238535895#0,521770125#0 521770125#1 521770125#2 521770125#3 218910312#0 218910312#2 218910312#3 -1392679400 -218910324#11 -218910324#10 -218910324#9 -218910324#7 -218910324#6 -218910324#5 -420187960#3 239357580#0 -381570321#0 -420187960#1 -420187960#0 -381458583#6 -381458583#5 -381458583#2 -381458583#1 -381458583#0 -218681380#5 -218681380#4 -218681380#3 -218681380#2 -218681380#1 -218681380#0 -520307305#4 -520307305#3 1279010544#0 420187959#1 420187959#2 420187959#3 420187959#4 420187959#5 420187959#6 420187959#7 420187959#8 420187959#9 420187959#10 420187959#11 420187959#12 -913826317 -420319848#5 -420319848#4 -420319848#3 -420319848#2 381452175#0 381452175#1 381452175#2 381452175#3 -381452122#3 913009312#9 913009312#10 -218923171#5 -218923171#4 -218923171#2 -218923171#1 184083191#2 773066536#0 348657481#0 348657481#1 348657481#2 348657481#3 348657481#4 1283637489 607077076#0 607077076#1 -348659730 656122999 656122998#0 218771978#2 218771978#3 218771978#4 238535895#0,78,3531.42,expanded_map_background_distributed_boundary
expanded_v7_mapwide_00641,377333837#0,272232099#1,377333837#0 377333837#1 377333837#2 377333837#3 377333864 -377333837#1 -377333837#0 519100623#0 -377333856 -377333891#0 -420181757#2 -420181756 377333825#0 377333825#1 -779239891 -381737989#1 -381737989#0 381737969#4 183272636#0 183272636#1 519071250 413106892 519097168#0 519097168#1 519097168#2 519097168#4 -218681380#7 -218681380#5 -218681380#4 -218681380#3 -218681380#2 -218681380#1 -218681380#0 -520307305#4 -520307305#3 -520307305#2 -520307305#1 -520307305#0 -37928420#2 -37928420#1 -37928420#0 37403487#0 913006753 913006754#0 913006754#1 913006754#2 913006754#3 913006754#4 -1291318446 -268782233#4 -268782233#3 -268782233#2 -268782329#1 -268782329#0 272228143#0 272228143#1 272228143#2 272228143#3 272228143#4 272228143#5 237470575#0 237470575#1 237470575#2 237470575#3 237470575#4 237470575#5 237470575#6 223418965#6 223418965#7 223418965#8 223418965#9 272232099#1,72,3537.77,expanded_map_background_distributed_boundary
expanded_v7_mapwide_00642,464770424,-384030401#0,464770424 326189552#9 37403484#1 37403484#2 37403484#3 37403484#4 37403484#5 526967879#0 526967879#1 526967879#2 526967879#3 580350029#0 580350029#1 580350029#2 580350029#3 580350029#5 580350029#6 580350029#7 1339655672#0 1339655672#1 -580350028 1339655669 -778973690 -384030401#1 -384030401#0,25,3544.12,expanded_map_background_distributed_boundary
expanded_v7_mapwide_00643,782892488#2,416172064,782892488#2 1205679418#14 329995230#0 329995230#1 228795484#0 228795484#1 228795468#3 908646367#11 218924602#0 218924602#1 218924602#2 218924602#3 656122993 156922850#1 -170403810#3 -170403810#2 -170403810#1 -170403810#0 1207199730#0 1207199730#1 1207199730#2 1207199730#3 1207199731#2 1458158605 218835937 1458158600 1458158598 -1458158597 -517641007 -1458158607 -1458158608 -1458158609 -517583989 -1458158610 -1458158611 -1458158612 -223435053 381218091#0 381218091#1 416172064,40,3550.48,expanded_map_background_distributed_boundary
expanded_v7_mapwide_00644,516169308#7,377373566#0,516169308#7 516169308#8 -368834998#9 -368834998#8 -368834998#7 -368834998#6 -368834998#5 -368834998#4 289489780#0 289489780#1 289489780#3 289489780#4 289489780#5 377373668#1 -464412130#2 -464412130#1 -464412130#0 -377373704 -377373601#6 377373725#0 377373725#1 237264677#8 377373566#0,23,3556.83,expanded_map_background_distributed_boundary
expanded_v7_mapwide_00645,-221431173#0,-221977892#3,-221431173#0 -221431169#0 37399752#2 37399752#3 37399752#4 37399752#5 37399752#6 37399752#7 37399752#8 37399752#9 141957153 142077711#1 236945321#1 236945321#2 236945321#3 236945321#4 196079107#0 196079107#1 446743583#0 446743583#1 1506928764#0 1506928764#1 1506928764#2 196079104#0 196079104#2 196079104#3 196079104#4 196079104#5 1153283294#0 1153283294#1 619392625 773060739#0 773060739#1 1208411212#0 1208411212#1 37402325#0 37402325#1 913546029 180368916#1 180368916#4 -221977892#3,41,3563.18,expanded_map_background_distributed_boundary
expanded_v7_mapwide_00646,-1004836024,-243542155#0,-1004836024 233651280#1 218974504#3 218974504#4 218974504#5 219096265 708672701#0 708672701#1 708672701#2 708672701#3 708672701#4 708672701#5 708672701#6 708672701#7 708672701#8 708858347 -1499619438#0 -383097714 383097722#0 781985788#0 1465558146#0 1465558146#1 383097723 379943276 -243542155#1 -243542155#0,26,3569.54,expanded_map_background_distributed_boundary
expanded_v7_mapwide_00647,-233526454#0,229026917#1,-233526454#0 -73550861#4 419752064#0 788674833 -419752060 -419752058#0 180190213#9 180190213#11 220027347#7 220027347#8 220027347#9 220027347#10 1207199730#0 1207199730#1 1207199730#2 1207199730#3 1207199731#2 1458158605 218835937 1458158600 1458158598 -1458158597 -517641007 -1458158607 -1458158608 -1458158609 -517583989 -1458158610 -1458158611 -1458158612 1458158615#0 1458158613#1 1458158613#3 1458158613#4 1458158613#5 1455528504#0 1455528504#1 1455528504#2 381218125#0 381218125#1 -381218124#3 -381218124#2 -381218124#0 381218115#1 381218115#2 381218115#3 -229026916#8 -229026916#5 -229026916#4 -229026916#3 -229026916#2 229026917#1,52,3575.89,expanded_map_background_distributed_boundary
expanded_v7_mapwide_00648,-1176532865#1,415967618#6,-1176532865#1 -1176532865#0 -1176532864#0 229026906#1 416204675#0 416204675#1 416204675#2 -379730390#2 -379730390#1 -379730349 416204675#5 416204675#6 416204675#7 416204675#8 416204675#9 416204675#11 -229027410#4 -229027410#3 -229027410#2 -229027410#1 183521178#8 183521178#9 183521195#0 183521195#1 183521195#2 183521195#3 1455546617#0 1455546617#1 381218097 229026919 415967618#6,31,3582.24,expanded_map_background_distributed_boundary
expanded_v7_mapwide_00649,420187963#0,238535896#1,420187963#0 381458594#1 381458594#2 381458594#3 381458594#4 -381458597 -381458581#3 -381458581#2 -381458581#1 239357573#19 239357573#20 239357573#21 -520307305#2 -520307305#1 -520307305#0 -37928420#2 -37928420#1 -37928420#0 218662402#0 218662402#1 520307306 913009311 1126339777#0 1126339777#1 -420331831 117914348#0 117914348#1 117914351#0 117914351#2 -420331825#0 913006754#9 1455512067 1455512071 428260116#1 1455518728 1455518727#0 1455518727#1 1455518727#2 1455524944 1455524946 1455524945 218923182 268783056#1 1455524950#0 1455524950#1 1455524952#0 1455524952#1 1455526423 1455526421 1455526422 1455526425#0 1455526425#1 482167259 482167260 1455527229 1455527230 1207481548 1455546620 1207481549#0 1207481549#1 1455546621 238535896#1,62,3588.59,expanded_map_background_distributed_boundary
expanded_v7_mapwide_00650,381447829#0,420331831,381447829#0 420331831,2,3593.52,expanded_map_background_distributed_boundary
expanded_v7_mapwide_00651,-381743714#2,420086344#0,-381743714#2 -381743714#1 -381743714#0 521770125#2 521770125#3 218910312#0 218910312#2 218910312#3 -1392679400 -218910324#11 -218910324#10 -218910324#9 -218910324#7 -218910324#6 -218910324#5 -420187960#3 239357580#0 -381570321#0 -420187960#1 -420187960#0 -381458583#6 -381458583#5 -381458583#2 -381458583#1 420187962#3 -218910324#0 -218960891#14 -218960891#13 -218960891#12 -218960891#11 -218960891#10 -218960891#9 -218960891#8 -218960891#6 -218960891#5 -218960891#4 -218960891#3 -218960891#2 -218960891#1 -218960891#0 -37399924#11 -37399924#10 -37399924#9 -37399924#8 -37399924#7 -37399924#6 -37399924#5 -37399924#4 -37399924#3 -37399924#2 -37399924#1 -37399924#0 218684411#0 218684411#1 218684411#2 218684411#3 218684411#4 218684411#5 218684411#6 218684411#7 -381807695#0 420080607#1 229028006#2 229028006#4 229028006#5 229028006#6 229028006#8 229028006#9 420086344#0,69,3599.87,expanded_map_background_distributed_boundary
expanded_v7_mapwide_00652,-381453329,223418965#9,-381453329 420348556#2 381453320#2 381453320#3 1501824264 -1455497346 -503530174#1 -503530174#0 237470575#0 237470575#1 237470575#2 237470575#3 237470575#4 237470575#5 237470575#6 223418965#6 223418965#7 223418965#8 223418965#9,19,6.22,expanded_map_background_distributed_boundary
